
C:/Users/User/ARINC_SPI/build/master_spi.elf:     file format elf32-littlearm

Sections:
Idx Name          Size      VMA       LMA       File off  Algn
  0 .text         00006218  10000000  10000000  00001000  2**3
                  CONTENTS, ALLOC, LOAD, READONLY, CODE
  1 .rodata       0000047c  10006218  10006218  00007218  2**3
                  CONTENTS, ALLOC, LOAD, READONLY, DATA
  2 .ARM.exidx    00000008  10006694  10006694  00007694  2**2
                  CONTENTS, ALLOC, LOAD, READONLY, DATA
  3 .binary_info  00000020  1000669c  1000669c  0000769c  2**2
                  CONTENTS, ALLOC, LOAD, READONLY, DATA
  4 .ram_vector_table 00000110  20000000  20000000  0000a000  2**2
                  ALLOC
  5 .uninitialized_data 00000000  20000110  20000110  000097e4  2**0
                  CONTENTS
  6 .data         00001114  20000110  100066bc  00008110  2**3
                  CONTENTS, ALLOC, LOAD, READONLY, CODE
  7 .tdata        00000000  20001224  20001224  000097e4  2**0
                  CONTENTS, ALLOC, LOAD, DATA, THREAD_LOCAL
  8 .tbss         00000000  20001224  20001224  00000000  2**0
                  ALLOC, THREAD_LOCAL
  9 .bss          00000c28  20001228  100077d0  0000a228  2**3
                  ALLOC
 10 .heap         00000800  20001e50  100077d0  00009e50  2**2
                  ALLOC, READONLY
 11 .scratch_x    00000000  20080000  20080000  000097e4  2**0
                  CONTENTS
 12 .scratch_y    00000000  20081000  20081000  000097e4  2**0
                  CONTENTS
 13 .stack_dummy  00000800  20081000  20081000  0000a000  2**5
                  ALLOC, READONLY
 14 .flash_end    00000014  100077d0  100077d0  000097d0  2**2
                  CONTENTS, ALLOC, LOAD, READONLY, DATA
 15 .ARM.attributes 00000034  00000000  00000000  000097e4  2**0
                  CONTENTS, READONLY
 16 .comment      00000045  00000000  00000000  00009818  2**0
                  CONTENTS, READONLY
 17 .debug_info   00035c3d  00000000  00000000  0000985d  2**0
                  CONTENTS, READONLY, DEBUGGING, OCTETS
 18 .debug_abbrev 000090ae  00000000  00000000  0003f49a  2**0
                  CONTENTS, READONLY, DEBUGGING, OCTETS
 19 .debug_loclists 0001ab6d  00000000  00000000  00048548  2**0
                  CONTENTS, READONLY, DEBUGGING, OCTETS
 20 .debug_aranges 00001350  00000000  00000000  000630b8  2**3
                  CONTENTS, READONLY, DEBUGGING, OCTETS
 21 .debug_rnglists 00004a00  00000000  00000000  00064408  2**0
                  CONTENTS, READONLY, DEBUGGING, OCTETS
 22 .debug_line   0002208d  00000000  00000000  00068e08  2**0
                  CONTENTS, READONLY, DEBUGGING, OCTETS
 23 .debug_str    00009122  00000000  00000000  0008ae95  2**0
                  CONTENTS, READONLY, DEBUGGING, OCTETS
 24 .debug_frame  00003360  00000000  00000000  00093fb8  2**2
                  CONTENTS, READONLY, DEBUGGING, OCTETS
 25 .debug_line_str 00000274  00000000  00000000  00097318  2**0
                  CONTENTS, READONLY, DEBUGGING, OCTETS

C:/Users/User/ARINC_SPI/build/master_spi.elf:     file format elf32-littlearm


Disassembly of section .text:

10000000 <__VECTOR_TABLE>:
10000000:	20082000 	.word	0x20082000
10000004:	1000015d 	.word	0x1000015d
10000008:	1000011b 	.word	0x1000011b
1000000c:	1000011d 	.word	0x1000011d
10000010:	10000111 	.word	0x10000111
10000014:	10000111 	.word	0x10000111
10000018:	10000111 	.word	0x10000111
1000001c:	10000111 	.word	0x10000111
10000020:	10000119 	.word	0x10000119
10000024:	10000119 	.word	0x10000119
10000028:	10000119 	.word	0x10000119
1000002c:	1000011f 	.word	0x1000011f
10000030:	10000111 	.word	0x10000111
10000034:	10000119 	.word	0x10000119
10000038:	10000121 	.word	0x10000121
1000003c:	10000123 	.word	0x10000123
10000040:	10000111 	.word	0x10000111
10000044:	10000111 	.word	0x10000111
10000048:	10000111 	.word	0x10000111
1000004c:	10000111 	.word	0x10000111
10000050:	10000111 	.word	0x10000111
10000054:	10000111 	.word	0x10000111
10000058:	10000111 	.word	0x10000111
1000005c:	10000111 	.word	0x10000111
10000060:	10000111 	.word	0x10000111
10000064:	10000111 	.word	0x10000111
10000068:	10000111 	.word	0x10000111
1000006c:	10000111 	.word	0x10000111
10000070:	10000111 	.word	0x10000111
10000074:	10000111 	.word	0x10000111
10000078:	10000111 	.word	0x10000111
1000007c:	10000111 	.word	0x10000111
10000080:	10000111 	.word	0x10000111
10000084:	10000111 	.word	0x10000111
10000088:	10000111 	.word	0x10000111
1000008c:	10000111 	.word	0x10000111
10000090:	10000111 	.word	0x10000111
10000094:	10000111 	.word	0x10000111
10000098:	10000111 	.word	0x10000111
1000009c:	10000111 	.word	0x10000111
100000a0:	10000111 	.word	0x10000111
100000a4:	10000111 	.word	0x10000111
100000a8:	10000111 	.word	0x10000111
100000ac:	10000111 	.word	0x10000111
100000b0:	10000111 	.word	0x10000111
100000b4:	10000111 	.word	0x10000111
100000b8:	10000111 	.word	0x10000111
100000bc:	10000111 	.word	0x10000111
100000c0:	10000111 	.word	0x10000111
100000c4:	10000111 	.word	0x10000111
100000c8:	10000111 	.word	0x10000111
100000cc:	10000111 	.word	0x10000111
100000d0:	10000111 	.word	0x10000111
100000d4:	10000111 	.word	0x10000111
100000d8:	10000111 	.word	0x10000111
100000dc:	10000111 	.word	0x10000111
100000e0:	10000111 	.word	0x10000111
100000e4:	10000111 	.word	0x10000111
100000e8:	10000111 	.word	0x10000111
100000ec:	10000111 	.word	0x10000111
100000f0:	10000111 	.word	0x10000111
100000f4:	10000111 	.word	0x10000111
100000f8:	10000111 	.word	0x10000111
100000fc:	10000111 	.word	0x10000111
10000100:	10000111 	.word	0x10000111
10000104:	10000111 	.word	0x10000111
10000108:	10000111 	.word	0x10000111
1000010c:	10000111 	.word	0x10000111

10000110 <__unhandled_user_irq>:
10000110:	f3ef 8005 	mrs	r0, IPSR
10000114:	3810      	subs	r0, #16

10000116 <unhandled_user_irq_num_in_r0>:
10000116:	be00      	bkpt	0x0000

10000118 <isr_invalid>:
10000118:	be00      	bkpt	0x0000

1000011a <isr_nmi>:
1000011a:	be00      	bkpt	0x0000

1000011c <isr_hardfault>:
1000011c:	be00      	bkpt	0x0000

1000011e <isr_svcall>:
1000011e:	be00      	bkpt	0x0000

10000120 <isr_pendsv>:
10000120:	be00      	bkpt	0x0000

10000122 <isr_systick>:
10000122:	be00      	bkpt	0x0000

10000124 <__default_isrs_end>:
10000124:	7188ebf2 	.word	0x7188ebf2
10000128:	1000669c 	.word	0x1000669c
1000012c:	100066bc 	.word	0x100066bc
10000130:	100001a0 	.word	0x100001a0
10000134:	e71aa390 	.word	0xe71aa390

10000138 <__binary_info_header_end>:
10000138:	ffffded3 	.word	0xffffded3
1000013c:	10210142 	.word	0x10210142
10000140:	000001ff 	.word	0x000001ff
10000144:	00007698 	.word	0x00007698
10000148:	ab123579 	.word	0xab123579

1000014c <_entry_point>:
1000014c:	f04f 0000 	mov.w	r0, #0

10000150 <_enter_vtable_in_r0>:
10000150:	491e      	ldr	r1, [pc, #120]	@ (100001cc <data_cpy_table+0x2c>)
10000152:	6008      	str	r0, [r1, #0]
10000154:	c806      	ldmia	r0!, {r1, r2}
10000156:	f381 8808 	msr	MSP, r1
1000015a:	4710      	bx	r2

1000015c <_reset_handler>:
1000015c:	f04f 4050 	mov.w	r0, #3489660928	@ 0xd0000000
10000160:	6800      	ldr	r0, [r0, #0]
10000162:	b110      	cbz	r0, 1000016a <hold_non_core0_in_bootrom+0x6>

10000164 <hold_non_core0_in_bootrom>:
10000164:	f04f 0000 	mov.w	r0, #0
10000168:	e7f2      	b.n	10000150 <_enter_vtable_in_r0>
1000016a:	a40d      	add	r4, pc, #52	@ (adr r4, 100001a0 <data_cpy_table>)
1000016c:	cc0e      	ldmia	r4!, {r1, r2, r3}
1000016e:	2900      	cmp	r1, #0
10000170:	d002      	beq.n	10000178 <hold_non_core0_in_bootrom+0x14>
10000172:	f000 f812 	bl	1000019a <data_cpy>
10000176:	e7f9      	b.n	1000016c <hold_non_core0_in_bootrom+0x8>
10000178:	4915      	ldr	r1, [pc, #84]	@ (100001d0 <data_cpy_table+0x30>)
1000017a:	4a16      	ldr	r2, [pc, #88]	@ (100001d4 <data_cpy_table+0x34>)
1000017c:	2000      	movs	r0, #0
1000017e:	e000      	b.n	10000182 <bss_fill_test>

10000180 <bss_fill_loop>:
10000180:	c101      	stmia	r1!, {r0}

10000182 <bss_fill_test>:
10000182:	4291      	cmp	r1, r2
10000184:	d1fc      	bne.n	10000180 <bss_fill_loop>

10000186 <platform_entry>:
10000186:	4914      	ldr	r1, [pc, #80]	@ (100001d8 <data_cpy_table+0x38>)
10000188:	4788      	blx	r1
1000018a:	4914      	ldr	r1, [pc, #80]	@ (100001dc <data_cpy_table+0x3c>)
1000018c:	4788      	blx	r1
1000018e:	4914      	ldr	r1, [pc, #80]	@ (100001e0 <data_cpy_table+0x40>)
10000190:	4788      	blx	r1
10000192:	be00      	bkpt	0x0000
10000194:	e7fd      	b.n	10000192 <platform_entry+0xc>

10000196 <data_cpy_loop>:
10000196:	c901      	ldmia	r1!, {r0}
10000198:	c201      	stmia	r2!, {r0}

1000019a <data_cpy>:
1000019a:	429a      	cmp	r2, r3
1000019c:	d3fb      	bcc.n	10000196 <data_cpy_loop>
1000019e:	4770      	bx	lr

100001a0 <data_cpy_table>:
100001a0:	100066bc 	.word	0x100066bc
100001a4:	20000110 	.word	0x20000110
100001a8:	20001224 	.word	0x20001224
100001ac:	100077d0 	.word	0x100077d0
100001b0:	20080000 	.word	0x20080000
100001b4:	20080000 	.word	0x20080000
100001b8:	100077d0 	.word	0x100077d0
100001bc:	20081000 	.word	0x20081000
100001c0:	20081000 	.word	0x20081000
100001c4:	00000000 	.word	0x00000000
100001c8:	4770      	bx	lr
100001ca:	0000      	.short	0x0000
100001cc:	e000ed08 	.word	0xe000ed08
100001d0:	20001224 	.word	0x20001224
100001d4:	20001e50 	.word	0x20001e50
100001d8:	100034b5 	.word	0x100034b5
100001dc:	10000235 	.word	0x10000235
100001e0:	100034ad 	.word	0x100034ad

100001e4 <_init>:
100001e4:	b5f8      	push	{r3, r4, r5, r6, r7, lr}
100001e6:	bf00      	nop

100001e8 <register_tm_clones>:
100001e8:	4b06      	ldr	r3, [pc, #24]	@ (10000204 <register_tm_clones+0x1c>)
100001ea:	4907      	ldr	r1, [pc, #28]	@ (10000208 <register_tm_clones+0x20>)
100001ec:	1ac9      	subs	r1, r1, r3
100001ee:	1089      	asrs	r1, r1, #2
100001f0:	bf48      	it	mi
100001f2:	3101      	addmi	r1, #1
100001f4:	1049      	asrs	r1, r1, #1
100001f6:	d003      	beq.n	10000200 <register_tm_clones+0x18>
100001f8:	4b04      	ldr	r3, [pc, #16]	@ (1000020c <register_tm_clones+0x24>)
100001fa:	b10b      	cbz	r3, 10000200 <register_tm_clones+0x18>
100001fc:	4801      	ldr	r0, [pc, #4]	@ (10000204 <register_tm_clones+0x1c>)
100001fe:	4718      	bx	r3
10000200:	4770      	bx	lr
10000202:	bf00      	nop
10000204:	20001224 	.word	0x20001224
10000208:	20001224 	.word	0x20001224
1000020c:	00000000 	.word	0x00000000

10000210 <frame_dummy>:
10000210:	b508      	push	{r3, lr}
10000212:	4b05      	ldr	r3, [pc, #20]	@ (10000228 <frame_dummy+0x18>)
10000214:	b11b      	cbz	r3, 1000021e <frame_dummy+0xe>
10000216:	4905      	ldr	r1, [pc, #20]	@ (1000022c <frame_dummy+0x1c>)
10000218:	4805      	ldr	r0, [pc, #20]	@ (10000230 <frame_dummy+0x20>)
1000021a:	f3af 8000 	nop.w
1000021e:	e8bd 4008 	ldmia.w	sp!, {r3, lr}
10000222:	f7ff bfe1 	b.w	100001e8 <register_tm_clones>
10000226:	bf00      	nop
10000228:	00000000 	.word	0x00000000
1000022c:	20001de0 	.word	0x20001de0
10000230:	10006218 	.word	0x10006218

10000234 <main>:
10000234:	b570      	push	{r4, r5, r6, lr}
10000236:	b086      	sub	sp, #24
10000238:	f003 fa64 	bl	10003704 <stdio_init_all>
1000023c:	f44f 6096 	mov.w	r0, #1200	@ 0x4b0
10000240:	f001 f8be 	bl	100013c0 <sleep_ms>
10000244:	2600      	movs	r6, #0
10000246:	f000 f87d 	bl	10000344 <bus_init>
1000024a:	f000 f88b 	bl	10000364 <bus_set_tx_mode>
1000024e:	f000 f89d 	bl	1000038c <bus_idle>
10000252:	f44f 707a 	mov.w	r0, #1000	@ 0x3e8
10000256:	f001 f8b3 	bl	100013c0 <sleep_ms>
1000025a:	20f0      	movs	r0, #240	@ 0xf0
1000025c:	f000 f8a0 	bl	100003a0 <bus_send_byte>
10000260:	2303      	movs	r3, #3
10000262:	2201      	movs	r2, #1
10000264:	2100      	movs	r1, #0
10000266:	4618      	mov	r0, r3
10000268:	f000 fa32 	bl	100006d0 <mil1553_build_command>
1000026c:	f000 f90e 	bl	1000048c <bus_send_word16_parity>
10000270:	2400      	movs	r4, #0
10000272:	f5a4 40c0 	sub.w	r0, r4, #24576	@ 0x6000
10000276:	b280      	uxth	r0, r0
10000278:	f000 fa52 	bl	10000720 <mil1553_build_data>
1000027c:	4605      	mov	r5, r0
1000027e:	f000 f905 	bl	1000048c <bus_send_word16_parity>
10000282:	4621      	mov	r1, r4
10000284:	462a      	mov	r2, r5
10000286:	4829      	ldr	r0, [pc, #164]	@ (1000032c <main+0xf8>)
10000288:	3401      	adds	r4, #1
1000028a:	f003 faff 	bl	1000388c <__wrap_printf>
1000028e:	2c03      	cmp	r4, #3
10000290:	d1ef      	bne.n	10000272 <main+0x3e>
10000292:	f000 f87b 	bl	1000038c <bus_idle>
10000296:	f000 f86f 	bl	10000378 <bus_set_rx_mode>
1000029a:	f44f 70fa 	mov.w	r0, #500	@ 0x1f4
1000029e:	f001 f88f 	bl	100013c0 <sleep_ms>
100002a2:	f10d 000d 	add.w	r0, sp, #13
100002a6:	f8ad 600e 	strh.w	r6, [sp, #14]
100002aa:	f88d 600d 	strb.w	r6, [sp, #13]
100002ae:	f000 f8ab 	bl	10000408 <bus_read_byte>
100002b2:	f89d 100d 	ldrb.w	r1, [sp, #13]
100002b6:	b108      	cbz	r0, 100002bc <main+0x88>
100002b8:	29f0      	cmp	r1, #240	@ 0xf0
100002ba:	d00b      	beq.n	100002d4 <main+0xa0>
100002bc:	481c      	ldr	r0, [pc, #112]	@ (10000330 <main+0xfc>)
100002be:	f003 fae5 	bl	1000388c <__wrap_printf>
100002c2:	f000 f84f 	bl	10000364 <bus_set_tx_mode>
100002c6:	f000 f861 	bl	1000038c <bus_idle>
100002ca:	f44f 60fa 	mov.w	r0, #2000	@ 0x7d0
100002ce:	f001 f877 	bl	100013c0 <sleep_ms>
100002d2:	e7bc      	b.n	1000024e <main+0x1a>
100002d4:	f10d 000e 	add.w	r0, sp, #14
100002d8:	f000 f95a 	bl	10000590 <bus_read_word16_parity>
100002dc:	b1e8      	cbz	r0, 1000031a <main+0xe6>
100002de:	f8bd 100e 	ldrh.w	r1, [sp, #14]
100002e2:	4814      	ldr	r0, [pc, #80]	@ (10000334 <main+0x100>)
100002e4:	f003 fad2 	bl	1000388c <__wrap_printf>
100002e8:	f8bd 000e 	ldrh.w	r0, [sp, #14]
100002ec:	a904      	add	r1, sp, #16
100002ee:	9604      	str	r6, [sp, #16]
100002f0:	f88d 6014 	strb.w	r6, [sp, #20]
100002f4:	f000 f9f8 	bl	100006e8 <mil1553_decode_status>
100002f8:	b198      	cbz	r0, 10000322 <main+0xee>
100002fa:	f89d 0014 	ldrb.w	r0, [sp, #20]
100002fe:	f89d 1013 	ldrb.w	r1, [sp, #19]
10000302:	f89d 3012 	ldrb.w	r3, [sp, #18]
10000306:	e9cd 1000 	strd	r1, r0, [sp]
1000030a:	f89d 2011 	ldrb.w	r2, [sp, #17]
1000030e:	f89d 1010 	ldrb.w	r1, [sp, #16]
10000312:	4809      	ldr	r0, [pc, #36]	@ (10000338 <main+0x104>)
10000314:	f003 faba 	bl	1000388c <__wrap_printf>
10000318:	e7d3      	b.n	100002c2 <main+0x8e>
1000031a:	4808      	ldr	r0, [pc, #32]	@ (1000033c <main+0x108>)
1000031c:	f003 fa36 	bl	1000378c <__wrap_puts>
10000320:	e7cf      	b.n	100002c2 <main+0x8e>
10000322:	4807      	ldr	r0, [pc, #28]	@ (10000340 <main+0x10c>)
10000324:	f003 fa32 	bl	1000378c <__wrap_puts>
10000328:	e7cb      	b.n	100002c2 <main+0x8e>
1000032a:	bf00      	nop
1000032c:	10006218 	.word	0x10006218
10000330:	1000622c 	.word	0x1000622c
10000334:	10006250 	.word	0x10006250
10000338:	10006264 	.word	0x10006264
1000033c:	100062a8 	.word	0x100062a8
10000340:	10006294 	.word	0x10006294

10000344 <bus_init>:
10000344:	b508      	push	{r3, lr}
10000346:	2002      	movs	r0, #2
10000348:	f000 f9ec 	bl	10000724 <gpio_init>
1000034c:	2003      	movs	r0, #3
1000034e:	f000 f9e9 	bl	10000724 <gpio_init>
10000352:	2202      	movs	r2, #2
10000354:	f04f 0300 	mov.w	r3, #0
10000358:	ec43 2044 	gpioc_bit_oe_put r2, r3
1000035c:	2203      	movs	r2, #3
1000035e:	ec43 2044 	gpioc_bit_oe_put r2, r3
10000362:	bd08      	pop	{r3, pc}

10000364 <bus_set_tx_mode>:
10000364:	2202      	movs	r2, #2
10000366:	f04f 0301 	mov.w	r3, #1
1000036a:	ec43 2044 	gpioc_bit_oe_put r2, r3
1000036e:	2203      	movs	r2, #3
10000370:	ec43 2044 	gpioc_bit_oe_put r2, r3
10000374:	4770      	bx	lr
10000376:	bf00      	nop

10000378 <bus_set_rx_mode>:
10000378:	2202      	movs	r2, #2
1000037a:	f04f 0300 	mov.w	r3, #0
1000037e:	ec43 2044 	gpioc_bit_oe_put r2, r3
10000382:	2203      	movs	r2, #3
10000384:	ec43 2044 	gpioc_bit_oe_put r2, r3
10000388:	4770      	bx	lr
1000038a:	bf00      	nop

1000038c <bus_idle>:
1000038c:	2202      	movs	r2, #2
1000038e:	f04f 0300 	mov.w	r3, #0
10000392:	ec43 2040 	gpioc_bit_out_put r2, r3
10000396:	2203      	movs	r2, #3
10000398:	ec43 2040 	gpioc_bit_out_put r2, r3
1000039c:	4770      	bx	lr
1000039e:	bf00      	nop

100003a0 <bus_send_byte>:
100003a0:	e92d 43f8 	stmdb	sp!, {r3, r4, r5, r6, r7, r8, r9, lr}
100003a4:	2407      	movs	r4, #7
100003a6:	2702      	movs	r7, #2
100003a8:	f04f 0600 	mov.w	r6, #0
100003ac:	f04f 0501 	mov.w	r5, #1
100003b0:	4681      	mov	r9, r0
100003b2:	e011      	b.n	100003d8 <bus_send_byte+0x38>
100003b4:	ec45 7040 	gpioc_bit_out_put r7, r5
100003b8:	f04f 0803 	mov.w	r8, #3
100003bc:	ec46 8040 	gpioc_bit_out_put r8, r6
100003c0:	20fa      	movs	r0, #250	@ 0xfa
100003c2:	f000 fffd 	bl	100013c0 <sleep_ms>
100003c6:	ec46 7040 	gpioc_bit_out_put r7, r6
100003ca:	ec45 8040 	gpioc_bit_out_put r8, r5
100003ce:	20fa      	movs	r0, #250	@ 0xfa
100003d0:	f000 fff6 	bl	100013c0 <sleep_ms>
100003d4:	3c01      	subs	r4, #1
100003d6:	d315      	bcc.n	10000404 <bus_send_byte+0x64>
100003d8:	fa49 f304 	asr.w	r3, r9, r4
100003dc:	07db      	lsls	r3, r3, #31
100003de:	d4e9      	bmi.n	100003b4 <bus_send_byte+0x14>
100003e0:	ec46 7040 	gpioc_bit_out_put r7, r6
100003e4:	f04f 0803 	mov.w	r8, #3
100003e8:	ec45 8040 	gpioc_bit_out_put r8, r5
100003ec:	20fa      	movs	r0, #250	@ 0xfa
100003ee:	f000 ffe7 	bl	100013c0 <sleep_ms>
100003f2:	ec45 7040 	gpioc_bit_out_put r7, r5
100003f6:	ec46 8040 	gpioc_bit_out_put r8, r6
100003fa:	20fa      	movs	r0, #250	@ 0xfa
100003fc:	f000 ffe0 	bl	100013c0 <sleep_ms>
10000400:	3c01      	subs	r4, #1
10000402:	d2e9      	bcs.n	100003d8 <bus_send_byte+0x38>
10000404:	e8bd 83f8 	ldmia.w	sp!, {r3, r4, r5, r6, r7, r8, r9, pc}

10000408 <bus_read_byte>:
10000408:	b380      	cbz	r0, 1000046c <bus_read_byte+0x64>
1000040a:	e92d 41f0 	stmdb	sp!, {r4, r5, r6, r7, r8, lr}
1000040e:	4607      	mov	r7, r0
10000410:	2508      	movs	r5, #8
10000412:	2600      	movs	r6, #0
10000414:	f04f 4850 	mov.w	r8, #3489660928	@ 0xd0000000
10000418:	f8d8 3004 	ldr.w	r3, [r8, #4]
1000041c:	f8d8 2004 	ldr.w	r2, [r8, #4]
10000420:	f013 0304 	ands.w	r3, r3, #4
10000424:	f002 0208 	and.w	r2, r2, #8
10000428:	d003      	beq.n	10000432 <bus_read_byte+0x2a>
1000042a:	b30a      	cbz	r2, 10000470 <bus_read_byte+0x68>
1000042c:	2000      	movs	r0, #0
1000042e:	e8bd 81f0 	ldmia.w	sp!, {r4, r5, r6, r7, r8, pc}
10000432:	2a00      	cmp	r2, #0
10000434:	d0fa      	beq.n	1000042c <bus_read_byte+0x24>
10000436:	461c      	mov	r4, r3
10000438:	20fa      	movs	r0, #250	@ 0xfa
1000043a:	f000 ffc1 	bl	100013c0 <sleep_ms>
1000043e:	f8d8 2004 	ldr.w	r2, [r8, #4]
10000442:	f8d8 3004 	ldr.w	r3, [r8, #4]
10000446:	0752      	lsls	r2, r2, #29
10000448:	f003 0308 	and.w	r3, r3, #8
1000044c:	d512      	bpl.n	10000474 <bus_read_byte+0x6c>
1000044e:	2b00      	cmp	r3, #0
10000450:	d1ec      	bne.n	1000042c <bus_read_byte+0x24>
10000452:	2c00      	cmp	r4, #0
10000454:	d1ea      	bne.n	1000042c <bus_read_byte+0x24>
10000456:	20fa      	movs	r0, #250	@ 0xfa
10000458:	f000 ffb2 	bl	100013c0 <sleep_ms>
1000045c:	0076      	lsls	r6, r6, #1
1000045e:	b2f6      	uxtb	r6, r6
10000460:	3d01      	subs	r5, #1
10000462:	d1d9      	bne.n	10000418 <bus_read_byte+0x10>
10000464:	703e      	strb	r6, [r7, #0]
10000466:	2001      	movs	r0, #1
10000468:	e8bd 81f0 	ldmia.w	sp!, {r4, r5, r6, r7, r8, pc}
1000046c:	2000      	movs	r0, #0
1000046e:	4770      	bx	lr
10000470:	2401      	movs	r4, #1
10000472:	e7e1      	b.n	10000438 <bus_read_byte+0x30>
10000474:	2b00      	cmp	r3, #0
10000476:	d0d9      	beq.n	1000042c <bus_read_byte+0x24>
10000478:	2c00      	cmp	r4, #0
1000047a:	d0d7      	beq.n	1000042c <bus_read_byte+0x24>
1000047c:	0076      	lsls	r6, r6, #1
1000047e:	20fa      	movs	r0, #250	@ 0xfa
10000480:	f046 0601 	orr.w	r6, r6, #1
10000484:	f000 ff9c 	bl	100013c0 <sleep_ms>
10000488:	b2f6      	uxtb	r6, r6
1000048a:	e7e9      	b.n	10000460 <bus_read_byte+0x58>

1000048c <bus_send_word16_parity>:
1000048c:	e92d 47f0 	stmdb	sp!, {r4, r5, r6, r7, r8, r9, sl, lr}
10000490:	240f      	movs	r4, #15
10000492:	f04f 0802 	mov.w	r8, #2
10000496:	f04f 0700 	mov.w	r7, #0
1000049a:	f04f 0601 	mov.w	r6, #1
1000049e:	4682      	mov	sl, r0
100004a0:	e011      	b.n	100004c6 <bus_send_word16_parity+0x3a>
100004a2:	ec46 8040 	gpioc_bit_out_put r8, r6
100004a6:	f04f 0903 	mov.w	r9, #3
100004aa:	ec47 9040 	gpioc_bit_out_put r9, r7
100004ae:	20fa      	movs	r0, #250	@ 0xfa
100004b0:	f000 ff86 	bl	100013c0 <sleep_ms>
100004b4:	ec47 8040 	gpioc_bit_out_put r8, r7
100004b8:	ec46 9040 	gpioc_bit_out_put r9, r6
100004bc:	20fa      	movs	r0, #250	@ 0xfa
100004be:	f000 ff7f 	bl	100013c0 <sleep_ms>
100004c2:	3c01      	subs	r4, #1
100004c4:	d315      	bcc.n	100004f2 <bus_send_word16_parity+0x66>
100004c6:	fa4a f504 	asr.w	r5, sl, r4
100004ca:	07eb      	lsls	r3, r5, #31
100004cc:	d4e9      	bmi.n	100004a2 <bus_send_word16_parity+0x16>
100004ce:	ec47 8040 	gpioc_bit_out_put r8, r7
100004d2:	f04f 0903 	mov.w	r9, #3
100004d6:	ec46 9040 	gpioc_bit_out_put r9, r6
100004da:	20fa      	movs	r0, #250	@ 0xfa
100004dc:	f000 ff70 	bl	100013c0 <sleep_ms>
100004e0:	ec46 8040 	gpioc_bit_out_put r8, r6
100004e4:	ec47 9040 	gpioc_bit_out_put r9, r7
100004e8:	20fa      	movs	r0, #250	@ 0xfa
100004ea:	f000 ff69 	bl	100013c0 <sleep_ms>
100004ee:	3c01      	subs	r4, #1
100004f0:	d2e9      	bcs.n	100004c6 <bus_send_word16_parity+0x3a>
100004f2:	ea85 0365 	eor.w	r3, r5, r5, asr #1
100004f6:	ea83 0395 	eor.w	r3, r3, r5, lsr #2
100004fa:	ea83 03d5 	eor.w	r3, r3, r5, lsr #3
100004fe:	ea83 1315 	eor.w	r3, r3, r5, lsr #4
10000502:	ea83 1355 	eor.w	r3, r3, r5, lsr #5
10000506:	ea83 1395 	eor.w	r3, r3, r5, lsr #6
1000050a:	ea83 13d5 	eor.w	r3, r3, r5, lsr #7
1000050e:	ea83 2315 	eor.w	r3, r3, r5, lsr #8
10000512:	ea83 2355 	eor.w	r3, r3, r5, lsr #9
10000516:	ea83 2395 	eor.w	r3, r3, r5, lsr #10
1000051a:	ea83 23d5 	eor.w	r3, r3, r5, lsr #11
1000051e:	ea83 3315 	eor.w	r3, r3, r5, lsr #12
10000522:	ea83 3355 	eor.w	r3, r3, r5, lsr #13
10000526:	ea83 3395 	eor.w	r3, r3, r5, lsr #14
1000052a:	f003 0301 	and.w	r3, r3, #1
1000052e:	ea83 33e5 	eor.w	r3, r3, r5, asr #15
10000532:	b2db      	uxtb	r3, r3
10000534:	2b01      	cmp	r3, #1
10000536:	d015      	beq.n	10000564 <bus_send_word16_parity+0xd8>
10000538:	2602      	movs	r6, #2
1000053a:	f04f 0501 	mov.w	r5, #1
1000053e:	ec45 6040 	gpioc_bit_out_put r6, r5
10000542:	2403      	movs	r4, #3
10000544:	f04f 0700 	mov.w	r7, #0
10000548:	ec47 4040 	gpioc_bit_out_put r4, r7
1000054c:	20fa      	movs	r0, #250	@ 0xfa
1000054e:	f000 ff37 	bl	100013c0 <sleep_ms>
10000552:	ec47 6040 	gpioc_bit_out_put r6, r7
10000556:	ec45 4040 	gpioc_bit_out_put r4, r5
1000055a:	e8bd 47f0 	ldmia.w	sp!, {r4, r5, r6, r7, r8, r9, sl, lr}
1000055e:	20fa      	movs	r0, #250	@ 0xfa
10000560:	f000 bf2e 	b.w	100013c0 <sleep_ms>
10000564:	2702      	movs	r7, #2
10000566:	f04f 0600 	mov.w	r6, #0
1000056a:	ec46 7040 	gpioc_bit_out_put r7, r6
1000056e:	2503      	movs	r5, #3
10000570:	461c      	mov	r4, r3
10000572:	ec43 5040 	gpioc_bit_out_put r5, r3
10000576:	20fa      	movs	r0, #250	@ 0xfa
10000578:	f000 ff22 	bl	100013c0 <sleep_ms>
1000057c:	ec44 7040 	gpioc_bit_out_put r7, r4
10000580:	ec46 5040 	gpioc_bit_out_put r5, r6
10000584:	e8bd 47f0 	ldmia.w	sp!, {r4, r5, r6, r7, r8, r9, sl, lr}
10000588:	20fa      	movs	r0, #250	@ 0xfa
1000058a:	f000 bf19 	b.w	100013c0 <sleep_ms>
1000058e:	bf00      	nop

10000590 <bus_read_word16_parity>:
10000590:	2800      	cmp	r0, #0
10000592:	d058      	beq.n	10000646 <bus_read_word16_parity+0xb6>
10000594:	e92d 41f0 	stmdb	sp!, {r4, r5, r6, r7, r8, lr}
10000598:	4607      	mov	r7, r0
1000059a:	2510      	movs	r5, #16
1000059c:	2600      	movs	r6, #0
1000059e:	f04f 4850 	mov.w	r8, #3489660928	@ 0xd0000000
100005a2:	f8d8 3004 	ldr.w	r3, [r8, #4]
100005a6:	f8d8 2004 	ldr.w	r2, [r8, #4]
100005aa:	f013 0304 	ands.w	r3, r3, #4
100005ae:	f002 0208 	and.w	r2, r2, #8
100005b2:	d004      	beq.n	100005be <bus_read_word16_parity+0x2e>
100005b4:	2a00      	cmp	r2, #0
100005b6:	d038      	beq.n	1000062a <bus_read_word16_parity+0x9a>
100005b8:	2000      	movs	r0, #0
100005ba:	e8bd 81f0 	ldmia.w	sp!, {r4, r5, r6, r7, r8, pc}
100005be:	2a00      	cmp	r2, #0
100005c0:	d0fa      	beq.n	100005b8 <bus_read_word16_parity+0x28>
100005c2:	461c      	mov	r4, r3
100005c4:	20fa      	movs	r0, #250	@ 0xfa
100005c6:	f000 fefb 	bl	100013c0 <sleep_ms>
100005ca:	f8d8 2004 	ldr.w	r2, [r8, #4]
100005ce:	f8d8 3004 	ldr.w	r3, [r8, #4]
100005d2:	0751      	lsls	r1, r2, #29
100005d4:	f003 0308 	and.w	r3, r3, #8
100005d8:	d529      	bpl.n	1000062e <bus_read_word16_parity+0x9e>
100005da:	2b00      	cmp	r3, #0
100005dc:	d1ec      	bne.n	100005b8 <bus_read_word16_parity+0x28>
100005de:	2c00      	cmp	r4, #0
100005e0:	d1ea      	bne.n	100005b8 <bus_read_word16_parity+0x28>
100005e2:	20fa      	movs	r0, #250	@ 0xfa
100005e4:	f000 feec 	bl	100013c0 <sleep_ms>
100005e8:	0076      	lsls	r6, r6, #1
100005ea:	b2b6      	uxth	r6, r6
100005ec:	3d01      	subs	r5, #1
100005ee:	d1d8      	bne.n	100005a2 <bus_read_word16_parity+0x12>
100005f0:	f04f 4350 	mov.w	r3, #3489660928	@ 0xd0000000
100005f4:	685a      	ldr	r2, [r3, #4]
100005f6:	685b      	ldr	r3, [r3, #4]
100005f8:	0752      	lsls	r2, r2, #29
100005fa:	f003 0308 	and.w	r3, r3, #8
100005fe:	d424      	bmi.n	1000064a <bus_read_word16_parity+0xba>
10000600:	2b00      	cmp	r3, #0
10000602:	d0d9      	beq.n	100005b8 <bus_read_word16_parity+0x28>
10000604:	20fa      	movs	r0, #250	@ 0xfa
10000606:	f000 fedb 	bl	100013c0 <sleep_ms>
1000060a:	f04f 4350 	mov.w	r3, #3489660928	@ 0xd0000000
1000060e:	685a      	ldr	r2, [r3, #4]
10000610:	685c      	ldr	r4, [r3, #4]
10000612:	0753      	lsls	r3, r2, #29
10000614:	f004 0408 	and.w	r4, r4, #8
10000618:	d51b      	bpl.n	10000652 <bus_read_word16_parity+0xc2>
1000061a:	2c00      	cmp	r4, #0
1000061c:	d1cc      	bne.n	100005b8 <bus_read_word16_parity+0x28>
1000061e:	2d00      	cmp	r5, #0
10000620:	d1ca      	bne.n	100005b8 <bus_read_word16_parity+0x28>
10000622:	20fa      	movs	r0, #250	@ 0xfa
10000624:	f000 fecc 	bl	100013c0 <sleep_ms>
10000628:	e01b      	b.n	10000662 <bus_read_word16_parity+0xd2>
1000062a:	2401      	movs	r4, #1
1000062c:	e7ca      	b.n	100005c4 <bus_read_word16_parity+0x34>
1000062e:	2b00      	cmp	r3, #0
10000630:	d0c2      	beq.n	100005b8 <bus_read_word16_parity+0x28>
10000632:	2c00      	cmp	r4, #0
10000634:	d0c0      	beq.n	100005b8 <bus_read_word16_parity+0x28>
10000636:	0076      	lsls	r6, r6, #1
10000638:	20fa      	movs	r0, #250	@ 0xfa
1000063a:	f046 0601 	orr.w	r6, r6, #1
1000063e:	f000 febf 	bl	100013c0 <sleep_ms>
10000642:	b2b6      	uxth	r6, r6
10000644:	e7d2      	b.n	100005ec <bus_read_word16_parity+0x5c>
10000646:	2000      	movs	r0, #0
10000648:	4770      	bx	lr
1000064a:	2b00      	cmp	r3, #0
1000064c:	d1b4      	bne.n	100005b8 <bus_read_word16_parity+0x28>
1000064e:	2501      	movs	r5, #1
10000650:	e7d8      	b.n	10000604 <bus_read_word16_parity+0x74>
10000652:	2c00      	cmp	r4, #0
10000654:	d0b0      	beq.n	100005b8 <bus_read_word16_parity+0x28>
10000656:	2d00      	cmp	r5, #0
10000658:	d0ae      	beq.n	100005b8 <bus_read_word16_parity+0x28>
1000065a:	20fa      	movs	r0, #250	@ 0xfa
1000065c:	f000 feb0 	bl	100013c0 <sleep_ms>
10000660:	462c      	mov	r4, r5
10000662:	ea86 0356 	eor.w	r3, r6, r6, lsr #1
10000666:	f003 0301 	and.w	r3, r3, #1
1000066a:	f3c6 0280 	ubfx	r2, r6, #2, #1
1000066e:	ea83 33d6 	eor.w	r3, r3, r6, lsr #15
10000672:	4053      	eors	r3, r2
10000674:	f3c6 02c0 	ubfx	r2, r6, #3, #1
10000678:	4053      	eors	r3, r2
1000067a:	f3c6 1200 	ubfx	r2, r6, #4, #1
1000067e:	4053      	eors	r3, r2
10000680:	f3c6 1240 	ubfx	r2, r6, #5, #1
10000684:	4053      	eors	r3, r2
10000686:	f3c6 1280 	ubfx	r2, r6, #6, #1
1000068a:	4053      	eors	r3, r2
1000068c:	f3c6 12c0 	ubfx	r2, r6, #7, #1
10000690:	4053      	eors	r3, r2
10000692:	f3c6 2200 	ubfx	r2, r6, #8, #1
10000696:	4053      	eors	r3, r2
10000698:	f3c6 2240 	ubfx	r2, r6, #9, #1
1000069c:	4053      	eors	r3, r2
1000069e:	f3c6 2280 	ubfx	r2, r6, #10, #1
100006a2:	4053      	eors	r3, r2
100006a4:	f3c6 22c0 	ubfx	r2, r6, #11, #1
100006a8:	4053      	eors	r3, r2
100006aa:	f3c6 3200 	ubfx	r2, r6, #12, #1
100006ae:	4053      	eors	r3, r2
100006b0:	f3c6 3240 	ubfx	r2, r6, #13, #1
100006b4:	4053      	eors	r3, r2
100006b6:	b2db      	uxtb	r3, r3
100006b8:	f3c6 3280 	ubfx	r2, r6, #14, #1
100006bc:	4053      	eors	r3, r2
100006be:	f083 0301 	eor.w	r3, r3, #1
100006c2:	42a3      	cmp	r3, r4
100006c4:	f47f af78 	bne.w	100005b8 <bus_read_word16_parity+0x28>
100006c8:	2001      	movs	r0, #1
100006ca:	803e      	strh	r6, [r7, #0]
100006cc:	e8bd 81f0 	ldmia.w	sp!, {r4, r5, r6, r7, r8, pc}

100006d0 <mil1553_build_command>:
100006d0:	0152      	lsls	r2, r2, #5
100006d2:	f402 7278 	and.w	r2, r2, #992	@ 0x3e0
100006d6:	ea42 2281 	orr.w	r2, r2, r1, lsl #10
100006da:	f003 031f 	and.w	r3, r3, #31
100006de:	4313      	orrs	r3, r2
100006e0:	ea43 20c0 	orr.w	r0, r3, r0, lsl #11
100006e4:	b280      	uxth	r0, r0
100006e6:	4770      	bx	lr

100006e8 <mil1553_decode_status>:
100006e8:	b1b9      	cbz	r1, 1000071a <mil1553_decode_status+0x32>
100006ea:	2200      	movs	r2, #0
100006ec:	b510      	push	{r4, lr}
100006ee:	f3c0 2480 	ubfx	r4, r0, #10, #1
100006f2:	f3c0 2e00 	ubfx	lr, r0, #8, #1
100006f6:	f364 0207 	bfi	r2, r4, #0, #8
100006fa:	0ac3      	lsrs	r3, r0, #11
100006fc:	f3c0 1c00 	ubfx	ip, r0, #4, #1
10000700:	f36e 220f 	bfi	r2, lr, #8, #8
10000704:	700b      	strb	r3, [r1, #0]
10000706:	f36c 4217 	bfi	r2, ip, #16, #8
1000070a:	f3c0 0340 	ubfx	r3, r0, #1, #1
1000070e:	f363 621f 	bfi	r2, r3, #24, #8
10000712:	2001      	movs	r0, #1
10000714:	f8c1 2001 	str.w	r2, [r1, #1]
10000718:	bd10      	pop	{r4, pc}
1000071a:	4608      	mov	r0, r1
1000071c:	4770      	bx	lr
1000071e:	bf00      	nop

10000720 <mil1553_build_data>:
10000720:	4770      	bx	lr
10000722:	bf00      	nop

10000724 <gpio_init>:
10000724:	b430      	push	{r4, r5}
10000726:	f04f 0300 	mov.w	r3, #0
1000072a:	ec43 0044 	gpioc_bit_oe_put r0, r3
1000072e:	ec43 0040 	gpioc_bit_out_put r0, r3
10000732:	2505      	movs	r5, #5
10000734:	f44f 7480 	mov.w	r4, #256	@ 0x100
10000738:	4b0b      	ldr	r3, [pc, #44]	@ (10000768 <gpio_init+0x44>)
1000073a:	00c2      	lsls	r2, r0, #3
1000073c:	f853 1020 	ldr.w	r1, [r3, r0, lsl #2]
10000740:	eb03 0080 	add.w	r0, r3, r0, lsl #2
10000744:	f081 0140 	eor.w	r1, r1, #64	@ 0x40
10000748:	f102 4380 	add.w	r3, r2, #1073741824	@ 0x40000000
1000074c:	f503 3320 	add.w	r3, r3, #163840	@ 0x28000
10000750:	f001 02c0 	and.w	r2, r1, #192	@ 0xc0
10000754:	f500 5180 	add.w	r1, r0, #4096	@ 0x1000
10000758:	f500 5040 	add.w	r0, r0, #12288	@ 0x3000
1000075c:	600a      	str	r2, [r1, #0]
1000075e:	605d      	str	r5, [r3, #4]
10000760:	6004      	str	r4, [r0, #0]
10000762:	bc30      	pop	{r4, r5}
10000764:	4770      	bx	lr
10000766:	bf00      	nop
10000768:	40038004 	.word	0x40038004

1000076c <panic>:
1000076c:	b40f      	push	{r0, r1, r2, r3}
1000076e:	b500      	push	{lr}
10000770:	b083      	sub	sp, #12
10000772:	9c04      	ldr	r4, [sp, #16]
10000774:	4807      	ldr	r0, [pc, #28]	@ (10000794 <panic+0x28>)
10000776:	f003 f809 	bl	1000378c <__wrap_puts>
1000077a:	b13c      	cbz	r4, 1000078c <panic+0x20>
1000077c:	a905      	add	r1, sp, #20
1000077e:	4620      	mov	r0, r4
10000780:	9101      	str	r1, [sp, #4]
10000782:	f002 fe79 	bl	10003478 <weak_raw_vprintf>
10000786:	4804      	ldr	r0, [pc, #16]	@ (10000798 <panic+0x2c>)
10000788:	f003 f800 	bl	1000378c <__wrap_puts>
1000078c:	2001      	movs	r0, #1
1000078e:	f002 fe8b 	bl	100034a8 <_exit>
10000792:	bf00      	nop
10000794:	100062c4 	.word	0x100062c4
10000798:	100062d4 	.word	0x100062d4

1000079c <hw_claim_or_assert>:
1000079c:	b570      	push	{r4, r5, r6, lr}
1000079e:	4686      	mov	lr, r0
100007a0:	f3ef 8510 	mrs	r5, PRIMASK
100007a4:	b672      	cpsid	i
100007a6:	4c12      	ldr	r4, [pc, #72]	@ (100007f0 <hw_claim_or_assert+0x54>)
100007a8:	e8d4 6fcf 	ldaexb	r6, [r4]
100007ac:	2001      	movs	r0, #1
100007ae:	2e00      	cmp	r6, #0
100007b0:	d1fa      	bne.n	100007a8 <hw_claim_or_assert+0xc>
100007b2:	e8c4 0f46 	strexb	r6, r0, [r4]
100007b6:	2e00      	cmp	r6, #0
100007b8:	d1f6      	bne.n	100007a8 <hw_claim_or_assert+0xc>
100007ba:	f3bf 8f5f 	dmb	sy
100007be:	f04f 0c01 	mov.w	ip, #1
100007c2:	08c8      	lsrs	r0, r1, #3
100007c4:	f001 0307 	and.w	r3, r1, #7
100007c8:	fa0c f303 	lsl.w	r3, ip, r3
100007cc:	f81e c000 	ldrb.w	ip, [lr, r0]
100007d0:	ea1c 0603 	ands.w	r6, ip, r3
100007d4:	d108      	bne.n	100007e8 <hw_claim_or_assert+0x4c>
100007d6:	ea4c 0c03 	orr.w	ip, ip, r3
100007da:	f80e c000 	strb.w	ip, [lr, r0]
100007de:	e8c4 6f8f 	stlb	r6, [r4]
100007e2:	f385 8810 	msr	PRIMASK, r5
100007e6:	bd70      	pop	{r4, r5, r6, pc}
100007e8:	4610      	mov	r0, r2
100007ea:	f7ff ffbf 	bl	1000076c <panic>
100007ee:	bf00      	nop
100007f0:	2000155f 	.word	0x2000155f

100007f4 <hw_claim_unused_from_range>:
100007f4:	b5f8      	push	{r3, r4, r5, r6, r7, lr}
100007f6:	f3ef 8710 	mrs	r7, PRIMASK
100007fa:	b672      	cpsid	i
100007fc:	4e1c      	ldr	r6, [pc, #112]	@ (10000870 <hw_claim_unused_from_range+0x7c>)
100007fe:	e8d6 5fcf 	ldaexb	r5, [r6]
10000802:	2401      	movs	r4, #1
10000804:	2d00      	cmp	r5, #0
10000806:	d1fa      	bne.n	100007fe <hw_claim_unused_from_range+0xa>
10000808:	e8c6 4f45 	strexb	r5, r4, [r6]
1000080c:	2d00      	cmp	r5, #0
1000080e:	d1f6      	bne.n	100007fe <hw_claim_unused_from_range+0xa>
10000810:	f3bf 8f5f 	dmb	sy
10000814:	429a      	cmp	r2, r3
10000816:	d81b      	bhi.n	10000850 <hw_claim_unused_from_range+0x5c>
10000818:	2501      	movs	r5, #1
1000081a:	e002      	b.n	10000822 <hw_claim_unused_from_range+0x2e>
1000081c:	3201      	adds	r2, #1
1000081e:	4293      	cmp	r3, r2
10000820:	d322      	bcc.n	10000868 <hw_claim_unused_from_range+0x74>
10000822:	08d4      	lsrs	r4, r2, #3
10000824:	f810 e004 	ldrb.w	lr, [r0, r4]
10000828:	f002 0c07 	and.w	ip, r2, #7
1000082c:	fa05 fc0c 	lsl.w	ip, r5, ip
10000830:	ea1e 0f0c 	tst.w	lr, ip
10000834:	d1f2      	bne.n	1000081c <hw_claim_unused_from_range+0x28>
10000836:	ea4e 0e0c 	orr.w	lr, lr, ip
1000083a:	f800 e004 	strb.w	lr, [r0, r4]
1000083e:	4610      	mov	r0, r2
10000840:	2300      	movs	r3, #0
10000842:	e8c6 3f8f 	stlb	r3, [r6]
10000846:	f387 8810 	msr	PRIMASK, r7
1000084a:	4298      	cmp	r0, r3
1000084c:	db07      	blt.n	1000085e <hw_claim_unused_from_range+0x6a>
1000084e:	bdf8      	pop	{r3, r4, r5, r6, r7, pc}
10000850:	2300      	movs	r3, #0
10000852:	e8c6 3f8f 	stlb	r3, [r6]
10000856:	f387 8810 	msr	PRIMASK, r7
1000085a:	f04f 30ff 	mov.w	r0, #4294967295
1000085e:	2900      	cmp	r1, #0
10000860:	d0f5      	beq.n	1000084e <hw_claim_unused_from_range+0x5a>
10000862:	9806      	ldr	r0, [sp, #24]
10000864:	f7ff ff82 	bl	1000076c <panic>
10000868:	f04f 30ff 	mov.w	r0, #4294967295
1000086c:	e7e8      	b.n	10000840 <hw_claim_unused_from_range+0x4c>
1000086e:	bf00      	nop
10000870:	2000155f 	.word	0x2000155f

10000874 <next_striped_spin_lock_num>:
10000874:	4a04      	ldr	r2, [pc, #16]	@ (10000888 <next_striped_spin_lock_num+0x14>)
10000876:	7810      	ldrb	r0, [r2, #0]
10000878:	1c43      	adds	r3, r0, #1
1000087a:	b2db      	uxtb	r3, r3
1000087c:	2b18      	cmp	r3, #24
1000087e:	bf28      	it	cs
10000880:	2310      	movcs	r3, #16
10000882:	7013      	strb	r3, [r2, #0]
10000884:	4770      	bx	lr
10000886:	bf00      	nop
10000888:	20001180 	.word	0x20001180

1000088c <spin_lock_claim_unused>:
1000088c:	b510      	push	{r4, lr}
1000088e:	4c05      	ldr	r4, [pc, #20]	@ (100008a4 <spin_lock_claim_unused+0x18>)
10000890:	b082      	sub	sp, #8
10000892:	4601      	mov	r1, r0
10000894:	231f      	movs	r3, #31
10000896:	2218      	movs	r2, #24
10000898:	9400      	str	r4, [sp, #0]
1000089a:	4803      	ldr	r0, [pc, #12]	@ (100008a8 <spin_lock_claim_unused+0x1c>)
1000089c:	f7ff ffaa 	bl	100007f4 <hw_claim_unused_from_range>
100008a0:	b002      	add	sp, #8
100008a2:	bd10      	pop	{r4, pc}
100008a4:	100062d8 	.word	0x100062d8
100008a8:	20001970 	.word	0x20001970

100008ac <spinlock_set_extexclall>:
100008ac:	f04f 22e0 	mov.w	r2, #3758153728	@ 0xe000e000
100008b0:	6893      	ldr	r3, [r2, #8]
100008b2:	f043 5300 	orr.w	r3, r3, #536870912	@ 0x20000000
100008b6:	6093      	str	r3, [r2, #8]
100008b8:	4770      	bx	lr
100008ba:	bf00      	nop

100008bc <spin_locks_reset>:
100008bc:	2100      	movs	r1, #0
100008be:	4b04      	ldr	r3, [pc, #16]	@ (100008d0 <spin_locks_reset+0x14>)
100008c0:	f103 0220 	add.w	r2, r3, #32
100008c4:	e8c3 1f8f 	stlb	r1, [r3]
100008c8:	3301      	adds	r3, #1
100008ca:	4293      	cmp	r3, r2
100008cc:	d1fa      	bne.n	100008c4 <spin_locks_reset+0x8>
100008ce:	4770      	bx	lr
100008d0:	20001554 	.word	0x20001554

100008d4 <runtime_init_per_core_irq_priorities>:
100008d4:	f04f 23e0 	mov.w	r3, #3758153728	@ 0xe000e000
100008d8:	f04f 3280 	mov.w	r2, #2155905152	@ 0x80808080
100008dc:	f8c3 2400 	str.w	r2, [r3, #1024]	@ 0x400
100008e0:	f8c3 2404 	str.w	r2, [r3, #1028]	@ 0x404
100008e4:	f8c3 2408 	str.w	r2, [r3, #1032]	@ 0x408
100008e8:	f8c3 240c 	str.w	r2, [r3, #1036]	@ 0x40c
100008ec:	f8c3 2410 	str.w	r2, [r3, #1040]	@ 0x410
100008f0:	f8c3 2414 	str.w	r2, [r3, #1044]	@ 0x414
100008f4:	f8c3 2418 	str.w	r2, [r3, #1048]	@ 0x418
100008f8:	f8c3 241c 	str.w	r2, [r3, #1052]	@ 0x41c
100008fc:	f8c3 2420 	str.w	r2, [r3, #1056]	@ 0x420
10000900:	f8c3 2424 	str.w	r2, [r3, #1060]	@ 0x424
10000904:	f8c3 2428 	str.w	r2, [r3, #1064]	@ 0x428
10000908:	f8c3 242c 	str.w	r2, [r3, #1068]	@ 0x42c
1000090c:	f8c3 2430 	str.w	r2, [r3, #1072]	@ 0x430
10000910:	b662      	cpsie	i
10000912:	4770      	bx	lr

10000914 <irq_set_enabled>:
10000914:	2301      	movs	r3, #1
10000916:	f000 021f 	and.w	r2, r0, #31
1000091a:	4093      	lsls	r3, r2
1000091c:	0940      	lsrs	r0, r0, #5
1000091e:	b141      	cbz	r1, 10000932 <irq_set_enabled+0x1e>
10000920:	0080      	lsls	r0, r0, #2
10000922:	f100 4060 	add.w	r0, r0, #3758096384	@ 0xe0000000
10000926:	f500 4061 	add.w	r0, r0, #57600	@ 0xe100
1000092a:	f8c0 3180 	str.w	r3, [r0, #384]	@ 0x180
1000092e:	6003      	str	r3, [r0, #0]
10000930:	4770      	bx	lr
10000932:	4a02      	ldr	r2, [pc, #8]	@ (1000093c <irq_set_enabled+0x28>)
10000934:	3020      	adds	r0, #32
10000936:	f842 3020 	str.w	r3, [r2, r0, lsl #2]
1000093a:	4770      	bx	lr
1000093c:	e000e100 	.word	0xe000e100

10000940 <irq_is_enabled>:
10000940:	2301      	movs	r3, #1
10000942:	4a06      	ldr	r2, [pc, #24]	@ (1000095c <irq_is_enabled+0x1c>)
10000944:	0941      	lsrs	r1, r0, #5
10000946:	f852 2021 	ldr.w	r2, [r2, r1, lsl #2]
1000094a:	f000 001f 	and.w	r0, r0, #31
1000094e:	fa03 f000 	lsl.w	r0, r3, r0
10000952:	4010      	ands	r0, r2
10000954:	3800      	subs	r0, #0
10000956:	bf18      	it	ne
10000958:	2001      	movne	r0, #1
1000095a:	4770      	bx	lr
1000095c:	e000e100 	.word	0xe000e100

10000960 <irq_set_pending>:
10000960:	2201      	movs	r2, #1
10000962:	0943      	lsrs	r3, r0, #5
10000964:	4903      	ldr	r1, [pc, #12]	@ (10000974 <irq_set_pending+0x14>)
10000966:	f000 001f 	and.w	r0, r0, #31
1000096a:	4082      	lsls	r2, r0
1000096c:	3340      	adds	r3, #64	@ 0x40
1000096e:	f841 2023 	str.w	r2, [r1, r3, lsl #2]
10000972:	4770      	bx	lr
10000974:	e000e100 	.word	0xe000e100

10000978 <irq_has_shared_handler>:
10000978:	4a05      	ldr	r2, [pc, #20]	@ (10000990 <irq_has_shared_handler+0x18>)
1000097a:	3010      	adds	r0, #16
1000097c:	6892      	ldr	r2, [r2, #8]
1000097e:	4b05      	ldr	r3, [pc, #20]	@ (10000994 <irq_has_shared_handler+0x1c>)
10000980:	f852 0020 	ldr.w	r0, [r2, r0, lsl #2]
10000984:	1ac0      	subs	r0, r0, r3
10000986:	282f      	cmp	r0, #47	@ 0x2f
10000988:	bf8c      	ite	hi
1000098a:	2000      	movhi	r0, #0
1000098c:	2001      	movls	r0, #1
1000098e:	4770      	bx	lr
10000990:	e000ed00 	.word	0xe000ed00
10000994:	20001184 	.word	0x20001184

10000998 <irq_set_exclusive_handler>:
10000998:	b5f8      	push	{r3, r4, r5, r6, r7, lr}
1000099a:	460d      	mov	r5, r1
1000099c:	f3ef 8710 	mrs	r7, PRIMASK
100009a0:	b672      	cpsid	i
100009a2:	4e12      	ldr	r6, [pc, #72]	@ (100009ec <irq_set_exclusive_handler+0x54>)
100009a4:	e8d6 2fcf 	ldaexb	r2, [r6]
100009a8:	2301      	movs	r3, #1
100009aa:	2a00      	cmp	r2, #0
100009ac:	d1fa      	bne.n	100009a4 <irq_set_exclusive_handler+0xc>
100009ae:	e8c6 3f42 	strexb	r2, r3, [r6]
100009b2:	2a00      	cmp	r2, #0
100009b4:	d1f6      	bne.n	100009a4 <irq_set_exclusive_handler+0xc>
100009b6:	f3bf 8f5f 	dmb	sy
100009ba:	4b0d      	ldr	r3, [pc, #52]	@ (100009f0 <irq_set_exclusive_handler+0x58>)
100009bc:	f100 0410 	add.w	r4, r0, #16
100009c0:	689b      	ldr	r3, [r3, #8]
100009c2:	4a0c      	ldr	r2, [pc, #48]	@ (100009f4 <irq_set_exclusive_handler+0x5c>)
100009c4:	f853 3024 	ldr.w	r3, [r3, r4, lsl #2]
100009c8:	4293      	cmp	r3, r2
100009ca:	d003      	beq.n	100009d4 <irq_set_exclusive_handler+0x3c>
100009cc:	4299      	cmp	r1, r3
100009ce:	d001      	beq.n	100009d4 <irq_set_exclusive_handler+0x3c>
100009d0:	f000 ff76 	bl	100018c0 <hard_assertion_failure>
100009d4:	4b06      	ldr	r3, [pc, #24]	@ (100009f0 <irq_set_exclusive_handler+0x58>)
100009d6:	689b      	ldr	r3, [r3, #8]
100009d8:	f843 5024 	str.w	r5, [r3, r4, lsl #2]
100009dc:	f3bf 8f5f 	dmb	sy
100009e0:	2300      	movs	r3, #0
100009e2:	e8c6 3f8f 	stlb	r3, [r6]
100009e6:	f387 8810 	msr	PRIMASK, r7
100009ea:	bdf8      	pop	{r3, r4, r5, r6, r7, pc}
100009ec:	2000155d 	.word	0x2000155d
100009f0:	e000ed00 	.word	0xe000ed00
100009f4:	10000111 	.word	0x10000111

100009f8 <irq_add_shared_handler>:
100009f8:	e92d 4ff0 	stmdb	sp!, {r4, r5, r6, r7, r8, r9, sl, fp, lr}
100009fc:	4681      	mov	r9, r0
100009fe:	468b      	mov	fp, r1
10000a00:	4616      	mov	r6, r2
10000a02:	b083      	sub	sp, #12
10000a04:	f3ef 8310 	mrs	r3, PRIMASK
10000a08:	b672      	cpsid	i
10000a0a:	f8df a1d0 	ldr.w	sl, [pc, #464]	@ 10000bdc <irq_add_shared_handler+0x1e4>
10000a0e:	9300      	str	r3, [sp, #0]
10000a10:	e8da 1fcf 	ldaexb	r1, [sl]
10000a14:	2301      	movs	r3, #1
10000a16:	2900      	cmp	r1, #0
10000a18:	d1fa      	bne.n	10000a10 <irq_add_shared_handler+0x18>
10000a1a:	e8ca 3f41 	strexb	r1, r3, [sl]
10000a1e:	2900      	cmp	r1, #0
10000a20:	d1f6      	bne.n	10000a10 <irq_add_shared_handler+0x18>
10000a22:	f3bf 8f5f 	dmb	sy
10000a26:	4b66      	ldr	r3, [pc, #408]	@ (10000bc0 <irq_add_shared_handler+0x1c8>)
10000a28:	f993 4000 	ldrsb.w	r4, [r3]
10000a2c:	2c00      	cmp	r4, #0
10000a2e:	f2c0 80a0 	blt.w	10000b72 <irq_add_shared_handler+0x17a>
10000a32:	4d64      	ldr	r5, [pc, #400]	@ (10000bc4 <irq_add_shared_handler+0x1cc>)
10000a34:	eb04 0744 	add.w	r7, r4, r4, lsl #1
10000a38:	eb05 0887 	add.w	r8, r5, r7, lsl #2
10000a3c:	f898 1006 	ldrb.w	r1, [r8, #6]
10000a40:	f109 0910 	add.w	r9, r9, #16
10000a44:	7019      	strb	r1, [r3, #0]
10000a46:	4b60      	ldr	r3, [pc, #384]	@ (10000bc8 <irq_add_shared_handler+0x1d0>)
10000a48:	00bf      	lsls	r7, r7, #2
10000a4a:	689b      	ldr	r3, [r3, #8]
10000a4c:	f853 0029 	ldr.w	r0, [r3, r9, lsl #2]
10000a50:	0063      	lsls	r3, r4, #1
10000a52:	1b41      	subs	r1, r0, r5
10000a54:	292f      	cmp	r1, #47	@ 0x2f
10000a56:	d92f      	bls.n	10000ab8 <irq_add_shared_handler+0xc0>
10000a58:	495c      	ldr	r1, [pc, #368]	@ (10000bcc <irq_add_shared_handler+0x1d4>)
10000a5a:	4288      	cmp	r0, r1
10000a5c:	f040 80a4 	bne.w	10000ba8 <irq_add_shared_handler+0x1b0>
10000a60:	441c      	add	r4, r3
10000a62:	4b5b      	ldr	r3, [pc, #364]	@ (10000bd0 <irq_add_shared_handler+0x1d8>)
10000a64:	3702      	adds	r7, #2
10000a66:	442f      	add	r7, r5
10000a68:	3b04      	subs	r3, #4
10000a6a:	1bdb      	subs	r3, r3, r7
10000a6c:	f3c3 034a 	ubfx	r3, r3, #1, #11
10000a70:	ea6f 43c3 	mvn.w	r3, r3, lsl #19
10000a74:	f44f 4121 	mov.w	r1, #41216	@ 0xa100
10000a78:	ea6f 43d3 	mvn.w	r3, r3, lsr #19
10000a7c:	f825 1024 	strh.w	r1, [r5, r4, lsl #2]
10000a80:	eb05 0484 	add.w	r4, r5, r4, lsl #2
10000a84:	8063      	strh	r3, [r4, #2]
10000a86:	f64b 5301 	movw	r3, #48385	@ 0xbd01
10000a8a:	80a3      	strh	r3, [r4, #4]
10000a8c:	23ff      	movs	r3, #255	@ 0xff
10000a8e:	f048 0001 	orr.w	r0, r8, #1
10000a92:	71e6      	strb	r6, [r4, #7]
10000a94:	f8c4 b008 	str.w	fp, [r4, #8]
10000a98:	71a3      	strb	r3, [r4, #6]
10000a9a:	4b4b      	ldr	r3, [pc, #300]	@ (10000bc8 <irq_add_shared_handler+0x1d0>)
10000a9c:	689b      	ldr	r3, [r3, #8]
10000a9e:	f843 0029 	str.w	r0, [r3, r9, lsl #2]
10000aa2:	f3bf 8f5f 	dmb	sy
10000aa6:	2300      	movs	r3, #0
10000aa8:	e8ca 3f8f 	stlb	r3, [sl]
10000aac:	9b00      	ldr	r3, [sp, #0]
10000aae:	f383 8810 	msr	PRIMASK, r3
10000ab2:	b003      	add	sp, #12
10000ab4:	e8bd 8ff0 	ldmia.w	sp!, {r4, r5, r6, r7, r8, r9, sl, fp, pc}
10000ab8:	f020 0e01 	bic.w	lr, r0, #1
10000abc:	f89e 1007 	ldrb.w	r1, [lr, #7]
10000ac0:	42b1      	cmp	r1, r6
10000ac2:	d82e      	bhi.n	10000b22 <irq_add_shared_handler+0x12a>
10000ac4:	f44f 4321 	mov.w	r3, #41216	@ 0xa100
10000ac8:	53eb      	strh	r3, [r5, r7]
10000aca:	4b41      	ldr	r3, [pc, #260]	@ (10000bd0 <irq_add_shared_handler+0x1d8>)
10000acc:	1cb9      	adds	r1, r7, #2
10000ace:	4429      	add	r1, r5
10000ad0:	3b04      	subs	r3, #4
10000ad2:	3704      	adds	r7, #4
10000ad4:	1a5b      	subs	r3, r3, r1
10000ad6:	442f      	add	r7, r5
10000ad8:	f1ae 0104 	sub.w	r1, lr, #4
10000adc:	1bc9      	subs	r1, r1, r7
10000ade:	f3c1 044a 	ubfx	r4, r1, #1, #11
10000ae2:	493c      	ldr	r1, [pc, #240]	@ (10000bd4 <irq_add_shared_handler+0x1dc>)
10000ae4:	f3c3 034a 	ubfx	r3, r3, #1, #11
10000ae8:	430b      	orrs	r3, r1
10000aea:	4321      	orrs	r1, r4
10000aec:	f8a8 1004 	strh.w	r1, [r8, #4]
10000af0:	4939      	ldr	r1, [pc, #228]	@ (10000bd8 <irq_add_shared_handler+0x1e0>)
10000af2:	f8a8 3002 	strh.w	r3, [r8, #2]
10000af6:	f64a 20aa 	movw	r0, #43690	@ 0xaaaa
10000afa:	4673      	mov	r3, lr
10000afc:	1b5b      	subs	r3, r3, r5
10000afe:	415b      	adcs	r3, r3
10000b00:	4358      	muls	r0, r3
10000b02:	0d00      	lsrs	r0, r0, #20
10000b04:	f888 6007 	strb.w	r6, [r8, #7]
10000b08:	f888 0006 	strb.w	r0, [r8, #6]
10000b0c:	f8c8 b008 	str.w	fp, [r8, #8]
10000b10:	f048 0001 	orr.w	r0, r8, #1
10000b14:	f8ce 1000 	str.w	r1, [lr]
10000b18:	e7bf      	b.n	10000a9a <irq_add_shared_handler+0xa2>
10000b1a:	79d1      	ldrb	r1, [r2, #7]
10000b1c:	42b1      	cmp	r1, r6
10000b1e:	d92e      	bls.n	10000b7e <irq_add_shared_handler+0x186>
10000b20:	4696      	mov	lr, r2
10000b22:	f99e c006 	ldrsb.w	ip, [lr, #6]
10000b26:	eb0c 024c 	add.w	r2, ip, ip, lsl #1
10000b2a:	f1bc 0f00 	cmp.w	ip, #0
10000b2e:	eb05 0282 	add.w	r2, r5, r2, lsl #2
10000b32:	daf2      	bge.n	10000b1a <irq_add_shared_handler+0x122>
10000b34:	f64b 5101 	movw	r1, #48385	@ 0xbd01
10000b38:	f10e 0204 	add.w	r2, lr, #4
10000b3c:	f1a8 0704 	sub.w	r7, r8, #4
10000b40:	1abf      	subs	r7, r7, r2
10000b42:	f3c7 074a 	ubfx	r7, r7, #1, #11
10000b46:	ea6f 47c7 	mvn.w	r7, r7, lsl #19
10000b4a:	ea6f 47d7 	mvn.w	r7, r7, lsr #19
10000b4e:	f88e 4006 	strb.w	r4, [lr, #6]
10000b52:	eb03 0804 	add.w	r8, r3, r4
10000b56:	4c20      	ldr	r4, [pc, #128]	@ (10000bd8 <irq_add_shared_handler+0x1e0>)
10000b58:	eb05 0388 	add.w	r3, r5, r8, lsl #2
10000b5c:	f8ae 7004 	strh.w	r7, [lr, #4]
10000b60:	f845 4028 	str.w	r4, [r5, r8, lsl #2]
10000b64:	8099      	strh	r1, [r3, #4]
10000b66:	f883 c006 	strb.w	ip, [r3, #6]
10000b6a:	71de      	strb	r6, [r3, #7]
10000b6c:	f8c3 b008 	str.w	fp, [r3, #8]
10000b70:	e793      	b.n	10000a9a <irq_add_shared_handler+0xa2>
10000b72:	f000 fea5 	bl	100018c0 <hard_assertion_failure>
10000b76:	4b12      	ldr	r3, [pc, #72]	@ (10000bc0 <irq_add_shared_handler+0x1c8>)
10000b78:	f993 4000 	ldrsb.w	r4, [r3]
10000b7c:	e759      	b.n	10000a32 <irq_add_shared_handler+0x3a>
10000b7e:	4672      	mov	r2, lr
10000b80:	f832 1f04 	ldrh.w	r1, [r2, #4]!
10000b84:	0549      	lsls	r1, r1, #21
10000b86:	d414      	bmi.n	10000bb2 <irq_add_shared_handler+0x1ba>
10000b88:	1549      	asrs	r1, r1, #21
10000b8a:	3102      	adds	r1, #2
10000b8c:	eb02 0141 	add.w	r1, r2, r1, lsl #1
10000b90:	9101      	str	r1, [sp, #4]
10000b92:	f06f 0107 	mvn.w	r1, #7
10000b96:	1bc9      	subs	r1, r1, r7
10000b98:	9f01      	ldr	r7, [sp, #4]
10000b9a:	1b49      	subs	r1, r1, r5
10000b9c:	4439      	add	r1, r7
10000b9e:	f3c1 014a 	ubfx	r1, r1, #1, #11
10000ba2:	f441 4160 	orr.w	r1, r1, #57344	@ 0xe000
10000ba6:	e7c9      	b.n	10000b3c <irq_add_shared_handler+0x144>
10000ba8:	9301      	str	r3, [sp, #4]
10000baa:	f000 fe89 	bl	100018c0 <hard_assertion_failure>
10000bae:	9b01      	ldr	r3, [sp, #4]
10000bb0:	e756      	b.n	10000a60 <irq_add_shared_handler+0x68>
10000bb2:	f501 11ff 	add.w	r1, r1, #2088960	@ 0x1fe000
10000bb6:	f501 51ff 	add.w	r1, r1, #8160	@ 0x1fe0
10000bba:	311f      	adds	r1, #31
10000bbc:	e7e4      	b.n	10000b88 <irq_add_shared_handler+0x190>
10000bbe:	bf00      	nop
10000bc0:	20001e48 	.word	0x20001e48
10000bc4:	20001184 	.word	0x20001184
10000bc8:	e000ed00 	.word	0xe000ed00
10000bcc:	10000111 	.word	0x10000111
10000bd0:	200011b4 	.word	0x200011b4
10000bd4:	ffffe000 	.word	0xffffe000
10000bd8:	47804801 	.word	0x47804801
10000bdc:	2000155d 	.word	0x2000155d

10000be0 <irq_add_tail_to_free_list>:
10000be0:	b5f0      	push	{r4, r5, r6, r7, lr}
10000be2:	f3ef 8505 	mrs	r5, IPSR
10000be6:	b2ed      	uxtb	r5, r5
10000be8:	f3ef 8c10 	mrs	ip, PRIMASK
10000bec:	b672      	cpsid	i
10000bee:	4926      	ldr	r1, [pc, #152]	@ (10000c88 <irq_add_tail_to_free_list+0xa8>)
10000bf0:	e8d1 2fcf 	ldaexb	r2, [r1]
10000bf4:	2301      	movs	r3, #1
10000bf6:	2a00      	cmp	r2, #0
10000bf8:	d1fa      	bne.n	10000bf0 <irq_add_tail_to_free_list+0x10>
10000bfa:	e8c1 3f42 	strexb	r2, r3, [r1]
10000bfe:	2a00      	cmp	r2, #0
10000c00:	d1f6      	bne.n	10000bf0 <irq_add_tail_to_free_list+0x10>
10000c02:	f3bf 8f5f 	dmb	sy
10000c06:	4e21      	ldr	r6, [pc, #132]	@ (10000c8c <irq_add_tail_to_free_list+0xac>)
10000c08:	f040 0e01 	orr.w	lr, r0, #1
10000c0c:	68b4      	ldr	r4, [r6, #8]
10000c0e:	f64a 23aa 	movw	r3, #43690	@ 0xaaaa
10000c12:	f854 7025 	ldr.w	r7, [r4, r5, lsl #2]
10000c16:	4a1e      	ldr	r2, [pc, #120]	@ (10000c90 <irq_add_tail_to_free_list+0xb0>)
10000c18:	4604      	mov	r4, r0
10000c1a:	1aa4      	subs	r4, r4, r2
10000c1c:	4164      	adcs	r4, r4
10000c1e:	4363      	muls	r3, r4
10000c20:	0d1b      	lsrs	r3, r3, #20
10000c22:	4577      	cmp	r7, lr
10000c24:	b25b      	sxtb	r3, r3
10000c26:	d01b      	beq.n	10000c60 <irq_add_tail_to_free_list+0x80>
10000c28:	f992 4006 	ldrsb.w	r4, [r2, #6]
10000c2c:	429c      	cmp	r4, r3
10000c2e:	d01c      	beq.n	10000c6a <irq_add_tail_to_free_list+0x8a>
10000c30:	f992 4012 	ldrsb.w	r4, [r2, #18]
10000c34:	429c      	cmp	r4, r3
10000c36:	d023      	beq.n	10000c80 <irq_add_tail_to_free_list+0xa0>
10000c38:	f992 401e 	ldrsb.w	r4, [r2, #30]
10000c3c:	429c      	cmp	r4, r3
10000c3e:	d021      	beq.n	10000c84 <irq_add_tail_to_free_list+0xa4>
10000c40:	f992 402a 	ldrsb.w	r4, [r2, #42]	@ 0x2a
10000c44:	429c      	cmp	r4, r3
10000c46:	bf08      	it	eq
10000c48:	2403      	moveq	r4, #3
10000c4a:	d00f      	beq.n	10000c6c <irq_add_tail_to_free_list+0x8c>
10000c4c:	4a11      	ldr	r2, [pc, #68]	@ (10000c94 <irq_add_tail_to_free_list+0xb4>)
10000c4e:	2400      	movs	r4, #0
10000c50:	7815      	ldrb	r5, [r2, #0]
10000c52:	7013      	strb	r3, [r2, #0]
10000c54:	7185      	strb	r5, [r0, #6]
10000c56:	e8c1 4f8f 	stlb	r4, [r1]
10000c5a:	f38c 8810 	msr	PRIMASK, ip
10000c5e:	bdf0      	pop	{r4, r5, r6, r7, pc}
10000c60:	68b2      	ldr	r2, [r6, #8]
10000c62:	4c0d      	ldr	r4, [pc, #52]	@ (10000c98 <irq_add_tail_to_free_list+0xb8>)
10000c64:	f842 4025 	str.w	r4, [r2, r5, lsl #2]
10000c68:	e7f0      	b.n	10000c4c <irq_add_tail_to_free_list+0x6c>
10000c6a:	2400      	movs	r4, #0
10000c6c:	eb04 0444 	add.w	r4, r4, r4, lsl #1
10000c70:	eb02 0284 	add.w	r2, r2, r4, lsl #2
10000c74:	24ff      	movs	r4, #255	@ 0xff
10000c76:	7194      	strb	r4, [r2, #6]
10000c78:	f64b 5401 	movw	r4, #48385	@ 0xbd01
10000c7c:	8094      	strh	r4, [r2, #4]
10000c7e:	e7e5      	b.n	10000c4c <irq_add_tail_to_free_list+0x6c>
10000c80:	2401      	movs	r4, #1
10000c82:	e7f3      	b.n	10000c6c <irq_add_tail_to_free_list+0x8c>
10000c84:	2402      	movs	r4, #2
10000c86:	e7f1      	b.n	10000c6c <irq_add_tail_to_free_list+0x8c>
10000c88:	2000155d 	.word	0x2000155d
10000c8c:	e000ed00 	.word	0xe000ed00
10000c90:	20001184 	.word	0x20001184
10000c94:	20001e48 	.word	0x20001e48
10000c98:	10000111 	.word	0x10000111

10000c9c <user_irq_claim_unused>:
10000c9c:	b510      	push	{r4, lr}
10000c9e:	4c07      	ldr	r4, [pc, #28]	@ (10000cbc <user_irq_claim_unused+0x20>)
10000ca0:	b082      	sub	sp, #8
10000ca2:	4601      	mov	r1, r0
10000ca4:	2305      	movs	r3, #5
10000ca6:	2200      	movs	r2, #0
10000ca8:	9400      	str	r4, [sp, #0]
10000caa:	4805      	ldr	r0, [pc, #20]	@ (10000cc0 <user_irq_claim_unused+0x24>)
10000cac:	f7ff fda2 	bl	100007f4 <hw_claim_unused_from_range>
10000cb0:	2800      	cmp	r0, #0
10000cb2:	bfa8      	it	ge
10000cb4:	f1c0 0033 	rsbge	r0, r0, #51	@ 0x33
10000cb8:	b002      	add	sp, #8
10000cba:	bd10      	pop	{r4, pc}
10000cbc:	100062f4 	.word	0x100062f4
10000cc0:	20001e4c 	.word	0x20001e4c

10000cc4 <lock_init>:
10000cc4:	4b01      	ldr	r3, [pc, #4]	@ (10000ccc <lock_init+0x8>)
10000cc6:	440b      	add	r3, r1
10000cc8:	6003      	str	r3, [r0, #0]
10000cca:	4770      	bx	lr
10000ccc:	20001554 	.word	0x20001554

10000cd0 <runtime_init_mutex>:
10000cd0:	b570      	push	{r4, r5, r6, lr}
10000cd2:	4c10      	ldr	r4, [pc, #64]	@ (10000d14 <runtime_init_mutex+0x44>)
10000cd4:	4d10      	ldr	r5, [pc, #64]	@ (10000d18 <runtime_init_mutex+0x48>)
10000cd6:	42ac      	cmp	r4, r5
10000cd8:	d20e      	bcs.n	10000cf8 <runtime_init_mutex+0x28>
10000cda:	26ff      	movs	r6, #255	@ 0xff
10000cdc:	6823      	ldr	r3, [r4, #0]
10000cde:	b163      	cbz	r3, 10000cfa <runtime_init_mutex+0x2a>
10000ce0:	f7ff fdc8 	bl	10000874 <next_striped_spin_lock_num>
10000ce4:	4601      	mov	r1, r0
10000ce6:	4620      	mov	r0, r4
10000ce8:	f7ff ffec 	bl	10000cc4 <lock_init>
10000cec:	80a6      	strh	r6, [r4, #4]
10000cee:	f3bf 8f5f 	dmb	sy
10000cf2:	3408      	adds	r4, #8
10000cf4:	42ac      	cmp	r4, r5
10000cf6:	d3f1      	bcc.n	10000cdc <runtime_init_mutex+0xc>
10000cf8:	bd70      	pop	{r4, r5, r6, pc}
10000cfa:	f7ff fdbb 	bl	10000874 <next_striped_spin_lock_num>
10000cfe:	4601      	mov	r1, r0
10000d00:	4620      	mov	r0, r4
10000d02:	f7ff ffdf 	bl	10000cc4 <lock_init>
10000d06:	7126      	strb	r6, [r4, #4]
10000d08:	f3bf 8f5f 	dmb	sy
10000d0c:	3408      	adds	r4, #8
10000d0e:	42ac      	cmp	r4, r5
10000d10:	d3e4      	bcc.n	10000cdc <runtime_init_mutex+0xc>
10000d12:	bd70      	pop	{r4, r5, r6, pc}
10000d14:	2000121c 	.word	0x2000121c
10000d18:	20001224 	.word	0x20001224

10000d1c <mutex_init>:
10000d1c:	b510      	push	{r4, lr}
10000d1e:	4604      	mov	r4, r0
10000d20:	f7ff fda8 	bl	10000874 <next_striped_spin_lock_num>
10000d24:	4601      	mov	r1, r0
10000d26:	4620      	mov	r0, r4
10000d28:	f7ff ffcc 	bl	10000cc4 <lock_init>
10000d2c:	23ff      	movs	r3, #255	@ 0xff
10000d2e:	7123      	strb	r3, [r4, #4]
10000d30:	f3bf 8f5f 	dmb	sy
10000d34:	bd10      	pop	{r4, pc}
10000d36:	bf00      	nop

10000d38 <critical_section_init>:
10000d38:	b510      	push	{r4, lr}
10000d3a:	4604      	mov	r4, r0
10000d3c:	2001      	movs	r0, #1
10000d3e:	f7ff fda5 	bl	1000088c <spin_lock_claim_unused>
10000d42:	4b03      	ldr	r3, [pc, #12]	@ (10000d50 <critical_section_init+0x18>)
10000d44:	4403      	add	r3, r0
10000d46:	6023      	str	r3, [r4, #0]
10000d48:	f3bf 8f5f 	dmb	sy
10000d4c:	bd10      	pop	{r4, pc}
10000d4e:	bf00      	nop
10000d50:	20001554 	.word	0x20001554

10000d54 <critical_section_init_with_lock_num>:
10000d54:	4b02      	ldr	r3, [pc, #8]	@ (10000d60 <critical_section_init_with_lock_num+0xc>)
10000d56:	440b      	add	r3, r1
10000d58:	6003      	str	r3, [r0, #0]
10000d5a:	f3bf 8f5f 	dmb	sy
10000d5e:	4770      	bx	lr
10000d60:	20001554 	.word	0x20001554

10000d64 <sleep_until_callback>:
10000d64:	4b0d      	ldr	r3, [pc, #52]	@ (10000d9c <sleep_until_callback+0x38>)
10000d66:	681a      	ldr	r2, [r3, #0]
10000d68:	f3ef 8110 	mrs	r1, PRIMASK
10000d6c:	b672      	cpsid	i
10000d6e:	e8d2 cfcf 	ldaexb	ip, [r2]
10000d72:	2001      	movs	r0, #1
10000d74:	f1bc 0f00 	cmp.w	ip, #0
10000d78:	d1f9      	bne.n	10000d6e <sleep_until_callback+0xa>
10000d7a:	e8c2 0f4c 	strexb	ip, r0, [r2]
10000d7e:	f1bc 0f00 	cmp.w	ip, #0
10000d82:	d1f4      	bne.n	10000d6e <sleep_until_callback+0xa>
10000d84:	f3bf 8f5f 	dmb	sy
10000d88:	2200      	movs	r2, #0
10000d8a:	681b      	ldr	r3, [r3, #0]
10000d8c:	e8c3 2f8f 	stlb	r2, [r3]
10000d90:	f381 8810 	msr	PRIMASK, r1
10000d94:	bf40      	sev
10000d96:	2000      	movs	r0, #0
10000d98:	2100      	movs	r1, #0
10000d9a:	4770      	bx	lr
10000d9c:	20001e28 	.word	0x20001e28

10000da0 <alarm_pool_irq_handler>:
10000da0:	e92d 4ff0 	stmdb	sp!, {r4, r5, r6, r7, r8, r9, sl, fp, lr}
10000da4:	ed2d 8b02 	vpush	{d8}
10000da8:	b085      	sub	sp, #20
10000daa:	f3ef 8305 	mrs	r3, IPSR
10000dae:	b2db      	uxtb	r3, r3
10000db0:	3b10      	subs	r3, #16
10000db2:	089a      	lsrs	r2, r3, #2
10000db4:	bf18      	it	ne
10000db6:	2201      	movne	r2, #1
10000db8:	f04f 0101 	mov.w	r1, #1
10000dbc:	f003 0b03 	and.w	fp, r3, #3
10000dc0:	bf18      	it	ne
10000dc2:	4daf      	ldrne	r5, [pc, #700]	@ (10001080 <alarm_pool_irq_handler+0x2e0>)
10000dc4:	4baf      	ldr	r3, [pc, #700]	@ (10001084 <alarm_pool_irq_handler+0x2e4>)
10000dc6:	bf08      	it	eq
10000dc8:	4daf      	ldreq	r5, [pc, #700]	@ (10001088 <alarm_pool_irq_handler+0x2e8>)
10000dca:	eb0b 0282 	add.w	r2, fp, r2, lsl #2
10000dce:	f853 6022 	ldr.w	r6, [r3, r2, lsl #2]
10000dd2:	fa01 f20b 	lsl.w	r2, r1, fp
10000dd6:	f505 5341 	add.w	r3, r5, #12352	@ 0x3040
10000dda:	ed9f 8ba7 	vldr	d8, [pc, #668]	@ 10001078 <alarm_pool_irq_handler+0x2d8>
10000dde:	9201      	str	r2, [sp, #4]
10000de0:	605a      	str	r2, [r3, #4]
10000de2:	e02f      	b.n	10000e44 <alarm_pool_irq_handler+0xa4>
10000de4:	88b3      	ldrh	r3, [r6, #4]
10000de6:	041c      	lsls	r4, r3, #16
10000de8:	f140 8093 	bpl.w	10000f12 <alarm_pool_irq_handler+0x172>
10000dec:	79b3      	ldrb	r3, [r6, #6]
10000dee:	2b00      	cmp	r3, #0
10000df0:	f040 80dd 	bne.w	10000fae <alarm_pool_irq_handler+0x20e>
10000df4:	f9b6 2008 	ldrsh.w	r2, [r6, #8]
10000df8:	2a00      	cmp	r2, #0
10000dfa:	f2c0 811e 	blt.w	1000103a <alarm_pool_irq_handler+0x29a>
10000dfe:	6973      	ldr	r3, [r6, #20]
10000e00:	eb02 0242 	add.w	r2, r2, r2, lsl #1
10000e04:	eb03 03c2 	add.w	r3, r3, r2, lsl #3
10000e08:	e9d3 4702 	ldrd	r4, r7, [r3, #8]
10000e0c:	f1b7 3fff 	cmp.w	r7, #4294967295
10000e10:	bf08      	it	eq
10000e12:	f1b4 3fff 	cmpeq.w	r4, #4294967295
10000e16:	d00e      	beq.n	10000e36 <alarm_pool_irq_handler+0x96>
10000e18:	eb05 018b 	add.w	r1, r5, fp, lsl #2
10000e1c:	6aab      	ldr	r3, [r5, #40]	@ 0x28
10000e1e:	690a      	ldr	r2, [r1, #16]
10000e20:	1ad2      	subs	r2, r2, r3
10000e22:	1ae3      	subs	r3, r4, r3
10000e24:	4293      	cmp	r3, r2
10000e26:	d305      	bcc.n	10000e34 <alarm_pool_irq_handler+0x94>
10000e28:	2301      	movs	r3, #1
10000e2a:	6a2a      	ldr	r2, [r5, #32]
10000e2c:	fa03 f30b 	lsl.w	r3, r3, fp
10000e30:	4213      	tst	r3, r2
10000e32:	d100      	bne.n	10000e36 <alarm_pool_irq_handler+0x96>
10000e34:	610c      	str	r4, [r1, #16]
10000e36:	4628      	mov	r0, r5
10000e38:	f000 fbac 	bl	10001594 <timer_time_us_64>
10000e3c:	42a0      	cmp	r0, r4
10000e3e:	41b9      	sbcs	r1, r7
10000e40:	f2c0 80fb 	blt.w	1000103a <alarm_pool_irq_handler+0x29a>
10000e44:	f9b6 3008 	ldrsh.w	r3, [r6, #8]
10000e48:	9a01      	ldr	r2, [sp, #4]
10000e4a:	2b00      	cmp	r3, #0
10000e4c:	9300      	str	r3, [sp, #0]
10000e4e:	63ea      	str	r2, [r5, #60]	@ 0x3c
10000e50:	dbc8      	blt.n	10000de4 <alarm_pool_irq_handler+0x44>
10000e52:	f8d6 8014 	ldr.w	r8, [r6, #20]
10000e56:	eb03 0943 	add.w	r9, r3, r3, lsl #1
10000e5a:	4628      	mov	r0, r5
10000e5c:	eb08 07c9 	add.w	r7, r8, r9, lsl #3
10000e60:	e9d7 4a02 	ldrd	r4, sl, [r7, #8]
10000e64:	f000 fb96 	bl	10001594 <timer_time_us_64>
10000e68:	42a0      	cmp	r0, r4
10000e6a:	eb71 010a 	sbcs.w	r1, r1, sl
10000e6e:	dbb9      	blt.n	10000de4 <alarm_pool_irq_handler+0x44>
10000e70:	f1ba 0f00 	cmp.w	sl, #0
10000e74:	f2c0 80c3 	blt.w	10000ffe <alarm_pool_irq_handler+0x25e>
10000e78:	e9d7 3104 	ldrd	r3, r1, [r7, #16]
10000e7c:	4a83      	ldr	r2, [pc, #524]	@ (1000108c <alarm_pool_irq_handler+0x2ec>)
10000e7e:	4293      	cmp	r3, r2
10000e80:	f000 80ed 	beq.w	1000105e <alarm_pool_irq_handler+0x2be>
10000e84:	887a      	ldrh	r2, [r7, #2]
10000e86:	f9b6 0008 	ldrsh.w	r0, [r6, #8]
10000e8a:	b292      	uxth	r2, r2
10000e8c:	ea42 4000 	orr.w	r0, r2, r0, lsl #16
10000e90:	4798      	blx	r3
10000e92:	4602      	mov	r2, r0
10000e94:	460b      	mov	r3, r1
10000e96:	ea52 0103 	orrs.w	r1, r2, r3
10000e9a:	f000 80b0 	beq.w	10000ffe <alarm_pool_irq_handler+0x25e>
10000e9e:	2b00      	cmp	r3, #0
10000ea0:	f280 80d1 	bge.w	10001046 <alarm_pool_irq_handler+0x2a6>
10000ea4:	ebb4 0e02 	subs.w	lr, r4, r2
10000ea8:	eb6a 0a03 	sbc.w	sl, sl, r3
10000eac:	f938 3039 	ldrsh.w	r3, [r8, r9, lsl #3]
10000eb0:	e9c7 ea02 	strd	lr, sl, [r7, #8]
10000eb4:	2b00      	cmp	r3, #0
10000eb6:	db95      	blt.n	10000de4 <alarm_pool_irq_handler+0x44>
10000eb8:	6971      	ldr	r1, [r6, #20]
10000eba:	eb03 0243 	add.w	r2, r3, r3, lsl #1
10000ebe:	eb01 02c2 	add.w	r2, r1, r2, lsl #3
10000ec2:	e9d2 7002 	ldrd	r7, r0, [r2, #8]
10000ec6:	45be      	cmp	lr, r7
10000ec8:	eb7a 0c00 	sbcs.w	ip, sl, r0
10000ecc:	ea4f 0243 	mov.w	r2, r3, lsl #1
10000ed0:	db88      	blt.n	10000de4 <alarm_pool_irq_handler+0x44>
10000ed2:	46b4      	mov	ip, r6
10000ed4:	f82c 3f08 	strh.w	r3, [ip, #8]!
10000ed8:	e006      	b.n	10000ee8 <alarm_pool_irq_handler+0x148>
10000eda:	eb03 0043 	add.w	r0, r3, r3, lsl #1
10000ede:	eb01 00c0 	add.w	r0, r1, r0, lsl #3
10000ee2:	005a      	lsls	r2, r3, #1
10000ee4:	e9d0 7002 	ldrd	r7, r0, [r0, #8]
10000ee8:	45be      	cmp	lr, r7
10000eea:	441a      	add	r2, r3
10000eec:	eb7a 0000 	sbcs.w	r0, sl, r0
10000ef0:	eb01 04c2 	add.w	r4, r1, r2, lsl #3
10000ef4:	db04      	blt.n	10000f00 <alarm_pool_irq_handler+0x160>
10000ef6:	f931 3032 	ldrsh.w	r3, [r1, r2, lsl #3]
10000efa:	46a4      	mov	ip, r4
10000efc:	2b00      	cmp	r3, #0
10000efe:	daec      	bge.n	10000eda <alarm_pool_irq_handler+0x13a>
10000f00:	f828 3039 	strh.w	r3, [r8, r9, lsl #3]
10000f04:	9b00      	ldr	r3, [sp, #0]
10000f06:	f8ac 3000 	strh.w	r3, [ip]
10000f0a:	88b3      	ldrh	r3, [r6, #4]
10000f0c:	041c      	lsls	r4, r3, #16
10000f0e:	f53f af6d 	bmi.w	10000dec <alarm_pool_irq_handler+0x4c>
10000f12:	6933      	ldr	r3, [r6, #16]
10000f14:	f3ef 8210 	mrs	r2, PRIMASK
10000f18:	b672      	cpsid	i
10000f1a:	e8d3 0fcf 	ldaexb	r0, [r3]
10000f1e:	2101      	movs	r1, #1
10000f20:	2800      	cmp	r0, #0
10000f22:	d1fa      	bne.n	10000f1a <alarm_pool_irq_handler+0x17a>
10000f24:	e8c3 1f40 	strexb	r0, r1, [r3]
10000f28:	2800      	cmp	r0, #0
10000f2a:	d1f6      	bne.n	10000f1a <alarm_pool_irq_handler+0x17a>
10000f2c:	f3bf 8f5f 	dmb	sy
10000f30:	f64f 74ff 	movw	r4, #65535	@ 0xffff
10000f34:	88b0      	ldrh	r0, [r6, #4]
10000f36:	2300      	movs	r3, #0
10000f38:	6931      	ldr	r1, [r6, #16]
10000f3a:	b200      	sxth	r0, r0
10000f3c:	80b4      	strh	r4, [r6, #4]
10000f3e:	e8c1 3f8f 	stlb	r3, [r1]
10000f42:	f382 8810 	msr	PRIMASK, r2
10000f46:	4298      	cmp	r0, r3
10000f48:	f6ff af50 	blt.w	10000dec <alarm_pool_irq_handler+0x4c>
10000f4c:	4607      	mov	r7, r0
10000f4e:	46a9      	mov	r9, r5
10000f50:	6974      	ldr	r4, [r6, #20]
10000f52:	f106 0808 	add.w	r8, r6, #8
10000f56:	eb07 0e47 	add.w	lr, r7, r7, lsl #1
10000f5a:	eb04 03ce 	add.w	r3, r4, lr, lsl #3
10000f5e:	e9d3 5002 	ldrd	r5, r0, [r3, #8]
10000f62:	f9b6 3008 	ldrsh.w	r3, [r6, #8]
10000f66:	46c4      	mov	ip, r8
10000f68:	2b00      	cmp	r3, #0
10000f6a:	db13      	blt.n	10000f94 <alarm_pool_irq_handler+0x1f4>
10000f6c:	46b2      	mov	sl, r6
10000f6e:	9700      	str	r7, [sp, #0]
10000f70:	e004      	b.n	10000f7c <alarm_pool_irq_handler+0x1dc>
10000f72:	f934 3036 	ldrsh.w	r3, [r4, r6, lsl #3]
10000f76:	4694      	mov	ip, r2
10000f78:	2b00      	cmp	r3, #0
10000f7a:	db09      	blt.n	10000f90 <alarm_pool_irq_handler+0x1f0>
10000f7c:	eb03 0643 	add.w	r6, r3, r3, lsl #1
10000f80:	eb04 02c6 	add.w	r2, r4, r6, lsl #3
10000f84:	e9d2 7102 	ldrd	r7, r1, [r2, #8]
10000f88:	42bd      	cmp	r5, r7
10000f8a:	eb70 0101 	sbcs.w	r1, r0, r1
10000f8e:	daf0      	bge.n	10000f72 <alarm_pool_irq_handler+0x1d2>
10000f90:	4656      	mov	r6, sl
10000f92:	9f00      	ldr	r7, [sp, #0]
10000f94:	f8ac 7000 	strh.w	r7, [ip]
10000f98:	f934 703e 	ldrsh.w	r7, [r4, lr, lsl #3]
10000f9c:	f824 303e 	strh.w	r3, [r4, lr, lsl #3]
10000fa0:	2f00      	cmp	r7, #0
10000fa2:	dad8      	bge.n	10000f56 <alarm_pool_irq_handler+0x1b6>
10000fa4:	79b3      	ldrb	r3, [r6, #6]
10000fa6:	464d      	mov	r5, r9
10000fa8:	2b00      	cmp	r3, #0
10000faa:	f43f af23 	beq.w	10000df4 <alarm_pool_irq_handler+0x54>
10000fae:	2300      	movs	r3, #0
10000fb0:	71b3      	strb	r3, [r6, #6]
10000fb2:	f9b6 3008 	ldrsh.w	r3, [r6, #8]
10000fb6:	f106 0808 	add.w	r8, r6, #8
10000fba:	1c58      	adds	r0, r3, #1
10000fbc:	d03d      	beq.n	1000103a <alarm_pool_irq_handler+0x29a>
10000fbe:	461a      	mov	r2, r3
10000fc0:	6977      	ldr	r7, [r6, #20]
10000fc2:	e003      	b.n	10000fcc <alarm_pool_irq_handler+0x22c>
10000fc4:	4680      	mov	r8, r0
10000fc6:	1c59      	adds	r1, r3, #1
10000fc8:	f43f af16 	beq.w	10000df8 <alarm_pool_irq_handler+0x58>
10000fcc:	eb03 0143 	add.w	r1, r3, r3, lsl #1
10000fd0:	eb07 00c1 	add.w	r0, r7, r1, lsl #3
10000fd4:	f8b0 c002 	ldrh.w	ip, [r0, #2]
10000fd8:	461c      	mov	r4, r3
10000fda:	f41c 4f00 	tst.w	ip, #32768	@ 0x8000
10000fde:	469e      	mov	lr, r3
10000fe0:	f937 3031 	ldrsh.w	r3, [r7, r1, lsl #3]
10000fe4:	d0ee      	beq.n	10000fc4 <alarm_pool_irq_handler+0x224>
10000fe6:	4294      	cmp	r4, r2
10000fe8:	ed80 8b02 	vstr	d8, [r0, #8]
10000fec:	d005      	beq.n	10000ffa <alarm_pool_irq_handler+0x25a>
10000fee:	f8a8 3000 	strh.w	r3, [r8]
10000ff2:	8932      	ldrh	r2, [r6, #8]
10000ff4:	f827 2031 	strh.w	r2, [r7, r1, lsl #3]
10000ff8:	8134      	strh	r4, [r6, #8]
10000ffa:	4672      	mov	r2, lr
10000ffc:	e7e3      	b.n	10000fc6 <alarm_pool_irq_handler+0x226>
10000ffe:	f838 3039 	ldrh.w	r3, [r8, r9, lsl #3]
10001002:	8133      	strh	r3, [r6, #8]
10001004:	6933      	ldr	r3, [r6, #16]
10001006:	f3ef 8210 	mrs	r2, PRIMASK
1000100a:	b672      	cpsid	i
1000100c:	e8d3 0fcf 	ldaexb	r0, [r3]
10001010:	2101      	movs	r1, #1
10001012:	2800      	cmp	r0, #0
10001014:	d1fa      	bne.n	1000100c <alarm_pool_irq_handler+0x26c>
10001016:	e8c3 1f40 	strexb	r0, r1, [r3]
1000101a:	2800      	cmp	r0, #0
1000101c:	d1f6      	bne.n	1000100c <alarm_pool_irq_handler+0x26c>
1000101e:	f3bf 8f5f 	dmb	sy
10001022:	8873      	ldrh	r3, [r6, #2]
10001024:	6931      	ldr	r1, [r6, #16]
10001026:	f828 3039 	strh.w	r3, [r8, r9, lsl #3]
1000102a:	9b00      	ldr	r3, [sp, #0]
1000102c:	8073      	strh	r3, [r6, #2]
1000102e:	2300      	movs	r3, #0
10001030:	e8c1 3f8f 	stlb	r3, [r1]
10001034:	f382 8810 	msr	PRIMASK, r2
10001038:	e6d4      	b.n	10000de4 <alarm_pool_irq_handler+0x44>
1000103a:	bf40      	sev
1000103c:	b005      	add	sp, #20
1000103e:	ecbd 8b02 	vpop	{d8}
10001042:	e8bd 8ff0 	ldmia.w	sp!, {r4, r5, r6, r7, r8, r9, sl, fp, pc}
10001046:	4628      	mov	r0, r5
10001048:	e9cd 2302 	strd	r2, r3, [sp, #8]
1000104c:	f000 faa2 	bl	10001594 <timer_time_us_64>
10001050:	9a02      	ldr	r2, [sp, #8]
10001052:	9b03      	ldr	r3, [sp, #12]
10001054:	eb10 0e02 	adds.w	lr, r0, r2
10001058:	eb43 0a01 	adc.w	sl, r3, r1
1000105c:	e726      	b.n	10000eac <alarm_pool_irq_handler+0x10c>
1000105e:	4608      	mov	r0, r1
10001060:	690b      	ldr	r3, [r1, #16]
10001062:	9102      	str	r1, [sp, #8]
10001064:	4798      	blx	r3
10001066:	2800      	cmp	r0, #0
10001068:	d0c9      	beq.n	10000ffe <alarm_pool_irq_handler+0x25e>
1000106a:	9902      	ldr	r1, [sp, #8]
1000106c:	e9d1 2300 	ldrd	r2, r3, [r1]
10001070:	e711      	b.n	10000e96 <alarm_pool_irq_handler+0xf6>
10001072:	bf00      	nop
10001074:	f3af 8000 	nop.w
10001078:	ffffffff 	.word	0xffffffff
1000107c:	ffffffff 	.word	0xffffffff
10001080:	400b8000 	.word	0x400b8000
10001084:	20001e00 	.word	0x20001e00
10001088:	400b0000 	.word	0x400b0000
1000108c:	10000da1 	.word	0x10000da1

10001090 <runtime_init_default_alarm_pool>:
10001090:	e92d 4ff8 	stmdb	sp!, {r3, r4, r5, r6, r7, r8, r9, sl, fp, lr}
10001094:	4c36      	ldr	r4, [pc, #216]	@ (10001170 <runtime_init_default_alarm_pool+0xe0>)
10001096:	6925      	ldr	r5, [r4, #16]
10001098:	b12d      	cbz	r5, 100010a6 <runtime_init_default_alarm_pool+0x16>
1000109a:	e8bd 4ff8 	ldmia.w	sp!, {r3, r4, r5, r6, r7, r8, r9, sl, fp, lr}
1000109e:	210a      	movs	r1, #10
100010a0:	4834      	ldr	r0, [pc, #208]	@ (10001174 <runtime_init_default_alarm_pool+0xe4>)
100010a2:	f7ff be0f 	b.w	10000cc4 <lock_init>
100010a6:	f8df 80e4 	ldr.w	r8, [pc, #228]	@ 1000118c <runtime_init_default_alarm_pool+0xfc>
100010aa:	2103      	movs	r1, #3
100010ac:	4640      	mov	r0, r8
100010ae:	f000 fa5f 	bl	10001570 <timer_hardware_alarm_claim>
100010b2:	2603      	movs	r6, #3
100010b4:	f8c4 800c 	str.w	r8, [r4, #12]
100010b8:	f7ff fbdc 	bl	10000874 <next_striped_spin_lock_num>
100010bc:	f04f 4c50 	mov.w	ip, #3489660928	@ 0xd0000000
100010c0:	4b2d      	ldr	r3, [pc, #180]	@ (10001178 <runtime_init_default_alarm_pool+0xe8>)
100010c2:	7026      	strb	r6, [r4, #0]
100010c4:	4403      	add	r3, r0
100010c6:	6123      	str	r3, [r4, #16]
100010c8:	f8dc 3000 	ldr.w	r3, [ip]
100010cc:	210f      	movs	r1, #15
100010ce:	7063      	strb	r3, [r4, #1]
100010d0:	6963      	ldr	r3, [r4, #20]
100010d2:	8061      	strh	r1, [r4, #2]
100010d4:	831d      	strh	r5, [r3, #24]
100010d6:	f04f 0504 	mov.w	r5, #4
100010da:	f8a3 5078 	strh.w	r5, [r3, #120]	@ 0x78
100010de:	f04f 0505 	mov.w	r5, #5
100010e2:	f8a3 5090 	strh.w	r5, [r3, #144]	@ 0x90
100010e6:	f04f 0506 	mov.w	r5, #6
100010ea:	f8a3 50a8 	strh.w	r5, [r3, #168]	@ 0xa8
100010ee:	f04f 0507 	mov.w	r5, #7
100010f2:	210e      	movs	r1, #14
100010f4:	f64f 72ff 	movw	r2, #65535	@ 0xffff
100010f8:	2708      	movs	r7, #8
100010fa:	f04f 0e0a 	mov.w	lr, #10
100010fe:	f8a3 50c0 	strh.w	r5, [r3, #192]	@ 0xc0
10001102:	f04f 0901 	mov.w	r9, #1
10001106:	f04f 0c0c 	mov.w	ip, #12
1000110a:	f04f 0b02 	mov.w	fp, #2
1000110e:	f04f 0a09 	mov.w	sl, #9
10001112:	200d      	movs	r0, #13
10001114:	f04f 050b 	mov.w	r5, #11
10001118:	f8a3 1168 	strh.w	r1, [r3, #360]	@ 0x168
1000111c:	4917      	ldr	r1, [pc, #92]	@ (1000117c <runtime_init_default_alarm_pool+0xec>)
1000111e:	80a2      	strh	r2, [r4, #4]
10001120:	f8a3 e108 	strh.w	lr, [r3, #264]	@ 0x108
10001124:	60a1      	str	r1, [r4, #8]
10001126:	f8a3 b048 	strh.w	fp, [r3, #72]	@ 0x48
1000112a:	f8a3 a0f0 	strh.w	sl, [r3, #240]	@ 0xf0
1000112e:	f8a3 5120 	strh.w	r5, [r3, #288]	@ 0x120
10001132:	f8a3 c138 	strh.w	ip, [r3, #312]	@ 0x138
10001136:	f8a3 0150 	strh.w	r0, [r3, #336]	@ 0x150
1000113a:	f8a3 9030 	strh.w	r9, [r3, #48]	@ 0x30
1000113e:	f8a3 6060 	strh.w	r6, [r3, #96]	@ 0x60
10001142:	f8a3 70d8 	strh.w	r7, [r3, #216]	@ 0xd8
10001146:	801a      	strh	r2, [r3, #0]
10001148:	4b0d      	ldr	r3, [pc, #52]	@ (10001180 <runtime_init_default_alarm_pool+0xf0>)
1000114a:	4630      	mov	r0, r6
1000114c:	f8c8 7020 	str.w	r7, [r8, #32]
10001150:	490c      	ldr	r1, [pc, #48]	@ (10001184 <runtime_init_default_alarm_pool+0xf4>)
10001152:	60dc      	str	r4, [r3, #12]
10001154:	f7ff fc20 	bl	10000998 <irq_set_exclusive_handler>
10001158:	4649      	mov	r1, r9
1000115a:	4630      	mov	r0, r6
1000115c:	f7ff fbda 	bl	10000914 <irq_set_enabled>
10001160:	4b09      	ldr	r3, [pc, #36]	@ (10001188 <runtime_init_default_alarm_pool+0xf8>)
10001162:	210a      	movs	r1, #10
10001164:	641f      	str	r7, [r3, #64]	@ 0x40
10001166:	4803      	ldr	r0, [pc, #12]	@ (10001174 <runtime_init_default_alarm_pool+0xe4>)
10001168:	e8bd 4ff8 	ldmia.w	sp!, {r3, r4, r5, r6, r7, r8, r9, sl, fp, lr}
1000116c:	f7ff bdaa 	b.w	10000cc4 <lock_init>
10001170:	200011cc 	.word	0x200011cc
10001174:	20001e28 	.word	0x20001e28
10001178:	20001554 	.word	0x20001554
1000117c:	0010ffff 	.word	0x0010ffff
10001180:	20001e00 	.word	0x20001e00
10001184:	10000da1 	.word	0x10000da1
10001188:	400b2000 	.word	0x400b2000
1000118c:	400b0000 	.word	0x400b0000

10001190 <alarm_pool_get_default>:
10001190:	4800      	ldr	r0, [pc, #0]	@ (10001194 <alarm_pool_get_default+0x4>)
10001192:	4770      	bx	lr
10001194:	200011cc 	.word	0x200011cc

10001198 <alarm_pool_add_alarm_at>:
10001198:	b5f8      	push	{r3, r4, r5, r6, r7, lr}
1000119a:	f89d 5020 	ldrb.w	r5, [sp, #32]
1000119e:	4604      	mov	r4, r0
100011a0:	4617      	mov	r7, r2
100011a2:	461e      	mov	r6, r3
100011a4:	b935      	cbnz	r5, 100011b4 <alarm_pool_add_alarm_at+0x1c>
100011a6:	f000 f9fd 	bl	100015a4 <time_us_64>
100011aa:	4287      	cmp	r7, r0
100011ac:	eb66 0101 	sbc.w	r1, r6, r1
100011b0:	2900      	cmp	r1, #0
100011b2:	db5c      	blt.n	1000126e <alarm_pool_add_alarm_at+0xd6>
100011b4:	6921      	ldr	r1, [r4, #16]
100011b6:	f3ef 8310 	mrs	r3, PRIMASK
100011ba:	b672      	cpsid	i
100011bc:	e8d1 0fcf 	ldaexb	r0, [r1]
100011c0:	2201      	movs	r2, #1
100011c2:	2800      	cmp	r0, #0
100011c4:	d1fa      	bne.n	100011bc <alarm_pool_add_alarm_at+0x24>
100011c6:	e8c1 2f40 	strexb	r0, r2, [r1]
100011ca:	2800      	cmp	r0, #0
100011cc:	d1f6      	bne.n	100011bc <alarm_pool_add_alarm_at+0x24>
100011ce:	f3bf 8f5f 	dmb	sy
100011d2:	f9b4 2002 	ldrsh.w	r2, [r4, #2]
100011d6:	6965      	ldr	r5, [r4, #20]
100011d8:	eb02 0142 	add.w	r1, r2, r2, lsl #1
100011dc:	2a00      	cmp	r2, #0
100011de:	ea4f 0cc1 	mov.w	ip, r1, lsl #3
100011e2:	6920      	ldr	r0, [r4, #16]
100011e4:	eb05 01c1 	add.w	r1, r5, r1, lsl #3
100011e8:	db39      	blt.n	1000125e <alarm_pool_add_alarm_at+0xc6>
100011ea:	f835 e00c 	ldrh.w	lr, [r5, ip]
100011ee:	f8a4 e002 	strh.w	lr, [r4, #2]
100011f2:	f04f 0e00 	mov.w	lr, #0
100011f6:	e8c0 ef8f 	stlb	lr, [r0]
100011fa:	f383 8810 	msr	PRIMASK, r3
100011fe:	8848      	ldrh	r0, [r1, #2]
10001200:	9b06      	ldr	r3, [sp, #24]
10001202:	3001      	adds	r0, #1
10001204:	f3c0 000e 	ubfx	r0, r0, #0, #15
10001208:	2801      	cmp	r0, #1
1000120a:	bf38      	it	cc
1000120c:	2001      	movcc	r0, #1
1000120e:	610b      	str	r3, [r1, #16]
10001210:	9b07      	ldr	r3, [sp, #28]
10001212:	8048      	strh	r0, [r1, #2]
10001214:	614b      	str	r3, [r1, #20]
10001216:	e9c1 7602 	strd	r7, r6, [r1, #8]
1000121a:	ea40 4002 	orr.w	r0, r0, r2, lsl #16
1000121e:	6923      	ldr	r3, [r4, #16]
10001220:	f3ef 8110 	mrs	r1, PRIMASK
10001224:	b672      	cpsid	i
10001226:	e8d3 7fcf 	ldaexb	r7, [r3]
1000122a:	2601      	movs	r6, #1
1000122c:	2f00      	cmp	r7, #0
1000122e:	d1fa      	bne.n	10001226 <alarm_pool_add_alarm_at+0x8e>
10001230:	e8c3 6f47 	strexb	r7, r6, [r3]
10001234:	2f00      	cmp	r7, #0
10001236:	d1f6      	bne.n	10001226 <alarm_pool_add_alarm_at+0x8e>
10001238:	f3bf 8f5f 	dmb	sy
1000123c:	88a3      	ldrh	r3, [r4, #4]
1000123e:	f825 300c 	strh.w	r3, [r5, ip]
10001242:	80a2      	strh	r2, [r4, #4]
10001244:	6923      	ldr	r3, [r4, #16]
10001246:	e8c3 ef8f 	stlb	lr, [r3]
1000124a:	f381 8810 	msr	PRIMASK, r1
1000124e:	2201      	movs	r2, #1
10001250:	68e3      	ldr	r3, [r4, #12]
10001252:	7821      	ldrb	r1, [r4, #0]
10001254:	f503 5301 	add.w	r3, r3, #8256	@ 0x2040
10001258:	408a      	lsls	r2, r1
1000125a:	605a      	str	r2, [r3, #4]
1000125c:	bdf8      	pop	{r3, r4, r5, r6, r7, pc}
1000125e:	2200      	movs	r2, #0
10001260:	e8c0 2f8f 	stlb	r2, [r0]
10001264:	f383 8810 	msr	PRIMASK, r3
10001268:	f04f 30ff 	mov.w	r0, #4294967295
1000126c:	bdf8      	pop	{r3, r4, r5, r6, r7, pc}
1000126e:	4628      	mov	r0, r5
10001270:	bdf8      	pop	{r3, r4, r5, r6, r7, pc}
10001272:	bf00      	nop

10001274 <alarm_pool_add_alarm_at_force_in_context>:
10001274:	4601      	mov	r1, r0
10001276:	b5f0      	push	{r4, r5, r6, r7, lr}
10001278:	6900      	ldr	r0, [r0, #16]
1000127a:	f3ef 8710 	mrs	r7, PRIMASK
1000127e:	b672      	cpsid	i
10001280:	e8d0 5fcf 	ldaexb	r5, [r0]
10001284:	2401      	movs	r4, #1
10001286:	2d00      	cmp	r5, #0
10001288:	d1fa      	bne.n	10001280 <alarm_pool_add_alarm_at_force_in_context+0xc>
1000128a:	e8c0 4f45 	strexb	r5, r4, [r0]
1000128e:	2d00      	cmp	r5, #0
10001290:	d1f6      	bne.n	10001280 <alarm_pool_add_alarm_at_force_in_context+0xc>
10001292:	f3bf 8f5f 	dmb	sy
10001296:	f9b1 e002 	ldrsh.w	lr, [r1, #2]
1000129a:	694c      	ldr	r4, [r1, #20]
1000129c:	eb0e 0c4e 	add.w	ip, lr, lr, lsl #1
100012a0:	f1be 0f00 	cmp.w	lr, #0
100012a4:	ea4f 05cc 	mov.w	r5, ip, lsl #3
100012a8:	6908      	ldr	r0, [r1, #16]
100012aa:	eb04 0ccc 	add.w	ip, r4, ip, lsl #3
100012ae:	db3c      	blt.n	1000132a <alarm_pool_add_alarm_at_force_in_context+0xb6>
100012b0:	5b66      	ldrh	r6, [r4, r5]
100012b2:	804e      	strh	r6, [r1, #2]
100012b4:	2600      	movs	r6, #0
100012b6:	e8c0 6f8f 	stlb	r6, [r0]
100012ba:	f387 8810 	msr	PRIMASK, r7
100012be:	f8bc 0002 	ldrh.w	r0, [ip, #2]
100012c2:	e9cc 2302 	strd	r2, r3, [ip, #8]
100012c6:	3001      	adds	r0, #1
100012c8:	f3c0 000e 	ubfx	r0, r0, #0, #15
100012cc:	2801      	cmp	r0, #1
100012ce:	bf38      	it	cc
100012d0:	2001      	movcc	r0, #1
100012d2:	9b05      	ldr	r3, [sp, #20]
100012d4:	f8ac 0002 	strh.w	r0, [ip, #2]
100012d8:	f8cc 3010 	str.w	r3, [ip, #16]
100012dc:	9b06      	ldr	r3, [sp, #24]
100012de:	ea40 400e 	orr.w	r0, r0, lr, lsl #16
100012e2:	f8cc 3014 	str.w	r3, [ip, #20]
100012e6:	690b      	ldr	r3, [r1, #16]
100012e8:	f3ef 8210 	mrs	r2, PRIMASK
100012ec:	b672      	cpsid	i
100012ee:	e8d3 cfcf 	ldaexb	ip, [r3]
100012f2:	2701      	movs	r7, #1
100012f4:	f1bc 0f00 	cmp.w	ip, #0
100012f8:	d1f9      	bne.n	100012ee <alarm_pool_add_alarm_at_force_in_context+0x7a>
100012fa:	e8c3 7f4c 	strexb	ip, r7, [r3]
100012fe:	f1bc 0f00 	cmp.w	ip, #0
10001302:	d1f4      	bne.n	100012ee <alarm_pool_add_alarm_at_force_in_context+0x7a>
10001304:	f3bf 8f5f 	dmb	sy
10001308:	888b      	ldrh	r3, [r1, #4]
1000130a:	5363      	strh	r3, [r4, r5]
1000130c:	f8a1 e004 	strh.w	lr, [r1, #4]
10001310:	690b      	ldr	r3, [r1, #16]
10001312:	e8c3 6f8f 	stlb	r6, [r3]
10001316:	f382 8810 	msr	PRIMASK, r2
1000131a:	2201      	movs	r2, #1
1000131c:	68cb      	ldr	r3, [r1, #12]
1000131e:	7809      	ldrb	r1, [r1, #0]
10001320:	f503 5301 	add.w	r3, r3, #8256	@ 0x2040
10001324:	408a      	lsls	r2, r1
10001326:	605a      	str	r2, [r3, #4]
10001328:	bdf0      	pop	{r4, r5, r6, r7, pc}
1000132a:	2300      	movs	r3, #0
1000132c:	e8c0 3f8f 	stlb	r3, [r0]
10001330:	f387 8810 	msr	PRIMASK, r7
10001334:	f04f 30ff 	mov.w	r0, #4294967295
10001338:	bdf0      	pop	{r4, r5, r6, r7, pc}
1000133a:	bf00      	nop

1000133c <alarm_pool_cancel_alarm>:
1000133c:	4603      	mov	r3, r0
1000133e:	8940      	ldrh	r0, [r0, #10]
10001340:	ebb0 4f21 	cmp.w	r0, r1, asr #16
10001344:	dd37      	ble.n	100013b6 <alarm_pool_cancel_alarm+0x7a>
10001346:	6958      	ldr	r0, [r3, #20]
10001348:	140a      	asrs	r2, r1, #16
1000134a:	eb02 0242 	add.w	r2, r2, r2, lsl #1
1000134e:	b510      	push	{r4, lr}
10001350:	eb00 00c2 	add.w	r0, r0, r2, lsl #3
10001354:	691c      	ldr	r4, [r3, #16]
10001356:	f3ef 8c10 	mrs	ip, PRIMASK
1000135a:	b672      	cpsid	i
1000135c:	e8d4 efcf 	ldaexb	lr, [r4]
10001360:	2201      	movs	r2, #1
10001362:	f1be 0f00 	cmp.w	lr, #0
10001366:	d1f9      	bne.n	1000135c <alarm_pool_cancel_alarm+0x20>
10001368:	e8c4 2f4e 	strexb	lr, r2, [r4]
1000136c:	f1be 0f00 	cmp.w	lr, #0
10001370:	d1f4      	bne.n	1000135c <alarm_pool_cancel_alarm+0x20>
10001372:	f3bf 8f5f 	dmb	sy
10001376:	8842      	ldrh	r2, [r0, #2]
10001378:	b289      	uxth	r1, r1
1000137a:	b292      	uxth	r2, r2
1000137c:	428a      	cmp	r2, r1
1000137e:	d007      	beq.n	10001390 <alarm_pool_cancel_alarm+0x54>
10001380:	2200      	movs	r2, #0
10001382:	691b      	ldr	r3, [r3, #16]
10001384:	e8c3 2f8f 	stlb	r2, [r3]
10001388:	f38c 8810 	msr	PRIMASK, ip
1000138c:	2000      	movs	r0, #0
1000138e:	bd10      	pop	{r4, pc}
10001390:	f442 4200 	orr.w	r2, r2, #32768	@ 0x8000
10001394:	8042      	strh	r2, [r0, #2]
10001396:	2101      	movs	r1, #1
10001398:	2200      	movs	r2, #0
1000139a:	6918      	ldr	r0, [r3, #16]
1000139c:	7199      	strb	r1, [r3, #6]
1000139e:	e8c0 2f8f 	stlb	r2, [r0]
100013a2:	f38c 8810 	msr	PRIMASK, ip
100013a6:	781c      	ldrb	r4, [r3, #0]
100013a8:	68da      	ldr	r2, [r3, #12]
100013aa:	4608      	mov	r0, r1
100013ac:	f502 5301 	add.w	r3, r2, #8256	@ 0x2040
100013b0:	40a1      	lsls	r1, r4
100013b2:	6059      	str	r1, [r3, #4]
100013b4:	bd10      	pop	{r4, pc}
100013b6:	2000      	movs	r0, #0
100013b8:	4770      	bx	lr
100013ba:	bf00      	nop

100013bc <alarm_pool_core_num>:
100013bc:	7840      	ldrb	r0, [r0, #1]
100013be:	4770      	bx	lr

100013c0 <sleep_ms>:
100013c0:	e92d 41f0 	stmdb	sp!, {r4, r5, r6, r7, r8, lr}
100013c4:	b082      	sub	sp, #8
100013c6:	4606      	mov	r6, r0
100013c8:	f000 f8ec 	bl	100015a4 <time_us_64>
100013cc:	f44f 737a 	mov.w	r3, #1000	@ 0x3e8
100013d0:	4604      	mov	r4, r0
100013d2:	f04f 30ff 	mov.w	r0, #4294967295
100013d6:	f06f 4200 	mvn.w	r2, #2147483648	@ 0x80000000
100013da:	fbe6 4103 	umlal	r4, r1, r6, r3
100013de:	42a0      	cmp	r0, r4
100013e0:	eb72 0301 	sbcs.w	r3, r2, r1
100013e4:	bf3a      	itte	cc
100013e6:	4604      	movcc	r4, r0
100013e8:	4615      	movcc	r5, r2
100013ea:	460d      	movcs	r5, r1
100013ec:	1fa6      	subs	r6, r4, #6
100013ee:	f145 37ff 	adc.w	r7, r5, #4294967295
100013f2:	42b4      	cmp	r4, r6
100013f4:	eb75 0307 	sbcs.w	r3, r5, r7
100013f8:	bf3c      	itt	cc
100013fa:	2600      	movcc	r6, #0
100013fc:	4637      	movcc	r7, r6
100013fe:	f000 f8d1 	bl	100015a4 <time_us_64>
10001402:	1a30      	subs	r0, r6, r0
10001404:	eb67 0101 	sbc.w	r1, r7, r1
10001408:	2801      	cmp	r0, #1
1000140a:	f171 0100 	sbcs.w	r1, r1, #0
1000140e:	da06      	bge.n	1000141e <sleep_ms+0x5e>
10001410:	4620      	mov	r0, r4
10001412:	4629      	mov	r1, r5
10001414:	b002      	add	sp, #8
10001416:	e8bd 41f0 	ldmia.w	sp!, {r4, r5, r6, r7, r8, lr}
1000141a:	f000 b8cd 	b.w	100015b8 <busy_wait_until>
1000141e:	f000 f8c1 	bl	100015a4 <time_us_64>
10001422:	4286      	cmp	r6, r0
10001424:	eb67 0101 	sbc.w	r1, r7, r1
10001428:	2900      	cmp	r1, #0
1000142a:	db0a      	blt.n	10001442 <sleep_ms+0x82>
1000142c:	2100      	movs	r1, #0
1000142e:	4b17      	ldr	r3, [pc, #92]	@ (1000148c <sleep_ms+0xcc>)
10001430:	4632      	mov	r2, r6
10001432:	9300      	str	r3, [sp, #0]
10001434:	4816      	ldr	r0, [pc, #88]	@ (10001490 <sleep_ms+0xd0>)
10001436:	463b      	mov	r3, r7
10001438:	9101      	str	r1, [sp, #4]
1000143a:	f7ff ff1b 	bl	10001274 <alarm_pool_add_alarm_at_force_in_context>
1000143e:	3001      	adds	r0, #1
10001440:	d0e6      	beq.n	10001410 <sleep_ms+0x50>
10001442:	f04f 0c00 	mov.w	ip, #0
10001446:	4a13      	ldr	r2, [pc, #76]	@ (10001494 <sleep_ms+0xd4>)
10001448:	4913      	ldr	r1, [pc, #76]	@ (10001498 <sleep_ms+0xd8>)
1000144a:	6a53      	ldr	r3, [r2, #36]	@ 0x24
1000144c:	429f      	cmp	r7, r3
1000144e:	d804      	bhi.n	1000145a <sleep_ms+0x9a>
10001450:	6a90      	ldr	r0, [r2, #40]	@ 0x28
10001452:	42b0      	cmp	r0, r6
10001454:	d2dc      	bcs.n	10001410 <sleep_ms+0x50>
10001456:	429f      	cmp	r7, r3
10001458:	d1da      	bne.n	10001410 <sleep_ms+0x50>
1000145a:	680b      	ldr	r3, [r1, #0]
1000145c:	f3ef 8010 	mrs	r0, PRIMASK
10001460:	b672      	cpsid	i
10001462:	e8d3 8fcf 	ldaexb	r8, [r3]
10001466:	f05f 0e01 	movs.w	lr, #1
1000146a:	f1b8 0f00 	cmp.w	r8, #0
1000146e:	d1f8      	bne.n	10001462 <sleep_ms+0xa2>
10001470:	e8c3 ef48 	strexb	r8, lr, [r3]
10001474:	f1b8 0f00 	cmp.w	r8, #0
10001478:	d1f3      	bne.n	10001462 <sleep_ms+0xa2>
1000147a:	f3bf 8f5f 	dmb	sy
1000147e:	680b      	ldr	r3, [r1, #0]
10001480:	e8c3 cf8f 	stlb	ip, [r3]
10001484:	f380 8810 	msr	PRIMASK, r0
10001488:	bf20      	wfe
1000148a:	e7de      	b.n	1000144a <sleep_ms+0x8a>
1000148c:	10000d65 	.word	0x10000d65
10001490:	200011cc 	.word	0x200011cc
10001494:	400b0000 	.word	0x400b0000
10001498:	20001e28 	.word	0x20001e28

1000149c <best_effort_wfe_or_timeout>:
1000149c:	e92d 43f0 	stmdb	sp!, {r4, r5, r6, r7, r8, r9, lr}
100014a0:	4606      	mov	r6, r0
100014a2:	460d      	mov	r5, r1
100014a4:	b083      	sub	sp, #12
100014a6:	f3ef 8405 	mrs	r4, IPSR
100014aa:	b2e4      	uxtb	r4, r4
100014ac:	b13c      	cbz	r4, 100014be <best_effort_wfe_or_timeout+0x22>
100014ae:	4b2d      	ldr	r3, [pc, #180]	@ (10001564 <best_effort_wfe_or_timeout+0xc8>)
100014b0:	6a5a      	ldr	r2, [r3, #36]	@ 0x24
100014b2:	42aa      	cmp	r2, r5
100014b4:	d21c      	bcs.n	100014f0 <best_effort_wfe_or_timeout+0x54>
100014b6:	2000      	movs	r0, #0
100014b8:	b003      	add	sp, #12
100014ba:	e8bd 83f0 	ldmia.w	sp!, {r4, r5, r6, r7, r8, r9, pc}
100014be:	4f2a      	ldr	r7, [pc, #168]	@ (10001568 <best_effort_wfe_or_timeout+0xcc>)
100014c0:	f8d7 900c 	ldr.w	r9, [r7, #12]
100014c4:	f897 8000 	ldrb.w	r8, [r7]
100014c8:	4648      	mov	r0, r9
100014ca:	f000 f863 	bl	10001594 <timer_time_us_64>
100014ce:	f108 0804 	add.w	r8, r8, #4
100014d2:	f859 3028 	ldr.w	r3, [r9, r8, lsl #2]
100014d6:	1a1b      	subs	r3, r3, r0
100014d8:	1a30      	subs	r0, r6, r0
100014da:	eb65 0101 	sbc.w	r1, r5, r1
100014de:	4298      	cmp	r0, r3
100014e0:	f171 0100 	sbcs.w	r1, r1, #0
100014e4:	db10      	blt.n	10001508 <best_effort_wfe_or_timeout+0x6c>
100014e6:	bf20      	wfe
100014e8:	4b1e      	ldr	r3, [pc, #120]	@ (10001564 <best_effort_wfe_or_timeout+0xc8>)
100014ea:	6a5a      	ldr	r2, [r3, #36]	@ 0x24
100014ec:	42aa      	cmp	r2, r5
100014ee:	d3e2      	bcc.n	100014b6 <best_effort_wfe_or_timeout+0x1a>
100014f0:	bf14      	ite	ne
100014f2:	2401      	movne	r4, #1
100014f4:	2400      	moveq	r4, #0
100014f6:	6a9b      	ldr	r3, [r3, #40]	@ 0x28
100014f8:	42b3      	cmp	r3, r6
100014fa:	bf34      	ite	cc
100014fc:	4620      	movcc	r0, r4
100014fe:	f044 0001 	orrcs.w	r0, r4, #1
10001502:	b003      	add	sp, #12
10001504:	e8bd 83f0 	ldmia.w	sp!, {r4, r5, r6, r7, r8, r9, pc}
10001508:	f000 f84c 	bl	100015a4 <time_us_64>
1000150c:	4286      	cmp	r6, r0
1000150e:	eb65 0101 	sbc.w	r1, r5, r1
10001512:	2900      	cmp	r1, #0
10001514:	db14      	blt.n	10001540 <best_effort_wfe_or_timeout+0xa4>
10001516:	4b15      	ldr	r3, [pc, #84]	@ (1000156c <best_effort_wfe_or_timeout+0xd0>)
10001518:	4638      	mov	r0, r7
1000151a:	e9cd 3400 	strd	r3, r4, [sp]
1000151e:	4632      	mov	r2, r6
10001520:	462b      	mov	r3, r5
10001522:	f7ff fea7 	bl	10001274 <alarm_pool_add_alarm_at_force_in_context>
10001526:	1e01      	subs	r1, r0, #0
10001528:	dd0a      	ble.n	10001540 <best_effort_wfe_or_timeout+0xa4>
1000152a:	4b0e      	ldr	r3, [pc, #56]	@ (10001564 <best_effort_wfe_or_timeout+0xc8>)
1000152c:	6a5a      	ldr	r2, [r3, #36]	@ 0x24
1000152e:	42aa      	cmp	r2, r5
10001530:	d316      	bcc.n	10001560 <best_effort_wfe_or_timeout+0xc4>
10001532:	6a9b      	ldr	r3, [r3, #40]	@ 0x28
10001534:	42b3      	cmp	r3, r6
10001536:	d311      	bcc.n	1000155c <best_effort_wfe_or_timeout+0xc0>
10001538:	480b      	ldr	r0, [pc, #44]	@ (10001568 <best_effort_wfe_or_timeout+0xcc>)
1000153a:	f7ff feff 	bl	1000133c <alarm_pool_cancel_alarm>
1000153e:	e7b6      	b.n	100014ae <best_effort_wfe_or_timeout+0x12>
10001540:	4b08      	ldr	r3, [pc, #32]	@ (10001564 <best_effort_wfe_or_timeout+0xc8>)
10001542:	6a5c      	ldr	r4, [r3, #36]	@ 0x24
10001544:	42ac      	cmp	r4, r5
10001546:	d3b6      	bcc.n	100014b6 <best_effort_wfe_or_timeout+0x1a>
10001548:	1b64      	subs	r4, r4, r5
1000154a:	bf18      	it	ne
1000154c:	2401      	movne	r4, #1
1000154e:	6a9b      	ldr	r3, [r3, #40]	@ 0x28
10001550:	42b3      	cmp	r3, r6
10001552:	bf34      	ite	cc
10001554:	4620      	movcc	r0, r4
10001556:	f044 0001 	orrcs.w	r0, r4, #1
1000155a:	e7ad      	b.n	100014b8 <best_effort_wfe_or_timeout+0x1c>
1000155c:	42aa      	cmp	r2, r5
1000155e:	d1eb      	bne.n	10001538 <best_effort_wfe_or_timeout+0x9c>
10001560:	bf20      	wfe
10001562:	e7e9      	b.n	10001538 <best_effort_wfe_or_timeout+0x9c>
10001564:	400b0000 	.word	0x400b0000
10001568:	200011cc 	.word	0x200011cc
1000156c:	10000d65 	.word	0x10000d65

10001570 <timer_hardware_alarm_claim>:
10001570:	b410      	push	{r4}
10001572:	4b05      	ldr	r3, [pc, #20]	@ (10001588 <timer_hardware_alarm_claim+0x18>)
10001574:	4c05      	ldr	r4, [pc, #20]	@ (1000158c <timer_hardware_alarm_claim+0x1c>)
10001576:	4a06      	ldr	r2, [pc, #24]	@ (10001590 <timer_hardware_alarm_claim+0x20>)
10001578:	42a0      	cmp	r0, r4
1000157a:	bf14      	ite	ne
1000157c:	4618      	movne	r0, r3
1000157e:	1c58      	addeq	r0, r3, #1
10001580:	f85d 4b04 	ldr.w	r4, [sp], #4
10001584:	f7ff b90a 	b.w	1000079c <hw_claim_or_assert>
10001588:	20001974 	.word	0x20001974
1000158c:	400b8000 	.word	0x400b8000
10001590:	10006310 	.word	0x10006310

10001594 <timer_time_us_64>:
10001594:	4603      	mov	r3, r0
10001596:	6a41      	ldr	r1, [r0, #36]	@ 0x24
10001598:	460a      	mov	r2, r1
1000159a:	6a98      	ldr	r0, [r3, #40]	@ 0x28
1000159c:	6a59      	ldr	r1, [r3, #36]	@ 0x24
1000159e:	428a      	cmp	r2, r1
100015a0:	d1fa      	bne.n	10001598 <timer_time_us_64+0x4>
100015a2:	4770      	bx	lr

100015a4 <time_us_64>:
100015a4:	4b03      	ldr	r3, [pc, #12]	@ (100015b4 <time_us_64+0x10>)
100015a6:	6a59      	ldr	r1, [r3, #36]	@ 0x24
100015a8:	460a      	mov	r2, r1
100015aa:	6a98      	ldr	r0, [r3, #40]	@ 0x28
100015ac:	6a59      	ldr	r1, [r3, #36]	@ 0x24
100015ae:	4291      	cmp	r1, r2
100015b0:	d1fa      	bne.n	100015a8 <time_us_64+0x4>
100015b2:	4770      	bx	lr
100015b4:	400b0000 	.word	0x400b0000

100015b8 <busy_wait_until>:
100015b8:	4a07      	ldr	r2, [pc, #28]	@ (100015d8 <busy_wait_until+0x20>)
100015ba:	6a53      	ldr	r3, [r2, #36]	@ 0x24
100015bc:	4299      	cmp	r1, r3
100015be:	d8fc      	bhi.n	100015ba <busy_wait_until+0x2>
100015c0:	4299      	cmp	r1, r3
100015c2:	d107      	bne.n	100015d4 <busy_wait_until+0x1c>
100015c4:	4b04      	ldr	r3, [pc, #16]	@ (100015d8 <busy_wait_until+0x20>)
100015c6:	e002      	b.n	100015ce <busy_wait_until+0x16>
100015c8:	6a5a      	ldr	r2, [r3, #36]	@ 0x24
100015ca:	4291      	cmp	r1, r2
100015cc:	d102      	bne.n	100015d4 <busy_wait_until+0x1c>
100015ce:	6a9a      	ldr	r2, [r3, #40]	@ 0x28
100015d0:	4290      	cmp	r0, r2
100015d2:	d8f9      	bhi.n	100015c8 <busy_wait_until+0x10>
100015d4:	4770      	bx	lr
100015d6:	bf00      	nop
100015d8:	400b0000 	.word	0x400b0000

100015dc <clock_configure_undivided>:
100015dc:	eb00 0c40 	add.w	ip, r0, r0, lsl #1
100015e0:	ea4f 0c8c 	mov.w	ip, ip, lsl #2
100015e4:	f10c 4c80 	add.w	ip, ip, #1073741824	@ 0x40000000
100015e8:	f50c 3c80 	add.w	ip, ip, #65536	@ 0x10000
100015ec:	b5f0      	push	{r4, r5, r6, r7, lr}
100015ee:	4616      	mov	r6, r2
100015f0:	f8dc 2004 	ldr.w	r2, [ip, #4]
100015f4:	1f05      	subs	r5, r0, #4
100015f6:	f5b2 3f80 	cmp.w	r2, #65536	@ 0x10000
100015fa:	bf38      	it	cc
100015fc:	f44f 3280 	movcc.w	r2, #65536	@ 0x10000
10001600:	b2ed      	uxtb	r5, r5
10001602:	bf38      	it	cc
10001604:	f8cc 2004 	strcc.w	r2, [ip, #4]
10001608:	2d01      	cmp	r5, #1
1000160a:	d92a      	bls.n	10001662 <clock_configure_undivided+0x86>
1000160c:	f44f 6700 	mov.w	r7, #2048	@ 0x800
10001610:	4c25      	ldr	r4, [pc, #148]	@ (100016a8 <clock_configure_undivided+0xcc>)
10001612:	f50c 5240 	add.w	r2, ip, #12288	@ 0x3000
10001616:	6017      	str	r7, [r2, #0]
10001618:	f854 2020 	ldr.w	r2, [r4, r0, lsl #2]
1000161c:	b9b2      	cbnz	r2, 1000164c <clock_configure_undivided+0x70>
1000161e:	f8dc 2000 	ldr.w	r2, [ip]
10001622:	2d01      	cmp	r5, #1
10001624:	ea82 1246 	eor.w	r2, r2, r6, lsl #5
10001628:	f002 02e0 	and.w	r2, r2, #224	@ 0xe0
1000162c:	f50c 5680 	add.w	r6, ip, #4096	@ 0x1000
10001630:	6032      	str	r2, [r6, #0]
10001632:	d92a      	bls.n	1000168a <clock_configure_undivided+0xae>
10001634:	f44f 6100 	mov.w	r1, #2048	@ 0x800
10001638:	f844 3020 	str.w	r3, [r4, r0, lsl #2]
1000163c:	f44f 3380 	mov.w	r3, #65536	@ 0x10000
10001640:	f50c 5200 	add.w	r2, ip, #8192	@ 0x2000
10001644:	6011      	str	r1, [r2, #0]
10001646:	f8cc 3004 	str.w	r3, [ip, #4]
1000164a:	bdf0      	pop	{r4, r5, r6, r7, pc}
1000164c:	6967      	ldr	r7, [r4, #20]
1000164e:	fbb7 fef2 	udiv	lr, r7, r2
10001652:	f10e 0e01 	add.w	lr, lr, #1
10001656:	eb0e 0e4e 	add.w	lr, lr, lr, lsl #1
1000165a:	f1be 0e03 	subs.w	lr, lr, #3
1000165e:	d2fc      	bcs.n	1000165a <clock_configure_undivided+0x7e>
10001660:	e7dd      	b.n	1000161e <clock_configure_undivided+0x42>
10001662:	2901      	cmp	r1, #1
10001664:	d1d2      	bne.n	1000160c <clock_configure_undivided+0x30>
10001666:	2403      	movs	r4, #3
10001668:	f50c 5240 	add.w	r2, ip, #12288	@ 0x3000
1000166c:	6014      	str	r4, [r2, #0]
1000166e:	f8dc 2008 	ldr.w	r2, [ip, #8]
10001672:	07d2      	lsls	r2, r2, #31
10001674:	d5fb      	bpl.n	1000166e <clock_configure_undivided+0x92>
10001676:	f8dc 2000 	ldr.w	r2, [ip]
1000167a:	4c0b      	ldr	r4, [pc, #44]	@ (100016a8 <clock_configure_undivided+0xcc>)
1000167c:	ea82 1246 	eor.w	r2, r2, r6, lsl #5
10001680:	f002 02e0 	and.w	r2, r2, #224	@ 0xe0
10001684:	f50c 5680 	add.w	r6, ip, #4096	@ 0x1000
10001688:	6032      	str	r2, [r6, #0]
1000168a:	2201      	movs	r2, #1
1000168c:	f8dc 5000 	ldr.w	r5, [ip]
10001690:	404d      	eors	r5, r1
10001692:	f005 0503 	and.w	r5, r5, #3
10001696:	6035      	str	r5, [r6, #0]
10001698:	fa02 f101 	lsl.w	r1, r2, r1
1000169c:	f8dc 2008 	ldr.w	r2, [ip, #8]
100016a0:	420a      	tst	r2, r1
100016a2:	d0fb      	beq.n	1000169c <clock_configure_undivided+0xc0>
100016a4:	e7c6      	b.n	10001634 <clock_configure_undivided+0x58>
100016a6:	bf00      	nop
100016a8:	20001978 	.word	0x20001978

100016ac <clock_get_hz>:
100016ac:	4b01      	ldr	r3, [pc, #4]	@ (100016b4 <clock_get_hz+0x8>)
100016ae:	f853 0020 	ldr.w	r0, [r3, r0, lsl #2]
100016b2:	4770      	bx	lr
100016b4:	20001978 	.word	0x20001978

100016b8 <pll_init>:
100016b8:	b470      	push	{r4, r5, r6}
100016ba:	9d03      	ldr	r5, [sp, #12]
100016bc:	6804      	ldr	r4, [r0, #0]
100016be:	032d      	lsls	r5, r5, #12
100016c0:	ea45 4503 	orr.w	r5, r5, r3, lsl #16
100016c4:	4b1b      	ldr	r3, [pc, #108]	@ (10001734 <pll_init+0x7c>)
100016c6:	2c00      	cmp	r4, #0
100016c8:	fbb3 f3f1 	udiv	r3, r3, r1
100016cc:	fbb2 f6f3 	udiv	r6, r2, r3
100016d0:	db1f      	blt.n	10001712 <pll_init+0x5a>
100016d2:	4a19      	ldr	r2, [pc, #100]	@ (10001738 <pll_init+0x80>)
100016d4:	4b19      	ldr	r3, [pc, #100]	@ (1000173c <pll_init+0x84>)
100016d6:	4290      	cmp	r0, r2
100016d8:	bf14      	ite	ne
100016da:	f44f 4280 	movne.w	r2, #16384	@ 0x4000
100016de:	f44f 4200 	moveq.w	r2, #32768	@ 0x8000
100016e2:	4c17      	ldr	r4, [pc, #92]	@ (10001740 <pll_init+0x88>)
100016e4:	601a      	str	r2, [r3, #0]
100016e6:	f503 5380 	add.w	r3, r3, #4096	@ 0x1000
100016ea:	601a      	str	r2, [r3, #0]
100016ec:	68a3      	ldr	r3, [r4, #8]
100016ee:	ea32 0303 	bics.w	r3, r2, r3
100016f2:	d1fb      	bne.n	100016ec <pll_init+0x34>
100016f4:	2221      	movs	r2, #33	@ 0x21
100016f6:	f500 5340 	add.w	r3, r0, #12288	@ 0x3000
100016fa:	3304      	adds	r3, #4
100016fc:	6001      	str	r1, [r0, #0]
100016fe:	6086      	str	r6, [r0, #8]
10001700:	601a      	str	r2, [r3, #0]
10001702:	6802      	ldr	r2, [r0, #0]
10001704:	2a00      	cmp	r2, #0
10001706:	dafc      	bge.n	10001702 <pll_init+0x4a>
10001708:	2208      	movs	r2, #8
1000170a:	60c5      	str	r5, [r0, #12]
1000170c:	601a      	str	r2, [r3, #0]
1000170e:	bc70      	pop	{r4, r5, r6}
10001710:	4770      	bx	lr
10001712:	6803      	ldr	r3, [r0, #0]
10001714:	f003 033f 	and.w	r3, r3, #63	@ 0x3f
10001718:	428b      	cmp	r3, r1
1000171a:	d1da      	bne.n	100016d2 <pll_init+0x1a>
1000171c:	6883      	ldr	r3, [r0, #8]
1000171e:	f3c3 030b 	ubfx	r3, r3, #0, #12
10001722:	42b3      	cmp	r3, r6
10001724:	d1d5      	bne.n	100016d2 <pll_init+0x1a>
10001726:	68c3      	ldr	r3, [r0, #12]
10001728:	f403 23ee 	and.w	r3, r3, #487424	@ 0x77000
1000172c:	42ab      	cmp	r3, r5
1000172e:	d1d0      	bne.n	100016d2 <pll_init+0x1a>
10001730:	e7ed      	b.n	1000170e <pll_init+0x56>
10001732:	bf00      	nop
10001734:	00b71b00 	.word	0x00b71b00
10001738:	40058000 	.word	0x40058000
1000173c:	40022000 	.word	0x40022000
10001740:	40020000 	.word	0x40020000

10001744 <watchdog_reboot>:
10001744:	b430      	push	{r4, r5}
10001746:	f04f 4480 	mov.w	r4, #1073741824	@ 0x40000000
1000174a:	4b1c      	ldr	r3, [pc, #112]	@ (100017bc <watchdog_reboot+0x78>)
1000174c:	601c      	str	r4, [r3, #0]
1000174e:	b1e0      	cbz	r0, 1000178a <watchdog_reboot+0x46>
10001750:	4c1b      	ldr	r4, [pc, #108]	@ (100017c0 <watchdog_reboot+0x7c>)
10001752:	f5a3 5340 	sub.w	r3, r3, #12288	@ 0x3000
10001756:	61dc      	str	r4, [r3, #28]
10001758:	4c1a      	ldr	r4, [pc, #104]	@ (100017c4 <watchdog_reboot+0x80>)
1000175a:	f040 0001 	orr.w	r0, r0, #1
1000175e:	4044      	eors	r4, r0
10001760:	621c      	str	r4, [r3, #32]
10001762:	6259      	str	r1, [r3, #36]	@ 0x24
10001764:	6298      	str	r0, [r3, #40]	@ 0x28
10001766:	f04f 4580 	mov.w	r5, #1073741824	@ 0x40000000
1000176a:	f04f 61e0 	mov.w	r1, #117440512	@ 0x7000000
1000176e:	4b13      	ldr	r3, [pc, #76]	@ (100017bc <watchdog_reboot+0x78>)
10001770:	4815      	ldr	r0, [pc, #84]	@ (100017c8 <watchdog_reboot+0x84>)
10001772:	4c16      	ldr	r4, [pc, #88]	@ (100017cc <watchdog_reboot+0x88>)
10001774:	601d      	str	r5, [r3, #0]
10001776:	6084      	str	r4, [r0, #8]
10001778:	6019      	str	r1, [r3, #0]
1000177a:	b94a      	cbnz	r2, 10001790 <watchdog_reboot+0x4c>
1000177c:	bc30      	pop	{r4, r5}
1000177e:	f04f 4200 	mov.w	r2, #2147483648	@ 0x80000000
10001782:	f5a3 5380 	sub.w	r3, r3, #4096	@ 0x1000
10001786:	601a      	str	r2, [r3, #0]
10001788:	4770      	bx	lr
1000178a:	4b11      	ldr	r3, [pc, #68]	@ (100017d0 <watchdog_reboot+0x8c>)
1000178c:	61d8      	str	r0, [r3, #28]
1000178e:	e7ea      	b.n	10001766 <watchdog_reboot+0x22>
10001790:	f44f 737a 	mov.w	r3, #1000	@ 0x3e8
10001794:	fb03 f202 	mul.w	r2, r3, r2
10001798:	f1b2 7f80 	cmp.w	r2, #16777216	@ 0x1000000
1000179c:	bf2a      	itet	cs
1000179e:	f06f 437f 	mvncs.w	r3, #4278190080	@ 0xff000000
100017a2:	4613      	movcc	r3, r2
100017a4:	461a      	movcs	r2, r3
100017a6:	f04f 4180 	mov.w	r1, #1073741824	@ 0x40000000
100017aa:	4c0a      	ldr	r4, [pc, #40]	@ (100017d4 <watchdog_reboot+0x90>)
100017ac:	4808      	ldr	r0, [pc, #32]	@ (100017d0 <watchdog_reboot+0x8c>)
100017ae:	6023      	str	r3, [r4, #0]
100017b0:	4b09      	ldr	r3, [pc, #36]	@ (100017d8 <watchdog_reboot+0x94>)
100017b2:	6042      	str	r2, [r0, #4]
100017b4:	bc30      	pop	{r4, r5}
100017b6:	6019      	str	r1, [r3, #0]
100017b8:	4770      	bx	lr
100017ba:	bf00      	nop
100017bc:	400db000 	.word	0x400db000
100017c0:	b007c0d3 	.word	0xb007c0d3
100017c4:	4ff83f2d 	.word	0x4ff83f2d
100017c8:	4001a000 	.word	0x4001a000
100017cc:	01fffff3 	.word	0x01fffff3
100017d0:	400d8000 	.word	0x400d8000
100017d4:	20001dd8 	.word	0x20001dd8
100017d8:	400da000 	.word	0x400da000

100017dc <tick_start>:
100017dc:	2301      	movs	r3, #1
100017de:	eb00 0040 	add.w	r0, r0, r0, lsl #1
100017e2:	0080      	lsls	r0, r0, #2
100017e4:	f100 4080 	add.w	r0, r0, #1073741824	@ 0x40000000
100017e8:	f500 1084 	add.w	r0, r0, #1081344	@ 0x108000
100017ec:	6041      	str	r1, [r0, #4]
100017ee:	6003      	str	r3, [r0, #0]
100017f0:	4770      	bx	lr
100017f2:	bf00      	nop

100017f4 <rom_reboot.constprop.0.isra.0>:
100017f4:	2300      	movs	r3, #0
100017f6:	b570      	push	{r4, r5, r6, lr}
100017f8:	8adb      	ldrh	r3, [r3, #22]
100017fa:	4604      	mov	r4, r0
100017fc:	460d      	mov	r5, r1
100017fe:	2200      	movs	r2, #0
10001800:	e842 f200 	tt	r2, r2
10001804:	0252      	lsls	r2, r2, #9
10001806:	bf54      	ite	pl
10001808:	2110      	movpl	r1, #16
1000180a:	2104      	movmi	r1, #4
1000180c:	f244 2052 	movw	r0, #16978	@ 0x4252
10001810:	4798      	blx	r3
10001812:	4686      	mov	lr, r0
10001814:	462b      	mov	r3, r5
10001816:	4622      	mov	r2, r4
10001818:	46f4      	mov	ip, lr
1000181a:	e8bd 4070 	ldmia.w	sp!, {r4, r5, r6, lr}
1000181e:	210a      	movs	r1, #10
10001820:	f44f 7081 	mov.w	r0, #258	@ 0x102
10001824:	4760      	bx	ip
10001826:	bf00      	nop

10001828 <rom_func_lookup>:
10001828:	2300      	movs	r3, #0
1000182a:	8adb      	ldrh	r3, [r3, #22]
1000182c:	2200      	movs	r2, #0
1000182e:	e842 f200 	tt	r2, r2
10001832:	0252      	lsls	r2, r2, #9
10001834:	d401      	bmi.n	1000183a <rom_func_lookup+0x12>
10001836:	2110      	movs	r1, #16
10001838:	4718      	bx	r3
1000183a:	2104      	movs	r1, #4
1000183c:	4718      	bx	r3
1000183e:	bf00      	nop

10001840 <rom_reset_usb_boot_extra>:
10001840:	b508      	push	{r3, lr}
10001842:	4603      	mov	r3, r0
10001844:	4608      	mov	r0, r1
10001846:	1e19      	subs	r1, r3, #0
10001848:	db02      	blt.n	10001850 <rom_reset_usb_boot_extra+0x10>
1000184a:	b11a      	cbz	r2, 10001854 <rom_reset_usb_boot_extra+0x14>
1000184c:	f040 0030 	orr.w	r0, r0, #48	@ 0x30
10001850:	f7ff ffd0 	bl	100017f4 <rom_reboot.constprop.0.isra.0>
10001854:	f040 0020 	orr.w	r0, r0, #32
10001858:	e7fa      	b.n	10001850 <rom_reset_usb_boot_extra+0x10>
1000185a:	bf00      	nop

1000185c <runtime_init_bootrom_locking_enable>:
1000185c:	4a03      	ldr	r2, [pc, #12]	@ (1000186c <runtime_init_bootrom_locking_enable+0x10>)
1000185e:	f8d2 3828 	ldr.w	r3, [r2, #2088]	@ 0x828
10001862:	2b00      	cmp	r3, #0
10001864:	d0fb      	beq.n	1000185e <runtime_init_bootrom_locking_enable+0x2>
10001866:	f3bf 8f5f 	dmb	sy
1000186a:	4770      	bx	lr
1000186c:	400e0000 	.word	0x400e0000

10001870 <runtime_init_boot_locks_reset>:
10001870:	2100      	movs	r1, #0
10001872:	4b04      	ldr	r3, [pc, #16]	@ (10001884 <runtime_init_boot_locks_reset+0x14>)
10001874:	4a04      	ldr	r2, [pc, #16]	@ (10001888 <runtime_init_boot_locks_reset+0x18>)
10001876:	f3bf 8f5f 	dmb	sy
1000187a:	f843 1b04 	str.w	r1, [r3], #4
1000187e:	4293      	cmp	r3, r2
10001880:	d1f9      	bne.n	10001876 <runtime_init_boot_locks_reset+0x6>
10001882:	4770      	bx	lr
10001884:	400e080c 	.word	0x400e080c
10001888:	400e082c 	.word	0x400e082c

1000188c <xosc_init>:
1000188c:	b410      	push	{r4}
1000188e:	f44f 708d 	mov.w	r0, #282	@ 0x11a
10001892:	f44f 642a 	mov.w	r4, #2720	@ 0xaa0
10001896:	4a06      	ldr	r2, [pc, #24]	@ (100018b0 <xosc_init+0x24>)
10001898:	4b06      	ldr	r3, [pc, #24]	@ (100018b4 <xosc_init+0x28>)
1000189a:	4907      	ldr	r1, [pc, #28]	@ (100018b8 <xosc_init+0x2c>)
1000189c:	6014      	str	r4, [r2, #0]
1000189e:	60d0      	str	r0, [r2, #12]
100018a0:	6019      	str	r1, [r3, #0]
100018a2:	6853      	ldr	r3, [r2, #4]
100018a4:	2b00      	cmp	r3, #0
100018a6:	dafc      	bge.n	100018a2 <xosc_init+0x16>
100018a8:	f85d 4b04 	ldr.w	r4, [sp], #4
100018ac:	4770      	bx	lr
100018ae:	bf00      	nop
100018b0:	40048000 	.word	0x40048000
100018b4:	4004a000 	.word	0x4004a000
100018b8:	00fab000 	.word	0x00fab000

100018bc <first_per_core_initializer>:
100018bc:	4770      	bx	lr
100018be:	bf00      	nop

100018c0 <hard_assertion_failure>:
100018c0:	b508      	push	{r3, lr}
100018c2:	4801      	ldr	r0, [pc, #4]	@ (100018c8 <hard_assertion_failure+0x8>)
100018c4:	f7fe ff52 	bl	1000076c <panic>
100018c8:	10006334 	.word	0x10006334

100018cc <runtime_run_initializers>:
100018cc:	b538      	push	{r3, r4, r5, lr}
100018ce:	4c05      	ldr	r4, [pc, #20]	@ (100018e4 <runtime_run_initializers+0x18>)
100018d0:	4d05      	ldr	r5, [pc, #20]	@ (100018e8 <runtime_run_initializers+0x1c>)
100018d2:	42ac      	cmp	r4, r5
100018d4:	d204      	bcs.n	100018e0 <runtime_run_initializers+0x14>
100018d6:	f854 3b04 	ldr.w	r3, [r4], #4
100018da:	4798      	blx	r3
100018dc:	42ac      	cmp	r4, r5
100018de:	d3fa      	bcc.n	100018d6 <runtime_run_initializers+0xa>
100018e0:	bd38      	pop	{r3, r4, r5, pc}
100018e2:	bf00      	nop
100018e4:	100061d0 	.word	0x100061d0
100018e8:	10006210 	.word	0x10006210

100018ec <runtime_init_early_resets>:
100018ec:	b410      	push	{r4}
100018ee:	4807      	ldr	r0, [pc, #28]	@ (1000190c <runtime_init_early_resets+0x20>)
100018f0:	4c07      	ldr	r4, [pc, #28]	@ (10001910 <runtime_init_early_resets+0x24>)
100018f2:	4b08      	ldr	r3, [pc, #32]	@ (10001914 <runtime_init_early_resets+0x28>)
100018f4:	4a08      	ldr	r2, [pc, #32]	@ (10001918 <runtime_init_early_resets+0x2c>)
100018f6:	4909      	ldr	r1, [pc, #36]	@ (1000191c <runtime_init_early_resets+0x30>)
100018f8:	6004      	str	r4, [r0, #0]
100018fa:	601a      	str	r2, [r3, #0]
100018fc:	688b      	ldr	r3, [r1, #8]
100018fe:	ea32 0303 	bics.w	r3, r2, r3
10001902:	d1fb      	bne.n	100018fc <runtime_init_early_resets+0x10>
10001904:	f85d 4b04 	ldr.w	r4, [sp], #4
10001908:	4770      	bx	lr
1000190a:	bf00      	nop
1000190c:	40022000 	.word	0x40022000
10001910:	efef3b7f 	.word	0xefef3b7f
10001914:	40023000 	.word	0x40023000
10001918:	03f3fff6 	.word	0x03f3fff6
1000191c:	40020000 	.word	0x40020000

10001920 <runtime_init_usb_power_down>:
10001920:	4b04      	ldr	r3, [pc, #16]	@ (10001934 <runtime_init_usb_power_down+0x14>)
10001922:	6cdb      	ldr	r3, [r3, #76]	@ 0x4c
10001924:	f5b3 4f00 	cmp.w	r3, #32768	@ 0x8000
10001928:	d103      	bne.n	10001932 <runtime_init_usb_power_down+0x12>
1000192a:	f44f 2280 	mov.w	r2, #262144	@ 0x40000
1000192e:	4b02      	ldr	r3, [pc, #8]	@ (10001938 <runtime_init_usb_power_down+0x18>)
10001930:	64da      	str	r2, [r3, #76]	@ 0x4c
10001932:	4770      	bx	lr
10001934:	50110000 	.word	0x50110000
10001938:	50112000 	.word	0x50112000

1000193c <runtime_init_per_core_enable_coprocessors>:
1000193c:	f04f 22e0 	mov.w	r2, #3758153728	@ 0xe000e000
10001940:	4b04      	ldr	r3, [pc, #16]	@ (10001954 <runtime_init_per_core_enable_coprocessors+0x18>)
10001942:	f8d2 1d88 	ldr.w	r1, [r2, #3464]	@ 0xd88
10001946:	430b      	orrs	r3, r1
10001948:	f8c2 3d88 	str.w	r3, [r2, #3464]	@ 0xd88
1000194c:	ee10 0430 			dcp_rcmp r0
10001950:	4770      	bx	lr
10001952:	bf00      	nop
10001954:	00300303 	.word	0x00300303

10001958 <runtime_init_post_clock_resets>:
10001958:	f06f 4160 	mvn.w	r1, #3758096384	@ 0xe0000000
1000195c:	4b04      	ldr	r3, [pc, #16]	@ (10001970 <runtime_init_post_clock_resets+0x18>)
1000195e:	4a05      	ldr	r2, [pc, #20]	@ (10001974 <runtime_init_post_clock_resets+0x1c>)
10001960:	6019      	str	r1, [r3, #0]
10001962:	6893      	ldr	r3, [r2, #8]
10001964:	43db      	mvns	r3, r3
10001966:	f033 4360 	bics.w	r3, r3, #3758096384	@ 0xe0000000
1000196a:	d1fa      	bne.n	10001962 <runtime_init_post_clock_resets+0xa>
1000196c:	4770      	bx	lr
1000196e:	bf00      	nop
10001970:	40023000 	.word	0x40023000
10001974:	40020000 	.word	0x40020000

10001978 <runtime_init_bootrom_reset>:
10001978:	b510      	push	{r4, lr}
1000197a:	f245 2053 	movw	r0, #21075	@ 0x5253
1000197e:	f7ff ff53 	bl	10001828 <rom_func_lookup>
10001982:	e8bd 4010 	ldmia.w	sp!, {r4, lr}
10001986:	4603      	mov	r3, r0
10001988:	2004      	movs	r0, #4
1000198a:	4718      	bx	r3

1000198c <runtime_init_per_core_bootrom_reset>:
1000198c:	b510      	push	{r4, lr}
1000198e:	f245 2053 	movw	r0, #21075	@ 0x5253
10001992:	f7ff ff49 	bl	10001828 <rom_func_lookup>
10001996:	e8bd 4010 	ldmia.w	sp!, {r4, lr}
1000199a:	4603      	mov	r3, r0
1000199c:	2001      	movs	r0, #1
1000199e:	4718      	bx	r3

100019a0 <runtime_init_spin_locks_reset>:
100019a0:	f7fe bf8c 	b.w	100008bc <spin_locks_reset>

100019a4 <runtime_init_install_ram_vector_table>:
100019a4:	4914      	ldr	r1, [pc, #80]	@ (100019f8 <runtime_init_install_ram_vector_table+0x54>)
100019a6:	4b15      	ldr	r3, [pc, #84]	@ (100019fc <runtime_init_install_ram_vector_table+0x58>)
100019a8:	b570      	push	{r4, r5, r6, lr}
100019aa:	1a5c      	subs	r4, r3, r1
100019ac:	10a6      	asrs	r6, r4, #2
100019ae:	2e44      	cmp	r6, #68	@ 0x44
100019b0:	4632      	mov	r2, r6
100019b2:	bf28      	it	cs
100019b4:	2244      	movcs	r2, #68	@ 0x44
100019b6:	4d12      	ldr	r5, [pc, #72]	@ (10001a00 <runtime_init_install_ram_vector_table+0x5c>)
100019b8:	0092      	lsls	r2, r2, #2
100019ba:	4628      	mov	r0, r5
100019bc:	f004 fb3a 	bl	10006034 <memcpy>
100019c0:	f5b4 7f86 	cmp.w	r4, #268	@ 0x10c
100019c4:	d813      	bhi.n	100019ee <runtime_init_install_ram_vector_table+0x4a>
100019c6:	4a0f      	ldr	r2, [pc, #60]	@ (10001a04 <runtime_init_install_ram_vector_table+0x60>)
100019c8:	f1c6 0044 	rsb	r0, r6, #68	@ 0x44
100019cc:	d012      	beq.n	100019f4 <runtime_init_install_ram_vector_table+0x50>
100019ce:	192b      	adds	r3, r5, r4
100019d0:	0841      	lsrs	r1, r0, #1
100019d2:	eb03 01c1 	add.w	r1, r3, r1, lsl #3
100019d6:	e9c3 2200 	strd	r2, r2, [r3]
100019da:	3308      	adds	r3, #8
100019dc:	428b      	cmp	r3, r1
100019de:	d1fa      	bne.n	100019d6 <runtime_init_install_ram_vector_table+0x32>
100019e0:	07c3      	lsls	r3, r0, #31
100019e2:	d504      	bpl.n	100019ee <runtime_init_install_ram_vector_table+0x4a>
100019e4:	f020 0001 	bic.w	r0, r0, #1
100019e8:	4430      	add	r0, r6
100019ea:	f845 2020 	str.w	r2, [r5, r0, lsl #2]
100019ee:	4b06      	ldr	r3, [pc, #24]	@ (10001a08 <runtime_init_install_ram_vector_table+0x64>)
100019f0:	609d      	str	r5, [r3, #8]
100019f2:	bd70      	pop	{r4, r5, r6, pc}
100019f4:	2043      	movs	r0, #67	@ 0x43
100019f6:	e7f8      	b.n	100019ea <runtime_init_install_ram_vector_table+0x46>
100019f8:	10000000 	.word	0x10000000
100019fc:	10000110 	.word	0x10000110
10001a00:	20000000 	.word	0x20000000
10001a04:	10000111 	.word	0x10000111
10001a08:	e000ed00 	.word	0xe000ed00

10001a0c <runtime_init_clocks>:
10001a0c:	2300      	movs	r3, #0
10001a0e:	b570      	push	{r4, r5, r6, lr}
10001a10:	4c2b      	ldr	r4, [pc, #172]	@ (10001ac0 <runtime_init_clocks+0xb4>)
10001a12:	b082      	sub	sp, #8
10001a14:	f8c4 3084 	str.w	r3, [r4, #132]	@ 0x84
10001a18:	f7ff ff38 	bl	1000188c <xosc_init>
10001a1c:	2201      	movs	r2, #1
10001a1e:	4b29      	ldr	r3, [pc, #164]	@ (10001ac4 <runtime_init_clocks+0xb8>)
10001a20:	63da      	str	r2, [r3, #60]	@ 0x3c
10001a22:	6c63      	ldr	r3, [r4, #68]	@ 0x44
10001a24:	2b01      	cmp	r3, #1
10001a26:	d1fc      	bne.n	10001a22 <runtime_init_clocks+0x16>
10001a28:	2103      	movs	r1, #3
10001a2a:	4a26      	ldr	r2, [pc, #152]	@ (10001ac4 <runtime_init_clocks+0xb8>)
10001a2c:	4b24      	ldr	r3, [pc, #144]	@ (10001ac0 <runtime_init_clocks+0xb4>)
10001a2e:	6311      	str	r1, [r2, #48]	@ 0x30
10001a30:	6b9c      	ldr	r4, [r3, #56]	@ 0x38
10001a32:	2c01      	cmp	r4, #1
10001a34:	d1fc      	bne.n	10001a30 <runtime_init_clocks+0x24>
10001a36:	2602      	movs	r6, #2
10001a38:	2505      	movs	r5, #5
10001a3a:	4621      	mov	r1, r4
10001a3c:	2305      	movs	r3, #5
10001a3e:	4a22      	ldr	r2, [pc, #136]	@ (10001ac8 <runtime_init_clocks+0xbc>)
10001a40:	4822      	ldr	r0, [pc, #136]	@ (10001acc <runtime_init_clocks+0xc0>)
10001a42:	9600      	str	r6, [sp, #0]
10001a44:	f7ff fe38 	bl	100016b8 <pll_init>
10001a48:	4621      	mov	r1, r4
10001a4a:	462b      	mov	r3, r5
10001a4c:	4a20      	ldr	r2, [pc, #128]	@ (10001ad0 <runtime_init_clocks+0xc4>)
10001a4e:	4821      	ldr	r0, [pc, #132]	@ (10001ad4 <runtime_init_clocks+0xc8>)
10001a50:	9500      	str	r5, [sp, #0]
10001a52:	f7ff fe31 	bl	100016b8 <pll_init>
10001a56:	2200      	movs	r2, #0
10001a58:	2004      	movs	r0, #4
10001a5a:	4631      	mov	r1, r6
10001a5c:	4b1e      	ldr	r3, [pc, #120]	@ (10001ad8 <runtime_init_clocks+0xcc>)
10001a5e:	f7ff fdbd 	bl	100015dc <clock_configure_undivided>
10001a62:	4621      	mov	r1, r4
10001a64:	4628      	mov	r0, r5
10001a66:	2200      	movs	r2, #0
10001a68:	4b1c      	ldr	r3, [pc, #112]	@ (10001adc <runtime_init_clocks+0xd0>)
10001a6a:	f7ff fdb7 	bl	100015dc <clock_configure_undivided>
10001a6e:	2200      	movs	r2, #0
10001a70:	2008      	movs	r0, #8
10001a72:	4611      	mov	r1, r2
10001a74:	4b1a      	ldr	r3, [pc, #104]	@ (10001ae0 <runtime_init_clocks+0xd4>)
10001a76:	f7ff fdb1 	bl	100015dc <clock_configure_undivided>
10001a7a:	2200      	movs	r2, #0
10001a7c:	2009      	movs	r0, #9
10001a7e:	4611      	mov	r1, r2
10001a80:	4b17      	ldr	r3, [pc, #92]	@ (10001ae0 <runtime_init_clocks+0xd4>)
10001a82:	f7ff fdab 	bl	100015dc <clock_configure_undivided>
10001a86:	2200      	movs	r2, #0
10001a88:	2006      	movs	r0, #6
10001a8a:	4611      	mov	r1, r2
10001a8c:	4b13      	ldr	r3, [pc, #76]	@ (10001adc <runtime_init_clocks+0xd0>)
10001a8e:	f7ff fda5 	bl	100015dc <clock_configure_undivided>
10001a92:	2200      	movs	r2, #0
10001a94:	4b11      	ldr	r3, [pc, #68]	@ (10001adc <runtime_init_clocks+0xd0>)
10001a96:	2007      	movs	r0, #7
10001a98:	4611      	mov	r1, r2
10001a9a:	f7ff fd9f 	bl	100015dc <clock_configure_undivided>
10001a9e:	2004      	movs	r0, #4
10001aa0:	f7ff fe04 	bl	100016ac <clock_get_hz>
10001aa4:	2400      	movs	r4, #0
10001aa6:	4b0f      	ldr	r3, [pc, #60]	@ (10001ae4 <runtime_init_clocks+0xd8>)
10001aa8:	fba3 3500 	umull	r3, r5, r3, r0
10001aac:	0cad      	lsrs	r5, r5, #18
10001aae:	b2e0      	uxtb	r0, r4
10001ab0:	4629      	mov	r1, r5
10001ab2:	3401      	adds	r4, #1
10001ab4:	f7ff fe92 	bl	100017dc <tick_start>
10001ab8:	2c06      	cmp	r4, #6
10001aba:	d1f8      	bne.n	10001aae <runtime_init_clocks+0xa2>
10001abc:	b002      	add	sp, #8
10001abe:	bd70      	pop	{r4, r5, r6, pc}
10001ac0:	40010000 	.word	0x40010000
10001ac4:	40013000 	.word	0x40013000
10001ac8:	59682f00 	.word	0x59682f00
10001acc:	40050000 	.word	0x40050000
10001ad0:	47868c00 	.word	0x47868c00
10001ad4:	40058000 	.word	0x40058000
10001ad8:	00b71b00 	.word	0x00b71b00
10001adc:	08f0d180 	.word	0x08f0d180
10001ae0:	02dc6c00 	.word	0x02dc6c00
10001ae4:	431bde83 	.word	0x431bde83

10001ae8 <generic_save_state>:
10001ae8:	b086      	sub	sp, #24
10001aea:	b403      	push	{r0, r1}
10001aec:	fc51 0408 	dcp_pxmd r0, r1
10001af0:	e9cd 0102 	strd	r0, r1, [sp, #8]
10001af4:	fc51 0409 	dcp_pymd r0, r1
10001af8:	e9cd 0104 	strd	r0, r1, [sp, #16]
10001afc:	ec51 040a 	dcp_refd r0, r1
10001b00:	e9cd 0106 	strd	r0, r1, [sp, #24]
10001b04:	bc03      	pop	{r0, r1}
10001b06:	47f0      	blx	lr

10001b08 <generic_restore_state>:
10001b08:	e8bd 5000 	ldmia.w	sp!, {ip, lr}
10001b0c:	ec4e c400 	dcp_wxmd ip, lr
10001b10:	e8bd 5000 	ldmia.w	sp!, {ip, lr}
10001b14:	ec4e c401 	dcp_wymd ip, lr
10001b18:	e8bd 5000 	ldmia.w	sp!, {ip, lr}
10001b1c:	ec4e c402 	dcp_wefd ip, lr
10001b20:	bd00      	pop	{pc}
10001b22:	0000      	movs	r0, r0
10001b24:	b500      	push	{lr}
10001b26:	f7ff ffdf 	bl	10001ae8 <generic_save_state>
10001b2a:	e002      	b.n	10001b32 <__wrap___aeabi_dadd+0x6>

10001b2c <__wrap___aeabi_dadd>:
10001b2c:	fe10 f430 	dcp_pcmp APSR_nzcv
10001b30:	d4f8      	bmi.n	10001b24 <generic_restore_state+0x1c>
10001b32:	ec41 0410 	dcp_wxup r0, r1
10001b36:	ec43 2411 	dcp_wyup r2, r3
10001b3a:	ee00 0401 			dcp_add0
10001b3e:	ee10 0401 			dcp_add1
10001b42:	ee80 0420 			dcp_nrdd
10001b46:	ec51 0410 	dcp_rdda r0, r1
10001b4a:	4770      	bx	lr
10001b4c:	b500      	push	{lr}
10001b4e:	f7ff ffcb 	bl	10001ae8 <generic_save_state>
10001b52:	e002      	b.n	10001b5a <__wrap___aeabi_dsub+0x6>

10001b54 <__wrap___aeabi_dsub>:
10001b54:	fe10 f430 	dcp_pcmp APSR_nzcv
10001b58:	d4f8      	bmi.n	10001b4c <__wrap___aeabi_dadd+0x20>
10001b5a:	ec41 0410 	dcp_wxup r0, r1
10001b5e:	ec43 2411 	dcp_wyup r2, r3
10001b62:	ee00 0401 			dcp_add0
10001b66:	ee10 0421 			dcp_sub1
10001b6a:	ee80 0420 			dcp_nrdd
10001b6e:	ec51 0430 	dcp_rdds r0, r1
10001b72:	4770      	bx	lr
10001b74:	b500      	push	{lr}
10001b76:	f7ff ffb7 	bl	10001ae8 <generic_save_state>
10001b7a:	e002      	b.n	10001b82 <__wrap___aeabi_dmul+0x6>

10001b7c <__wrap___aeabi_dmul>:
10001b7c:	fe10 f430 	dcp_pcmp APSR_nzcv
10001b80:	d4f8      	bmi.n	10001b74 <__wrap___aeabi_dsub+0x20>
10001b82:	b510      	push	{r4, lr}
10001b84:	ec41 0410 	dcp_wxup r0, r1
10001b88:	ec43 2411 	dcp_wyup r2, r3
10001b8c:	ec51 0404 	dcp_rxms r0, r1, #0x0
10001b90:	ec53 2405 	dcp_ryms r2, r3, #0x0
10001b94:	fba0 4c02 	umull	r4, ip, r0, r2
10001b98:	f05f 0e00 	movs.w	lr, #0
10001b9c:	fbe0 ce03 	umlal	ip, lr, r0, r3
10001ba0:	fbe1 ce02 	umlal	ip, lr, r1, r2
10001ba4:	ec4c 4420 	dcp_wxms r4, ip
10001ba8:	2400      	movs	r4, #0
10001baa:	fbe1 e403 	umlal	lr, r4, r1, r3
10001bae:	ec44 e430 	dcp_wxmo lr, r4
10001bb2:	ee80 0420 			dcp_nrdd
10001bb6:	ec51 0450 	dcp_rddm r0, r1
10001bba:	e8bd 4010 	ldmia.w	sp!, {r4, lr}
10001bbe:	4770      	bx	lr
10001bc0:	b500      	push	{lr}
10001bc2:	f7ff ff91 	bl	10001ae8 <generic_save_state>
10001bc6:	e002      	b.n	10001bce <__wrap___aeabi_ddiv+0x6>

10001bc8 <__wrap___aeabi_ddiv>:
10001bc8:	fe10 f430 	dcp_pcmp APSR_nzcv
10001bcc:	d4f8      	bmi.n	10001bc0 <__wrap___aeabi_dmul+0x44>
10001bce:	ec41 0410 	dcp_wxup r0, r1
10001bd2:	ec43 2411 	dcp_wyup r2, r3
10001bd6:	ec51 0421 	dcp_rymr r0, r1
10001bda:	fba0 1201 	umull	r1, r2, r0, r1
10001bde:	ea6f 0282 	mvn.w	r2, r2, lsl #2
10001be2:	fb52 0010 	smmlar	r0, r2, r0, r0
10001be6:	fb52 f212 	smmulr	r2, r2, r2
10001bea:	fb52 0010 	smmlar	r0, r2, r0, r0
10001bee:	eba0 7cd0 	sub.w	ip, r0, r0, lsr #31
10001bf2:	ec53 2404 	dcp_rxms r2, r3, #0x0
10001bf6:	fb5c f113 	smmulr	r1, ip, r3
10001bfa:	ec53 2415 	dcp_ryms r2, r3, #0x1
10001bfe:	fba1 2002 	umull	r2, r0, r1, r2
10001c02:	fb01 0003 	mla	r0, r1, r3, r0
10001c06:	ec53 2444 	dcp_rxms r2, r3, #0x4
10001c0a:	eba2 0000 	sub.w	r0, r2, r0
10001c0e:	fb50 f21c 	smmulr	r2, r0, ip
10001c12:	ea4f 1311 	mov.w	r3, r1, lsr #4
10001c16:	eb12 7001 	adds.w	r0, r2, r1, lsl #28
10001c1a:	eb43 71e2 	adc.w	r1, r3, r2, asr #31
10001c1e:	ea40 5051 	orr.w	r0, r0, r1, lsr #21
10001c22:	ea20 5091 	bic.w	r0, r0, r1, lsr #22
10001c26:	f020 0007 	bic.w	r0, r0, #7
10001c2a:	ec53 2475 	dcp_ryms r2, r3, #0x7
10001c2e:	fba0 3c02 	umull	r3, ip, r0, r2
10001c32:	ec53 2475 	dcp_ryms r2, r3, #0x7
10001c36:	fb00 cc03 	mla	ip, r0, r3, ip
10001c3a:	fb01 cc02 	mla	ip, r1, r2, ip
10001c3e:	ec53 2404 	dcp_rxms r2, r3, #0x0
10001c42:	ebac 4c82 	sub.w	ip, ip, r2, lsl #18
10001c46:	ea40 705c 	orr.w	r0, r0, ip, lsr #29
10001c4a:	f1a0 0001 	sub.w	r0, r0, #1
10001c4e:	ec41 0440 	dcp_wxdd r0, r1
10001c52:	ee80 0420 			dcp_nrdd
10001c56:	ec51 0470 	dcp_rddd r0, r1
10001c5a:	4770      	bx	lr
10001c5c:	b500      	push	{lr}
10001c5e:	f7ff ff43 	bl	10001ae8 <generic_save_state>
10001c62:	e002      	b.n	10001c6a <__wrap___aeabi_i2d+0x6>

10001c64 <__wrap___aeabi_i2d>:
10001c64:	fe10 f430 	dcp_pcmp APSR_nzcv
10001c68:	d4f8      	bmi.n	10001c5c <__wrap___aeabi_ddiv+0x94>
10001c6a:	ec40 0470 	dcp_wxic r0, r0
10001c6e:	ee00 0401 			dcp_add0
10001c72:	ee10 0421 			dcp_sub1
10001c76:	ee80 0420 			dcp_nrdd
10001c7a:	ec51 0430 	dcp_rdds r0, r1
10001c7e:	4770      	bx	lr
10001c80:	b500      	push	{lr}
10001c82:	f7ff ff31 	bl	10001ae8 <generic_save_state>
10001c86:	e002      	b.n	10001c8e <__wrap___aeabi_ui2d+0x6>

10001c88 <__wrap___aeabi_ui2d>:
10001c88:	fe10 f430 	dcp_pcmp APSR_nzcv
10001c8c:	d4f8      	bmi.n	10001c80 <__wrap___aeabi_i2d+0x1c>
10001c8e:	ec40 0460 	dcp_wxuc r0, r0
10001c92:	ee00 0401 			dcp_add0
10001c96:	ee10 0421 			dcp_sub1
10001c9a:	ee80 0420 			dcp_nrdd
10001c9e:	ec51 0430 	dcp_rdds r0, r1
10001ca2:	4770      	bx	lr
10001ca4:	b500      	push	{lr}
10001ca6:	f7ff ff1f 	bl	10001ae8 <generic_save_state>
10001caa:	e002      	b.n	10001cb2 <double2int_z_entry>

10001cac <__wrap___aeabi_d2iz>:
10001cac:	fe10 f430 	dcp_pcmp APSR_nzcv
10001cb0:	d4f8      	bmi.n	10001ca4 <__wrap___aeabi_ui2d+0x1c>

10001cb2 <double2int_z_entry>:
10001cb2:	ec41 0480 	dcp_wxdc r0, r1
10001cb6:	ee00 0401 			dcp_add0
10001cba:	ee10 0401 			dcp_add1
10001cbe:	ee80 0440 			dcp_ntdc
10001cc2:	ee10 0413 			dcp_rdic r0
10001cc6:	4770      	bx	lr
10001cc8:	b500      	push	{lr}
10001cca:	f7ff ff0d 	bl	10001ae8 <generic_save_state>
10001cce:	e002      	b.n	10001cd6 <double2uint_z_entry>

10001cd0 <__wrap___aeabi_d2uiz>:
10001cd0:	fe10 f430 	dcp_pcmp APSR_nzcv
10001cd4:	d4f8      	bmi.n	10001cc8 <double2int_z_entry+0x16>

10001cd6 <double2uint_z_entry>:
10001cd6:	ec41 0480 	dcp_wxdc r0, r1
10001cda:	ee00 0401 			dcp_add0
10001cde:	ee10 0401 			dcp_add1
10001ce2:	ee80 0440 			dcp_ntdc
10001ce6:	ee10 0433 			dcp_rduc r0
10001cea:	4770      	bx	lr
10001cec:	b500      	push	{lr}
10001cee:	f7ff fefb 	bl	10001ae8 <generic_save_state>
10001cf2:	e002      	b.n	10001cfa <__wrap___aeabi_dcmpun+0x6>

10001cf4 <__wrap___aeabi_dcmpun>:
10001cf4:	fe10 f430 	dcp_pcmp APSR_nzcv
10001cf8:	d4f8      	bmi.n	10001cec <double2uint_z_entry+0x16>
10001cfa:	ec41 0410 	dcp_wxup r0, r1
10001cfe:	ec43 2411 	dcp_wyup r2, r3
10001d02:	ee00 0401 			dcp_add0
10001d06:	ee10 0430 			dcp_rcmp r0
10001d0a:	f3c0 7000 	ubfx	r0, r0, #28, #1
10001d0e:	4770      	bx	lr
10001d10:	b500      	push	{lr}
10001d12:	f7ff fee9 	bl	10001ae8 <generic_save_state>
10001d16:	e002      	b.n	10001d1e <__wrap___aeabi_dcmplt+0x6>

10001d18 <__wrap___aeabi_dcmplt>:
10001d18:	fe10 f430 	dcp_pcmp APSR_nzcv
10001d1c:	d4f8      	bmi.n	10001d10 <__wrap___aeabi_dcmpun+0x1c>
10001d1e:	ec43 2410 	dcp_wxup r2, r3
10001d22:	ec41 0411 	dcp_wyup r0, r1
10001d26:	ee00 0401 			dcp_add0
10001d2a:	ee10 f430 			dcp_rcmp APSR_nzcv
10001d2e:	bf8c      	ite	hi
10001d30:	2001      	movhi	r0, #1
10001d32:	2000      	movls	r0, #0
10001d34:	4770      	bx	lr
10001d36:	bf00      	nop
10001d38:	b500      	push	{lr}
10001d3a:	f7ff fed5 	bl	10001ae8 <generic_save_state>
10001d3e:	e002      	b.n	10001d46 <__wrap___aeabi_dcmple+0x6>

10001d40 <__wrap___aeabi_dcmple>:
10001d40:	fe10 f430 	dcp_pcmp APSR_nzcv
10001d44:	d4f8      	bmi.n	10001d38 <__wrap___aeabi_dcmplt+0x20>
10001d46:	ec43 2410 	dcp_wxup r2, r3
10001d4a:	ec41 0411 	dcp_wyup r0, r1
10001d4e:	ee00 0401 			dcp_add0
10001d52:	ee10 f430 			dcp_rcmp APSR_nzcv
10001d56:	bf2c      	ite	cs
10001d58:	2001      	movcs	r0, #1
10001d5a:	2000      	movcc	r0, #0
10001d5c:	4770      	bx	lr
10001d5e:	bf00      	nop
10001d60:	b500      	push	{lr}
10001d62:	f7ff fec1 	bl	10001ae8 <generic_save_state>
10001d66:	e002      	b.n	10001d6e <__wrap___aeabi_dcmpge+0x6>

10001d68 <__wrap___aeabi_dcmpge>:
10001d68:	fe10 f430 	dcp_pcmp APSR_nzcv
10001d6c:	d4f8      	bmi.n	10001d60 <__wrap___aeabi_dcmple+0x20>
10001d6e:	ec41 0410 	dcp_wxup r0, r1
10001d72:	ec43 2411 	dcp_wyup r2, r3
10001d76:	ee00 0401 			dcp_add0
10001d7a:	ee10 f430 			dcp_rcmp APSR_nzcv
10001d7e:	bf2c      	ite	cs
10001d80:	2001      	movcs	r0, #1
10001d82:	2000      	movcc	r0, #0
10001d84:	4770      	bx	lr
10001d86:	bf00      	nop
10001d88:	b500      	push	{lr}
10001d8a:	f7ff fead 	bl	10001ae8 <generic_save_state>
10001d8e:	e002      	b.n	10001d96 <__wrap___aeabi_dcmpgt+0x6>

10001d90 <__wrap___aeabi_dcmpgt>:
10001d90:	fe10 f430 	dcp_pcmp APSR_nzcv
10001d94:	d4f8      	bmi.n	10001d88 <__wrap___aeabi_dcmpge+0x20>
10001d96:	ec41 0410 	dcp_wxup r0, r1
10001d9a:	ec43 2411 	dcp_wyup r2, r3
10001d9e:	ee00 0401 			dcp_add0
10001da2:	ee10 f430 			dcp_rcmp APSR_nzcv
10001da6:	bf8c      	ite	hi
10001da8:	2001      	movhi	r0, #1
10001daa:	2000      	movls	r0, #0
10001dac:	4770      	bx	lr
10001dae:	bf00      	nop

10001db0 <_out_null>:
10001db0:	4770      	bx	lr
10001db2:	bf00      	nop

10001db4 <_out_rev>:
10001db4:	e92d 4ff0 	stmdb	sp!, {r4, r5, r6, r7, r8, r9, sl, fp, lr}
10001db8:	b083      	sub	sp, #12
10001dba:	4699      	mov	r9, r3
10001dbc:	e9dd ab0d 	ldrd	sl, fp, [sp, #52]	@ 0x34
10001dc0:	9b0f      	ldr	r3, [sp, #60]	@ 0x3c
10001dc2:	4688      	mov	r8, r1
10001dc4:	4611      	mov	r1, r2
10001dc6:	079a      	lsls	r2, r3, #30
10001dc8:	4607      	mov	r7, r0
10001dca:	d116      	bne.n	10001dfa <_out_rev+0x46>
10001dcc:	45da      	cmp	sl, fp
10001dce:	d23a      	bcs.n	10001e46 <_out_rev+0x92>
10001dd0:	460c      	mov	r4, r1
10001dd2:	460d      	mov	r5, r1
10001dd4:	ebab 060a 	sub.w	r6, fp, sl
10001dd8:	440e      	add	r6, r1
10001dda:	4622      	mov	r2, r4
10001ddc:	464b      	mov	r3, r9
10001dde:	4641      	mov	r1, r8
10001de0:	2020      	movs	r0, #32
10001de2:	3401      	adds	r4, #1
10001de4:	47b8      	blx	r7
10001de6:	42b4      	cmp	r4, r6
10001de8:	d1f7      	bne.n	10001dda <_out_rev+0x26>
10001dea:	4629      	mov	r1, r5
10001dec:	f1ba 0f00 	cmp.w	sl, #0
10001df0:	d108      	bne.n	10001e04 <_out_rev+0x50>
10001df2:	4620      	mov	r0, r4
10001df4:	b003      	add	sp, #12
10001df6:	e8bd 8ff0 	ldmia.w	sp!, {r4, r5, r6, r7, r8, r9, sl, fp, pc}
10001dfa:	460c      	mov	r4, r1
10001dfc:	f1ba 0f00 	cmp.w	sl, #0
10001e00:	d010      	beq.n	10001e24 <_out_rev+0x70>
10001e02:	460e      	mov	r6, r1
10001e04:	4655      	mov	r5, sl
10001e06:	9b0c      	ldr	r3, [sp, #48]	@ 0x30
10001e08:	442e      	add	r6, r5
10001e0a:	449a      	add	sl, r3
10001e0c:	9101      	str	r1, [sp, #4]
10001e0e:	1b72      	subs	r2, r6, r5
10001e10:	464b      	mov	r3, r9
10001e12:	3d01      	subs	r5, #1
10001e14:	4641      	mov	r1, r8
10001e16:	f81a 0d01 	ldrb.w	r0, [sl, #-1]!
10001e1a:	4634      	mov	r4, r6
10001e1c:	47b8      	blx	r7
10001e1e:	2d00      	cmp	r5, #0
10001e20:	d1f5      	bne.n	10001e0e <_out_rev+0x5a>
10001e22:	9901      	ldr	r1, [sp, #4]
10001e24:	9b0f      	ldr	r3, [sp, #60]	@ 0x3c
10001e26:	079b      	lsls	r3, r3, #30
10001e28:	d5e3      	bpl.n	10001df2 <_out_rev+0x3e>
10001e2a:	1a65      	subs	r5, r4, r1
10001e2c:	45ab      	cmp	fp, r5
10001e2e:	d9e0      	bls.n	10001df2 <_out_rev+0x3e>
10001e30:	4622      	mov	r2, r4
10001e32:	464b      	mov	r3, r9
10001e34:	4641      	mov	r1, r8
10001e36:	2020      	movs	r0, #32
10001e38:	3501      	adds	r5, #1
10001e3a:	47b8      	blx	r7
10001e3c:	455d      	cmp	r5, fp
10001e3e:	f104 0401 	add.w	r4, r4, #1
10001e42:	d3f5      	bcc.n	10001e30 <_out_rev+0x7c>
10001e44:	e7d5      	b.n	10001df2 <_out_rev+0x3e>
10001e46:	460c      	mov	r4, r1
10001e48:	f1ba 0f00 	cmp.w	sl, #0
10001e4c:	d1d9      	bne.n	10001e02 <_out_rev+0x4e>
10001e4e:	e7d0      	b.n	10001df2 <_out_rev+0x3e>

10001e50 <_ntoa_format>:
10001e50:	e92d 4ff0 	stmdb	sp!, {r4, r5, r6, r7, r8, r9, sl, fp, lr}
10001e54:	9f0f      	ldr	r7, [sp, #60]	@ 0x3c
10001e56:	f8dd 8024 	ldr.w	r8, [sp, #36]	@ 0x24
10001e5a:	f017 0f02 	tst.w	r7, #2
10001e5e:	9c0a      	ldr	r4, [sp, #40]	@ 0x28
10001e60:	f89d a02c 	ldrb.w	sl, [sp, #44]	@ 0x2c
10001e64:	9d0e      	ldr	r5, [sp, #56]	@ 0x38
10001e66:	e9dd 960c 	ldrd	r9, r6, [sp, #48]	@ 0x30
10001e6a:	d144      	bne.n	10001ef6 <_ntoa_format+0xa6>
10001e6c:	bbf5      	cbnz	r5, 10001eec <_ntoa_format+0x9c>
10001e6e:	42b4      	cmp	r4, r6
10001e70:	d241      	bcs.n	10001ef6 <_ntoa_format+0xa6>
10001e72:	f007 0b01 	and.w	fp, r7, #1
10001e76:	f104 3cff 	add.w	ip, r4, #4294967295
10001e7a:	f04f 0e30 	mov.w	lr, #48	@ 0x30
10001e7e:	44c4      	add	ip, r8
10001e80:	e004      	b.n	10001e8c <_ntoa_format+0x3c>
10001e82:	3401      	adds	r4, #1
10001e84:	42a6      	cmp	r6, r4
10001e86:	f80c ef01 	strb.w	lr, [ip, #1]!
10001e8a:	d901      	bls.n	10001e90 <_ntoa_format+0x40>
10001e8c:	2c20      	cmp	r4, #32
10001e8e:	d1f8      	bne.n	10001e82 <_ntoa_format+0x32>
10001e90:	f1bb 0f00 	cmp.w	fp, #0
10001e94:	f000 8088 	beq.w	10001fa8 <_ntoa_format+0x158>
10001e98:	42a5      	cmp	r5, r4
10001e9a:	d92c      	bls.n	10001ef6 <_ntoa_format+0xa6>
10001e9c:	f104 3cff 	add.w	ip, r4, #4294967295
10001ea0:	f04f 0e30 	mov.w	lr, #48	@ 0x30
10001ea4:	44c4      	add	ip, r8
10001ea6:	e004      	b.n	10001eb2 <_ntoa_format+0x62>
10001ea8:	3401      	adds	r4, #1
10001eaa:	42ac      	cmp	r4, r5
10001eac:	f80c ef01 	strb.w	lr, [ip, #1]!
10001eb0:	d021      	beq.n	10001ef6 <_ntoa_format+0xa6>
10001eb2:	2c20      	cmp	r4, #32
10001eb4:	d1f8      	bne.n	10001ea8 <_ntoa_format+0x58>
10001eb6:	f017 0f10 	tst.w	r7, #16
10001eba:	d00e      	beq.n	10001eda <_ntoa_format+0x8a>
10001ebc:	f417 6f80 	tst.w	r7, #1024	@ 0x400
10001ec0:	d154      	bne.n	10001f6c <_ntoa_format+0x11c>
10001ec2:	42a6      	cmp	r6, r4
10001ec4:	d063      	beq.n	10001f8e <_ntoa_format+0x13e>
10001ec6:	42a5      	cmp	r5, r4
10001ec8:	d061      	beq.n	10001f8e <_ntoa_format+0x13e>
10001eca:	f1b9 0f10 	cmp.w	r9, #16
10001ece:	d050      	beq.n	10001f72 <_ntoa_format+0x122>
10001ed0:	f1b9 0f02 	cmp.w	r9, #2
10001ed4:	d056      	beq.n	10001f84 <_ntoa_format+0x134>
10001ed6:	2c20      	cmp	r4, #32
10001ed8:	d129      	bne.n	10001f2e <_ntoa_format+0xde>
10001eda:	2420      	movs	r4, #32
10001edc:	e9cd 570b 	strd	r5, r7, [sp, #44]	@ 0x2c
10001ee0:	e9cd 8409 	strd	r8, r4, [sp, #36]	@ 0x24
10001ee4:	e8bd 4ff0 	ldmia.w	sp!, {r4, r5, r6, r7, r8, r9, sl, fp, lr}
10001ee8:	f7ff bf64 	b.w	10001db4 <_out_rev>
10001eec:	f017 0b01 	ands.w	fp, r7, #1
10001ef0:	d134      	bne.n	10001f5c <_ntoa_format+0x10c>
10001ef2:	42b4      	cmp	r4, r6
10001ef4:	d3bf      	bcc.n	10001e76 <_ntoa_format+0x26>
10001ef6:	f017 0f10 	tst.w	r7, #16
10001efa:	d01e      	beq.n	10001f3a <_ntoa_format+0xea>
10001efc:	f417 6f80 	tst.w	r7, #1024	@ 0x400
10001f00:	d1e3      	bne.n	10001eca <_ntoa_format+0x7a>
10001f02:	2c00      	cmp	r4, #0
10001f04:	d1dd      	bne.n	10001ec2 <_ntoa_format+0x72>
10001f06:	f1b9 0f10 	cmp.w	r9, #16
10001f0a:	d063      	beq.n	10001fd4 <_ntoa_format+0x184>
10001f0c:	f1b9 0f02 	cmp.w	r9, #2
10001f10:	d077      	beq.n	10002002 <_ntoa_format+0x1b2>
10001f12:	2430      	movs	r4, #48	@ 0x30
10001f14:	f888 4000 	strb.w	r4, [r8]
10001f18:	2401      	movs	r4, #1
10001f1a:	f1ba 0f00 	cmp.w	sl, #0
10001f1e:	d111      	bne.n	10001f44 <_ntoa_format+0xf4>
10001f20:	077e      	lsls	r6, r7, #29
10001f22:	d548      	bpl.n	10001fb6 <_ntoa_format+0x166>
10001f24:	262b      	movs	r6, #43	@ 0x2b
10001f26:	f808 6004 	strb.w	r6, [r8, r4]
10001f2a:	3401      	adds	r4, #1
10001f2c:	e7d6      	b.n	10001edc <_ntoa_format+0x8c>
10001f2e:	4626      	mov	r6, r4
10001f30:	3401      	adds	r4, #1
10001f32:	f04f 0c30 	mov.w	ip, #48	@ 0x30
10001f36:	f808 c006 	strb.w	ip, [r8, r6]
10001f3a:	2c20      	cmp	r4, #32
10001f3c:	d0cd      	beq.n	10001eda <_ntoa_format+0x8a>
10001f3e:	f1ba 0f00 	cmp.w	sl, #0
10001f42:	d0ed      	beq.n	10001f20 <_ntoa_format+0xd0>
10001f44:	262d      	movs	r6, #45	@ 0x2d
10001f46:	f808 6004 	strb.w	r6, [r8, r4]
10001f4a:	3401      	adds	r4, #1
10001f4c:	e9cd 570b 	strd	r5, r7, [sp, #44]	@ 0x2c
10001f50:	e9cd 8409 	strd	r8, r4, [sp, #36]	@ 0x24
10001f54:	e8bd 4ff0 	ldmia.w	sp!, {r4, r5, r6, r7, r8, r9, sl, fp, lr}
10001f58:	f7ff bf2c 	b.w	10001db4 <_out_rev>
10001f5c:	f1ba 0f00 	cmp.w	sl, #0
10001f60:	d030      	beq.n	10001fc4 <_ntoa_format+0x174>
10001f62:	42b4      	cmp	r4, r6
10001f64:	f105 35ff 	add.w	r5, r5, #4294967295
10001f68:	d385      	bcc.n	10001e76 <_ntoa_format+0x26>
10001f6a:	e795      	b.n	10001e98 <_ntoa_format+0x48>
10001f6c:	f1b9 0f10 	cmp.w	r9, #16
10001f70:	d1b3      	bne.n	10001eda <_ntoa_format+0x8a>
10001f72:	06be      	lsls	r6, r7, #26
10001f74:	d53b      	bpl.n	10001fee <_ntoa_format+0x19e>
10001f76:	2c20      	cmp	r4, #32
10001f78:	d0af      	beq.n	10001eda <_ntoa_format+0x8a>
10001f7a:	2658      	movs	r6, #88	@ 0x58
10001f7c:	f808 6004 	strb.w	r6, [r8, r4]
10001f80:	3401      	adds	r4, #1
10001f82:	e7a8      	b.n	10001ed6 <_ntoa_format+0x86>
10001f84:	2c20      	cmp	r4, #32
10001f86:	d0a8      	beq.n	10001eda <_ntoa_format+0x8a>
10001f88:	4626      	mov	r6, r4
10001f8a:	3401      	adds	r4, #1
10001f8c:	e007      	b.n	10001f9e <_ntoa_format+0x14e>
10001f8e:	1e66      	subs	r6, r4, #1
10001f90:	d0b9      	beq.n	10001f06 <_ntoa_format+0xb6>
10001f92:	f1b9 0f10 	cmp.w	r9, #16
10001f96:	d036      	beq.n	10002006 <_ntoa_format+0x1b6>
10001f98:	f1b9 0f02 	cmp.w	r9, #2
10001f9c:	d1c9      	bne.n	10001f32 <_ntoa_format+0xe2>
10001f9e:	f04f 0c62 	mov.w	ip, #98	@ 0x62
10001fa2:	f808 c006 	strb.w	ip, [r8, r6]
10001fa6:	e796      	b.n	10001ed6 <_ntoa_format+0x86>
10001fa8:	f017 0f10 	tst.w	r7, #16
10001fac:	d0c5      	beq.n	10001f3a <_ntoa_format+0xea>
10001fae:	f417 6f80 	tst.w	r7, #1024	@ 0x400
10001fb2:	d086      	beq.n	10001ec2 <_ntoa_format+0x72>
10001fb4:	e789      	b.n	10001eca <_ntoa_format+0x7a>
10001fb6:	073e      	lsls	r6, r7, #28
10001fb8:	d590      	bpl.n	10001edc <_ntoa_format+0x8c>
10001fba:	2620      	movs	r6, #32
10001fbc:	f808 6004 	strb.w	r6, [r8, r4]
10001fc0:	3401      	adds	r4, #1
10001fc2:	e78b      	b.n	10001edc <_ntoa_format+0x8c>
10001fc4:	f017 0f0c 	tst.w	r7, #12
10001fc8:	d000      	beq.n	10001fcc <_ntoa_format+0x17c>
10001fca:	3d01      	subs	r5, #1
10001fcc:	42b4      	cmp	r4, r6
10001fce:	f4ff af52 	bcc.w	10001e76 <_ntoa_format+0x26>
10001fd2:	e761      	b.n	10001e98 <_ntoa_format+0x48>
10001fd4:	06bc      	lsls	r4, r7, #26
10001fd6:	d412      	bmi.n	10001ffe <_ntoa_format+0x1ae>
10001fd8:	2478      	movs	r4, #120	@ 0x78
10001fda:	f888 4000 	strb.w	r4, [r8]
10001fde:	2430      	movs	r4, #48	@ 0x30
10001fe0:	f888 4001 	strb.w	r4, [r8, #1]
10001fe4:	2402      	movs	r4, #2
10001fe6:	f1ba 0f00 	cmp.w	sl, #0
10001fea:	d099      	beq.n	10001f20 <_ntoa_format+0xd0>
10001fec:	e7aa      	b.n	10001f44 <_ntoa_format+0xf4>
10001fee:	2c20      	cmp	r4, #32
10001ff0:	f43f af73 	beq.w	10001eda <_ntoa_format+0x8a>
10001ff4:	2678      	movs	r6, #120	@ 0x78
10001ff6:	f808 6004 	strb.w	r6, [r8, r4]
10001ffa:	3401      	adds	r4, #1
10001ffc:	e76b      	b.n	10001ed6 <_ntoa_format+0x86>
10001ffe:	2458      	movs	r4, #88	@ 0x58
10002000:	e7eb      	b.n	10001fda <_ntoa_format+0x18a>
10002002:	2462      	movs	r4, #98	@ 0x62
10002004:	e7e9      	b.n	10001fda <_ntoa_format+0x18a>
10002006:	f017 0f20 	tst.w	r7, #32
1000200a:	f1a4 0c02 	sub.w	ip, r4, #2
1000200e:	d004      	beq.n	1000201a <_ntoa_format+0x1ca>
10002010:	f04f 0e58 	mov.w	lr, #88	@ 0x58
10002014:	f808 e00c 	strb.w	lr, [r8, ip]
10002018:	e78b      	b.n	10001f32 <_ntoa_format+0xe2>
1000201a:	f04f 0e78 	mov.w	lr, #120	@ 0x78
1000201e:	f808 e00c 	strb.w	lr, [r8, ip]
10002022:	e786      	b.n	10001f32 <_ntoa_format+0xe2>

10002024 <_out_char>:
10002024:	b900      	cbnz	r0, 10002028 <_out_char+0x4>
10002026:	4770      	bx	lr
10002028:	f001 bb6e 	b.w	10003708 <__wrap_putchar>

1000202c <_out_fct>:
1000202c:	b110      	cbz	r0, 10002034 <_out_fct+0x8>
1000202e:	e9d1 3100 	ldrd	r3, r1, [r1]
10002032:	4718      	bx	r3
10002034:	4770      	bx	lr
10002036:	bf00      	nop

10002038 <_ftoa>:
10002038:	e92d 4ff0 	stmdb	sp!, {r4, r5, r6, r7, r8, r9, sl, fp, lr}
1000203c:	b097      	sub	sp, #92	@ 0x5c
1000203e:	ed9d 7b20 	vldr	d7, [sp, #128]	@ 0x80
10002042:	e9dd 5b22 	ldrd	r5, fp, [sp, #136]	@ 0x88
10002046:	4607      	mov	r7, r0
10002048:	4688      	mov	r8, r1
1000204a:	ec51 0b17 	vmov	r0, r1, d7
1000204e:	9c24      	ldr	r4, [sp, #144]	@ 0x90
10002050:	4699      	mov	r9, r3
10002052:	920c      	str	r2, [sp, #48]	@ 0x30
10002054:	460b      	mov	r3, r1
10002056:	4602      	mov	r2, r0
10002058:	ed8d 7b04 	vstr	d7, [sp, #16]
1000205c:	9407      	str	r4, [sp, #28]
1000205e:	f7ff fe49 	bl	10001cf4 <__wrap___aeabi_dcmpun>
10002062:	2800      	cmp	r0, #0
10002064:	f040 81f4 	bne.w	10002450 <_ftoa+0x418>
10002068:	e9dd 0104 	ldrd	r0, r1, [sp, #16]
1000206c:	f04f 32ff 	mov.w	r2, #4294967295
10002070:	f46f 1380 	mvn.w	r3, #1048576	@ 0x100000
10002074:	f7ff fe50 	bl	10001d18 <__wrap___aeabi_dcmplt>
10002078:	2800      	cmp	r0, #0
1000207a:	f040 811b 	bne.w	100022b4 <_ftoa+0x27c>
1000207e:	e9dd 0104 	ldrd	r0, r1, [sp, #16]
10002082:	f04f 32ff 	mov.w	r2, #4294967295
10002086:	4bac      	ldr	r3, [pc, #688]	@ (10002338 <_ftoa+0x300>)
10002088:	f7ff fe82 	bl	10001d90 <__wrap___aeabi_dcmpgt>
1000208c:	2800      	cmp	r0, #0
1000208e:	f040 80ee 	bne.w	1000226e <_ftoa+0x236>
10002092:	e9dd 0104 	ldrd	r0, r1, [sp, #16]
10002096:	a3a4      	add	r3, pc, #656	@ (adr r3, 10002328 <_ftoa+0x2f0>)
10002098:	e9d3 2300 	ldrd	r2, r3, [r3]
1000209c:	f7ff fe78 	bl	10001d90 <__wrap___aeabi_dcmpgt>
100020a0:	2800      	cmp	r0, #0
100020a2:	f040 80d3 	bne.w	1000224c <_ftoa+0x214>
100020a6:	e9dd 0104 	ldrd	r0, r1, [sp, #16]
100020aa:	a3a1      	add	r3, pc, #644	@ (adr r3, 10002330 <_ftoa+0x2f8>)
100020ac:	e9d3 2300 	ldrd	r2, r3, [r3]
100020b0:	f7ff fe32 	bl	10001d18 <__wrap___aeabi_dcmplt>
100020b4:	2800      	cmp	r0, #0
100020b6:	f040 80c9 	bne.w	1000224c <_ftoa+0x214>
100020ba:	e9dd 0104 	ldrd	r0, r1, [sp, #16]
100020be:	2200      	movs	r2, #0
100020c0:	2300      	movs	r3, #0
100020c2:	f7ff fe29 	bl	10001d18 <__wrap___aeabi_dcmplt>
100020c6:	2800      	cmp	r0, #0
100020c8:	f040 80e8 	bne.w	1000229c <_ftoa+0x264>
100020cc:	4623      	mov	r3, r4
100020ce:	900d      	str	r0, [sp, #52]	@ 0x34
100020d0:	f413 6f80 	tst.w	r3, #1024	@ 0x400
100020d4:	bf08      	it	eq
100020d6:	2506      	moveq	r5, #6
100020d8:	2130      	movs	r1, #48	@ 0x30
100020da:	462b      	mov	r3, r5
100020dc:	aa0e      	add	r2, sp, #56	@ 0x38
100020de:	f1a5 0620 	sub.w	r6, r5, #32
100020e2:	e005      	b.n	100020f0 <_ftoa+0xb8>
100020e4:	3b01      	subs	r3, #1
100020e6:	42b3      	cmp	r3, r6
100020e8:	f802 1b01 	strb.w	r1, [r2], #1
100020ec:	f000 8193 	beq.w	10002416 <_ftoa+0x3de>
100020f0:	2b09      	cmp	r3, #9
100020f2:	d8f7      	bhi.n	100020e4 <_ftoa+0xac>
100020f4:	461e      	mov	r6, r3
100020f6:	1aed      	subs	r5, r5, r3
100020f8:	e9dd 0104 	ldrd	r0, r1, [sp, #16]
100020fc:	f7ff fdd6 	bl	10001cac <__wrap___aeabi_d2iz>
10002100:	4b8e      	ldr	r3, [pc, #568]	@ (1000233c <_ftoa+0x304>)
10002102:	4604      	mov	r4, r0
10002104:	eb03 03c6 	add.w	r3, r3, r6, lsl #3
10002108:	ed93 7b00 	vldr	d7, [r3]
1000210c:	ed8d 7b08 	vstr	d7, [sp, #32]
10002110:	f7ff fda8 	bl	10001c64 <__wrap___aeabi_i2d>
10002114:	4602      	mov	r2, r0
10002116:	460b      	mov	r3, r1
10002118:	e9dd 0104 	ldrd	r0, r1, [sp, #16]
1000211c:	f7ff fd1a 	bl	10001b54 <__wrap___aeabi_dsub>
10002120:	e9dd 2308 	ldrd	r2, r3, [sp, #32]
10002124:	f7ff fd2a 	bl	10001b7c <__wrap___aeabi_dmul>
10002128:	4602      	mov	r2, r0
1000212a:	460b      	mov	r3, r1
1000212c:	e9cd 230a 	strd	r2, r3, [sp, #40]	@ 0x28
10002130:	f7ff fdce 	bl	10001cd0 <__wrap___aeabi_d2uiz>
10002134:	4682      	mov	sl, r0
10002136:	f7ff fda7 	bl	10001c88 <__wrap___aeabi_ui2d>
1000213a:	4602      	mov	r2, r0
1000213c:	460b      	mov	r3, r1
1000213e:	e9dd 010a 	ldrd	r0, r1, [sp, #40]	@ 0x28
10002142:	f7ff fd07 	bl	10001b54 <__wrap___aeabi_dsub>
10002146:	4602      	mov	r2, r0
10002148:	460b      	mov	r3, r1
1000214a:	e9cd 230a 	strd	r2, r3, [sp, #40]	@ 0x28
1000214e:	2200      	movs	r2, #0
10002150:	4b7b      	ldr	r3, [pc, #492]	@ (10002340 <_ftoa+0x308>)
10002152:	f7ff fe1d 	bl	10001d90 <__wrap___aeabi_dcmpgt>
10002156:	2800      	cmp	r0, #0
10002158:	f000 80fe 	beq.w	10002358 <_ftoa+0x320>
1000215c:	f10a 0a01 	add.w	sl, sl, #1
10002160:	4650      	mov	r0, sl
10002162:	f7ff fd91 	bl	10001c88 <__wrap___aeabi_ui2d>
10002166:	4602      	mov	r2, r0
10002168:	460b      	mov	r3, r1
1000216a:	e9dd 0108 	ldrd	r0, r1, [sp, #32]
1000216e:	f7ff fde7 	bl	10001d40 <__wrap___aeabi_dcmple>
10002172:	b110      	cbz	r0, 1000217a <_ftoa+0x142>
10002174:	f04f 0a00 	mov.w	sl, #0
10002178:	3401      	adds	r4, #1
1000217a:	2e00      	cmp	r6, #0
1000217c:	f000 80fd 	beq.w	1000237a <_ftoa+0x342>
10002180:	1e68      	subs	r0, r5, #1
10002182:	ab0e      	add	r3, sp, #56	@ 0x38
10002184:	f8df c1cc 	ldr.w	ip, [pc, #460]	@ 10002354 <_ftoa+0x31c>
10002188:	4418      	add	r0, r3
1000218a:	e00f      	b.n	100021ac <_ftoa+0x174>
1000218c:	fbac 210a 	umull	r2, r1, ip, sl
10002190:	08c9      	lsrs	r1, r1, #3
10002192:	eb01 0281 	add.w	r2, r1, r1, lsl #2
10002196:	ebaa 0242 	sub.w	r2, sl, r2, lsl #1
1000219a:	3230      	adds	r2, #48	@ 0x30
1000219c:	f1ba 0f09 	cmp.w	sl, #9
100021a0:	f800 2f01 	strb.w	r2, [r0, #1]!
100021a4:	f240 811c 	bls.w	100023e0 <_ftoa+0x3a8>
100021a8:	468a      	mov	sl, r1
100021aa:	461d      	mov	r5, r3
100021ac:	2d20      	cmp	r5, #32
100021ae:	f105 0301 	add.w	r3, r5, #1
100021b2:	f106 36ff 	add.w	r6, r6, #4294967295
100021b6:	d1e9      	bne.n	1000218c <_ftoa+0x154>
100021b8:	2520      	movs	r5, #32
100021ba:	1e69      	subs	r1, r5, #1
100021bc:	ab0e      	add	r3, sp, #56	@ 0x38
100021be:	4861      	ldr	r0, [pc, #388]	@ (10002344 <_ftoa+0x30c>)
100021c0:	4419      	add	r1, r3
100021c2:	e010      	b.n	100021e6 <_ftoa+0x1ae>
100021c4:	fb80 6204 	smull	r6, r2, r0, r4
100021c8:	ebc3 03a2 	rsb	r3, r3, r2, asr #2
100021cc:	eb03 0283 	add.w	r2, r3, r3, lsl #2
100021d0:	eba4 0442 	sub.w	r4, r4, r2, lsl #1
100021d4:	f104 0230 	add.w	r2, r4, #48	@ 0x30
100021d8:	3501      	adds	r5, #1
100021da:	461c      	mov	r4, r3
100021dc:	f801 2f01 	strb.w	r2, [r1, #1]!
100021e0:	2b00      	cmp	r3, #0
100021e2:	f000 80eb 	beq.w	100023bc <_ftoa+0x384>
100021e6:	2d20      	cmp	r5, #32
100021e8:	ea4f 73e4 	mov.w	r3, r4, asr #31
100021ec:	d1ea      	bne.n	100021c4 <_ftoa+0x18c>
100021ee:	9b07      	ldr	r3, [sp, #28]
100021f0:	f003 0303 	and.w	r3, r3, #3
100021f4:	2b01      	cmp	r3, #1
100021f6:	d118      	bne.n	1000222a <_ftoa+0x1f2>
100021f8:	f1bb 0f00 	cmp.w	fp, #0
100021fc:	d015      	beq.n	1000222a <_ftoa+0x1f2>
100021fe:	9b0d      	ldr	r3, [sp, #52]	@ 0x34
10002200:	2b00      	cmp	r3, #0
10002202:	f000 810a 	beq.w	1000241a <_ftoa+0x3e2>
10002206:	f10b 3bff 	add.w	fp, fp, #4294967295
1000220a:	f1bb 0f20 	cmp.w	fp, #32
1000220e:	d90c      	bls.n	1000222a <_ftoa+0x1f2>
10002210:	1e6b      	subs	r3, r5, #1
10002212:	a90e      	add	r1, sp, #56	@ 0x38
10002214:	2230      	movs	r2, #48	@ 0x30
10002216:	440b      	add	r3, r1
10002218:	e005      	b.n	10002226 <_ftoa+0x1ee>
1000221a:	3501      	adds	r5, #1
1000221c:	455d      	cmp	r5, fp
1000221e:	f803 2f01 	strb.w	r2, [r3, #1]!
10002222:	f080 80d1 	bcs.w	100023c8 <_ftoa+0x390>
10002226:	2d20      	cmp	r5, #32
10002228:	d1f7      	bne.n	1000221a <_ftoa+0x1e2>
1000222a:	9b07      	ldr	r3, [sp, #28]
1000222c:	ac0e      	add	r4, sp, #56	@ 0x38
1000222e:	e9cd b302 	strd	fp, r3, [sp, #8]
10002232:	4641      	mov	r1, r8
10002234:	464b      	mov	r3, r9
10002236:	4638      	mov	r0, r7
10002238:	9a0c      	ldr	r2, [sp, #48]	@ 0x30
1000223a:	9501      	str	r5, [sp, #4]
1000223c:	9400      	str	r4, [sp, #0]
1000223e:	f7ff fdb9 	bl	10001db4 <_out_rev>
10002242:	4682      	mov	sl, r0
10002244:	4650      	mov	r0, sl
10002246:	b017      	add	sp, #92	@ 0x5c
10002248:	e8bd 8ff0 	ldmia.w	sp!, {r4, r5, r6, r7, r8, r9, sl, fp, pc}
1000224c:	9b07      	ldr	r3, [sp, #28]
1000224e:	ed9d 7b04 	vldr	d7, [sp, #16]
10002252:	e9cd b323 	strd	fp, r3, [sp, #140]	@ 0x8c
10002256:	4641      	mov	r1, r8
10002258:	464b      	mov	r3, r9
1000225a:	4638      	mov	r0, r7
1000225c:	9a0c      	ldr	r2, [sp, #48]	@ 0x30
1000225e:	ed8d 7b20 	vstr	d7, [sp, #128]	@ 0x80
10002262:	9522      	str	r5, [sp, #136]	@ 0x88
10002264:	b017      	add	sp, #92	@ 0x5c
10002266:	e8bd 4ff0 	ldmia.w	sp!, {r4, r5, r6, r7, r8, r9, sl, fp, lr}
1000226a:	f000 b945 	b.w	100024f8 <_etoa>
1000226e:	0761      	lsls	r1, r4, #29
10002270:	4623      	mov	r3, r4
10002272:	bf4c      	ite	mi
10002274:	2304      	movmi	r3, #4
10002276:	2303      	movpl	r3, #3
10002278:	4641      	mov	r1, r8
1000227a:	9321      	str	r3, [sp, #132]	@ 0x84
1000227c:	4638      	mov	r0, r7
1000227e:	464b      	mov	r3, r9
10002280:	9a07      	ldr	r2, [sp, #28]
10002282:	bf48      	it	mi
10002284:	4c30      	ldrmi	r4, [pc, #192]	@ (10002348 <_ftoa+0x310>)
10002286:	e9cd b222 	strd	fp, r2, [sp, #136]	@ 0x88
1000228a:	bf58      	it	pl
1000228c:	4c2f      	ldrpl	r4, [pc, #188]	@ (1000234c <_ftoa+0x314>)
1000228e:	9a0c      	ldr	r2, [sp, #48]	@ 0x30
10002290:	9420      	str	r4, [sp, #128]	@ 0x80
10002292:	b017      	add	sp, #92	@ 0x5c
10002294:	e8bd 4ff0 	ldmia.w	sp!, {r4, r5, r6, r7, r8, r9, sl, fp, lr}
10002298:	f7ff bd8c 	b.w	10001db4 <_out_rev>
1000229c:	e9dd 2304 	ldrd	r2, r3, [sp, #16]
100022a0:	2000      	movs	r0, #0
100022a2:	2100      	movs	r1, #0
100022a4:	f7ff fc56 	bl	10001b54 <__wrap___aeabi_dsub>
100022a8:	2301      	movs	r3, #1
100022aa:	e9cd 0104 	strd	r0, r1, [sp, #16]
100022ae:	930d      	str	r3, [sp, #52]	@ 0x34
100022b0:	4623      	mov	r3, r4
100022b2:	e70d      	b.n	100020d0 <_ftoa+0x98>
100022b4:	4623      	mov	r3, r4
100022b6:	079c      	lsls	r4, r3, #30
100022b8:	f040 80aa 	bne.w	10002410 <_ftoa+0x3d8>
100022bc:	f1bb 0f04 	cmp.w	fp, #4
100022c0:	f240 80a6 	bls.w	10002410 <_ftoa+0x3d8>
100022c4:	9b0c      	ldr	r3, [sp, #48]	@ 0x30
100022c6:	461d      	mov	r5, r3
100022c8:	1f1c      	subs	r4, r3, #4
100022ca:	eb04 0a0b 	add.w	sl, r4, fp
100022ce:	462a      	mov	r2, r5
100022d0:	464b      	mov	r3, r9
100022d2:	4641      	mov	r1, r8
100022d4:	2020      	movs	r0, #32
100022d6:	3501      	adds	r5, #1
100022d8:	47b8      	blx	r7
100022da:	45aa      	cmp	sl, r5
100022dc:	d1f7      	bne.n	100022ce <_ftoa+0x296>
100022de:	4655      	mov	r5, sl
100022e0:	4c1b      	ldr	r4, [pc, #108]	@ (10002350 <_ftoa+0x318>)
100022e2:	1f26      	subs	r6, r4, #4
100022e4:	f814 0d01 	ldrb.w	r0, [r4, #-1]!
100022e8:	462a      	mov	r2, r5
100022ea:	464b      	mov	r3, r9
100022ec:	4641      	mov	r1, r8
100022ee:	47b8      	blx	r7
100022f0:	42b4      	cmp	r4, r6
100022f2:	f105 0501 	add.w	r5, r5, #1
100022f6:	d1f5      	bne.n	100022e4 <_ftoa+0x2ac>
100022f8:	9b07      	ldr	r3, [sp, #28]
100022fa:	f10a 0a04 	add.w	sl, sl, #4
100022fe:	0798      	lsls	r0, r3, #30
10002300:	d5a0      	bpl.n	10002244 <_ftoa+0x20c>
10002302:	9c0c      	ldr	r4, [sp, #48]	@ 0x30
10002304:	ebaa 0304 	sub.w	r3, sl, r4
10002308:	459b      	cmp	fp, r3
1000230a:	d99b      	bls.n	10002244 <_ftoa+0x20c>
1000230c:	4652      	mov	r2, sl
1000230e:	464b      	mov	r3, r9
10002310:	4641      	mov	r1, r8
10002312:	2020      	movs	r0, #32
10002314:	f10a 0a01 	add.w	sl, sl, #1
10002318:	47b8      	blx	r7
1000231a:	ebaa 0304 	sub.w	r3, sl, r4
1000231e:	455b      	cmp	r3, fp
10002320:	d3f4      	bcc.n	1000230c <_ftoa+0x2d4>
10002322:	e78f      	b.n	10002244 <_ftoa+0x20c>
10002324:	f3af 8000 	nop.w
10002328:	00000000 	.word	0x00000000
1000232c:	41cdcd65 	.word	0x41cdcd65
10002330:	00000000 	.word	0x00000000
10002334:	c1cdcd65 	.word	0xc1cdcd65
10002338:	7fefffff 	.word	0x7fefffff
1000233c:	10006488 	.word	0x10006488
10002340:	3fe00000 	.word	0x3fe00000
10002344:	66666667 	.word	0x66666667
10002348:	10006380 	.word	0x10006380
1000234c:	10006388 	.word	0x10006388
10002350:	10006394 	.word	0x10006394
10002354:	cccccccd 	.word	0xcccccccd
10002358:	2200      	movs	r2, #0
1000235a:	e9dd 010a 	ldrd	r0, r1, [sp, #40]	@ 0x28
1000235e:	4b63      	ldr	r3, [pc, #396]	@ (100024ec <_ftoa+0x4b4>)
10002360:	f7ff fcda 	bl	10001d18 <__wrap___aeabi_dcmplt>
10002364:	2800      	cmp	r0, #0
10002366:	f47f af08 	bne.w	1000217a <_ftoa+0x142>
1000236a:	f1ba 0f00 	cmp.w	sl, #0
1000236e:	d16a      	bne.n	10002446 <_ftoa+0x40e>
10002370:	f10a 0a01 	add.w	sl, sl, #1
10002374:	2e00      	cmp	r6, #0
10002376:	f47f af03 	bne.w	10002180 <_ftoa+0x148>
1000237a:	4620      	mov	r0, r4
1000237c:	f7ff fc72 	bl	10001c64 <__wrap___aeabi_i2d>
10002380:	4602      	mov	r2, r0
10002382:	460b      	mov	r3, r1
10002384:	e9dd 0104 	ldrd	r0, r1, [sp, #16]
10002388:	f7ff fbe4 	bl	10001b54 <__wrap___aeabi_dsub>
1000238c:	4602      	mov	r2, r0
1000238e:	460b      	mov	r3, r1
10002390:	e9cd 2304 	strd	r2, r3, [sp, #16]
10002394:	2200      	movs	r2, #0
10002396:	4b55      	ldr	r3, [pc, #340]	@ (100024ec <_ftoa+0x4b4>)
10002398:	f7ff fcbe 	bl	10001d18 <__wrap___aeabi_dcmplt>
1000239c:	2800      	cmp	r0, #0
1000239e:	f47f af0c 	bne.w	100021ba <_ftoa+0x182>
100023a2:	e9dd 0104 	ldrd	r0, r1, [sp, #16]
100023a6:	2200      	movs	r2, #0
100023a8:	4b50      	ldr	r3, [pc, #320]	@ (100024ec <_ftoa+0x4b4>)
100023aa:	f7ff fcf1 	bl	10001d90 <__wrap___aeabi_dcmpgt>
100023ae:	2800      	cmp	r0, #0
100023b0:	f47f af03 	bne.w	100021ba <_ftoa+0x182>
100023b4:	3401      	adds	r4, #1
100023b6:	f024 0401 	bic.w	r4, r4, #1
100023ba:	e6fe      	b.n	100021ba <_ftoa+0x182>
100023bc:	9b07      	ldr	r3, [sp, #28]
100023be:	f003 0303 	and.w	r3, r3, #3
100023c2:	2b01      	cmp	r3, #1
100023c4:	f000 8082 	beq.w	100024cc <_ftoa+0x494>
100023c8:	2d20      	cmp	r5, #32
100023ca:	f43f af2e 	beq.w	1000222a <_ftoa+0x1f2>
100023ce:	9b0d      	ldr	r3, [sp, #52]	@ 0x34
100023d0:	b37b      	cbz	r3, 10002432 <_ftoa+0x3fa>
100023d2:	222d      	movs	r2, #45	@ 0x2d
100023d4:	eb0d 0305 	add.w	r3, sp, r5
100023d8:	f883 2038 	strb.w	r2, [r3, #56]	@ 0x38
100023dc:	3501      	adds	r5, #1
100023de:	e724      	b.n	1000222a <_ftoa+0x1f2>
100023e0:	2b20      	cmp	r3, #32
100023e2:	f43f aee9 	beq.w	100021b8 <_ftoa+0x180>
100023e6:	aa0e      	add	r2, sp, #56	@ 0x38
100023e8:	4415      	add	r5, r2
100023ea:	441e      	add	r6, r3
100023ec:	2230      	movs	r2, #48	@ 0x30
100023ee:	e004      	b.n	100023fa <_ftoa+0x3c2>
100023f0:	2b20      	cmp	r3, #32
100023f2:	f805 2f01 	strb.w	r2, [r5, #1]!
100023f6:	f43f aedf 	beq.w	100021b8 <_ftoa+0x180>
100023fa:	429e      	cmp	r6, r3
100023fc:	f103 0301 	add.w	r3, r3, #1
10002400:	d1f6      	bne.n	100023f0 <_ftoa+0x3b8>
10002402:	222e      	movs	r2, #46	@ 0x2e
10002404:	eb0d 0306 	add.w	r3, sp, r6
10002408:	f883 2038 	strb.w	r2, [r3, #56]	@ 0x38
1000240c:	1c75      	adds	r5, r6, #1
1000240e:	e6d4      	b.n	100021ba <_ftoa+0x182>
10002410:	f8dd a030 	ldr.w	sl, [sp, #48]	@ 0x30
10002414:	e763      	b.n	100022de <_ftoa+0x2a6>
10002416:	2520      	movs	r5, #32
10002418:	e66e      	b.n	100020f8 <_ftoa+0xc0>
1000241a:	9b07      	ldr	r3, [sp, #28]
1000241c:	f013 0f0c 	tst.w	r3, #12
10002420:	d050      	beq.n	100024c4 <_ftoa+0x48c>
10002422:	f10b 3bff 	add.w	fp, fp, #4294967295
10002426:	45ab      	cmp	fp, r5
10002428:	f63f aef2 	bhi.w	10002210 <_ftoa+0x1d8>
1000242c:	2d20      	cmp	r5, #32
1000242e:	f43f aefc 	beq.w	1000222a <_ftoa+0x1f2>
10002432:	9b07      	ldr	r3, [sp, #28]
10002434:	075a      	lsls	r2, r3, #29
10002436:	d501      	bpl.n	1000243c <_ftoa+0x404>
10002438:	222b      	movs	r2, #43	@ 0x2b
1000243a:	e7cb      	b.n	100023d4 <_ftoa+0x39c>
1000243c:	071b      	lsls	r3, r3, #28
1000243e:	f57f aef4 	bpl.w	1000222a <_ftoa+0x1f2>
10002442:	2220      	movs	r2, #32
10002444:	e7c6      	b.n	100023d4 <_ftoa+0x39c>
10002446:	f01a 0f01 	tst.w	sl, #1
1000244a:	f43f ae96 	beq.w	1000217a <_ftoa+0x142>
1000244e:	e78f      	b.n	10002370 <_ftoa+0x338>
10002450:	07a6      	lsls	r6, r4, #30
10002452:	d134      	bne.n	100024be <_ftoa+0x486>
10002454:	f1bb 0f03 	cmp.w	fp, #3
10002458:	d931      	bls.n	100024be <_ftoa+0x486>
1000245a:	9b0c      	ldr	r3, [sp, #48]	@ 0x30
1000245c:	461d      	mov	r5, r3
1000245e:	1edc      	subs	r4, r3, #3
10002460:	eb04 0a0b 	add.w	sl, r4, fp
10002464:	462a      	mov	r2, r5
10002466:	464b      	mov	r3, r9
10002468:	4641      	mov	r1, r8
1000246a:	2020      	movs	r0, #32
1000246c:	3501      	adds	r5, #1
1000246e:	47b8      	blx	r7
10002470:	4555      	cmp	r5, sl
10002472:	d1f7      	bne.n	10002464 <_ftoa+0x42c>
10002474:	4655      	mov	r5, sl
10002476:	4c1e      	ldr	r4, [pc, #120]	@ (100024f0 <_ftoa+0x4b8>)
10002478:	1ee6      	subs	r6, r4, #3
1000247a:	f814 0d01 	ldrb.w	r0, [r4, #-1]!
1000247e:	462a      	mov	r2, r5
10002480:	464b      	mov	r3, r9
10002482:	4641      	mov	r1, r8
10002484:	47b8      	blx	r7
10002486:	42a6      	cmp	r6, r4
10002488:	f105 0501 	add.w	r5, r5, #1
1000248c:	d1f5      	bne.n	1000247a <_ftoa+0x442>
1000248e:	9b07      	ldr	r3, [sp, #28]
10002490:	f10a 0a03 	add.w	sl, sl, #3
10002494:	079d      	lsls	r5, r3, #30
10002496:	f57f aed5 	bpl.w	10002244 <_ftoa+0x20c>
1000249a:	9c0c      	ldr	r4, [sp, #48]	@ 0x30
1000249c:	ebaa 0304 	sub.w	r3, sl, r4
100024a0:	459b      	cmp	fp, r3
100024a2:	f67f aecf 	bls.w	10002244 <_ftoa+0x20c>
100024a6:	4652      	mov	r2, sl
100024a8:	464b      	mov	r3, r9
100024aa:	4641      	mov	r1, r8
100024ac:	2020      	movs	r0, #32
100024ae:	f10a 0a01 	add.w	sl, sl, #1
100024b2:	47b8      	blx	r7
100024b4:	ebaa 0304 	sub.w	r3, sl, r4
100024b8:	459b      	cmp	fp, r3
100024ba:	d8f4      	bhi.n	100024a6 <_ftoa+0x46e>
100024bc:	e6c2      	b.n	10002244 <_ftoa+0x20c>
100024be:	f8dd a030 	ldr.w	sl, [sp, #48]	@ 0x30
100024c2:	e7d7      	b.n	10002474 <_ftoa+0x43c>
100024c4:	45ab      	cmp	fp, r5
100024c6:	f63f aea3 	bhi.w	10002210 <_ftoa+0x1d8>
100024ca:	e6ae      	b.n	1000222a <_ftoa+0x1f2>
100024cc:	f1bb 0f00 	cmp.w	fp, #0
100024d0:	f43f af7a 	beq.w	100023c8 <_ftoa+0x390>
100024d4:	9b0d      	ldr	r3, [sp, #52]	@ 0x34
100024d6:	2b00      	cmp	r3, #0
100024d8:	d09f      	beq.n	1000241a <_ftoa+0x3e2>
100024da:	f10b 3bff 	add.w	fp, fp, #4294967295
100024de:	455d      	cmp	r5, fp
100024e0:	f4ff ae96 	bcc.w	10002210 <_ftoa+0x1d8>
100024e4:	2d20      	cmp	r5, #32
100024e6:	f47f af74 	bne.w	100023d2 <_ftoa+0x39a>
100024ea:	e69e      	b.n	1000222a <_ftoa+0x1f2>
100024ec:	3fe00000 	.word	0x3fe00000
100024f0:	1000638f 	.word	0x1000638f
100024f4:	00000000 	.word	0x00000000

100024f8 <_etoa>:
100024f8:	e92d 4ff0 	stmdb	sp!, {r4, r5, r6, r7, r8, r9, sl, fp, lr}
100024fc:	b09f      	sub	sp, #124	@ 0x7c
100024fe:	9e2a      	ldr	r6, [sp, #168]	@ 0xa8
10002500:	e9dd 4528 	ldrd	r4, r5, [sp, #160]	@ 0xa0
10002504:	4607      	mov	r7, r0
10002506:	4693      	mov	fp, r2
10002508:	9108      	str	r1, [sp, #32]
1000250a:	9309      	str	r3, [sp, #36]	@ 0x24
1000250c:	4622      	mov	r2, r4
1000250e:	462b      	mov	r3, r5
10002510:	4620      	mov	r0, r4
10002512:	4629      	mov	r1, r5
10002514:	960e      	str	r6, [sp, #56]	@ 0x38
10002516:	e9dd a62b 	ldrd	sl, r6, [sp, #172]	@ 0xac
1000251a:	f7ff fbeb 	bl	10001cf4 <__wrap___aeabi_dcmpun>
1000251e:	2800      	cmp	r0, #0
10002520:	f040 80be 	bne.w	100026a0 <_etoa+0x1a8>
10002524:	4620      	mov	r0, r4
10002526:	4629      	mov	r1, r5
10002528:	f04f 32ff 	mov.w	r2, #4294967295
1000252c:	4b78      	ldr	r3, [pc, #480]	@ (10002710 <_etoa+0x218>)
1000252e:	f7ff fc2f 	bl	10001d90 <__wrap___aeabi_dcmpgt>
10002532:	2800      	cmp	r0, #0
10002534:	f040 80b4 	bne.w	100026a0 <_etoa+0x1a8>
10002538:	4620      	mov	r0, r4
1000253a:	4629      	mov	r1, r5
1000253c:	f04f 32ff 	mov.w	r2, #4294967295
10002540:	f46f 1380 	mvn.w	r3, #1048576	@ 0x100000
10002544:	f7ff fbe8 	bl	10001d18 <__wrap___aeabi_dcmplt>
10002548:	2800      	cmp	r0, #0
1000254a:	f040 80a9 	bne.w	100026a0 <_etoa+0x1a8>
1000254e:	4620      	mov	r0, r4
10002550:	4629      	mov	r1, r5
10002552:	2200      	movs	r2, #0
10002554:	2300      	movs	r3, #0
10002556:	f7ff fbdf 	bl	10001d18 <__wrap___aeabi_dcmplt>
1000255a:	2800      	cmp	r0, #0
1000255c:	f040 81d5 	bne.w	1000290a <_etoa+0x412>
10002560:	e9cd 450a 	strd	r4, r5, [sp, #40]	@ 0x28
10002564:	e9dd 230a 	ldrd	r2, r3, [sp, #40]	@ 0x28
10002568:	4690      	mov	r8, r2
1000256a:	4699      	mov	r9, r3
1000256c:	f406 6200 	and.w	r2, r6, #2048	@ 0x800
10002570:	f416 6380 	ands.w	r3, r6, #1024	@ 0x400
10002574:	920f      	str	r2, [sp, #60]	@ 0x3c
10002576:	9313      	str	r3, [sp, #76]	@ 0x4c
10002578:	f040 80a1 	bne.w	100026be <_etoa+0x1c6>
1000257c:	ea58 0309 	orrs.w	r3, r8, r9
10002580:	f040 80ca 	bne.w	10002718 <_etoa+0x220>
10002584:	2a00      	cmp	r2, #0
10002586:	f040 81e3 	bne.w	10002950 <_etoa+0x458>
1000258a:	2306      	movs	r3, #6
1000258c:	930e      	str	r3, [sp, #56]	@ 0x38
1000258e:	f016 0202 	ands.w	r2, r6, #2
10002592:	9210      	str	r2, [sp, #64]	@ 0x40
10002594:	f040 81d4 	bne.w	10002940 <_etoa+0x448>
10002598:	4653      	mov	r3, sl
1000259a:	2b04      	cmp	r3, #4
1000259c:	bf38      	it	cc
1000259e:	2304      	movcc	r3, #4
100025a0:	920c      	str	r2, [sp, #48]	@ 0x30
100025a2:	2204      	movs	r2, #4
100025a4:	3b04      	subs	r3, #4
100025a6:	9212      	str	r2, [sp, #72]	@ 0x48
100025a8:	930f      	str	r3, [sp, #60]	@ 0x3c
100025aa:	4620      	mov	r0, r4
100025ac:	4629      	mov	r1, r5
100025ae:	2200      	movs	r2, #0
100025b0:	2300      	movs	r3, #0
100025b2:	f7ff fbb1 	bl	10001d18 <__wrap___aeabi_dcmplt>
100025b6:	2800      	cmp	r0, #0
100025b8:	f040 81f3 	bne.w	100029a2 <_etoa+0x4aa>
100025bc:	ed9d 7b0a 	vldr	d7, [sp, #40]	@ 0x28
100025c0:	9b0f      	ldr	r3, [sp, #60]	@ 0x3c
100025c2:	465a      	mov	r2, fp
100025c4:	9303      	str	r3, [sp, #12]
100025c6:	9b0e      	ldr	r3, [sp, #56]	@ 0x38
100025c8:	ed8d 7b00 	vstr	d7, [sp]
100025cc:	9302      	str	r3, [sp, #8]
100025ce:	f426 6300 	bic.w	r3, r6, #2048	@ 0x800
100025d2:	9304      	str	r3, [sp, #16]
100025d4:	4638      	mov	r0, r7
100025d6:	9b09      	ldr	r3, [sp, #36]	@ 0x24
100025d8:	9908      	ldr	r1, [sp, #32]
100025da:	f7ff fd2d 	bl	10002038 <_ftoa>
100025de:	4602      	mov	r2, r0
100025e0:	f016 0f20 	tst.w	r6, #32
100025e4:	9b09      	ldr	r3, [sp, #36]	@ 0x24
100025e6:	9908      	ldr	r1, [sp, #32]
100025e8:	bf0c      	ite	eq
100025ea:	2065      	moveq	r0, #101	@ 0x65
100025ec:	2045      	movne	r0, #69	@ 0x45
100025ee:	f102 0801 	add.w	r8, r2, #1
100025f2:	47b8      	blx	r7
100025f4:	9a0c      	ldr	r2, [sp, #48]	@ 0x30
100025f6:	9b12      	ldr	r3, [sp, #72]	@ 0x48
100025f8:	ac16      	add	r4, sp, #88	@ 0x58
100025fa:	1e5d      	subs	r5, r3, #1
100025fc:	ea82 73e2 	eor.w	r3, r2, r2, asr #31
10002600:	eba3 73e2 	sub.w	r3, r3, r2, asr #31
10002604:	0fd1      	lsrs	r1, r2, #31
10002606:	2600      	movs	r6, #0
10002608:	4622      	mov	r2, r4
1000260a:	4699      	mov	r9, r3
1000260c:	f8df c104 	ldr.w	ip, [pc, #260]	@ 10002714 <_etoa+0x21c>
10002610:	e001      	b.n	10002616 <_etoa+0x11e>
10002612:	2e20      	cmp	r6, #32
10002614:	d010      	beq.n	10002638 <_etoa+0x140>
10002616:	46ce      	mov	lr, r9
10002618:	fbac 3009 	umull	r3, r0, ip, r9
1000261c:	08c0      	lsrs	r0, r0, #3
1000261e:	eb00 0380 	add.w	r3, r0, r0, lsl #2
10002622:	eba9 0343 	sub.w	r3, r9, r3, lsl #1
10002626:	3330      	adds	r3, #48	@ 0x30
10002628:	f1be 0f09 	cmp.w	lr, #9
1000262c:	4681      	mov	r9, r0
1000262e:	f106 0601 	add.w	r6, r6, #1
10002632:	f802 3b01 	strb.w	r3, [r2], #1
10002636:	d8ec      	bhi.n	10002612 <_etoa+0x11a>
10002638:	2305      	movs	r3, #5
1000263a:	2000      	movs	r0, #0
1000263c:	9306      	str	r3, [sp, #24]
1000263e:	230a      	movs	r3, #10
10002640:	9505      	str	r5, [sp, #20]
10002642:	9400      	str	r4, [sp, #0]
10002644:	9d09      	ldr	r5, [sp, #36]	@ 0x24
10002646:	9c08      	ldr	r4, [sp, #32]
10002648:	4642      	mov	r2, r8
1000264a:	e9cd 3003 	strd	r3, r0, [sp, #12]
1000264e:	e9cd 6101 	strd	r6, r1, [sp, #4]
10002652:	462b      	mov	r3, r5
10002654:	4621      	mov	r1, r4
10002656:	4638      	mov	r0, r7
10002658:	f7ff fbfa 	bl	10001e50 <_ntoa_format>
1000265c:	9a10      	ldr	r2, [sp, #64]	@ 0x40
1000265e:	4680      	mov	r8, r0
10002660:	b1d2      	cbz	r2, 10002698 <_etoa+0x1a0>
10002662:	eba0 060b 	sub.w	r6, r0, fp
10002666:	45b2      	cmp	sl, r6
10002668:	d916      	bls.n	10002698 <_etoa+0x1a0>
1000266a:	eb0b 0206 	add.w	r2, fp, r6
1000266e:	462b      	mov	r3, r5
10002670:	4621      	mov	r1, r4
10002672:	2020      	movs	r0, #32
10002674:	3601      	adds	r6, #1
10002676:	47b8      	blx	r7
10002678:	45b2      	cmp	sl, r6
1000267a:	d8f6      	bhi.n	1000266a <_etoa+0x172>
1000267c:	f10b 33ff 	add.w	r3, fp, #4294967295
10002680:	4453      	add	r3, sl
10002682:	f1cb 0201 	rsb	r2, fp, #1
10002686:	eba3 0308 	sub.w	r3, r3, r8
1000268a:	4442      	add	r2, r8
1000268c:	4592      	cmp	sl, r2
1000268e:	bf38      	it	cc
10002690:	2300      	movcc	r3, #0
10002692:	f108 0801 	add.w	r8, r8, #1
10002696:	4498      	add	r8, r3
10002698:	4640      	mov	r0, r8
1000269a:	b01f      	add	sp, #124	@ 0x7c
1000269c:	e8bd 8ff0 	ldmia.w	sp!, {r4, r5, r6, r7, r8, r9, sl, fp, pc}
100026a0:	465a      	mov	r2, fp
100026a2:	4638      	mov	r0, r7
100026a4:	e9cd 4528 	strd	r4, r5, [sp, #160]	@ 0xa0
100026a8:	e9cd a62b 	strd	sl, r6, [sp, #172]	@ 0xac
100026ac:	9c0e      	ldr	r4, [sp, #56]	@ 0x38
100026ae:	9b09      	ldr	r3, [sp, #36]	@ 0x24
100026b0:	9908      	ldr	r1, [sp, #32]
100026b2:	942a      	str	r4, [sp, #168]	@ 0xa8
100026b4:	b01f      	add	sp, #124	@ 0x7c
100026b6:	e8bd 4ff0 	ldmia.w	sp!, {r4, r5, r6, r7, r8, r9, sl, fp, lr}
100026ba:	f7ff bcbd 	b.w	10002038 <_ftoa>
100026be:	ea58 0309 	orrs.w	r3, r8, r9
100026c2:	d12b      	bne.n	1000271c <_etoa+0x224>
100026c4:	2a00      	cmp	r2, #0
100026c6:	f43f af62 	beq.w	1000258e <_etoa+0x96>
100026ca:	2300      	movs	r3, #0
100026cc:	930c      	str	r3, [sp, #48]	@ 0x30
100026ce:	9b0e      	ldr	r3, [sp, #56]	@ 0x38
100026d0:	9a0c      	ldr	r2, [sp, #48]	@ 0x30
100026d2:	4293      	cmp	r3, r2
100026d4:	f300 81b9 	bgt.w	10002a4a <_etoa+0x552>
100026d8:	f04f 0800 	mov.w	r8, #0
100026dc:	4620      	mov	r0, r4
100026de:	4629      	mov	r1, r5
100026e0:	2200      	movs	r2, #0
100026e2:	2300      	movs	r3, #0
100026e4:	f7ff fb18 	bl	10001d18 <__wrap___aeabi_dcmplt>
100026e8:	2800      	cmp	r0, #0
100026ea:	f040 8113 	bne.w	10002914 <_etoa+0x41c>
100026ee:	ed9d 7b0a 	vldr	d7, [sp, #40]	@ 0x28
100026f2:	f426 6600 	bic.w	r6, r6, #2048	@ 0x800
100026f6:	f446 6680 	orr.w	r6, r6, #1024	@ 0x400
100026fa:	ed8d 7b28 	vstr	d7, [sp, #160]	@ 0xa0
100026fe:	465a      	mov	r2, fp
10002700:	4638      	mov	r0, r7
10002702:	e9cd 8a2a 	strd	r8, sl, [sp, #168]	@ 0xa8
10002706:	9b09      	ldr	r3, [sp, #36]	@ 0x24
10002708:	9908      	ldr	r1, [sp, #32]
1000270a:	962c      	str	r6, [sp, #176]	@ 0xb0
1000270c:	e7d2      	b.n	100026b4 <_etoa+0x1bc>
1000270e:	bf00      	nop
10002710:	7fefffff 	.word	0x7fefffff
10002714:	cccccccd 	.word	0xcccccccd
10002718:	2306      	movs	r3, #6
1000271a:	930e      	str	r3, [sp, #56]	@ 0x38
1000271c:	f3c9 500a 	ubfx	r0, r9, #20, #11
10002720:	f2a0 30ff 	subw	r0, r0, #1023	@ 0x3ff
10002724:	f7ff fa9e 	bl	10001c64 <__wrap___aeabi_i2d>
10002728:	a3c1      	add	r3, pc, #772	@ (adr r3, 10002a30 <_etoa+0x538>)
1000272a:	e9d3 2300 	ldrd	r2, r3, [r3]
1000272e:	f7ff fa25 	bl	10001b7c <__wrap___aeabi_dmul>
10002732:	a3c1      	add	r3, pc, #772	@ (adr r3, 10002a38 <_etoa+0x540>)
10002734:	e9d3 2300 	ldrd	r2, r3, [r3]
10002738:	f7ff f9f8 	bl	10001b2c <__wrap___aeabi_dadd>
1000273c:	f3c9 0913 	ubfx	r9, r9, #0, #20
10002740:	e9cd 010c 	strd	r0, r1, [sp, #48]	@ 0x30
10002744:	f049 517f 	orr.w	r1, r9, #1069547520	@ 0x3fc00000
10002748:	4640      	mov	r0, r8
1000274a:	2200      	movs	r2, #0
1000274c:	4bb2      	ldr	r3, [pc, #712]	@ (10002a18 <_etoa+0x520>)
1000274e:	f441 1140 	orr.w	r1, r1, #3145728	@ 0x300000
10002752:	f7ff f9ff 	bl	10001b54 <__wrap___aeabi_dsub>
10002756:	a3a4      	add	r3, pc, #656	@ (adr r3, 100029e8 <_etoa+0x4f0>)
10002758:	e9d3 2300 	ldrd	r2, r3, [r3]
1000275c:	f7ff fa0e 	bl	10001b7c <__wrap___aeabi_dmul>
10002760:	4602      	mov	r2, r0
10002762:	460b      	mov	r3, r1
10002764:	e9dd 010c 	ldrd	r0, r1, [sp, #48]	@ 0x30
10002768:	f7ff f9e0 	bl	10001b2c <__wrap___aeabi_dadd>
1000276c:	f7ff fa9e 	bl	10001cac <__wrap___aeabi_d2iz>
10002770:	900c      	str	r0, [sp, #48]	@ 0x30
10002772:	f7ff fa77 	bl	10001c64 <__wrap___aeabi_i2d>
10002776:	a39e      	add	r3, pc, #632	@ (adr r3, 100029f0 <_etoa+0x4f8>)
10002778:	e9d3 2300 	ldrd	r2, r3, [r3]
1000277c:	4680      	mov	r8, r0
1000277e:	4689      	mov	r9, r1
10002780:	f7ff f9fc 	bl	10001b7c <__wrap___aeabi_dmul>
10002784:	2200      	movs	r2, #0
10002786:	4ba5      	ldr	r3, [pc, #660]	@ (10002a1c <_etoa+0x524>)
10002788:	f7ff f9d0 	bl	10001b2c <__wrap___aeabi_dadd>
1000278c:	f7ff fa8e 	bl	10001cac <__wrap___aeabi_d2iz>
10002790:	4603      	mov	r3, r0
10002792:	4649      	mov	r1, r9
10002794:	4640      	mov	r0, r8
10002796:	9312      	str	r3, [sp, #72]	@ 0x48
10002798:	a397      	add	r3, pc, #604	@ (adr r3, 100029f8 <_etoa+0x500>)
1000279a:	e9d3 2300 	ldrd	r2, r3, [r3]
1000279e:	f7ff f9ed 	bl	10001b7c <__wrap___aeabi_dmul>
100027a2:	4680      	mov	r8, r0
100027a4:	9812      	ldr	r0, [sp, #72]	@ 0x48
100027a6:	4689      	mov	r9, r1
100027a8:	f7ff fa5c 	bl	10001c64 <__wrap___aeabi_i2d>
100027ac:	a394      	add	r3, pc, #592	@ (adr r3, 10002a00 <_etoa+0x508>)
100027ae:	e9d3 2300 	ldrd	r2, r3, [r3]
100027b2:	f7ff f9e3 	bl	10001b7c <__wrap___aeabi_dmul>
100027b6:	4602      	mov	r2, r0
100027b8:	460b      	mov	r3, r1
100027ba:	4640      	mov	r0, r8
100027bc:	4649      	mov	r1, r9
100027be:	f7ff f9c9 	bl	10001b54 <__wrap___aeabi_dsub>
100027c2:	4602      	mov	r2, r0
100027c4:	460b      	mov	r3, r1
100027c6:	4680      	mov	r8, r0
100027c8:	4689      	mov	r9, r1
100027ca:	f7ff f9d7 	bl	10001b7c <__wrap___aeabi_dmul>
100027ce:	4642      	mov	r2, r8
100027d0:	464b      	mov	r3, r9
100027d2:	e9cd 0110 	strd	r0, r1, [sp, #64]	@ 0x40
100027d6:	4640      	mov	r0, r8
100027d8:	4649      	mov	r1, r9
100027da:	f7ff f9a7 	bl	10001b2c <__wrap___aeabi_dadd>
100027de:	2200      	movs	r2, #0
100027e0:	e9cd 0114 	strd	r0, r1, [sp, #80]	@ 0x50
100027e4:	e9dd 0110 	ldrd	r0, r1, [sp, #64]	@ 0x40
100027e8:	4b8d      	ldr	r3, [pc, #564]	@ (10002a20 <_etoa+0x528>)
100027ea:	f7ff f9ed 	bl	10001bc8 <__wrap___aeabi_ddiv>
100027ee:	2200      	movs	r2, #0
100027f0:	4b8c      	ldr	r3, [pc, #560]	@ (10002a24 <_etoa+0x52c>)
100027f2:	f7ff f99b 	bl	10001b2c <__wrap___aeabi_dadd>
100027f6:	4602      	mov	r2, r0
100027f8:	460b      	mov	r3, r1
100027fa:	e9dd 0110 	ldrd	r0, r1, [sp, #64]	@ 0x40
100027fe:	f7ff f9e3 	bl	10001bc8 <__wrap___aeabi_ddiv>
10002802:	2200      	movs	r2, #0
10002804:	4b88      	ldr	r3, [pc, #544]	@ (10002a28 <_etoa+0x530>)
10002806:	f7ff f991 	bl	10001b2c <__wrap___aeabi_dadd>
1000280a:	4602      	mov	r2, r0
1000280c:	460b      	mov	r3, r1
1000280e:	e9dd 0110 	ldrd	r0, r1, [sp, #64]	@ 0x40
10002812:	f7ff f9d9 	bl	10001bc8 <__wrap___aeabi_ddiv>
10002816:	4642      	mov	r2, r8
10002818:	464b      	mov	r3, r9
1000281a:	4680      	mov	r8, r0
1000281c:	4689      	mov	r9, r1
1000281e:	2000      	movs	r0, #0
10002820:	f04f 4180 	mov.w	r1, #1073741824	@ 0x40000000
10002824:	f7ff f996 	bl	10001b54 <__wrap___aeabi_dsub>
10002828:	4602      	mov	r2, r0
1000282a:	460b      	mov	r3, r1
1000282c:	4640      	mov	r0, r8
1000282e:	4649      	mov	r1, r9
10002830:	f7ff f97c 	bl	10001b2c <__wrap___aeabi_dadd>
10002834:	4602      	mov	r2, r0
10002836:	460b      	mov	r3, r1
10002838:	e9dd 0114 	ldrd	r0, r1, [sp, #80]	@ 0x50
1000283c:	f7ff f9c4 	bl	10001bc8 <__wrap___aeabi_ddiv>
10002840:	2200      	movs	r2, #0
10002842:	4b7a      	ldr	r3, [pc, #488]	@ (10002a2c <_etoa+0x534>)
10002844:	f7ff f972 	bl	10001b2c <__wrap___aeabi_dadd>
10002848:	9b12      	ldr	r3, [sp, #72]	@ 0x48
1000284a:	2200      	movs	r2, #0
1000284c:	f203 3cff 	addw	ip, r3, #1023	@ 0x3ff
10002850:	ea4f 530c 	mov.w	r3, ip, lsl #20
10002854:	f7ff f992 	bl	10001b7c <__wrap___aeabi_dmul>
10002858:	4680      	mov	r8, r0
1000285a:	4689      	mov	r9, r1
1000285c:	e9dd 010a 	ldrd	r0, r1, [sp, #40]	@ 0x28
10002860:	4642      	mov	r2, r8
10002862:	464b      	mov	r3, r9
10002864:	f7ff fa58 	bl	10001d18 <__wrap___aeabi_dcmplt>
10002868:	b150      	cbz	r0, 10002880 <_etoa+0x388>
1000286a:	9b0c      	ldr	r3, [sp, #48]	@ 0x30
1000286c:	4640      	mov	r0, r8
1000286e:	3b01      	subs	r3, #1
10002870:	4649      	mov	r1, r9
10002872:	930c      	str	r3, [sp, #48]	@ 0x30
10002874:	2200      	movs	r2, #0
10002876:	4b6b      	ldr	r3, [pc, #428]	@ (10002a24 <_etoa+0x52c>)
10002878:	f7ff f9a6 	bl	10001bc8 <__wrap___aeabi_ddiv>
1000287c:	4680      	mov	r8, r0
1000287e:	4689      	mov	r9, r1
10002880:	9a0c      	ldr	r2, [sp, #48]	@ 0x30
10002882:	4643      	mov	r3, r8
10002884:	3263      	adds	r2, #99	@ 0x63
10002886:	2ac6      	cmp	r2, #198	@ 0xc6
10002888:	f006 0202 	and.w	r2, r6, #2
1000288c:	9210      	str	r2, [sp, #64]	@ 0x40
1000288e:	4649      	mov	r1, r9
10002890:	9a0f      	ldr	r2, [sp, #60]	@ 0x3c
10002892:	d82c      	bhi.n	100028ee <_etoa+0x3f6>
10002894:	2a00      	cmp	r2, #0
10002896:	d05e      	beq.n	10002956 <_etoa+0x45e>
10002898:	2204      	movs	r2, #4
1000289a:	9212      	str	r2, [sp, #72]	@ 0x48
1000289c:	430b      	orrs	r3, r1
1000289e:	f43f af16 	beq.w	100026ce <_etoa+0x1d6>
100028a2:	e9dd 010a 	ldrd	r0, r1, [sp, #40]	@ 0x28
100028a6:	a358      	add	r3, pc, #352	@ (adr r3, 10002a08 <_etoa+0x510>)
100028a8:	e9d3 2300 	ldrd	r2, r3, [r3]
100028ac:	f7ff fa5c 	bl	10001d68 <__wrap___aeabi_dcmpge>
100028b0:	b148      	cbz	r0, 100028c6 <_etoa+0x3ce>
100028b2:	e9dd 010a 	ldrd	r0, r1, [sp, #40]	@ 0x28
100028b6:	a356      	add	r3, pc, #344	@ (adr r3, 10002a10 <_etoa+0x518>)
100028b8:	e9d3 2300 	ldrd	r2, r3, [r3]
100028bc:	f7ff fa2c 	bl	10001d18 <__wrap___aeabi_dcmplt>
100028c0:	2800      	cmp	r0, #0
100028c2:	f47f af04 	bne.w	100026ce <_etoa+0x1d6>
100028c6:	9b0e      	ldr	r3, [sp, #56]	@ 0x38
100028c8:	2b00      	cmp	r3, #0
100028ca:	d050      	beq.n	1000296e <_etoa+0x476>
100028cc:	9a13      	ldr	r2, [sp, #76]	@ 0x4c
100028ce:	2a00      	cmp	r2, #0
100028d0:	d07d      	beq.n	100029ce <_etoa+0x4d6>
100028d2:	3b01      	subs	r3, #1
100028d4:	930e      	str	r3, [sp, #56]	@ 0x38
100028d6:	9b12      	ldr	r3, [sp, #72]	@ 0x48
100028d8:	459a      	cmp	sl, r3
100028da:	d905      	bls.n	100028e8 <_etoa+0x3f0>
100028dc:	9b10      	ldr	r3, [sp, #64]	@ 0x40
100028de:	2b00      	cmp	r3, #0
100028e0:	f000 80ae 	beq.w	10002a40 <_etoa+0x548>
100028e4:	2302      	movs	r3, #2
100028e6:	9310      	str	r3, [sp, #64]	@ 0x40
100028e8:	2300      	movs	r3, #0
100028ea:	930f      	str	r3, [sp, #60]	@ 0x3c
100028ec:	e044      	b.n	10002978 <_etoa+0x480>
100028ee:	bb22      	cbnz	r2, 1000293a <_etoa+0x442>
100028f0:	f1ba 0f05 	cmp.w	sl, #5
100028f4:	d94f      	bls.n	10002996 <_etoa+0x49e>
100028f6:	f006 0302 	and.w	r3, r6, #2
100028fa:	2b00      	cmp	r3, #0
100028fc:	d149      	bne.n	10002992 <_etoa+0x49a>
100028fe:	2305      	movs	r3, #5
10002900:	9312      	str	r3, [sp, #72]	@ 0x48
10002902:	f1aa 0305 	sub.w	r3, sl, #5
10002906:	930f      	str	r3, [sp, #60]	@ 0x3c
10002908:	e03a      	b.n	10002980 <_etoa+0x488>
1000290a:	f105 4300 	add.w	r3, r5, #2147483648	@ 0x80000000
1000290e:	940a      	str	r4, [sp, #40]	@ 0x28
10002910:	930b      	str	r3, [sp, #44]	@ 0x2c
10002912:	e627      	b.n	10002564 <_etoa+0x6c>
10002914:	f426 6600 	bic.w	r6, r6, #2048	@ 0x800
10002918:	f446 6680 	orr.w	r6, r6, #1024	@ 0x400
1000291c:	4638      	mov	r0, r7
1000291e:	962c      	str	r6, [sp, #176]	@ 0xb0
10002920:	e9dd 670a 	ldrd	r6, r7, [sp, #40]	@ 0x28
10002924:	4634      	mov	r4, r6
10002926:	f107 4500 	add.w	r5, r7, #2147483648	@ 0x80000000
1000292a:	465a      	mov	r2, fp
1000292c:	e9cd 8a2a 	strd	r8, sl, [sp, #168]	@ 0xa8
10002930:	e9cd 4528 	strd	r4, r5, [sp, #160]	@ 0xa0
10002934:	9b09      	ldr	r3, [sp, #36]	@ 0x24
10002936:	9908      	ldr	r1, [sp, #32]
10002938:	e6bc      	b.n	100026b4 <_etoa+0x1bc>
1000293a:	2205      	movs	r2, #5
1000293c:	9212      	str	r2, [sp, #72]	@ 0x48
1000293e:	e7ad      	b.n	1000289c <_etoa+0x3a4>
10002940:	2300      	movs	r3, #0
10002942:	2202      	movs	r2, #2
10002944:	e9cd 320f 	strd	r3, r2, [sp, #60]	@ 0x3c
10002948:	2204      	movs	r2, #4
1000294a:	930c      	str	r3, [sp, #48]	@ 0x30
1000294c:	9212      	str	r2, [sp, #72]	@ 0x48
1000294e:	e62c      	b.n	100025aa <_etoa+0xb2>
10002950:	f04f 0805 	mov.w	r8, #5
10002954:	e6c2      	b.n	100026dc <_etoa+0x1e4>
10002956:	f1ba 0f04 	cmp.w	sl, #4
1000295a:	d91f      	bls.n	1000299c <_etoa+0x4a4>
1000295c:	9b10      	ldr	r3, [sp, #64]	@ 0x40
1000295e:	2b00      	cmp	r3, #0
10002960:	d178      	bne.n	10002a54 <_etoa+0x55c>
10002962:	2304      	movs	r3, #4
10002964:	9312      	str	r3, [sp, #72]	@ 0x48
10002966:	f1aa 0304 	sub.w	r3, sl, #4
1000296a:	930f      	str	r3, [sp, #60]	@ 0x3c
1000296c:	e004      	b.n	10002978 <_etoa+0x480>
1000296e:	9b12      	ldr	r3, [sp, #72]	@ 0x48
10002970:	459a      	cmp	sl, r3
10002972:	d831      	bhi.n	100029d8 <_etoa+0x4e0>
10002974:	9b0e      	ldr	r3, [sp, #56]	@ 0x38
10002976:	930f      	str	r3, [sp, #60]	@ 0x3c
10002978:	9b0c      	ldr	r3, [sp, #48]	@ 0x30
1000297a:	2b00      	cmp	r3, #0
1000297c:	f43f ae15 	beq.w	100025aa <_etoa+0xb2>
10002980:	e9dd 010a 	ldrd	r0, r1, [sp, #40]	@ 0x28
10002984:	4642      	mov	r2, r8
10002986:	464b      	mov	r3, r9
10002988:	f7ff f91e 	bl	10001bc8 <__wrap___aeabi_ddiv>
1000298c:	e9cd 010a 	strd	r0, r1, [sp, #40]	@ 0x28
10002990:	e60b      	b.n	100025aa <_etoa+0xb2>
10002992:	2302      	movs	r3, #2
10002994:	9310      	str	r3, [sp, #64]	@ 0x40
10002996:	2305      	movs	r3, #5
10002998:	9312      	str	r3, [sp, #72]	@ 0x48
1000299a:	e7f1      	b.n	10002980 <_etoa+0x488>
1000299c:	2304      	movs	r3, #4
1000299e:	9312      	str	r3, [sp, #72]	@ 0x48
100029a0:	e7ea      	b.n	10002978 <_etoa+0x480>
100029a2:	e9dd 450a 	ldrd	r4, r5, [sp, #40]	@ 0x28
100029a6:	46a0      	mov	r8, r4
100029a8:	9b0f      	ldr	r3, [sp, #60]	@ 0x3c
100029aa:	f105 4900 	add.w	r9, r5, #2147483648	@ 0x80000000
100029ae:	9303      	str	r3, [sp, #12]
100029b0:	9b0e      	ldr	r3, [sp, #56]	@ 0x38
100029b2:	465a      	mov	r2, fp
100029b4:	9302      	str	r3, [sp, #8]
100029b6:	f426 6300 	bic.w	r3, r6, #2048	@ 0x800
100029ba:	9304      	str	r3, [sp, #16]
100029bc:	4638      	mov	r0, r7
100029be:	e9cd 8900 	strd	r8, r9, [sp]
100029c2:	9b09      	ldr	r3, [sp, #36]	@ 0x24
100029c4:	9908      	ldr	r1, [sp, #32]
100029c6:	f7ff fb37 	bl	10002038 <_ftoa>
100029ca:	4602      	mov	r2, r0
100029cc:	e608      	b.n	100025e0 <_etoa+0xe8>
100029ce:	9b12      	ldr	r3, [sp, #72]	@ 0x48
100029d0:	459a      	cmp	sl, r3
100029d2:	d844      	bhi.n	10002a5e <_etoa+0x566>
100029d4:	920f      	str	r2, [sp, #60]	@ 0x3c
100029d6:	e7cf      	b.n	10002978 <_etoa+0x480>
100029d8:	9b10      	ldr	r3, [sp, #64]	@ 0x40
100029da:	b38b      	cbz	r3, 10002a40 <_etoa+0x548>
100029dc:	9b0e      	ldr	r3, [sp, #56]	@ 0x38
100029de:	930f      	str	r3, [sp, #60]	@ 0x3c
100029e0:	2302      	movs	r3, #2
100029e2:	9310      	str	r3, [sp, #64]	@ 0x40
100029e4:	e7c8      	b.n	10002978 <_etoa+0x480>
100029e6:	bf00      	nop
100029e8:	636f4361 	.word	0x636f4361
100029ec:	3fd287a7 	.word	0x3fd287a7
100029f0:	0979a371 	.word	0x0979a371
100029f4:	400a934f 	.word	0x400a934f
100029f8:	bbb55516 	.word	0xbbb55516
100029fc:	40026bb1 	.word	0x40026bb1
10002a00:	fefa39ef 	.word	0xfefa39ef
10002a04:	3fe62e42 	.word	0x3fe62e42
10002a08:	eb1c432d 	.word	0xeb1c432d
10002a0c:	3f1a36e2 	.word	0x3f1a36e2
10002a10:	00000000 	.word	0x00000000
10002a14:	412e8480 	.word	0x412e8480
10002a18:	3ff80000 	.word	0x3ff80000
10002a1c:	3fe00000 	.word	0x3fe00000
10002a20:	402c0000 	.word	0x402c0000
10002a24:	40240000 	.word	0x40240000
10002a28:	40180000 	.word	0x40180000
10002a2c:	3ff00000 	.word	0x3ff00000
10002a30:	509f79fb 	.word	0x509f79fb
10002a34:	3fd34413 	.word	0x3fd34413
10002a38:	8b60c8b3 	.word	0x8b60c8b3
10002a3c:	3fc68a28 	.word	0x3fc68a28
10002a40:	9b12      	ldr	r3, [sp, #72]	@ 0x48
10002a42:	ebaa 0303 	sub.w	r3, sl, r3
10002a46:	930f      	str	r3, [sp, #60]	@ 0x3c
10002a48:	e796      	b.n	10002978 <_etoa+0x480>
10002a4a:	eba3 0802 	sub.w	r8, r3, r2
10002a4e:	f108 38ff 	add.w	r8, r8, #4294967295
10002a52:	e643      	b.n	100026dc <_etoa+0x1e4>
10002a54:	2304      	movs	r3, #4
10002a56:	9312      	str	r3, [sp, #72]	@ 0x48
10002a58:	2302      	movs	r3, #2
10002a5a:	9310      	str	r3, [sp, #64]	@ 0x40
10002a5c:	e78c      	b.n	10002978 <_etoa+0x480>
10002a5e:	9b10      	ldr	r3, [sp, #64]	@ 0x40
10002a60:	2b00      	cmp	r3, #0
10002a62:	d0ed      	beq.n	10002a40 <_etoa+0x548>
10002a64:	2302      	movs	r3, #2
10002a66:	920f      	str	r2, [sp, #60]	@ 0x3c
10002a68:	9310      	str	r3, [sp, #64]	@ 0x40
10002a6a:	e785      	b.n	10002978 <_etoa+0x480>

10002a6c <_vsnprintf>:
10002a6c:	e92d 4ff0 	stmdb	sp!, {r4, r5, r6, r7, r8, r9, sl, fp, lr}
10002a70:	b09b      	sub	sp, #108	@ 0x6c
10002a72:	9c24      	ldr	r4, [sp, #144]	@ 0x90
10002a74:	4d95      	ldr	r5, [pc, #596]	@ (10002ccc <_vsnprintf+0x260>)
10002a76:	940a      	str	r4, [sp, #40]	@ 0x28
10002a78:	4c95      	ldr	r4, [pc, #596]	@ (10002cd0 <_vsnprintf+0x264>)
10002a7a:	f1b1 0a00 	subs.w	sl, r1, #0
10002a7e:	bf18      	it	ne
10002a80:	4683      	movne	fp, r0
10002a82:	6025      	str	r5, [r4, #0]
10002a84:	7818      	ldrb	r0, [r3, #0]
10002a86:	4c93      	ldr	r4, [pc, #588]	@ (10002cd4 <_vsnprintf+0x268>)
10002a88:	4691      	mov	r9, r2
10002a8a:	bf08      	it	eq
10002a8c:	46a3      	moveq	fp, r4
10002a8e:	9309      	str	r3, [sp, #36]	@ 0x24
10002a90:	2800      	cmp	r0, #0
10002a92:	f000 8293 	beq.w	10002fbc <_vsnprintf+0x550>
10002a96:	f04f 0800 	mov.w	r8, #0
10002a9a:	e00a      	b.n	10002ab2 <_vsnprintf+0x46>
10002a9c:	4642      	mov	r2, r8
10002a9e:	464b      	mov	r3, r9
10002aa0:	4651      	mov	r1, sl
10002aa2:	f108 0801 	add.w	r8, r8, #1
10002aa6:	47d8      	blx	fp
10002aa8:	9b09      	ldr	r3, [sp, #36]	@ 0x24
10002aaa:	7818      	ldrb	r0, [r3, #0]
10002aac:	2800      	cmp	r0, #0
10002aae:	f000 80ce 	beq.w	10002c4e <_vsnprintf+0x1e2>
10002ab2:	9b09      	ldr	r3, [sp, #36]	@ 0x24
10002ab4:	2825      	cmp	r0, #37	@ 0x25
10002ab6:	f103 0301 	add.w	r3, r3, #1
10002aba:	9309      	str	r3, [sp, #36]	@ 0x24
10002abc:	d1ee      	bne.n	10002a9c <_vsnprintf+0x30>
10002abe:	461c      	mov	r4, r3
10002ac0:	2300      	movs	r3, #0
10002ac2:	4622      	mov	r2, r4
10002ac4:	f812 0b01 	ldrb.w	r0, [r2], #1
10002ac8:	f1a0 0120 	sub.w	r1, r0, #32
10002acc:	2910      	cmp	r1, #16
10002ace:	d80a      	bhi.n	10002ae6 <_vsnprintf+0x7a>
10002ad0:	e8df f001 	tbb	[pc, r1]
10002ad4:	3c090940 	.word	0x3c090940
10002ad8:	09090909 	.word	0x09090909
10002adc:	38090909 	.word	0x38090909
10002ae0:	09093409 	.word	0x09093409
10002ae4:	30          	.byte	0x30
10002ae5:	00          	.byte	0x00
10002ae6:	f1a0 0130 	sub.w	r1, r0, #48	@ 0x30
10002aea:	2909      	cmp	r1, #9
10002aec:	9409      	str	r4, [sp, #36]	@ 0x24
10002aee:	f240 808a 	bls.w	10002c06 <_vsnprintf+0x19a>
10002af2:	282a      	cmp	r0, #42	@ 0x2a
10002af4:	f000 80f0 	beq.w	10002cd8 <_vsnprintf+0x26c>
10002af8:	2500      	movs	r5, #0
10002afa:	282e      	cmp	r0, #46	@ 0x2e
10002afc:	f000 8096 	beq.w	10002c2c <_vsnprintf+0x1c0>
10002b00:	2600      	movs	r6, #0
10002b02:	f1a0 0168 	sub.w	r1, r0, #104	@ 0x68
10002b06:	2912      	cmp	r1, #18
10002b08:	d82d      	bhi.n	10002b66 <_vsnprintf+0xfa>
10002b0a:	e8df f011 	tbh	[pc, r1, lsl #1]
10002b0e:	0149      	.short	0x0149
10002b10:	0143002c 	.word	0x0143002c
10002b14:	0138002c 	.word	0x0138002c
10002b18:	002c002c 	.word	0x002c002c
10002b1c:	002c002c 	.word	0x002c002c
10002b20:	002c002c 	.word	0x002c002c
10002b24:	0027002c 	.word	0x0027002c
10002b28:	002c002c 	.word	0x002c002c
10002b2c:	002c002c 	.word	0x002c002c
10002b30:	0027002c 	.word	0x0027002c
10002b34:	4614      	mov	r4, r2
10002b36:	f043 0301 	orr.w	r3, r3, #1
10002b3a:	e7c2      	b.n	10002ac2 <_vsnprintf+0x56>
10002b3c:	4614      	mov	r4, r2
10002b3e:	f043 0302 	orr.w	r3, r3, #2
10002b42:	e7be      	b.n	10002ac2 <_vsnprintf+0x56>
10002b44:	4614      	mov	r4, r2
10002b46:	f043 0304 	orr.w	r3, r3, #4
10002b4a:	e7ba      	b.n	10002ac2 <_vsnprintf+0x56>
10002b4c:	4614      	mov	r4, r2
10002b4e:	f043 0310 	orr.w	r3, r3, #16
10002b52:	e7b6      	b.n	10002ac2 <_vsnprintf+0x56>
10002b54:	4614      	mov	r4, r2
10002b56:	f043 0308 	orr.w	r3, r3, #8
10002b5a:	e7b2      	b.n	10002ac2 <_vsnprintf+0x56>
10002b5c:	9909      	ldr	r1, [sp, #36]	@ 0x24
10002b5e:	7848      	ldrb	r0, [r1, #1]
10002b60:	f443 7380 	orr.w	r3, r3, #256	@ 0x100
10002b64:	3201      	adds	r2, #1
10002b66:	2867      	cmp	r0, #103	@ 0x67
10002b68:	9209      	str	r2, [sp, #36]	@ 0x24
10002b6a:	d87e      	bhi.n	10002c6a <_vsnprintf+0x1fe>
10002b6c:	2824      	cmp	r0, #36	@ 0x24
10002b6e:	f240 80c1 	bls.w	10002cf4 <_vsnprintf+0x288>
10002b72:	f1a0 0225 	sub.w	r2, r0, #37	@ 0x25
10002b76:	2a42      	cmp	r2, #66	@ 0x42
10002b78:	f200 80bc 	bhi.w	10002cf4 <_vsnprintf+0x288>
10002b7c:	e8df f012 	tbh	[pc, r2, lsl #1]
10002b80:	00ba0150 	.word	0x00ba0150
10002b84:	00ba00ba 	.word	0x00ba00ba
10002b88:	00ba00ba 	.word	0x00ba00ba
10002b8c:	00ba00ba 	.word	0x00ba00ba
10002b90:	00ba00ba 	.word	0x00ba00ba
10002b94:	00ba00ba 	.word	0x00ba00ba
10002b98:	00ba00ba 	.word	0x00ba00ba
10002b9c:	00ba00ba 	.word	0x00ba00ba
10002ba0:	00ba00ba 	.word	0x00ba00ba
10002ba4:	00ba00ba 	.word	0x00ba00ba
10002ba8:	00ba00ba 	.word	0x00ba00ba
10002bac:	00ba00ba 	.word	0x00ba00ba
10002bb0:	00ba00ba 	.word	0x00ba00ba
10002bb4:	00ba00ba 	.word	0x00ba00ba
10002bb8:	00ba00ba 	.word	0x00ba00ba
10002bbc:	00ba00ba 	.word	0x00ba00ba
10002bc0:	01370119 	.word	0x01370119
10002bc4:	00ba0119 	.word	0x00ba0119
10002bc8:	00ba00ba 	.word	0x00ba00ba
10002bcc:	00ba00ba 	.word	0x00ba00ba
10002bd0:	00ba00ba 	.word	0x00ba00ba
10002bd4:	00ba00ba 	.word	0x00ba00ba
10002bd8:	00ba00ba 	.word	0x00ba00ba
10002bdc:	00ba00ba 	.word	0x00ba00ba
10002be0:	00ba00ba 	.word	0x00ba00ba
10002be4:	01bc00ba 	.word	0x01bc00ba
10002be8:	00ba00ba 	.word	0x00ba00ba
10002bec:	00ba00ba 	.word	0x00ba00ba
10002bf0:	00ba00ba 	.word	0x00ba00ba
10002bf4:	00ba00ba 	.word	0x00ba00ba
10002bf8:	01bc00ba 	.word	0x01bc00ba
10002bfc:	01bc0158 	.word	0x01bc0158
10002c00:	01370119 	.word	0x01370119
10002c04:	0119      	.short	0x0119
10002c06:	2500      	movs	r5, #0
10002c08:	e000      	b.n	10002c0c <_vsnprintf+0x1a0>
10002c0a:	3201      	adds	r2, #1
10002c0c:	eb05 0585 	add.w	r5, r5, r5, lsl #2
10002c10:	eb00 0545 	add.w	r5, r0, r5, lsl #1
10002c14:	7810      	ldrb	r0, [r2, #0]
10002c16:	3d30      	subs	r5, #48	@ 0x30
10002c18:	f1a0 0130 	sub.w	r1, r0, #48	@ 0x30
10002c1c:	2909      	cmp	r1, #9
10002c1e:	d9f4      	bls.n	10002c0a <_vsnprintf+0x19e>
10002c20:	282e      	cmp	r0, #46	@ 0x2e
10002c22:	9209      	str	r2, [sp, #36]	@ 0x24
10002c24:	f102 0201 	add.w	r2, r2, #1
10002c28:	f47f af6a 	bne.w	10002b00 <_vsnprintf+0x94>
10002c2c:	9909      	ldr	r1, [sp, #36]	@ 0x24
10002c2e:	f443 6380 	orr.w	r3, r3, #1024	@ 0x400
10002c32:	7848      	ldrb	r0, [r1, #1]
10002c34:	4611      	mov	r1, r2
10002c36:	f1a0 0630 	sub.w	r6, r0, #48	@ 0x30
10002c3a:	2e09      	cmp	r6, #9
10002c3c:	f240 8121 	bls.w	10002e82 <_vsnprintf+0x416>
10002c40:	282a      	cmp	r0, #42	@ 0x2a
10002c42:	f000 812f 	beq.w	10002ea4 <_vsnprintf+0x438>
10002c46:	9209      	str	r2, [sp, #36]	@ 0x24
10002c48:	2600      	movs	r6, #0
10002c4a:	3201      	adds	r2, #1
10002c4c:	e759      	b.n	10002b02 <_vsnprintf+0x96>
10002c4e:	4644      	mov	r4, r8
10002c50:	45c1      	cmp	r9, r8
10002c52:	d801      	bhi.n	10002c58 <_vsnprintf+0x1ec>
10002c54:	f109 38ff 	add.w	r8, r9, #4294967295
10002c58:	464b      	mov	r3, r9
10002c5a:	4642      	mov	r2, r8
10002c5c:	4651      	mov	r1, sl
10002c5e:	2000      	movs	r0, #0
10002c60:	47d8      	blx	fp
10002c62:	4620      	mov	r0, r4
10002c64:	b01b      	add	sp, #108	@ 0x6c
10002c66:	e8bd 8ff0 	ldmia.w	sp!, {r4, r5, r6, r7, r8, r9, sl, fp, pc}
10002c6a:	f1a0 0269 	sub.w	r2, r0, #105	@ 0x69
10002c6e:	b2d2      	uxtb	r2, r2
10002c70:	2a0f      	cmp	r2, #15
10002c72:	d83f      	bhi.n	10002cf4 <_vsnprintf+0x288>
10002c74:	2101      	movs	r1, #1
10002c76:	f249 0741 	movw	r7, #36929	@ 0x9041
10002c7a:	4091      	lsls	r1, r2
10002c7c:	4039      	ands	r1, r7
10002c7e:	f040 80f3 	bne.w	10002e68 <_vsnprintf+0x3fc>
10002c82:	2a0a      	cmp	r2, #10
10002c84:	d03d      	beq.n	10002d02 <_vsnprintf+0x296>
10002c86:	2a07      	cmp	r2, #7
10002c88:	d134      	bne.n	10002cf4 <_vsnprintf+0x288>
10002c8a:	9d0a      	ldr	r5, [sp, #40]	@ 0x28
10002c8c:	f855 2b04 	ldr.w	r2, [r5], #4
10002c90:	2a00      	cmp	r2, #0
10002c92:	f000 8113 	beq.w	10002ebc <_vsnprintf+0x450>
10002c96:	f043 0021 	orr.w	r0, r3, #33	@ 0x21
10002c9a:	ab12      	add	r3, sp, #72	@ 0x48
10002c9c:	461f      	mov	r7, r3
10002c9e:	930b      	str	r3, [sp, #44]	@ 0x2c
10002ca0:	e003      	b.n	10002caa <_vsnprintf+0x23e>
10002ca2:	2920      	cmp	r1, #32
10002ca4:	f000 8114 	beq.w	10002ed0 <_vsnprintf+0x464>
10002ca8:	461a      	mov	r2, r3
10002caa:	f002 040f 	and.w	r4, r2, #15
10002cae:	4623      	mov	r3, r4
10002cb0:	2c09      	cmp	r4, #9
10002cb2:	bf94      	ite	ls
10002cb4:	3330      	addls	r3, #48	@ 0x30
10002cb6:	3337      	addhi	r3, #55	@ 0x37
10002cb8:	2a0f      	cmp	r2, #15
10002cba:	f807 3b01 	strb.w	r3, [r7], #1
10002cbe:	f101 0101 	add.w	r1, r1, #1
10002cc2:	ea4f 1312 	mov.w	r3, r2, lsr #4
10002cc6:	d8ec      	bhi.n	10002ca2 <_vsnprintf+0x236>
10002cc8:	e102      	b.n	10002ed0 <_vsnprintf+0x464>
10002cca:	bf00      	nop
10002ccc:	10002a6d 	.word	0x10002a6d
10002cd0:	20001dd4 	.word	0x20001dd4
10002cd4:	10001db1 	.word	0x10001db1
10002cd8:	990a      	ldr	r1, [sp, #40]	@ 0x28
10002cda:	9809      	ldr	r0, [sp, #36]	@ 0x24
10002cdc:	f851 5b04 	ldr.w	r5, [r1], #4
10002ce0:	7840      	ldrb	r0, [r0, #1]
10002ce2:	2d00      	cmp	r5, #0
10002ce4:	e9cd 2109 	strd	r2, r1, [sp, #36]	@ 0x24
10002ce8:	bfbc      	itt	lt
10002cea:	f043 0302 	orrlt.w	r3, r3, #2
10002cee:	426d      	neglt	r5, r5
10002cf0:	3201      	adds	r2, #1
10002cf2:	e702      	b.n	10002afa <_vsnprintf+0x8e>
10002cf4:	4642      	mov	r2, r8
10002cf6:	464b      	mov	r3, r9
10002cf8:	4651      	mov	r1, sl
10002cfa:	f108 0801 	add.w	r8, r8, #1
10002cfe:	47d8      	blx	fp
10002d00:	e6d2      	b.n	10002aa8 <_vsnprintf+0x3c>
10002d02:	990a      	ldr	r1, [sp, #40]	@ 0x28
10002d04:	2e00      	cmp	r6, #0
10002d06:	f851 7b04 	ldr.w	r7, [r1], #4
10002d0a:	bf18      	it	ne
10002d0c:	4632      	movne	r2, r6
10002d0e:	7838      	ldrb	r0, [r7, #0]
10002d10:	bf08      	it	eq
10002d12:	f04f 32ff 	moveq.w	r2, #4294967295
10002d16:	2800      	cmp	r0, #0
10002d18:	f000 837b 	beq.w	10003412 <_vsnprintf+0x9a6>
10002d1c:	18bc      	adds	r4, r7, r2
10002d1e:	46a4      	mov	ip, r4
10002d20:	463a      	mov	r2, r7
10002d22:	e004      	b.n	10002d2e <_vsnprintf+0x2c2>
10002d24:	f812 4f01 	ldrb.w	r4, [r2, #1]!
10002d28:	2c00      	cmp	r4, #0
10002d2a:	f000 813f 	beq.w	10002fac <_vsnprintf+0x540>
10002d2e:	4594      	cmp	ip, r2
10002d30:	d1f8      	bne.n	10002d24 <_vsnprintf+0x2b8>
10002d32:	4664      	mov	r4, ip
10002d34:	1be4      	subs	r4, r4, r7
10002d36:	055a      	lsls	r2, r3, #21
10002d38:	f140 8122 	bpl.w	10002f80 <_vsnprintf+0x514>
10002d3c:	42b4      	cmp	r4, r6
10002d3e:	bf28      	it	cs
10002d40:	4634      	movcs	r4, r6
10002d42:	f013 0302 	ands.w	r3, r3, #2
10002d46:	f000 8288 	beq.w	1000325a <_vsnprintf+0x7ee>
10002d4a:	2302      	movs	r3, #2
10002d4c:	e9cd 510a 	strd	r5, r1, [sp, #40]	@ 0x28
10002d50:	4642      	mov	r2, r8
10002d52:	461d      	mov	r5, r3
10002d54:	4446      	add	r6, r8
10002d56:	e008      	b.n	10002d6a <_vsnprintf+0x2fe>
10002d58:	464b      	mov	r3, r9
10002d5a:	4651      	mov	r1, sl
10002d5c:	47d8      	blx	fp
10002d5e:	f817 0f01 	ldrb.w	r0, [r7, #1]!
10002d62:	f108 0801 	add.w	r8, r8, #1
10002d66:	b110      	cbz	r0, 10002d6e <_vsnprintf+0x302>
10002d68:	4642      	mov	r2, r8
10002d6a:	4546      	cmp	r6, r8
10002d6c:	d1f4      	bne.n	10002d58 <_vsnprintf+0x2ec>
10002d6e:	462b      	mov	r3, r5
10002d70:	990b      	ldr	r1, [sp, #44]	@ 0x2c
10002d72:	9d0a      	ldr	r5, [sp, #40]	@ 0x28
10002d74:	2b00      	cmp	r3, #0
10002d76:	f040 8141 	bne.w	10002ffc <_vsnprintf+0x590>
10002d7a:	910a      	str	r1, [sp, #40]	@ 0x28
10002d7c:	e694      	b.n	10002aa8 <_vsnprintf+0x3c>
10002d7e:	9909      	ldr	r1, [sp, #36]	@ 0x24
10002d80:	7848      	ldrb	r0, [r1, #1]
10002d82:	286c      	cmp	r0, #108	@ 0x6c
10002d84:	f47f aeec 	bne.w	10002b60 <_vsnprintf+0xf4>
10002d88:	460a      	mov	r2, r1
10002d8a:	7888      	ldrb	r0, [r1, #2]
10002d8c:	f443 7340 	orr.w	r3, r3, #768	@ 0x300
10002d90:	3203      	adds	r2, #3
10002d92:	e6e8      	b.n	10002b66 <_vsnprintf+0xfa>
10002d94:	9909      	ldr	r1, [sp, #36]	@ 0x24
10002d96:	f443 7300 	orr.w	r3, r3, #512	@ 0x200
10002d9a:	7848      	ldrb	r0, [r1, #1]
10002d9c:	3201      	adds	r2, #1
10002d9e:	e6e2      	b.n	10002b66 <_vsnprintf+0xfa>
10002da0:	9909      	ldr	r1, [sp, #36]	@ 0x24
10002da2:	7848      	ldrb	r0, [r1, #1]
10002da4:	2868      	cmp	r0, #104	@ 0x68
10002da6:	f000 8103 	beq.w	10002fb0 <_vsnprintf+0x544>
10002daa:	f043 0380 	orr.w	r3, r3, #128	@ 0x80
10002dae:	3201      	adds	r2, #1
10002db0:	e6d9      	b.n	10002b66 <_vsnprintf+0xfa>
10002db2:	2867      	cmp	r0, #103	@ 0x67
10002db4:	f000 80d9 	beq.w	10002f6a <_vsnprintf+0x4fe>
10002db8:	2847      	cmp	r0, #71	@ 0x47
10002dba:	f000 80dc 	beq.w	10002f76 <_vsnprintf+0x50a>
10002dbe:	2845      	cmp	r0, #69	@ 0x45
10002dc0:	f000 80db 	beq.w	10002f7a <_vsnprintf+0x50e>
10002dc4:	e9cd 5303 	strd	r5, r3, [sp, #12]
10002dc8:	9b0a      	ldr	r3, [sp, #40]	@ 0x28
10002dca:	9602      	str	r6, [sp, #8]
10002dcc:	3307      	adds	r3, #7
10002dce:	f023 0307 	bic.w	r3, r3, #7
10002dd2:	461c      	mov	r4, r3
10002dd4:	4642      	mov	r2, r8
10002dd6:	e8f4 6702 	ldrd	r6, r7, [r4], #8
10002dda:	464b      	mov	r3, r9
10002ddc:	4651      	mov	r1, sl
10002dde:	4658      	mov	r0, fp
10002de0:	e9cd 6700 	strd	r6, r7, [sp]
10002de4:	940a      	str	r4, [sp, #40]	@ 0x28
10002de6:	f7ff fb87 	bl	100024f8 <_etoa>
10002dea:	4680      	mov	r8, r0
10002dec:	e65c      	b.n	10002aa8 <_vsnprintf+0x3c>
10002dee:	2846      	cmp	r0, #70	@ 0x46
10002df0:	bf08      	it	eq
10002df2:	f043 0320 	orreq.w	r3, r3, #32
10002df6:	e9cd 5303 	strd	r5, r3, [sp, #12]
10002dfa:	9b0a      	ldr	r3, [sp, #40]	@ 0x28
10002dfc:	9602      	str	r6, [sp, #8]
10002dfe:	3307      	adds	r3, #7
10002e00:	f023 0307 	bic.w	r3, r3, #7
10002e04:	461c      	mov	r4, r3
10002e06:	4642      	mov	r2, r8
10002e08:	e8f4 6702 	ldrd	r6, r7, [r4], #8
10002e0c:	464b      	mov	r3, r9
10002e0e:	4651      	mov	r1, sl
10002e10:	4658      	mov	r0, fp
10002e12:	e9cd 6700 	strd	r6, r7, [sp]
10002e16:	940a      	str	r4, [sp, #40]	@ 0x28
10002e18:	f7ff f90e 	bl	10002038 <_ftoa>
10002e1c:	4680      	mov	r8, r0
10002e1e:	e643      	b.n	10002aa8 <_vsnprintf+0x3c>
10002e20:	4642      	mov	r2, r8
10002e22:	464b      	mov	r3, r9
10002e24:	4651      	mov	r1, sl
10002e26:	2025      	movs	r0, #37	@ 0x25
10002e28:	f108 0801 	add.w	r8, r8, #1
10002e2c:	47d8      	blx	fp
10002e2e:	e63b      	b.n	10002aa8 <_vsnprintf+0x3c>
10002e30:	9a0a      	ldr	r2, [sp, #40]	@ 0x28
10002e32:	0799      	lsls	r1, r3, #30
10002e34:	f102 0404 	add.w	r4, r2, #4
10002e38:	f108 0601 	add.w	r6, r8, #1
10002e3c:	f140 80c6 	bpl.w	10002fcc <_vsnprintf+0x560>
10002e40:	7810      	ldrb	r0, [r2, #0]
10002e42:	464b      	mov	r3, r9
10002e44:	4642      	mov	r2, r8
10002e46:	4651      	mov	r1, sl
10002e48:	47d8      	blx	fp
10002e4a:	2d01      	cmp	r5, #1
10002e4c:	bf88      	it	hi
10002e4e:	44a8      	addhi	r8, r5
10002e50:	f240 81bd 	bls.w	100031ce <_vsnprintf+0x762>
10002e54:	4632      	mov	r2, r6
10002e56:	464b      	mov	r3, r9
10002e58:	4651      	mov	r1, sl
10002e5a:	2020      	movs	r0, #32
10002e5c:	3601      	adds	r6, #1
10002e5e:	47d8      	blx	fp
10002e60:	4546      	cmp	r6, r8
10002e62:	d1f7      	bne.n	10002e54 <_vsnprintf+0x3e8>
10002e64:	940a      	str	r4, [sp, #40]	@ 0x28
10002e66:	e61f      	b.n	10002aa8 <_vsnprintf+0x3c>
10002e68:	286f      	cmp	r0, #111	@ 0x6f
10002e6a:	f000 8081 	beq.w	10002f70 <_vsnprintf+0x504>
10002e6e:	f240 8248 	bls.w	10003302 <_vsnprintf+0x896>
10002e72:	2878      	cmp	r0, #120	@ 0x78
10002e74:	f000 8190 	beq.w	10003198 <_vsnprintf+0x72c>
10002e78:	270a      	movs	r7, #10
10002e7a:	f023 0310 	bic.w	r3, r3, #16
10002e7e:	46bc      	mov	ip, r7
10002e80:	e041      	b.n	10002f06 <_vsnprintf+0x49a>
10002e82:	2600      	movs	r6, #0
10002e84:	eb06 0686 	add.w	r6, r6, r6, lsl #2
10002e88:	eb00 0046 	add.w	r0, r0, r6, lsl #1
10002e8c:	f1a0 0630 	sub.w	r6, r0, #48	@ 0x30
10002e90:	f811 0f01 	ldrb.w	r0, [r1, #1]!
10002e94:	f1a0 0230 	sub.w	r2, r0, #48	@ 0x30
10002e98:	2a09      	cmp	r2, #9
10002e9a:	d9f3      	bls.n	10002e84 <_vsnprintf+0x418>
10002e9c:	460a      	mov	r2, r1
10002e9e:	9109      	str	r1, [sp, #36]	@ 0x24
10002ea0:	3201      	adds	r2, #1
10002ea2:	e62e      	b.n	10002b02 <_vsnprintf+0x96>
10002ea4:	e9dd 2109 	ldrd	r2, r1, [sp, #36]	@ 0x24
10002ea8:	f851 6b04 	ldr.w	r6, [r1], #4
10002eac:	7890      	ldrb	r0, [r2, #2]
10002eae:	3202      	adds	r2, #2
10002eb0:	9209      	str	r2, [sp, #36]	@ 0x24
10002eb2:	910a      	str	r1, [sp, #40]	@ 0x28
10002eb4:	3201      	adds	r2, #1
10002eb6:	ea26 76e6 	bic.w	r6, r6, r6, asr #31
10002eba:	e622      	b.n	10002b02 <_vsnprintf+0x96>
10002ebc:	f023 0010 	bic.w	r0, r3, #16
10002ec0:	f413 6280 	ands.w	r2, r3, #1024	@ 0x400
10002ec4:	f040 0021 	orr.w	r0, r0, #33	@ 0x21
10002ec8:	f43f aee7 	beq.w	10002c9a <_vsnprintf+0x22e>
10002ecc:	ab12      	add	r3, sp, #72	@ 0x48
10002ece:	930b      	str	r3, [sp, #44]	@ 0x2c
10002ed0:	9b0b      	ldr	r3, [sp, #44]	@ 0x2c
10002ed2:	9006      	str	r0, [sp, #24]
10002ed4:	9300      	str	r3, [sp, #0]
10002ed6:	2308      	movs	r3, #8
10002ed8:	2010      	movs	r0, #16
10002eda:	9305      	str	r3, [sp, #20]
10002edc:	2300      	movs	r3, #0
10002ede:	4642      	mov	r2, r8
10002ee0:	e9cd 3002 	strd	r3, r0, [sp, #8]
10002ee4:	9101      	str	r1, [sp, #4]
10002ee6:	464b      	mov	r3, r9
10002ee8:	4651      	mov	r1, sl
10002eea:	4658      	mov	r0, fp
10002eec:	9604      	str	r6, [sp, #16]
10002eee:	f7fe ffaf 	bl	10001e50 <_ntoa_format>
10002ef2:	950a      	str	r5, [sp, #40]	@ 0x28
10002ef4:	4680      	mov	r8, r0
10002ef6:	e5d7      	b.n	10002aa8 <_vsnprintf+0x3c>
10002ef8:	2858      	cmp	r0, #88	@ 0x58
10002efa:	d062      	beq.n	10002fc2 <_vsnprintf+0x556>
10002efc:	2862      	cmp	r0, #98	@ 0x62
10002efe:	f040 808f 	bne.w	10003020 <_vsnprintf+0x5b4>
10002f02:	2702      	movs	r7, #2
10002f04:	46bc      	mov	ip, r7
10002f06:	f413 6080 	ands.w	r0, r3, #1024	@ 0x400
10002f0a:	f000 80dd 	beq.w	100030c8 <_vsnprintf+0x65c>
10002f0e:	f023 030d 	bic.w	r3, r3, #13
10002f12:	f413 7200 	ands.w	r2, r3, #512	@ 0x200
10002f16:	f040 8181 	bne.w	1000321c <_vsnprintf+0x7b0>
10002f1a:	990a      	ldr	r1, [sp, #40]	@ 0x28
10002f1c:	1d0f      	adds	r7, r1, #4
10002f1e:	f413 7180 	ands.w	r1, r3, #256	@ 0x100
10002f22:	f040 8237 	bne.w	10003394 <_vsnprintf+0x928>
10002f26:	065c      	lsls	r4, r3, #25
10002f28:	9a0a      	ldr	r2, [sp, #40]	@ 0x28
10002f2a:	f140 813b 	bpl.w	100031a4 <_vsnprintf+0x738>
10002f2e:	7812      	ldrb	r2, [r2, #0]
10002f30:	2a00      	cmp	r2, #0
10002f32:	f040 814e 	bne.w	100031d2 <_vsnprintf+0x766>
10002f36:	f023 0310 	bic.w	r3, r3, #16
10002f3a:	2800      	cmp	r0, #0
10002f3c:	f000 8149 	beq.w	100031d2 <_vsnprintf+0x766>
10002f40:	4611      	mov	r1, r2
10002f42:	aa12      	add	r2, sp, #72	@ 0x48
10002f44:	920b      	str	r2, [sp, #44]	@ 0x2c
10002f46:	e9cd 5305 	strd	r5, r3, [sp, #20]
10002f4a:	e9cd c603 	strd	ip, r6, [sp, #12]
10002f4e:	9101      	str	r1, [sp, #4]
10002f50:	9b0b      	ldr	r3, [sp, #44]	@ 0x2c
10002f52:	4642      	mov	r2, r8
10002f54:	9300      	str	r3, [sp, #0]
10002f56:	2300      	movs	r3, #0
10002f58:	4651      	mov	r1, sl
10002f5a:	9302      	str	r3, [sp, #8]
10002f5c:	4658      	mov	r0, fp
10002f5e:	464b      	mov	r3, r9
10002f60:	f7fe ff76 	bl	10001e50 <_ntoa_format>
10002f64:	970a      	str	r7, [sp, #40]	@ 0x28
10002f66:	4680      	mov	r8, r0
10002f68:	e59e      	b.n	10002aa8 <_vsnprintf+0x3c>
10002f6a:	f443 6300 	orr.w	r3, r3, #2048	@ 0x800
10002f6e:	e729      	b.n	10002dc4 <_vsnprintf+0x358>
10002f70:	2708      	movs	r7, #8
10002f72:	46bc      	mov	ip, r7
10002f74:	e7c7      	b.n	10002f06 <_vsnprintf+0x49a>
10002f76:	f443 6300 	orr.w	r3, r3, #2048	@ 0x800
10002f7a:	f043 0320 	orr.w	r3, r3, #32
10002f7e:	e721      	b.n	10002dc4 <_vsnprintf+0x358>
10002f80:	f013 0302 	ands.w	r3, r3, #2
10002f84:	f000 818e 	beq.w	100032a4 <_vsnprintf+0x838>
10002f88:	2302      	movs	r3, #2
10002f8a:	950a      	str	r5, [sp, #40]	@ 0x28
10002f8c:	461e      	mov	r6, r3
10002f8e:	460d      	mov	r5, r1
10002f90:	4642      	mov	r2, r8
10002f92:	464b      	mov	r3, r9
10002f94:	4651      	mov	r1, sl
10002f96:	47d8      	blx	fp
10002f98:	f817 0f01 	ldrb.w	r0, [r7, #1]!
10002f9c:	f108 0801 	add.w	r8, r8, #1
10002fa0:	2800      	cmp	r0, #0
10002fa2:	d1f5      	bne.n	10002f90 <_vsnprintf+0x524>
10002fa4:	4629      	mov	r1, r5
10002fa6:	4633      	mov	r3, r6
10002fa8:	9d0a      	ldr	r5, [sp, #40]	@ 0x28
10002faa:	e6e3      	b.n	10002d74 <_vsnprintf+0x308>
10002fac:	1bd4      	subs	r4, r2, r7
10002fae:	e6c2      	b.n	10002d36 <_vsnprintf+0x2ca>
10002fb0:	460a      	mov	r2, r1
10002fb2:	7888      	ldrb	r0, [r1, #2]
10002fb4:	f043 03c0 	orr.w	r3, r3, #192	@ 0xc0
10002fb8:	3203      	adds	r2, #3
10002fba:	e5d4      	b.n	10002b66 <_vsnprintf+0xfa>
10002fbc:	4604      	mov	r4, r0
10002fbe:	4680      	mov	r8, r0
10002fc0:	e646      	b.n	10002c50 <_vsnprintf+0x1e4>
10002fc2:	2710      	movs	r7, #16
10002fc4:	f043 0320 	orr.w	r3, r3, #32
10002fc8:	46bc      	mov	ip, r7
10002fca:	e79c      	b.n	10002f06 <_vsnprintf+0x49a>
10002fcc:	2d01      	cmp	r5, #1
10002fce:	f240 80f8 	bls.w	100031c2 <_vsnprintf+0x756>
10002fd2:	4646      	mov	r6, r8
10002fd4:	f108 37ff 	add.w	r7, r8, #4294967295
10002fd8:	442f      	add	r7, r5
10002fda:	4632      	mov	r2, r6
10002fdc:	464b      	mov	r3, r9
10002fde:	4651      	mov	r1, sl
10002fe0:	2020      	movs	r0, #32
10002fe2:	3601      	adds	r6, #1
10002fe4:	47d8      	blx	fp
10002fe6:	42be      	cmp	r6, r7
10002fe8:	d1f7      	bne.n	10002fda <_vsnprintf+0x56e>
10002fea:	9b0a      	ldr	r3, [sp, #40]	@ 0x28
10002fec:	4632      	mov	r2, r6
10002fee:	7818      	ldrb	r0, [r3, #0]
10002ff0:	4651      	mov	r1, sl
10002ff2:	464b      	mov	r3, r9
10002ff4:	47d8      	blx	fp
10002ff6:	44a8      	add	r8, r5
10002ff8:	940a      	str	r4, [sp, #40]	@ 0x28
10002ffa:	e555      	b.n	10002aa8 <_vsnprintf+0x3c>
10002ffc:	4646      	mov	r6, r8
10002ffe:	42a5      	cmp	r5, r4
10003000:	f67f aebb 	bls.w	10002d7a <_vsnprintf+0x30e>
10003004:	44a8      	add	r8, r5
10003006:	eba8 0804 	sub.w	r8, r8, r4
1000300a:	460c      	mov	r4, r1
1000300c:	4632      	mov	r2, r6
1000300e:	464b      	mov	r3, r9
10003010:	4651      	mov	r1, sl
10003012:	2020      	movs	r0, #32
10003014:	3601      	adds	r6, #1
10003016:	47d8      	blx	fp
10003018:	4546      	cmp	r6, r8
1000301a:	d1f7      	bne.n	1000300c <_vsnprintf+0x5a0>
1000301c:	4621      	mov	r1, r4
1000301e:	e6ac      	b.n	10002d7a <_vsnprintf+0x30e>
10003020:	f413 6280 	ands.w	r2, r3, #1024	@ 0x400
10003024:	f000 80bb 	beq.w	1000319e <_vsnprintf+0x732>
10003028:	f44f 6280 	mov.w	r2, #1024	@ 0x400
1000302c:	f023 0c11 	bic.w	ip, r3, #17
10003030:	f41c 7700 	ands.w	r7, ip, #512	@ 0x200
10003034:	9b0a      	ldr	r3, [sp, #40]	@ 0x28
10003036:	d14a      	bne.n	100030ce <_vsnprintf+0x662>
10003038:	f41c 7080 	ands.w	r0, ip, #256	@ 0x100
1000303c:	f103 0404 	add.w	r4, r3, #4
10003040:	f040 8134 	bne.w	100032ac <_vsnprintf+0x840>
10003044:	f01c 0f40 	tst.w	ip, #64	@ 0x40
10003048:	f040 80a3 	bne.w	10003192 <_vsnprintf+0x726>
1000304c:	f01c 0f80 	tst.w	ip, #128	@ 0x80
10003050:	f000 81d3 	beq.w	100033fa <_vsnprintf+0x98e>
10003054:	f9b3 1000 	ldrsh.w	r1, [r3]
10003058:	ea81 77e1 	eor.w	r7, r1, r1, asr #31
1000305c:	eba7 77e1 	sub.w	r7, r7, r1, asr #31
10003060:	b2bf      	uxth	r7, r7
10003062:	0fcb      	lsrs	r3, r1, #31
10003064:	2900      	cmp	r1, #0
10003066:	f000 8156 	beq.w	10003316 <_vsnprintf+0x8aa>
1000306a:	463a      	mov	r2, r7
1000306c:	a912      	add	r1, sp, #72	@ 0x48
1000306e:	460f      	mov	r7, r1
10003070:	f8df e3d8 	ldr.w	lr, [pc, #984]	@ 1000344c <_vsnprintf+0x9e0>
10003074:	910b      	str	r1, [sp, #44]	@ 0x2c
10003076:	930a      	str	r3, [sp, #40]	@ 0x28
10003078:	950c      	str	r5, [sp, #48]	@ 0x30
1000307a:	e001      	b.n	10003080 <_vsnprintf+0x614>
1000307c:	2820      	cmp	r0, #32
1000307e:	d00f      	beq.n	100030a0 <_vsnprintf+0x634>
10003080:	4615      	mov	r5, r2
10003082:	fbae 1302 	umull	r1, r3, lr, r2
10003086:	08db      	lsrs	r3, r3, #3
10003088:	eb03 0183 	add.w	r1, r3, r3, lsl #2
1000308c:	eba2 0141 	sub.w	r1, r2, r1, lsl #1
10003090:	3130      	adds	r1, #48	@ 0x30
10003092:	2d09      	cmp	r5, #9
10003094:	461a      	mov	r2, r3
10003096:	f100 0001 	add.w	r0, r0, #1
1000309a:	f807 1b01 	strb.w	r1, [r7], #1
1000309e:	d8ed      	bhi.n	1000307c <_vsnprintf+0x610>
100030a0:	9b0a      	ldr	r3, [sp, #40]	@ 0x28
100030a2:	9d0c      	ldr	r5, [sp, #48]	@ 0x30
100030a4:	e9cd 5c05 	strd	r5, ip, [sp, #20]
100030a8:	e9cd 0301 	strd	r0, r3, [sp, #4]
100030ac:	9604      	str	r6, [sp, #16]
100030ae:	9b0b      	ldr	r3, [sp, #44]	@ 0x2c
100030b0:	4642      	mov	r2, r8
100030b2:	9300      	str	r3, [sp, #0]
100030b4:	230a      	movs	r3, #10
100030b6:	4651      	mov	r1, sl
100030b8:	9303      	str	r3, [sp, #12]
100030ba:	4658      	mov	r0, fp
100030bc:	464b      	mov	r3, r9
100030be:	f7fe fec7 	bl	10001e50 <_ntoa_format>
100030c2:	940a      	str	r4, [sp, #40]	@ 0x28
100030c4:	4680      	mov	r8, r0
100030c6:	e4ef      	b.n	10002aa8 <_vsnprintf+0x3c>
100030c8:	f023 030c 	bic.w	r3, r3, #12
100030cc:	e721      	b.n	10002f12 <_vsnprintf+0x4a6>
100030ce:	3307      	adds	r3, #7
100030d0:	f023 0307 	bic.w	r3, r3, #7
100030d4:	4619      	mov	r1, r3
100030d6:	4608      	mov	r0, r1
100030d8:	685b      	ldr	r3, [r3, #4]
100030da:	f850 1b08 	ldr.w	r1, [r0], #8
100030de:	0fdf      	lsrs	r7, r3, #31
100030e0:	900a      	str	r0, [sp, #40]	@ 0x28
100030e2:	ea51 0003 	orrs.w	r0, r1, r3
100030e6:	d162      	bne.n	100031ae <_vsnprintf+0x742>
100030e8:	2a00      	cmp	r2, #0
100030ea:	f040 819f 	bne.w	1000342c <_vsnprintf+0x9c0>
100030ee:	4613      	mov	r3, r2
100030f0:	4611      	mov	r1, r2
100030f2:	aa12      	add	r2, sp, #72	@ 0x48
100030f4:	e9cd 750c 	strd	r7, r5, [sp, #48]	@ 0x30
100030f8:	2000      	movs	r0, #0
100030fa:	4615      	mov	r5, r2
100030fc:	e9cd 680e 	strd	r6, r8, [sp, #56]	@ 0x38
10003100:	f8df e348 	ldr.w	lr, [pc, #840]	@ 1000344c <_vsnprintf+0x9e0>
10003104:	920b      	str	r2, [sp, #44]	@ 0x2c
10003106:	e001      	b.n	1000310c <_vsnprintf+0x6a0>
10003108:	2820      	cmp	r0, #32
1000310a:	d02d      	beq.n	10003168 <_vsnprintf+0x6fc>
1000310c:	185a      	adds	r2, r3, r1
1000310e:	f142 0200 	adc.w	r2, r2, #0
10003112:	fbae 7802 	umull	r7, r8, lr, r2
10003116:	f028 0703 	bic.w	r7, r8, #3
1000311a:	eb07 0798 	add.w	r7, r7, r8, lsr #2
1000311e:	1bd2      	subs	r2, r2, r7
10003120:	461e      	mov	r6, r3
10003122:	1a9b      	subs	r3, r3, r2
10003124:	f161 0700 	sbc.w	r7, r1, #0
10003128:	460c      	mov	r4, r1
1000312a:	f04f 31cc 	mov.w	r1, #3435973836	@ 0xcccccccc
1000312e:	fb01 f103 	mul.w	r1, r1, r3
10003132:	fb0e 1107 	mla	r1, lr, r7, r1
10003136:	fba3 730e 	umull	r7, r3, r3, lr
1000313a:	4419      	add	r1, r3
1000313c:	2305      	movs	r3, #5
1000313e:	f007 0801 	and.w	r8, r7, #1
10003142:	fba8 3803 	umull	r3, r8, r8, r3
10003146:	189b      	adds	r3, r3, r2
10003148:	2e0a      	cmp	r6, #10
1000314a:	f103 0330 	add.w	r3, r3, #48	@ 0x30
1000314e:	ea4f 0757 	mov.w	r7, r7, lsr #1
10003152:	f174 0400 	sbcs.w	r4, r4, #0
10003156:	f805 3b01 	strb.w	r3, [r5], #1
1000315a:	f100 0001 	add.w	r0, r0, #1
1000315e:	ea47 73c1 	orr.w	r3, r7, r1, lsl #31
10003162:	ea4f 0151 	mov.w	r1, r1, lsr #1
10003166:	d2cf      	bcs.n	10003108 <_vsnprintf+0x69c>
10003168:	e9dd 750c 	ldrd	r7, r5, [sp, #48]	@ 0x30
1000316c:	e9dd 680e 	ldrd	r6, r8, [sp, #56]	@ 0x38
10003170:	9b0b      	ldr	r3, [sp, #44]	@ 0x2c
10003172:	4642      	mov	r2, r8
10003174:	9300      	str	r3, [sp, #0]
10003176:	230a      	movs	r3, #10
10003178:	e9cd 5c05 	strd	r5, ip, [sp, #20]
1000317c:	e9cd 0701 	strd	r0, r7, [sp, #4]
10003180:	9604      	str	r6, [sp, #16]
10003182:	9303      	str	r3, [sp, #12]
10003184:	464b      	mov	r3, r9
10003186:	4651      	mov	r1, sl
10003188:	4658      	mov	r0, fp
1000318a:	f7fe fe61 	bl	10001e50 <_ntoa_format>
1000318e:	4680      	mov	r8, r0
10003190:	e48a      	b.n	10002aa8 <_vsnprintf+0x3c>
10003192:	7819      	ldrb	r1, [r3, #0]
10003194:	460f      	mov	r7, r1
10003196:	e764      	b.n	10003062 <_vsnprintf+0x5f6>
10003198:	2710      	movs	r7, #16
1000319a:	46bc      	mov	ip, r7
1000319c:	e6b3      	b.n	10002f06 <_vsnprintf+0x49a>
1000319e:	f023 0c10 	bic.w	ip, r3, #16
100031a2:	e745      	b.n	10003030 <_vsnprintf+0x5c4>
100031a4:	061c      	lsls	r4, r3, #24
100031a6:	bf4c      	ite	mi
100031a8:	8812      	ldrhmi	r2, [r2, #0]
100031aa:	6812      	ldrpl	r2, [r2, #0]
100031ac:	e6c0      	b.n	10002f30 <_vsnprintf+0x4c4>
100031ae:	460a      	mov	r2, r1
100031b0:	1e19      	subs	r1, r3, #0
100031b2:	db01      	blt.n	100031b8 <_vsnprintf+0x74c>
100031b4:	4613      	mov	r3, r2
100031b6:	e79c      	b.n	100030f2 <_vsnprintf+0x686>
100031b8:	4252      	negs	r2, r2
100031ba:	4613      	mov	r3, r2
100031bc:	eb61 0141 	sbc.w	r1, r1, r1, lsl #1
100031c0:	e797      	b.n	100030f2 <_vsnprintf+0x686>
100031c2:	4613      	mov	r3, r2
100031c4:	4651      	mov	r1, sl
100031c6:	7818      	ldrb	r0, [r3, #0]
100031c8:	4642      	mov	r2, r8
100031ca:	464b      	mov	r3, r9
100031cc:	47d8      	blx	fp
100031ce:	46b0      	mov	r8, r6
100031d0:	e648      	b.n	10002e64 <_vsnprintf+0x3f8>
100031d2:	f013 0f20 	tst.w	r3, #32
100031d6:	bf14      	ite	ne
100031d8:	2041      	movne	r0, #65	@ 0x41
100031da:	2061      	moveq	r0, #97	@ 0x61
100031dc:	ac12      	add	r4, sp, #72	@ 0x48
100031de:	46a6      	mov	lr, r4
100031e0:	940b      	str	r4, [sp, #44]	@ 0x2c
100031e2:	930a      	str	r3, [sp, #40]	@ 0x28
100031e4:	f1a0 040a 	sub.w	r4, r0, #10
100031e8:	950c      	str	r5, [sp, #48]	@ 0x30
100031ea:	e002      	b.n	100031f2 <_vsnprintf+0x786>
100031ec:	2920      	cmp	r1, #32
100031ee:	d012      	beq.n	10003216 <_vsnprintf+0x7aa>
100031f0:	462a      	mov	r2, r5
100031f2:	fbb2 f5fc 	udiv	r5, r2, ip
100031f6:	fb0c 2015 	mls	r0, ip, r5, r2
100031fa:	b2c3      	uxtb	r3, r0
100031fc:	2809      	cmp	r0, #9
100031fe:	f103 0030 	add.w	r0, r3, #48	@ 0x30
10003202:	bf8a      	itet	hi
10003204:	191b      	addhi	r3, r3, r4
10003206:	b2c3      	uxtbls	r3, r0
10003208:	b2db      	uxtbhi	r3, r3
1000320a:	4562      	cmp	r2, ip
1000320c:	f80e 3b01 	strb.w	r3, [lr], #1
10003210:	f101 0101 	add.w	r1, r1, #1
10003214:	d2ea      	bcs.n	100031ec <_vsnprintf+0x780>
10003216:	9b0a      	ldr	r3, [sp, #40]	@ 0x28
10003218:	9d0c      	ldr	r5, [sp, #48]	@ 0x30
1000321a:	e694      	b.n	10002f46 <_vsnprintf+0x4da>
1000321c:	9a0a      	ldr	r2, [sp, #40]	@ 0x28
1000321e:	3207      	adds	r2, #7
10003220:	f022 0207 	bic.w	r2, r2, #7
10003224:	6851      	ldr	r1, [r2, #4]
10003226:	f852 4b08 	ldr.w	r4, [r2], #8
1000322a:	468e      	mov	lr, r1
1000322c:	920a      	str	r2, [sp, #40]	@ 0x28
1000322e:	ea54 0201 	orrs.w	r2, r4, r1
10003232:	d176      	bne.n	10003322 <_vsnprintf+0x8b6>
10003234:	f023 0310 	bic.w	r3, r3, #16
10003238:	2800      	cmp	r0, #0
1000323a:	d072      	beq.n	10003322 <_vsnprintf+0x8b6>
1000323c:	2200      	movs	r2, #0
1000323e:	4611      	mov	r1, r2
10003240:	aa12      	add	r2, sp, #72	@ 0x48
10003242:	920b      	str	r2, [sp, #44]	@ 0x2c
10003244:	e9cd 5305 	strd	r5, r3, [sp, #20]
10003248:	9b0b      	ldr	r3, [sp, #44]	@ 0x2c
1000324a:	4642      	mov	r2, r8
1000324c:	9300      	str	r3, [sp, #0]
1000324e:	2300      	movs	r3, #0
10003250:	e9cd c603 	strd	ip, r6, [sp, #12]
10003254:	9101      	str	r1, [sp, #4]
10003256:	9302      	str	r3, [sp, #8]
10003258:	e794      	b.n	10003184 <_vsnprintf+0x718>
1000325a:	42a5      	cmp	r5, r4
1000325c:	bf98      	it	ls
1000325e:	3401      	addls	r4, #1
10003260:	f67f ad74 	bls.w	10002d4c <_vsnprintf+0x2e0>
10003264:	f44f 6380 	mov.w	r3, #1024	@ 0x400
10003268:	e9cd 750a 	strd	r7, r5, [sp, #40]	@ 0x28
1000326c:	eb05 0208 	add.w	r2, r5, r8
10003270:	461f      	mov	r7, r3
10003272:	460d      	mov	r5, r1
10003274:	1b14      	subs	r4, r2, r4
10003276:	4642      	mov	r2, r8
10003278:	464b      	mov	r3, r9
1000327a:	4651      	mov	r1, sl
1000327c:	2020      	movs	r0, #32
1000327e:	f108 0801 	add.w	r8, r8, #1
10003282:	47d8      	blx	fp
10003284:	45a0      	cmp	r8, r4
10003286:	d1f6      	bne.n	10003276 <_vsnprintf+0x80a>
10003288:	463b      	mov	r3, r7
1000328a:	9f0a      	ldr	r7, [sp, #40]	@ 0x28
1000328c:	4629      	mov	r1, r5
1000328e:	7838      	ldrb	r0, [r7, #0]
10003290:	9d0b      	ldr	r5, [sp, #44]	@ 0x2c
10003292:	1c6c      	adds	r4, r5, #1
10003294:	2800      	cmp	r0, #0
10003296:	f43f ad70 	beq.w	10002d7a <_vsnprintf+0x30e>
1000329a:	2b00      	cmp	r3, #0
1000329c:	f43f ae75 	beq.w	10002f8a <_vsnprintf+0x51e>
100032a0:	2300      	movs	r3, #0
100032a2:	e553      	b.n	10002d4c <_vsnprintf+0x2e0>
100032a4:	42a5      	cmp	r5, r4
100032a6:	d8df      	bhi.n	10003268 <_vsnprintf+0x7fc>
100032a8:	3401      	adds	r4, #1
100032aa:	e66e      	b.n	10002f8a <_vsnprintf+0x51e>
100032ac:	6819      	ldr	r1, [r3, #0]
100032ae:	0fcb      	lsrs	r3, r1, #31
100032b0:	2900      	cmp	r1, #0
100032b2:	f000 80a8 	beq.w	10003406 <_vsnprintf+0x99a>
100032b6:	ea81 72e1 	eor.w	r2, r1, r1, asr #31
100032ba:	eba2 72e1 	sub.w	r2, r2, r1, asr #31
100032be:	a912      	add	r1, sp, #72	@ 0x48
100032c0:	4608      	mov	r0, r1
100032c2:	f8df e188 	ldr.w	lr, [pc, #392]	@ 1000344c <_vsnprintf+0x9e0>
100032c6:	910b      	str	r1, [sp, #44]	@ 0x2c
100032c8:	930a      	str	r3, [sp, #40]	@ 0x28
100032ca:	950c      	str	r5, [sp, #48]	@ 0x30
100032cc:	e001      	b.n	100032d2 <_vsnprintf+0x866>
100032ce:	2f20      	cmp	r7, #32
100032d0:	d00f      	beq.n	100032f2 <_vsnprintf+0x886>
100032d2:	4615      	mov	r5, r2
100032d4:	fbae 1302 	umull	r1, r3, lr, r2
100032d8:	08db      	lsrs	r3, r3, #3
100032da:	eb03 0183 	add.w	r1, r3, r3, lsl #2
100032de:	eba2 0141 	sub.w	r1, r2, r1, lsl #1
100032e2:	3130      	adds	r1, #48	@ 0x30
100032e4:	2d09      	cmp	r5, #9
100032e6:	461a      	mov	r2, r3
100032e8:	f107 0701 	add.w	r7, r7, #1
100032ec:	f800 1b01 	strb.w	r1, [r0], #1
100032f0:	d8ed      	bhi.n	100032ce <_vsnprintf+0x862>
100032f2:	9b0a      	ldr	r3, [sp, #40]	@ 0x28
100032f4:	9d0c      	ldr	r5, [sp, #48]	@ 0x30
100032f6:	e9cd 5c05 	strd	r5, ip, [sp, #20]
100032fa:	e9cd 7301 	strd	r7, r3, [sp, #4]
100032fe:	9604      	str	r6, [sp, #16]
10003300:	e6d5      	b.n	100030ae <_vsnprintf+0x642>
10003302:	2869      	cmp	r0, #105	@ 0x69
10003304:	f023 0c10 	bic.w	ip, r3, #16
10003308:	f040 808c 	bne.w	10003424 <_vsnprintf+0x9b8>
1000330c:	f413 6280 	ands.w	r2, r3, #1024	@ 0x400
10003310:	f43f ae8e 	beq.w	10003030 <_vsnprintf+0x5c4>
10003314:	e688      	b.n	10003028 <_vsnprintf+0x5bc>
10003316:	2a00      	cmp	r2, #0
10003318:	f43f aea8 	beq.w	1000306c <_vsnprintf+0x600>
1000331c:	aa12      	add	r2, sp, #72	@ 0x48
1000331e:	920b      	str	r2, [sp, #44]	@ 0x2c
10003320:	e6c0      	b.n	100030a4 <_vsnprintf+0x638>
10003322:	f013 0f20 	tst.w	r3, #32
10003326:	bf14      	ite	ne
10003328:	2241      	movne	r2, #65	@ 0x41
1000332a:	2261      	moveq	r2, #97	@ 0x61
1000332c:	2000      	movs	r0, #0
1000332e:	a912      	add	r1, sp, #72	@ 0x48
10003330:	3a0a      	subs	r2, #10
10003332:	e9cd 680e 	strd	r6, r8, [sp, #56]	@ 0x38
10003336:	e9cd 350c 	strd	r3, r5, [sp, #48]	@ 0x30
1000333a:	f8cd b044 	str.w	fp, [sp, #68]	@ 0x44
1000333e:	4606      	mov	r6, r0
10003340:	4688      	mov	r8, r1
10003342:	4675      	mov	r5, lr
10003344:	4693      	mov	fp, r2
10003346:	910b      	str	r1, [sp, #44]	@ 0x2c
10003348:	f8cd c040 	str.w	ip, [sp, #64]	@ 0x40
1000334c:	e003      	b.n	10003356 <_vsnprintf+0x8ea>
1000334e:	2e20      	cmp	r6, #32
10003350:	d017      	beq.n	10003382 <_vsnprintf+0x916>
10003352:	4604      	mov	r4, r0
10003354:	460d      	mov	r5, r1
10003356:	4629      	mov	r1, r5
10003358:	463a      	mov	r2, r7
1000335a:	2300      	movs	r3, #0
1000335c:	4620      	mov	r0, r4
1000335e:	f002 ff1b 	bl	10006198 <____aeabi_uldivmod_veneer>
10003362:	b2d2      	uxtb	r2, r2
10003364:	2a09      	cmp	r2, #9
10003366:	f102 0330 	add.w	r3, r2, #48	@ 0x30
1000336a:	bf88      	it	hi
1000336c:	eb02 030b 	addhi.w	r3, r2, fp
10003370:	42bc      	cmp	r4, r7
10003372:	b2db      	uxtb	r3, r3
10003374:	f175 0500 	sbcs.w	r5, r5, #0
10003378:	f808 3b01 	strb.w	r3, [r8], #1
1000337c:	f106 0601 	add.w	r6, r6, #1
10003380:	d2e5      	bcs.n	1000334e <_vsnprintf+0x8e2>
10003382:	4631      	mov	r1, r6
10003384:	e9dd 350c 	ldrd	r3, r5, [sp, #48]	@ 0x30
10003388:	e9dd cb10 	ldrd	ip, fp, [sp, #64]	@ 0x40
1000338c:	f8dd 803c 	ldr.w	r8, [sp, #60]	@ 0x3c
10003390:	9e0e      	ldr	r6, [sp, #56]	@ 0x38
10003392:	e757      	b.n	10003244 <_vsnprintf+0x7d8>
10003394:	990a      	ldr	r1, [sp, #40]	@ 0x28
10003396:	6809      	ldr	r1, [r1, #0]
10003398:	b951      	cbnz	r1, 100033b0 <_vsnprintf+0x944>
1000339a:	f023 0310 	bic.w	r3, r3, #16
1000339e:	b138      	cbz	r0, 100033b0 <_vsnprintf+0x944>
100033a0:	a912      	add	r1, sp, #72	@ 0x48
100033a2:	910b      	str	r1, [sp, #44]	@ 0x2c
100033a4:	e9cd 5305 	strd	r5, r3, [sp, #20]
100033a8:	e9cd c603 	strd	ip, r6, [sp, #12]
100033ac:	9201      	str	r2, [sp, #4]
100033ae:	e5cf      	b.n	10002f50 <_vsnprintf+0x4e4>
100033b0:	f013 0f20 	tst.w	r3, #32
100033b4:	bf14      	ite	ne
100033b6:	2041      	movne	r0, #65	@ 0x41
100033b8:	2061      	moveq	r0, #97	@ 0x61
100033ba:	ac12      	add	r4, sp, #72	@ 0x48
100033bc:	46a6      	mov	lr, r4
100033be:	940b      	str	r4, [sp, #44]	@ 0x2c
100033c0:	930a      	str	r3, [sp, #40]	@ 0x28
100033c2:	f1a0 040a 	sub.w	r4, r0, #10
100033c6:	950c      	str	r5, [sp, #48]	@ 0x30
100033c8:	e002      	b.n	100033d0 <_vsnprintf+0x964>
100033ca:	2a20      	cmp	r2, #32
100033cc:	d012      	beq.n	100033f4 <_vsnprintf+0x988>
100033ce:	4629      	mov	r1, r5
100033d0:	fbb1 f5fc 	udiv	r5, r1, ip
100033d4:	fb0c 1015 	mls	r0, ip, r5, r1
100033d8:	b2c3      	uxtb	r3, r0
100033da:	2809      	cmp	r0, #9
100033dc:	f103 0030 	add.w	r0, r3, #48	@ 0x30
100033e0:	bf8a      	itet	hi
100033e2:	191b      	addhi	r3, r3, r4
100033e4:	b2c3      	uxtbls	r3, r0
100033e6:	b2db      	uxtbhi	r3, r3
100033e8:	4561      	cmp	r1, ip
100033ea:	f80e 3b01 	strb.w	r3, [lr], #1
100033ee:	f102 0201 	add.w	r2, r2, #1
100033f2:	d2ea      	bcs.n	100033ca <_vsnprintf+0x95e>
100033f4:	9b0a      	ldr	r3, [sp, #40]	@ 0x28
100033f6:	9d0c      	ldr	r5, [sp, #48]	@ 0x30
100033f8:	e7d4      	b.n	100033a4 <_vsnprintf+0x938>
100033fa:	6819      	ldr	r1, [r3, #0]
100033fc:	ea81 77e1 	eor.w	r7, r1, r1, asr #31
10003400:	eba7 77e1 	sub.w	r7, r7, r1, asr #31
10003404:	e62d      	b.n	10003062 <_vsnprintf+0x5f6>
10003406:	2a00      	cmp	r2, #0
10003408:	f43f af59 	beq.w	100032be <_vsnprintf+0x852>
1000340c:	aa12      	add	r2, sp, #72	@ 0x48
1000340e:	920b      	str	r2, [sp, #44]	@ 0x2c
10003410:	e771      	b.n	100032f6 <_vsnprintf+0x88a>
10003412:	f413 6480 	ands.w	r4, r3, #1024	@ 0x400
10003416:	d00d      	beq.n	10003434 <_vsnprintf+0x9c8>
10003418:	f013 0402 	ands.w	r4, r3, #2
1000341c:	d012      	beq.n	10003444 <_vsnprintf+0x9d8>
1000341e:	4604      	mov	r4, r0
10003420:	4646      	mov	r6, r8
10003422:	e5ec      	b.n	10002ffe <_vsnprintf+0x592>
10003424:	270a      	movs	r7, #10
10003426:	4663      	mov	r3, ip
10003428:	46bc      	mov	ip, r7
1000342a:	e56c      	b.n	10002f06 <_vsnprintf+0x49a>
1000342c:	ab12      	add	r3, sp, #72	@ 0x48
1000342e:	2000      	movs	r0, #0
10003430:	930b      	str	r3, [sp, #44]	@ 0x2c
10003432:	e69d      	b.n	10003170 <_vsnprintf+0x704>
10003434:	f013 0302 	ands.w	r3, r3, #2
10003438:	f47f ade0 	bne.w	10002ffc <_vsnprintf+0x590>
1000343c:	2d00      	cmp	r5, #0
1000343e:	f47f af13 	bne.w	10003268 <_vsnprintf+0x7fc>
10003442:	e49a      	b.n	10002d7a <_vsnprintf+0x30e>
10003444:	2d00      	cmp	r5, #0
10003446:	f47f af0d 	bne.w	10003264 <_vsnprintf+0x7f8>
1000344a:	e496      	b.n	10002d7a <_vsnprintf+0x30e>
1000344c:	cccccccd 	.word	0xcccccccd

10003450 <vfctprintf>:
10003450:	b570      	push	{r4, r5, r6, lr}
10003452:	4694      	mov	ip, r2
10003454:	461e      	mov	r6, r3
10003456:	4605      	mov	r5, r0
10003458:	460c      	mov	r4, r1
1000345a:	b084      	sub	sp, #16
1000345c:	f04f 32ff 	mov.w	r2, #4294967295
10003460:	4663      	mov	r3, ip
10003462:	a902      	add	r1, sp, #8
10003464:	9600      	str	r6, [sp, #0]
10003466:	4803      	ldr	r0, [pc, #12]	@ (10003474 <vfctprintf+0x24>)
10003468:	e9cd 5402 	strd	r5, r4, [sp, #8]
1000346c:	f7ff fafe 	bl	10002a6c <_vsnprintf>
10003470:	b004      	add	sp, #16
10003472:	bd70      	pop	{r4, r5, r6, pc}
10003474:	1000202d 	.word	0x1000202d

10003478 <weak_raw_vprintf>:
10003478:	b510      	push	{r4, lr}
1000347a:	4b09      	ldr	r3, [pc, #36]	@ (100034a0 <weak_raw_vprintf+0x28>)
1000347c:	b084      	sub	sp, #16
1000347e:	681c      	ldr	r4, [r3, #0]
10003480:	b14c      	cbz	r4, 10003496 <weak_raw_vprintf+0x1e>
10003482:	4603      	mov	r3, r0
10003484:	9100      	str	r1, [sp, #0]
10003486:	f04f 32ff 	mov.w	r2, #4294967295
1000348a:	a903      	add	r1, sp, #12
1000348c:	4805      	ldr	r0, [pc, #20]	@ (100034a4 <weak_raw_vprintf+0x2c>)
1000348e:	47a0      	blx	r4
10003490:	2001      	movs	r0, #1
10003492:	b004      	add	sp, #16
10003494:	bd10      	pop	{r4, pc}
10003496:	f000 f979 	bl	1000378c <__wrap_puts>
1000349a:	4620      	mov	r0, r4
1000349c:	b004      	add	sp, #16
1000349e:	bd10      	pop	{r4, pc}
100034a0:	20001dd4 	.word	0x20001dd4
100034a4:	10002025 	.word	0x10002025

100034a8 <_exit>:
100034a8:	be00      	bkpt	0x0000
100034aa:	e7fd      	b.n	100034a8 <_exit>

100034ac <exit>:
100034ac:	b508      	push	{r3, lr}
100034ae:	f7ff fffb 	bl	100034a8 <_exit>
100034b2:	bf00      	nop

100034b4 <runtime_init>:
100034b4:	b538      	push	{r3, r4, r5, lr}
100034b6:	4c06      	ldr	r4, [pc, #24]	@ (100034d0 <runtime_init+0x1c>)
100034b8:	4d06      	ldr	r5, [pc, #24]	@ (100034d4 <runtime_init+0x20>)
100034ba:	f7fe fa07 	bl	100018cc <runtime_run_initializers>
100034be:	42ac      	cmp	r4, r5
100034c0:	d204      	bcs.n	100034cc <runtime_init+0x18>
100034c2:	f854 3b04 	ldr.w	r3, [r4], #4
100034c6:	4798      	blx	r3
100034c8:	42ac      	cmp	r4, r5
100034ca:	d3fa      	bcc.n	100034c2 <runtime_init+0xe>
100034cc:	bd38      	pop	{r3, r4, r5, pc}
100034ce:	bf00      	nop
100034d0:	10006210 	.word	0x10006210
100034d4:	10006218 	.word	0x10006218

100034d8 <stdio_out_chars_no_crlf>:
100034d8:	6803      	ldr	r3, [r0, #0]
100034da:	4608      	mov	r0, r1
100034dc:	4611      	mov	r1, r2
100034de:	4718      	bx	r3

100034e0 <stdio_out_chars_crlf>:
100034e0:	e92d 41f0 	stmdb	sp!, {r4, r5, r6, r7, r8, lr}
100034e4:	4615      	mov	r5, r2
100034e6:	7d42      	ldrb	r2, [r0, #21]
100034e8:	4607      	mov	r7, r0
100034ea:	4688      	mov	r8, r1
100034ec:	2a00      	cmp	r2, #0
100034ee:	d046      	beq.n	1000357e <stdio_out_chars_crlf+0x9e>
100034f0:	2d00      	cmp	r5, #0
100034f2:	dd1d      	ble.n	10003530 <stdio_out_chars_crlf+0x50>
100034f4:	780b      	ldrb	r3, [r1, #0]
100034f6:	2b0a      	cmp	r3, #10
100034f8:	d023      	beq.n	10003542 <stdio_out_chars_crlf+0x62>
100034fa:	2d01      	cmp	r5, #1
100034fc:	f04f 0c00 	mov.w	ip, #0
10003500:	d018      	beq.n	10003534 <stdio_out_chars_crlf+0x54>
10003502:	4646      	mov	r6, r8
10003504:	2401      	movs	r4, #1
10003506:	f816 2f01 	ldrb.w	r2, [r6, #1]!
1000350a:	4621      	mov	r1, r4
1000350c:	2a0a      	cmp	r2, #10
1000350e:	f104 0401 	add.w	r4, r4, #1
10003512:	d022      	beq.n	1000355a <stdio_out_chars_crlf+0x7a>
10003514:	42a5      	cmp	r5, r4
10003516:	d1f6      	bne.n	10003506 <stdio_out_chars_crlf+0x26>
10003518:	4565      	cmp	r5, ip
1000351a:	dc0b      	bgt.n	10003534 <stdio_out_chars_crlf+0x54>
1000351c:	eb08 0305 	add.w	r3, r8, r5
10003520:	f813 3c01 	ldrb.w	r3, [r3, #-1]
10003524:	f1a3 030d 	sub.w	r3, r3, #13
10003528:	fab3 f383 	clz	r3, r3
1000352c:	095b      	lsrs	r3, r3, #5
1000352e:	753b      	strb	r3, [r7, #20]
10003530:	e8bd 81f0 	ldmia.w	sp!, {r4, r5, r6, r7, r8, pc}
10003534:	683b      	ldr	r3, [r7, #0]
10003536:	eba5 010c 	sub.w	r1, r5, ip
1000353a:	eb08 000c 	add.w	r0, r8, ip
1000353e:	4798      	blx	r3
10003540:	e7ec      	b.n	1000351c <stdio_out_chars_crlf+0x3c>
10003542:	7d03      	ldrb	r3, [r0, #20]
10003544:	2b00      	cmp	r3, #0
10003546:	d1d8      	bne.n	100034fa <stdio_out_chars_crlf+0x1a>
10003548:	6803      	ldr	r3, [r0, #0]
1000354a:	2102      	movs	r1, #2
1000354c:	480f      	ldr	r0, [pc, #60]	@ (1000358c <stdio_out_chars_crlf+0xac>)
1000354e:	4798      	blx	r3
10003550:	2d01      	cmp	r5, #1
10003552:	d0e3      	beq.n	1000351c <stdio_out_chars_crlf+0x3c>
10003554:	f04f 0c01 	mov.w	ip, #1
10003558:	e7d3      	b.n	10003502 <stdio_out_chars_crlf+0x22>
1000355a:	f816 3c01 	ldrb.w	r3, [r6, #-1]
1000355e:	2b0d      	cmp	r3, #13
10003560:	d0d8      	beq.n	10003514 <stdio_out_chars_crlf+0x34>
10003562:	458c      	cmp	ip, r1
10003564:	eb08 000c 	add.w	r0, r8, ip
10003568:	eba1 010c 	sub.w	r1, r1, ip
1000356c:	da01      	bge.n	10003572 <stdio_out_chars_crlf+0x92>
1000356e:	683b      	ldr	r3, [r7, #0]
10003570:	4798      	blx	r3
10003572:	2102      	movs	r1, #2
10003574:	4805      	ldr	r0, [pc, #20]	@ (1000358c <stdio_out_chars_crlf+0xac>)
10003576:	683b      	ldr	r3, [r7, #0]
10003578:	4798      	blx	r3
1000357a:	46a4      	mov	ip, r4
1000357c:	e7ca      	b.n	10003514 <stdio_out_chars_crlf+0x34>
1000357e:	4629      	mov	r1, r5
10003580:	4640      	mov	r0, r8
10003582:	683b      	ldr	r3, [r7, #0]
10003584:	e8bd 41f0 	ldmia.w	sp!, {r4, r5, r6, r7, r8, lr}
10003588:	4718      	bx	r3
1000358a:	bf00      	nop
1000358c:	100064d8 	.word	0x100064d8

10003590 <stdio_buffered_printer>:
10003590:	680b      	ldr	r3, [r1, #0]
10003592:	e92d 41f0 	stmdb	sp!, {r4, r5, r6, r7, r8, lr}
10003596:	2b80      	cmp	r3, #128	@ 0x80
10003598:	460d      	mov	r5, r1
1000359a:	4606      	mov	r6, r0
1000359c:	d005      	beq.n	100035aa <stdio_buffered_printer+0x1a>
1000359e:	1c5a      	adds	r2, r3, #1
100035a0:	442b      	add	r3, r5
100035a2:	602a      	str	r2, [r5, #0]
100035a4:	711e      	strb	r6, [r3, #4]
100035a6:	e8bd 81f0 	ldmia.w	sp!, {r4, r5, r6, r7, r8, pc}
100035aa:	4b0f      	ldr	r3, [pc, #60]	@ (100035e8 <stdio_buffered_printer+0x58>)
100035ac:	681c      	ldr	r4, [r3, #0]
100035ae:	b1a4      	cbz	r4, 100035da <stdio_buffered_printer+0x4a>
100035b0:	4f0e      	ldr	r7, [pc, #56]	@ (100035ec <stdio_buffered_printer+0x5c>)
100035b2:	f101 0804 	add.w	r8, r1, #4
100035b6:	e001      	b.n	100035bc <stdio_buffered_printer+0x2c>
100035b8:	6924      	ldr	r4, [r4, #16]
100035ba:	b174      	cbz	r4, 100035da <stdio_buffered_printer+0x4a>
100035bc:	6823      	ldr	r3, [r4, #0]
100035be:	2b00      	cmp	r3, #0
100035c0:	d0fa      	beq.n	100035b8 <stdio_buffered_printer+0x28>
100035c2:	683b      	ldr	r3, [r7, #0]
100035c4:	b10b      	cbz	r3, 100035ca <stdio_buffered_printer+0x3a>
100035c6:	42a3      	cmp	r3, r4
100035c8:	d1f6      	bne.n	100035b8 <stdio_buffered_printer+0x28>
100035ca:	4620      	mov	r0, r4
100035cc:	4641      	mov	r1, r8
100035ce:	682a      	ldr	r2, [r5, #0]
100035d0:	f7ff ff86 	bl	100034e0 <stdio_out_chars_crlf>
100035d4:	6924      	ldr	r4, [r4, #16]
100035d6:	2c00      	cmp	r4, #0
100035d8:	d1f0      	bne.n	100035bc <stdio_buffered_printer+0x2c>
100035da:	2300      	movs	r3, #0
100035dc:	2201      	movs	r2, #1
100035de:	442b      	add	r3, r5
100035e0:	602a      	str	r2, [r5, #0]
100035e2:	711e      	strb	r6, [r3, #4]
100035e4:	e8bd 81f0 	ldmia.w	sp!, {r4, r5, r6, r7, r8, pc}
100035e8:	200019c8 	.word	0x200019c8
100035ec:	200019d0 	.word	0x200019d0

100035f0 <stdio_put_string>:
100035f0:	e92d 47f0 	stmdb	sp!, {r4, r5, r6, r7, r8, r9, sl, lr}
100035f4:	b082      	sub	sp, #8
100035f6:	460d      	mov	r5, r1
100035f8:	4691      	mov	r9, r2
100035fa:	461c      	mov	r4, r3
100035fc:	4606      	mov	r6, r0
100035fe:	f7fd ffd1 	bl	100015a4 <time_us_64>
10003602:	f04f 3cff 	mov.w	ip, #4294967295
10003606:	f06f 4700 	mvn.w	r7, #2147483648	@ 0x80000000
1000360a:	4a2e      	ldr	r2, [pc, #184]	@ (100036c4 <stdio_put_string+0xd4>)
1000360c:	1882      	adds	r2, r0, r2
1000360e:	f141 0300 	adc.w	r3, r1, #0
10003612:	4594      	cmp	ip, r2
10003614:	eb77 0103 	sbcs.w	r1, r7, r3
10003618:	bf3c      	itt	cc
1000361a:	4662      	movcc	r2, ip
1000361c:	463b      	movcc	r3, r7
1000361e:	482a      	ldr	r0, [pc, #168]	@ (100036c8 <stdio_put_string+0xd8>)
10003620:	f002 fdc6 	bl	100061b0 <__mutex_try_enter_block_until_veneer>
10003624:	1c6b      	adds	r3, r5, #1
10003626:	4680      	mov	r8, r0
10003628:	d040      	beq.n	100036ac <stdio_put_string+0xbc>
1000362a:	b30c      	cbz	r4, 10003670 <stdio_put_string+0x80>
1000362c:	4f27      	ldr	r7, [pc, #156]	@ (100036cc <stdio_put_string+0xdc>)
1000362e:	4b28      	ldr	r3, [pc, #160]	@ (100036d0 <stdio_put_string+0xe0>)
10003630:	681c      	ldr	r4, [r3, #0]
10003632:	b1b4      	cbz	r4, 10003662 <stdio_put_string+0x72>
10003634:	f1b9 0f00 	cmp.w	r9, #0
10003638:	d11c      	bne.n	10003674 <stdio_put_string+0x84>
1000363a:	f8df 909c 	ldr.w	r9, [pc, #156]	@ 100036d8 <stdio_put_string+0xe8>
1000363e:	e001      	b.n	10003644 <stdio_put_string+0x54>
10003640:	6924      	ldr	r4, [r4, #16]
10003642:	b174      	cbz	r4, 10003662 <stdio_put_string+0x72>
10003644:	6823      	ldr	r3, [r4, #0]
10003646:	2b00      	cmp	r3, #0
10003648:	d0fa      	beq.n	10003640 <stdio_put_string+0x50>
1000364a:	f8d9 3000 	ldr.w	r3, [r9]
1000364e:	b10b      	cbz	r3, 10003654 <stdio_put_string+0x64>
10003650:	429c      	cmp	r4, r3
10003652:	d1f5      	bne.n	10003640 <stdio_put_string+0x50>
10003654:	4620      	mov	r0, r4
10003656:	462a      	mov	r2, r5
10003658:	4631      	mov	r1, r6
1000365a:	47b8      	blx	r7
1000365c:	6924      	ldr	r4, [r4, #16]
1000365e:	2c00      	cmp	r4, #0
10003660:	d1f0      	bne.n	10003644 <stdio_put_string+0x54>
10003662:	f1b8 0f00 	cmp.w	r8, #0
10003666:	d126      	bne.n	100036b6 <stdio_put_string+0xc6>
10003668:	4628      	mov	r0, r5
1000366a:	b002      	add	sp, #8
1000366c:	e8bd 87f0 	ldmia.w	sp!, {r4, r5, r6, r7, r8, r9, sl, pc}
10003670:	4f18      	ldr	r7, [pc, #96]	@ (100036d4 <stdio_put_string+0xe4>)
10003672:	e7dc      	b.n	1000362e <stdio_put_string+0x3e>
10003674:	f04f 0a0a 	mov.w	sl, #10
10003678:	f8df 905c 	ldr.w	r9, [pc, #92]	@ 100036d8 <stdio_put_string+0xe8>
1000367c:	e002      	b.n	10003684 <stdio_put_string+0x94>
1000367e:	6924      	ldr	r4, [r4, #16]
10003680:	2c00      	cmp	r4, #0
10003682:	d0ee      	beq.n	10003662 <stdio_put_string+0x72>
10003684:	6823      	ldr	r3, [r4, #0]
10003686:	2b00      	cmp	r3, #0
10003688:	d0f9      	beq.n	1000367e <stdio_put_string+0x8e>
1000368a:	f8d9 3000 	ldr.w	r3, [r9]
1000368e:	b10b      	cbz	r3, 10003694 <stdio_put_string+0xa4>
10003690:	42a3      	cmp	r3, r4
10003692:	d1f4      	bne.n	1000367e <stdio_put_string+0x8e>
10003694:	462a      	mov	r2, r5
10003696:	4631      	mov	r1, r6
10003698:	4620      	mov	r0, r4
1000369a:	47b8      	blx	r7
1000369c:	2201      	movs	r2, #1
1000369e:	4620      	mov	r0, r4
100036a0:	f10d 0107 	add.w	r1, sp, #7
100036a4:	f88d a007 	strb.w	sl, [sp, #7]
100036a8:	47b8      	blx	r7
100036aa:	e7e8      	b.n	1000367e <stdio_put_string+0x8e>
100036ac:	4630      	mov	r0, r6
100036ae:	f002 fd37 	bl	10006120 <strlen>
100036b2:	4605      	mov	r5, r0
100036b4:	e7b9      	b.n	1000362a <stdio_put_string+0x3a>
100036b6:	4804      	ldr	r0, [pc, #16]	@ (100036c8 <stdio_put_string+0xd8>)
100036b8:	f002 fd72 	bl	100061a0 <__mutex_exit_veneer>
100036bc:	4628      	mov	r0, r5
100036be:	b002      	add	sp, #8
100036c0:	e8bd 87f0 	ldmia.w	sp!, {r4, r5, r6, r7, r8, r9, sl, pc}
100036c4:	000f4240 	.word	0x000f4240
100036c8:	2000121c 	.word	0x2000121c
100036cc:	100034e1 	.word	0x100034e1
100036d0:	200019c8 	.word	0x200019c8
100036d4:	100034d9 	.word	0x100034d9
100036d8:	200019d0 	.word	0x200019d0

100036dc <stdio_set_driver_enabled>:
100036dc:	4a08      	ldr	r2, [pc, #32]	@ (10003700 <stdio_set_driver_enabled+0x24>)
100036de:	6813      	ldr	r3, [r2, #0]
100036e0:	b923      	cbnz	r3, 100036ec <stdio_set_driver_enabled+0x10>
100036e2:	e00a      	b.n	100036fa <stdio_set_driver_enabled+0x1e>
100036e4:	f103 0210 	add.w	r2, r3, #16
100036e8:	691b      	ldr	r3, [r3, #16]
100036ea:	b133      	cbz	r3, 100036fa <stdio_set_driver_enabled+0x1e>
100036ec:	4283      	cmp	r3, r0
100036ee:	d1f9      	bne.n	100036e4 <stdio_set_driver_enabled+0x8>
100036f0:	b929      	cbnz	r1, 100036fe <stdio_set_driver_enabled+0x22>
100036f2:	6918      	ldr	r0, [r3, #16]
100036f4:	6010      	str	r0, [r2, #0]
100036f6:	6119      	str	r1, [r3, #16]
100036f8:	4770      	bx	lr
100036fa:	b101      	cbz	r1, 100036fe <stdio_set_driver_enabled+0x22>
100036fc:	6010      	str	r0, [r2, #0]
100036fe:	4770      	bx	lr
10003700:	200019c8 	.word	0x200019c8

10003704 <stdio_init_all>:
10003704:	f000 bade 	b.w	10003cc4 <stdio_usb_init>

10003708 <__wrap_putchar>:
10003708:	b5f0      	push	{r4, r5, r6, r7, lr}
1000370a:	b083      	sub	sp, #12
1000370c:	4606      	mov	r6, r0
1000370e:	f88d 0007 	strb.w	r0, [sp, #7]
10003712:	f7fd ff47 	bl	100015a4 <time_us_64>
10003716:	f04f 35ff 	mov.w	r5, #4294967295
1000371a:	f06f 4400 	mvn.w	r4, #2147483648	@ 0x80000000
1000371e:	4a17      	ldr	r2, [pc, #92]	@ (1000377c <__wrap_putchar+0x74>)
10003720:	1882      	adds	r2, r0, r2
10003722:	f141 0300 	adc.w	r3, r1, #0
10003726:	4295      	cmp	r5, r2
10003728:	eb74 0103 	sbcs.w	r1, r4, r3
1000372c:	bf3c      	itt	cc
1000372e:	4623      	movcc	r3, r4
10003730:	462a      	movcc	r2, r5
10003732:	4813      	ldr	r0, [pc, #76]	@ (10003780 <__wrap_putchar+0x78>)
10003734:	f002 fd3c 	bl	100061b0 <__mutex_try_enter_block_until_veneer>
10003738:	4b12      	ldr	r3, [pc, #72]	@ (10003784 <__wrap_putchar+0x7c>)
1000373a:	4607      	mov	r7, r0
1000373c:	681c      	ldr	r4, [r3, #0]
1000373e:	b19c      	cbz	r4, 10003768 <__wrap_putchar+0x60>
10003740:	4d11      	ldr	r5, [pc, #68]	@ (10003788 <__wrap_putchar+0x80>)
10003742:	e001      	b.n	10003748 <__wrap_putchar+0x40>
10003744:	6924      	ldr	r4, [r4, #16]
10003746:	b17c      	cbz	r4, 10003768 <__wrap_putchar+0x60>
10003748:	6823      	ldr	r3, [r4, #0]
1000374a:	2b00      	cmp	r3, #0
1000374c:	d0fa      	beq.n	10003744 <__wrap_putchar+0x3c>
1000374e:	682b      	ldr	r3, [r5, #0]
10003750:	b10b      	cbz	r3, 10003756 <__wrap_putchar+0x4e>
10003752:	429c      	cmp	r4, r3
10003754:	d1f6      	bne.n	10003744 <__wrap_putchar+0x3c>
10003756:	4620      	mov	r0, r4
10003758:	2201      	movs	r2, #1
1000375a:	f10d 0107 	add.w	r1, sp, #7
1000375e:	f7ff febf 	bl	100034e0 <stdio_out_chars_crlf>
10003762:	6924      	ldr	r4, [r4, #16]
10003764:	2c00      	cmp	r4, #0
10003766:	d1ef      	bne.n	10003748 <__wrap_putchar+0x40>
10003768:	b917      	cbnz	r7, 10003770 <__wrap_putchar+0x68>
1000376a:	4630      	mov	r0, r6
1000376c:	b003      	add	sp, #12
1000376e:	bdf0      	pop	{r4, r5, r6, r7, pc}
10003770:	4803      	ldr	r0, [pc, #12]	@ (10003780 <__wrap_putchar+0x78>)
10003772:	f002 fd15 	bl	100061a0 <__mutex_exit_veneer>
10003776:	4630      	mov	r0, r6
10003778:	b003      	add	sp, #12
1000377a:	bdf0      	pop	{r4, r5, r6, r7, pc}
1000377c:	000f4240 	.word	0x000f4240
10003780:	2000121c 	.word	0x2000121c
10003784:	200019c8 	.word	0x200019c8
10003788:	200019d0 	.word	0x200019d0

1000378c <__wrap_puts>:
1000378c:	b538      	push	{r3, r4, r5, lr}
1000378e:	4604      	mov	r4, r0
10003790:	f002 fcc6 	bl	10006120 <strlen>
10003794:	2301      	movs	r3, #1
10003796:	4605      	mov	r5, r0
10003798:	461a      	mov	r2, r3
1000379a:	4620      	mov	r0, r4
1000379c:	4629      	mov	r1, r5
1000379e:	f7ff ff27 	bl	100035f0 <stdio_put_string>
100037a2:	4b08      	ldr	r3, [pc, #32]	@ (100037c4 <__wrap_puts+0x38>)
100037a4:	681c      	ldr	r4, [r3, #0]
100037a6:	b12c      	cbz	r4, 100037b4 <__wrap_puts+0x28>
100037a8:	6863      	ldr	r3, [r4, #4]
100037aa:	b12b      	cbz	r3, 100037b8 <__wrap_puts+0x2c>
100037ac:	4798      	blx	r3
100037ae:	6924      	ldr	r4, [r4, #16]
100037b0:	2c00      	cmp	r4, #0
100037b2:	d1f9      	bne.n	100037a8 <__wrap_puts+0x1c>
100037b4:	4628      	mov	r0, r5
100037b6:	bd38      	pop	{r3, r4, r5, pc}
100037b8:	6924      	ldr	r4, [r4, #16]
100037ba:	2c00      	cmp	r4, #0
100037bc:	d1f4      	bne.n	100037a8 <__wrap_puts+0x1c>
100037be:	4628      	mov	r0, r5
100037c0:	bd38      	pop	{r3, r4, r5, pc}
100037c2:	bf00      	nop
100037c4:	200019c8 	.word	0x200019c8

100037c8 <__wrap_vprintf>:
100037c8:	e92d 41f0 	stmdb	sp!, {r4, r5, r6, r7, r8, lr}
100037cc:	b0a2      	sub	sp, #136	@ 0x88
100037ce:	4604      	mov	r4, r0
100037d0:	460d      	mov	r5, r1
100037d2:	f7fd fee7 	bl	100015a4 <time_us_64>
100037d6:	f04f 37ff 	mov.w	r7, #4294967295
100037da:	f06f 4600 	mvn.w	r6, #2147483648	@ 0x80000000
100037de:	4a26      	ldr	r2, [pc, #152]	@ (10003878 <__wrap_vprintf+0xb0>)
100037e0:	f8df 80a4 	ldr.w	r8, [pc, #164]	@ 10003888 <__wrap_vprintf+0xc0>
100037e4:	1882      	adds	r2, r0, r2
100037e6:	f141 0300 	adc.w	r3, r1, #0
100037ea:	4297      	cmp	r7, r2
100037ec:	eb76 0103 	sbcs.w	r1, r6, r3
100037f0:	bf3c      	itt	cc
100037f2:	463a      	movcc	r2, r7
100037f4:	4633      	movcc	r3, r6
100037f6:	4821      	ldr	r0, [pc, #132]	@ (1000387c <__wrap_vprintf+0xb4>)
100037f8:	f002 fcda 	bl	100061b0 <__mutex_try_enter_block_until_veneer>
100037fc:	2700      	movs	r7, #0
100037fe:	462b      	mov	r3, r5
10003800:	4622      	mov	r2, r4
10003802:	4606      	mov	r6, r0
10003804:	a901      	add	r1, sp, #4
10003806:	481e      	ldr	r0, [pc, #120]	@ (10003880 <__wrap_vprintf+0xb8>)
10003808:	9701      	str	r7, [sp, #4]
1000380a:	f7ff fe21 	bl	10003450 <vfctprintf>
1000380e:	9b01      	ldr	r3, [sp, #4]
10003810:	4605      	mov	r5, r0
10003812:	f8d8 4000 	ldr.w	r4, [r8]
10003816:	b1c3      	cbz	r3, 1000384a <__wrap_vprintf+0x82>
10003818:	2c00      	cmp	r4, #0
1000381a:	d02b      	beq.n	10003874 <__wrap_vprintf+0xac>
1000381c:	4f19      	ldr	r7, [pc, #100]	@ (10003884 <__wrap_vprintf+0xbc>)
1000381e:	e001      	b.n	10003824 <__wrap_vprintf+0x5c>
10003820:	6924      	ldr	r4, [r4, #16]
10003822:	b174      	cbz	r4, 10003842 <__wrap_vprintf+0x7a>
10003824:	6823      	ldr	r3, [r4, #0]
10003826:	2b00      	cmp	r3, #0
10003828:	d0fa      	beq.n	10003820 <__wrap_vprintf+0x58>
1000382a:	683b      	ldr	r3, [r7, #0]
1000382c:	b10b      	cbz	r3, 10003832 <__wrap_vprintf+0x6a>
1000382e:	42a3      	cmp	r3, r4
10003830:	d1f6      	bne.n	10003820 <__wrap_vprintf+0x58>
10003832:	4620      	mov	r0, r4
10003834:	9a01      	ldr	r2, [sp, #4]
10003836:	a902      	add	r1, sp, #8
10003838:	f7ff fe52 	bl	100034e0 <stdio_out_chars_crlf>
1000383c:	6924      	ldr	r4, [r4, #16]
1000383e:	2c00      	cmp	r4, #0
10003840:	d1f0      	bne.n	10003824 <__wrap_vprintf+0x5c>
10003842:	2300      	movs	r3, #0
10003844:	f8d8 4000 	ldr.w	r4, [r8]
10003848:	9301      	str	r3, [sp, #4]
1000384a:	b12c      	cbz	r4, 10003858 <__wrap_vprintf+0x90>
1000384c:	6863      	ldr	r3, [r4, #4]
1000384e:	b143      	cbz	r3, 10003862 <__wrap_vprintf+0x9a>
10003850:	4798      	blx	r3
10003852:	6924      	ldr	r4, [r4, #16]
10003854:	2c00      	cmp	r4, #0
10003856:	d1f9      	bne.n	1000384c <__wrap_vprintf+0x84>
10003858:	b92e      	cbnz	r6, 10003866 <__wrap_vprintf+0x9e>
1000385a:	4628      	mov	r0, r5
1000385c:	b022      	add	sp, #136	@ 0x88
1000385e:	e8bd 81f0 	ldmia.w	sp!, {r4, r5, r6, r7, r8, pc}
10003862:	6924      	ldr	r4, [r4, #16]
10003864:	e7f1      	b.n	1000384a <__wrap_vprintf+0x82>
10003866:	4805      	ldr	r0, [pc, #20]	@ (1000387c <__wrap_vprintf+0xb4>)
10003868:	f002 fc9a 	bl	100061a0 <__mutex_exit_veneer>
1000386c:	4628      	mov	r0, r5
1000386e:	b022      	add	sp, #136	@ 0x88
10003870:	e8bd 81f0 	ldmia.w	sp!, {r4, r5, r6, r7, r8, pc}
10003874:	9401      	str	r4, [sp, #4]
10003876:	e7ef      	b.n	10003858 <__wrap_vprintf+0x90>
10003878:	000f4240 	.word	0x000f4240
1000387c:	2000121c 	.word	0x2000121c
10003880:	10003591 	.word	0x10003591
10003884:	200019d0 	.word	0x200019d0
10003888:	200019c8 	.word	0x200019c8

1000388c <__wrap_printf>:
1000388c:	b40f      	push	{r0, r1, r2, r3}
1000388e:	b500      	push	{lr}
10003890:	b083      	sub	sp, #12
10003892:	a904      	add	r1, sp, #16
10003894:	f851 0b04 	ldr.w	r0, [r1], #4
10003898:	9101      	str	r1, [sp, #4]
1000389a:	f7ff ff95 	bl	100037c8 <__wrap_vprintf>
1000389e:	b003      	add	sp, #12
100038a0:	f85d eb04 	ldr.w	lr, [sp], #4
100038a4:	b004      	add	sp, #16
100038a6:	4770      	bx	lr

100038a8 <resetd_init>:
100038a8:	4770      	bx	lr
100038aa:	bf00      	nop

100038ac <resetd_reset>:
100038ac:	2200      	movs	r2, #0
100038ae:	4b01      	ldr	r3, [pc, #4]	@ (100038b4 <resetd_reset+0x8>)
100038b0:	701a      	strb	r2, [r3, #0]
100038b2:	4770      	bx	lr
100038b4:	20001e49 	.word	0x20001e49

100038b8 <resetd_open>:
100038b8:	794b      	ldrb	r3, [r1, #5]
100038ba:	2bff      	cmp	r3, #255	@ 0xff
100038bc:	d10b      	bne.n	100038d6 <resetd_open+0x1e>
100038be:	7988      	ldrb	r0, [r1, #6]
100038c0:	b948      	cbnz	r0, 100038d6 <resetd_open+0x1e>
100038c2:	79cb      	ldrb	r3, [r1, #7]
100038c4:	2b01      	cmp	r3, #1
100038c6:	d107      	bne.n	100038d8 <resetd_open+0x20>
100038c8:	2a08      	cmp	r2, #8
100038ca:	d905      	bls.n	100038d8 <resetd_open+0x20>
100038cc:	4b03      	ldr	r3, [pc, #12]	@ (100038dc <resetd_open+0x24>)
100038ce:	788a      	ldrb	r2, [r1, #2]
100038d0:	2009      	movs	r0, #9
100038d2:	701a      	strb	r2, [r3, #0]
100038d4:	4770      	bx	lr
100038d6:	2000      	movs	r0, #0
100038d8:	4770      	bx	lr
100038da:	bf00      	nop
100038dc:	20001e49 	.word	0x20001e49

100038e0 <resetd_xfer_cb>:
100038e0:	2001      	movs	r0, #1
100038e2:	4770      	bx	lr

100038e4 <resetd_control_xfer_cb>:
100038e4:	2901      	cmp	r1, #1
100038e6:	d001      	beq.n	100038ec <resetd_control_xfer_cb+0x8>
100038e8:	2001      	movs	r0, #1
100038ea:	4770      	bx	lr
100038ec:	b508      	push	{r3, lr}
100038ee:	4b10      	ldr	r3, [pc, #64]	@ (10003930 <resetd_control_xfer_cb+0x4c>)
100038f0:	8891      	ldrh	r1, [r2, #4]
100038f2:	781b      	ldrb	r3, [r3, #0]
100038f4:	4299      	cmp	r1, r3
100038f6:	d001      	beq.n	100038fc <resetd_control_xfer_cb+0x18>
100038f8:	2000      	movs	r0, #0
100038fa:	bd08      	pop	{r3, pc}
100038fc:	7853      	ldrb	r3, [r2, #1]
100038fe:	2b01      	cmp	r3, #1
10003900:	d008      	beq.n	10003914 <resetd_control_xfer_cb+0x30>
10003902:	2b02      	cmp	r3, #2
10003904:	d1f8      	bne.n	100038f8 <resetd_control_xfer_cb+0x14>
10003906:	2100      	movs	r1, #0
10003908:	2264      	movs	r2, #100	@ 0x64
1000390a:	4608      	mov	r0, r1
1000390c:	f7fd ff1a 	bl	10001744 <watchdog_reboot>
10003910:	2001      	movs	r0, #1
10003912:	bd08      	pop	{r3, pc}
10003914:	8851      	ldrh	r1, [r2, #2]
10003916:	05cb      	lsls	r3, r1, #23
10003918:	bf48      	it	mi
1000391a:	0a48      	lsrmi	r0, r1, #9
1000391c:	f3c1 2240 	ubfx	r2, r1, #9, #1
10003920:	bf58      	it	pl
10003922:	f04f 30ff 	movpl.w	r0, #4294967295
10003926:	f001 017f 	and.w	r1, r1, #127	@ 0x7f
1000392a:	f7fd ff89 	bl	10001840 <rom_reset_usb_boot_extra>
1000392e:	bf00      	nop
10003930:	20001e49 	.word	0x20001e49

10003934 <tud_descriptor_bos_cb>:
10003934:	4800      	ldr	r0, [pc, #0]	@ (10003938 <tud_descriptor_bos_cb+0x4>)
10003936:	4770      	bx	lr
10003938:	100065a4 	.word	0x100065a4

1000393c <tud_vendor_control_xfer_cb>:
1000393c:	2901      	cmp	r1, #1
1000393e:	d107      	bne.n	10003950 <tud_vendor_control_xfer_cb+0x14>
10003940:	7853      	ldrb	r3, [r2, #1]
10003942:	2b01      	cmp	r3, #1
10003944:	d102      	bne.n	1000394c <tud_vendor_control_xfer_cb+0x10>
10003946:	8893      	ldrh	r3, [r2, #4]
10003948:	2b07      	cmp	r3, #7
1000394a:	d003      	beq.n	10003954 <tud_vendor_control_xfer_cb+0x18>
1000394c:	2000      	movs	r0, #0
1000394e:	4770      	bx	lr
10003950:	2001      	movs	r0, #1
10003952:	4770      	bx	lr
10003954:	4611      	mov	r1, r2
10003956:	23a6      	movs	r3, #166	@ 0xa6
10003958:	4a01      	ldr	r2, [pc, #4]	@ (10003960 <tud_vendor_control_xfer_cb+0x24>)
1000395a:	f001 ba39 	b.w	10004dd0 <tud_control_xfer>
1000395e:	bf00      	nop
10003960:	100064fc 	.word	0x100064fc

10003964 <usbd_app_driver_get_cb>:
10003964:	4603      	mov	r3, r0
10003966:	2201      	movs	r2, #1
10003968:	4801      	ldr	r0, [pc, #4]	@ (10003970 <usbd_app_driver_get_cb+0xc>)
1000396a:	701a      	strb	r2, [r3, #0]
1000396c:	4770      	bx	lr
1000396e:	bf00      	nop
10003970:	100064dc 	.word	0x100064dc

10003974 <tud_cdc_line_coding_cb>:
10003974:	b508      	push	{r3, lr}
10003976:	680b      	ldr	r3, [r1, #0]
10003978:	f5b3 6f96 	cmp.w	r3, #1200	@ 0x4b0
1000397c:	d000      	beq.n	10003980 <tud_cdc_line_coding_cb+0xc>
1000397e:	bd08      	pop	{r3, pc}
10003980:	2200      	movs	r2, #0
10003982:	f04f 30ff 	mov.w	r0, #4294967295
10003986:	4611      	mov	r1, r2
10003988:	f7fd ff5a 	bl	10001840 <rom_reset_usb_boot_extra>

1000398c <stdio_usb_set_chars_available_callback>:
1000398c:	4a02      	ldr	r2, [pc, #8]	@ (10003998 <stdio_usb_set_chars_available_callback+0xc>)
1000398e:	4b03      	ldr	r3, [pc, #12]	@ (1000399c <stdio_usb_set_chars_available_callback+0x10>)
10003990:	6010      	str	r0, [r2, #0]
10003992:	6019      	str	r1, [r3, #0]
10003994:	4770      	bx	lr
10003996:	bf00      	nop
10003998:	20001968 	.word	0x20001968
1000399c:	2000196c 	.word	0x2000196c

100039a0 <timer_task>:
100039a0:	4b18      	ldr	r3, [pc, #96]	@ (10003a04 <timer_task+0x64>)
100039a2:	b570      	push	{r4, r5, r6, lr}
100039a4:	681a      	ldr	r2, [r3, #0]
100039a6:	2a00      	cmp	r2, #0
100039a8:	d028      	beq.n	100039fc <timer_task+0x5c>
100039aa:	f3ef 8110 	mrs	r1, PRIMASK
100039ae:	b672      	cpsid	i
100039b0:	e8d2 4fcf 	ldaexb	r4, [r2]
100039b4:	2001      	movs	r0, #1
100039b6:	2c00      	cmp	r4, #0
100039b8:	d1fa      	bne.n	100039b0 <timer_task+0x10>
100039ba:	e8c2 0f44 	strexb	r4, r0, [r2]
100039be:	2c00      	cmp	r4, #0
100039c0:	d1f6      	bne.n	100039b0 <timer_task+0x10>
100039c2:	f3bf 8f5f 	dmb	sy
100039c6:	2200      	movs	r2, #0
100039c8:	4c0f      	ldr	r4, [pc, #60]	@ (10003a08 <timer_task+0x68>)
100039ca:	6818      	ldr	r0, [r3, #0]
100039cc:	6059      	str	r1, [r3, #4]
100039ce:	7022      	strb	r2, [r4, #0]
100039d0:	e8c0 2f8f 	stlb	r2, [r0]
100039d4:	f381 8810 	msr	PRIMASK, r1
100039d8:	2400      	movs	r4, #0
100039da:	2500      	movs	r5, #0
100039dc:	4e0b      	ldr	r6, [pc, #44]	@ (10003a0c <timer_task+0x6c>)
100039de:	7830      	ldrb	r0, [r6, #0]
100039e0:	f7fc ffae 	bl	10000940 <irq_is_enabled>
100039e4:	b920      	cbnz	r0, 100039f0 <timer_task+0x50>
100039e6:	2400      	movs	r4, #0
100039e8:	2500      	movs	r5, #0
100039ea:	4620      	mov	r0, r4
100039ec:	4629      	mov	r1, r5
100039ee:	bd70      	pop	{r4, r5, r6, pc}
100039f0:	7830      	ldrb	r0, [r6, #0]
100039f2:	f7fc ffb5 	bl	10000960 <irq_set_pending>
100039f6:	4620      	mov	r0, r4
100039f8:	4629      	mov	r1, r5
100039fa:	bd70      	pop	{r4, r5, r6, pc}
100039fc:	f44f 747a 	mov.w	r4, #1000	@ 0x3e8
10003a00:	2500      	movs	r5, #0
10003a02:	e7eb      	b.n	100039dc <timer_task+0x3c>
10003a04:	20001df8 	.word	0x20001df8
10003a08:	20001e4b 	.word	0x20001e4b
10003a0c:	20001e4a 	.word	0x20001e4a

10003a10 <usb_irq>:
10003a10:	4b01      	ldr	r3, [pc, #4]	@ (10003a18 <usb_irq+0x8>)
10003a12:	7818      	ldrb	r0, [r3, #0]
10003a14:	f7fc bfa4 	b.w	10000960 <irq_set_pending>
10003a18:	20001e4a 	.word	0x20001e4a

10003a1c <stdio_usb_in_chars>:
10003a1c:	b538      	push	{r3, r4, r5, lr}
10003a1e:	4604      	mov	r4, r0
10003a20:	2000      	movs	r0, #0
10003a22:	460d      	mov	r5, r1
10003a24:	f001 fb04 	bl	10005030 <tud_cdc_n_connected>
10003a28:	b3a8      	cbz	r0, 10003a96 <stdio_usb_in_chars+0x7a>
10003a2a:	2000      	movs	r0, #0
10003a2c:	f001 fb16 	bl	1000505c <tud_cdc_n_available>
10003a30:	b388      	cbz	r0, 10003a96 <stdio_usb_in_chars+0x7a>
10003a32:	f7fd fdb7 	bl	100015a4 <time_us_64>
10003a36:	f04f 3eff 	mov.w	lr, #4294967295
10003a3a:	f06f 4c00 	mvn.w	ip, #2147483648	@ 0x80000000
10003a3e:	4a17      	ldr	r2, [pc, #92]	@ (10003a9c <stdio_usb_in_chars+0x80>)
10003a40:	1882      	adds	r2, r0, r2
10003a42:	f141 0300 	adc.w	r3, r1, #0
10003a46:	4596      	cmp	lr, r2
10003a48:	eb7c 0103 	sbcs.w	r1, ip, r3
10003a4c:	bf3c      	itt	cc
10003a4e:	4672      	movcc	r2, lr
10003a50:	4663      	movcc	r3, ip
10003a52:	4813      	ldr	r0, [pc, #76]	@ (10003aa0 <stdio_usb_in_chars+0x84>)
10003a54:	f002 fbac 	bl	100061b0 <__mutex_try_enter_block_until_veneer>
10003a58:	b1e8      	cbz	r0, 10003a96 <stdio_usb_in_chars+0x7a>
10003a5a:	2000      	movs	r0, #0
10003a5c:	f001 fae8 	bl	10005030 <tud_cdc_n_connected>
10003a60:	b958      	cbnz	r0, 10003a7a <stdio_usb_in_chars+0x5e>
10003a62:	2100      	movs	r1, #0
10003a64:	f04f 30ff 	mov.w	r0, #4294967295
10003a68:	f000 fd0a 	bl	10004480 <tud_task_ext>
10003a6c:	f06f 0402 	mvn.w	r4, #2
10003a70:	480b      	ldr	r0, [pc, #44]	@ (10003aa0 <stdio_usb_in_chars+0x84>)
10003a72:	f002 fb95 	bl	100061a0 <__mutex_exit_veneer>
10003a76:	4620      	mov	r0, r4
10003a78:	bd38      	pop	{r3, r4, r5, pc}
10003a7a:	2000      	movs	r0, #0
10003a7c:	f001 faee 	bl	1000505c <tud_cdc_n_available>
10003a80:	2800      	cmp	r0, #0
10003a82:	d0ee      	beq.n	10003a62 <stdio_usb_in_chars+0x46>
10003a84:	4621      	mov	r1, r4
10003a86:	462a      	mov	r2, r5
10003a88:	2000      	movs	r0, #0
10003a8a:	f001 faf1 	bl	10005070 <tud_cdc_n_read>
10003a8e:	4604      	mov	r4, r0
10003a90:	2800      	cmp	r0, #0
10003a92:	d1ed      	bne.n	10003a70 <stdio_usb_in_chars+0x54>
10003a94:	e7ea      	b.n	10003a6c <stdio_usb_in_chars+0x50>
10003a96:	f06f 0402 	mvn.w	r4, #2
10003a9a:	e7ec      	b.n	10003a76 <stdio_usb_in_chars+0x5a>
10003a9c:	000f4240 	.word	0x000f4240
10003aa0:	20001e2c 	.word	0x20001e2c

10003aa4 <stdio_usb_out_flush>:
10003aa4:	b508      	push	{r3, lr}
10003aa6:	f7fd fd7d 	bl	100015a4 <time_us_64>
10003aaa:	f04f 3eff 	mov.w	lr, #4294967295
10003aae:	f06f 4c00 	mvn.w	ip, #2147483648	@ 0x80000000
10003ab2:	4a0f      	ldr	r2, [pc, #60]	@ (10003af0 <stdio_usb_out_flush+0x4c>)
10003ab4:	1882      	adds	r2, r0, r2
10003ab6:	f141 0300 	adc.w	r3, r1, #0
10003aba:	4596      	cmp	lr, r2
10003abc:	eb7c 0103 	sbcs.w	r1, ip, r3
10003ac0:	bf3c      	itt	cc
10003ac2:	4672      	movcc	r2, lr
10003ac4:	4663      	movcc	r3, ip
10003ac6:	480b      	ldr	r0, [pc, #44]	@ (10003af4 <stdio_usb_out_flush+0x50>)
10003ac8:	f002 fb72 	bl	100061b0 <__mutex_try_enter_block_until_veneer>
10003acc:	b170      	cbz	r0, 10003aec <stdio_usb_out_flush+0x48>
10003ace:	f04f 30ff 	mov.w	r0, #4294967295
10003ad2:	2100      	movs	r1, #0
10003ad4:	f000 fcd4 	bl	10004480 <tud_task_ext>
10003ad8:	2000      	movs	r0, #0
10003ada:	f001 fb11 	bl	10005100 <tud_cdc_n_write_flush>
10003ade:	2800      	cmp	r0, #0
10003ae0:	d1f5      	bne.n	10003ace <stdio_usb_out_flush+0x2a>
10003ae2:	e8bd 4008 	ldmia.w	sp!, {r3, lr}
10003ae6:	4803      	ldr	r0, [pc, #12]	@ (10003af4 <stdio_usb_out_flush+0x50>)
10003ae8:	f002 bb5a 	b.w	100061a0 <__mutex_exit_veneer>
10003aec:	bd08      	pop	{r3, pc}
10003aee:	bf00      	nop
10003af0:	000f4240 	.word	0x000f4240
10003af4:	20001e2c 	.word	0x20001e2c

10003af8 <stdio_usb_out_chars>:
10003af8:	e92d 43f8 	stmdb	sp!, {r3, r4, r5, r6, r7, r8, r9, lr}
10003afc:	4680      	mov	r8, r0
10003afe:	460f      	mov	r7, r1
10003b00:	f7fd fd50 	bl	100015a4 <time_us_64>
10003b04:	f04f 35ff 	mov.w	r5, #4294967295
10003b08:	f06f 4400 	mvn.w	r4, #2147483648	@ 0x80000000
10003b0c:	4a33      	ldr	r2, [pc, #204]	@ (10003bdc <stdio_usb_out_chars+0xe4>)
10003b0e:	1882      	adds	r2, r0, r2
10003b10:	f141 0300 	adc.w	r3, r1, #0
10003b14:	4295      	cmp	r5, r2
10003b16:	eb74 0103 	sbcs.w	r1, r4, r3
10003b1a:	bf3c      	itt	cc
10003b1c:	462a      	movcc	r2, r5
10003b1e:	4623      	movcc	r3, r4
10003b20:	482f      	ldr	r0, [pc, #188]	@ (10003be0 <stdio_usb_out_chars+0xe8>)
10003b22:	f002 fb45 	bl	100061b0 <__mutex_try_enter_block_until_veneer>
10003b26:	b908      	cbnz	r0, 10003b2c <stdio_usb_out_chars+0x34>
10003b28:	e8bd 83f8 	ldmia.w	sp!, {r3, r4, r5, r6, r7, r8, r9, pc}
10003b2c:	2000      	movs	r0, #0
10003b2e:	f001 fa7f 	bl	10005030 <tud_cdc_n_connected>
10003b32:	2800      	cmp	r0, #0
10003b34:	d047      	beq.n	10003bc6 <stdio_usb_out_chars+0xce>
10003b36:	2f00      	cmp	r7, #0
10003b38:	dd40      	ble.n	10003bbc <stdio_usb_out_chars+0xc4>
10003b3a:	2500      	movs	r5, #0
10003b3c:	f8df 90a8 	ldr.w	r9, [pc, #168]	@ 10003be8 <stdio_usb_out_chars+0xf0>
10003b40:	4e28      	ldr	r6, [pc, #160]	@ (10003be4 <stdio_usb_out_chars+0xec>)
10003b42:	e013      	b.n	10003b6c <stdio_usb_out_chars+0x74>
10003b44:	4622      	mov	r2, r4
10003b46:	2000      	movs	r0, #0
10003b48:	f001 fb20 	bl	1000518c <tud_cdc_n_write>
10003b4c:	2100      	movs	r1, #0
10003b4e:	4604      	mov	r4, r0
10003b50:	f04f 30ff 	mov.w	r0, #4294967295
10003b54:	f000 fc94 	bl	10004480 <tud_task_ext>
10003b58:	2000      	movs	r0, #0
10003b5a:	f001 fad1 	bl	10005100 <tud_cdc_n_write_flush>
10003b5e:	f7fd fd21 	bl	100015a4 <time_us_64>
10003b62:	e9c9 0100 	strd	r0, r1, [r9]
10003b66:	4425      	add	r5, r4
10003b68:	42af      	cmp	r7, r5
10003b6a:	dd27      	ble.n	10003bbc <stdio_usb_out_chars+0xc4>
10003b6c:	2000      	movs	r0, #0
10003b6e:	f001 fb2d 	bl	100051cc <tud_cdc_n_write_available>
10003b72:	1b7c      	subs	r4, r7, r5
10003b74:	4284      	cmp	r4, r0
10003b76:	bfa8      	it	ge
10003b78:	4604      	movge	r4, r0
10003b7a:	eb08 0105 	add.w	r1, r8, r5
10003b7e:	2c00      	cmp	r4, #0
10003b80:	d1e0      	bne.n	10003b44 <stdio_usb_out_chars+0x4c>
10003b82:	4621      	mov	r1, r4
10003b84:	f04f 30ff 	mov.w	r0, #4294967295
10003b88:	f000 fc7a 	bl	10004480 <tud_task_ext>
10003b8c:	4620      	mov	r0, r4
10003b8e:	f001 fab7 	bl	10005100 <tud_cdc_n_write_flush>
10003b92:	4620      	mov	r0, r4
10003b94:	f001 fa4c 	bl	10005030 <tud_cdc_n_connected>
10003b98:	b180      	cbz	r0, 10003bbc <stdio_usb_out_chars+0xc4>
10003b9a:	4620      	mov	r0, r4
10003b9c:	f001 fb16 	bl	100051cc <tud_cdc_n_write_available>
10003ba0:	2800      	cmp	r0, #0
10003ba2:	d1e1      	bne.n	10003b68 <stdio_usb_out_chars+0x70>
10003ba4:	f7fd fcfe 	bl	100015a4 <time_us_64>
10003ba8:	f8d9 3000 	ldr.w	r3, [r9]
10003bac:	f8d9 2004 	ldr.w	r2, [r9, #4]
10003bb0:	199b      	adds	r3, r3, r6
10003bb2:	f142 0200 	adc.w	r2, r2, #0
10003bb6:	4283      	cmp	r3, r0
10003bb8:	418a      	sbcs	r2, r1
10003bba:	d2d5      	bcs.n	10003b68 <stdio_usb_out_chars+0x70>
10003bbc:	4808      	ldr	r0, [pc, #32]	@ (10003be0 <stdio_usb_out_chars+0xe8>)
10003bbe:	e8bd 43f8 	ldmia.w	sp!, {r3, r4, r5, r6, r7, r8, r9, lr}
10003bc2:	f002 baed 	b.w	100061a0 <__mutex_exit_veneer>
10003bc6:	2000      	movs	r0, #0
10003bc8:	2100      	movs	r1, #0
10003bca:	4b07      	ldr	r3, [pc, #28]	@ (10003be8 <stdio_usb_out_chars+0xf0>)
10003bcc:	e9c3 0100 	strd	r0, r1, [r3]
10003bd0:	e8bd 43f8 	ldmia.w	sp!, {r3, r4, r5, r6, r7, r8, r9, lr}
10003bd4:	4802      	ldr	r0, [pc, #8]	@ (10003be0 <stdio_usb_out_chars+0xe8>)
10003bd6:	f002 bae3 	b.w	100061a0 <__mutex_exit_veneer>
10003bda:	bf00      	nop
10003bdc:	000f4240 	.word	0x000f4240
10003be0:	20001e2c 	.word	0x20001e2c
10003be4:	0007a120 	.word	0x0007a120
10003be8:	200013a8 	.word	0x200013a8

10003bec <low_priority_worker_irq>:
10003bec:	b530      	push	{r4, r5, lr}
10003bee:	2100      	movs	r1, #0
10003bf0:	b085      	sub	sp, #20
10003bf2:	482e      	ldr	r0, [pc, #184]	@ (10003cac <low_priority_worker_irq+0xc0>)
10003bf4:	f002 fae4 	bl	100061c0 <__mutex_try_enter_veneer>
10003bf8:	b9f0      	cbnz	r0, 10003c38 <low_priority_worker_irq+0x4c>
10003bfa:	4b2d      	ldr	r3, [pc, #180]	@ (10003cb0 <low_priority_worker_irq+0xc4>)
10003bfc:	681a      	ldr	r2, [r3, #0]
10003bfe:	b1ca      	cbz	r2, 10003c34 <low_priority_worker_irq+0x48>
10003c00:	f3ef 8110 	mrs	r1, PRIMASK
10003c04:	b672      	cpsid	i
10003c06:	e8d2 5fcf 	ldaexb	r5, [r2]
10003c0a:	2401      	movs	r4, #1
10003c0c:	2d00      	cmp	r5, #0
10003c0e:	d1fa      	bne.n	10003c06 <low_priority_worker_irq+0x1a>
10003c10:	e8c2 4f45 	strexb	r5, r4, [r2]
10003c14:	2d00      	cmp	r5, #0
10003c16:	d1f6      	bne.n	10003c06 <low_priority_worker_irq+0x1a>
10003c18:	f3bf 8f5f 	dmb	sy
10003c1c:	4c25      	ldr	r4, [pc, #148]	@ (10003cb4 <low_priority_worker_irq+0xc8>)
10003c1e:	681d      	ldr	r5, [r3, #0]
10003c20:	7822      	ldrb	r2, [r4, #0]
10003c22:	6059      	str	r1, [r3, #4]
10003c24:	b2d3      	uxtb	r3, r2
10003c26:	2201      	movs	r2, #1
10003c28:	7022      	strb	r2, [r4, #0]
10003c2a:	e8c5 0f8f 	stlb	r0, [r5]
10003c2e:	f381 8810 	msr	PRIMASK, r1
10003c32:	b1cb      	cbz	r3, 10003c68 <low_priority_worker_irq+0x7c>
10003c34:	b005      	add	sp, #20
10003c36:	bd30      	pop	{r4, r5, pc}
10003c38:	2100      	movs	r1, #0
10003c3a:	f04f 30ff 	mov.w	r0, #4294967295
10003c3e:	f000 fc1f 	bl	10004480 <tud_task_ext>
10003c42:	2000      	movs	r0, #0
10003c44:	f001 fa0a 	bl	1000505c <tud_cdc_n_available>
10003c48:	4604      	mov	r4, r0
10003c4a:	4818      	ldr	r0, [pc, #96]	@ (10003cac <low_priority_worker_irq+0xc0>)
10003c4c:	f002 faa8 	bl	100061a0 <__mutex_exit_veneer>
10003c50:	2c00      	cmp	r4, #0
10003c52:	d0ef      	beq.n	10003c34 <low_priority_worker_irq+0x48>
10003c54:	4b18      	ldr	r3, [pc, #96]	@ (10003cb8 <low_priority_worker_irq+0xcc>)
10003c56:	681b      	ldr	r3, [r3, #0]
10003c58:	2b00      	cmp	r3, #0
10003c5a:	d0eb      	beq.n	10003c34 <low_priority_worker_irq+0x48>
10003c5c:	4a17      	ldr	r2, [pc, #92]	@ (10003cbc <low_priority_worker_irq+0xd0>)
10003c5e:	6810      	ldr	r0, [r2, #0]
10003c60:	b005      	add	sp, #20
10003c62:	e8bd 4030 	ldmia.w	sp!, {r4, r5, lr}
10003c66:	4718      	bx	r3
10003c68:	f7fd fa92 	bl	10001190 <alarm_pool_get_default>
10003c6c:	4604      	mov	r4, r0
10003c6e:	f7fd fc99 	bl	100015a4 <time_us_64>
10003c72:	f04f 3cff 	mov.w	ip, #4294967295
10003c76:	f06f 4500 	mvn.w	r5, #2147483648	@ 0x80000000
10003c7a:	f510 727a 	adds.w	r2, r0, #1000	@ 0x3e8
10003c7e:	f141 0300 	adc.w	r3, r1, #0
10003c82:	4594      	cmp	ip, r2
10003c84:	eb75 0103 	sbcs.w	r1, r5, r3
10003c88:	bf38      	it	cc
10003c8a:	462b      	movcc	r3, r5
10003c8c:	f04f 0100 	mov.w	r1, #0
10003c90:	f04f 0501 	mov.w	r5, #1
10003c94:	4620      	mov	r0, r4
10003c96:	4c0a      	ldr	r4, [pc, #40]	@ (10003cc0 <low_priority_worker_irq+0xd4>)
10003c98:	bf38      	it	cc
10003c9a:	4662      	movcc	r2, ip
10003c9c:	e9cd 1501 	strd	r1, r5, [sp, #4]
10003ca0:	9400      	str	r4, [sp, #0]
10003ca2:	f7fd fa79 	bl	10001198 <alarm_pool_add_alarm_at>
10003ca6:	b005      	add	sp, #20
10003ca8:	bd30      	pop	{r4, r5, pc}
10003caa:	bf00      	nop
10003cac:	20001e2c 	.word	0x20001e2c
10003cb0:	20001df8 	.word	0x20001df8
10003cb4:	20001e4b 	.word	0x20001e4b
10003cb8:	20001968 	.word	0x20001968
10003cbc:	2000196c 	.word	0x2000196c
10003cc0:	100039a1 	.word	0x100039a1

10003cc4 <stdio_usb_init>:
10003cc4:	f04f 4350 	mov.w	r3, #3489660928	@ 0xd0000000
10003cc8:	b530      	push	{r4, r5, lr}
10003cca:	b085      	sub	sp, #20
10003ccc:	681c      	ldr	r4, [r3, #0]
10003cce:	f7fd fa5f 	bl	10001190 <alarm_pool_get_default>
10003cd2:	f7fd fb73 	bl	100013bc <alarm_pool_core_num>
10003cd6:	42a0      	cmp	r0, r4
10003cd8:	d002      	beq.n	10003ce0 <stdio_usb_init+0x1c>
10003cda:	2000      	movs	r0, #0
10003cdc:	b005      	add	sp, #20
10003cde:	bd30      	pop	{r4, r5, pc}
10003ce0:	2100      	movs	r1, #0
10003ce2:	4b2a      	ldr	r3, [pc, #168]	@ (10003d8c <stdio_usb_init+0xc8>)
10003ce4:	4608      	mov	r0, r1
10003ce6:	781b      	ldrb	r3, [r3, #0]
10003ce8:	f001 fd38 	bl	1000575c <tusb_rhport_init>
10003cec:	4828      	ldr	r0, [pc, #160]	@ (10003d90 <stdio_usb_init+0xcc>)
10003cee:	6803      	ldr	r3, [r0, #0]
10003cf0:	2b00      	cmp	r3, #0
10003cf2:	d047      	beq.n	10003d84 <stdio_usb_init+0xc0>
10003cf4:	2001      	movs	r0, #1
10003cf6:	f7fc ffd1 	bl	10000c9c <user_irq_claim_unused>
10003cfa:	4603      	mov	r3, r0
10003cfc:	4c25      	ldr	r4, [pc, #148]	@ (10003d94 <stdio_usb_init+0xd0>)
10003cfe:	4926      	ldr	r1, [pc, #152]	@ (10003d98 <stdio_usb_init+0xd4>)
10003d00:	b2c0      	uxtb	r0, r0
10003d02:	7023      	strb	r3, [r4, #0]
10003d04:	f7fc fe48 	bl	10000998 <irq_set_exclusive_handler>
10003d08:	7820      	ldrb	r0, [r4, #0]
10003d0a:	2101      	movs	r1, #1
10003d0c:	f7fc fe02 	bl	10000914 <irq_set_enabled>
10003d10:	200e      	movs	r0, #14
10003d12:	f7fc fe31 	bl	10000978 <irq_has_shared_handler>
10003d16:	bb40      	cbnz	r0, 10003d6a <stdio_usb_init+0xa6>
10003d18:	4b20      	ldr	r3, [pc, #128]	@ (10003d9c <stdio_usb_init+0xd8>)
10003d1a:	2501      	movs	r5, #1
10003d1c:	e9c3 0000 	strd	r0, r0, [r3]
10003d20:	f7fd fa36 	bl	10001190 <alarm_pool_get_default>
10003d24:	4604      	mov	r4, r0
10003d26:	f7fd fc3d 	bl	100015a4 <time_us_64>
10003d2a:	f04f 3eff 	mov.w	lr, #4294967295
10003d2e:	f06f 4c00 	mvn.w	ip, #2147483648	@ 0x80000000
10003d32:	f510 727a 	adds.w	r2, r0, #1000	@ 0x3e8
10003d36:	f141 0300 	adc.w	r3, r1, #0
10003d3a:	4596      	cmp	lr, r2
10003d3c:	eb7c 0103 	sbcs.w	r1, ip, r3
10003d40:	f04f 0100 	mov.w	r1, #0
10003d44:	4620      	mov	r0, r4
10003d46:	4c16      	ldr	r4, [pc, #88]	@ (10003da0 <stdio_usb_init+0xdc>)
10003d48:	bf3c      	itt	cc
10003d4a:	4672      	movcc	r2, lr
10003d4c:	4663      	movcc	r3, ip
10003d4e:	e9cd 1501 	strd	r1, r5, [sp, #4]
10003d52:	9400      	str	r4, [sp, #0]
10003d54:	f7fd fa20 	bl	10001198 <alarm_pool_add_alarm_at>
10003d58:	2800      	cmp	r0, #0
10003d5a:	dbbe      	blt.n	10003cda <stdio_usb_init+0x16>
10003d5c:	2101      	movs	r1, #1
10003d5e:	4811      	ldr	r0, [pc, #68]	@ (10003da4 <stdio_usb_init+0xe0>)
10003d60:	f7ff fcbc 	bl	100036dc <stdio_set_driver_enabled>
10003d64:	2001      	movs	r0, #1
10003d66:	b005      	add	sp, #20
10003d68:	bd30      	pop	{r4, r5, pc}
10003d6a:	2001      	movs	r0, #1
10003d6c:	f7fc fd8e 	bl	1000088c <spin_lock_claim_unused>
10003d70:	4601      	mov	r1, r0
10003d72:	480a      	ldr	r0, [pc, #40]	@ (10003d9c <stdio_usb_init+0xd8>)
10003d74:	f7fc ffee 	bl	10000d54 <critical_section_init_with_lock_num>
10003d78:	2200      	movs	r2, #0
10003d7a:	200e      	movs	r0, #14
10003d7c:	490a      	ldr	r1, [pc, #40]	@ (10003da8 <stdio_usb_init+0xe4>)
10003d7e:	f7fc fe3b 	bl	100009f8 <irq_add_shared_handler>
10003d82:	e7eb      	b.n	10003d5c <stdio_usb_init+0x98>
10003d84:	f7fc ffca 	bl	10000d1c <mutex_init>
10003d88:	e7b4      	b.n	10003cf4 <stdio_usb_init+0x30>
10003d8a:	bf00      	nop
10003d8c:	100066b8 	.word	0x100066b8
10003d90:	20001e2c 	.word	0x20001e2c
10003d94:	20001e4a 	.word	0x20001e4a
10003d98:	10003bed 	.word	0x10003bed
10003d9c:	20001df8 	.word	0x20001df8
10003da0:	100039a1 	.word	0x100039a1
10003da4:	200011e4 	.word	0x200011e4
10003da8:	10003a11 	.word	0x10003a11

10003dac <tud_descriptor_device_cb>:
10003dac:	4800      	ldr	r0, [pc, #0]	@ (10003db0 <tud_descriptor_device_cb+0x4>)
10003dae:	4770      	bx	lr
10003db0:	10006640 	.word	0x10006640

10003db4 <tud_descriptor_configuration_cb>:
10003db4:	4800      	ldr	r0, [pc, #0]	@ (10003db8 <tud_descriptor_configuration_cb+0x4>)
10003db6:	4770      	bx	lr
10003db8:	100065ec 	.word	0x100065ec

10003dbc <tud_descriptor_string_cb>:
10003dbc:	b538      	push	{r3, r4, r5, lr}
10003dbe:	4b18      	ldr	r3, [pc, #96]	@ (10003e20 <tud_descriptor_string_cb+0x64>)
10003dc0:	4604      	mov	r4, r0
10003dc2:	781a      	ldrb	r2, [r3, #0]
10003dc4:	b30a      	cbz	r2, 10003e0a <tud_descriptor_string_cb+0x4e>
10003dc6:	b944      	cbnz	r4, 10003dda <tud_descriptor_string_cb+0x1e>
10003dc8:	f240 4209 	movw	r2, #1033	@ 0x409
10003dcc:	f44f 7341 	mov.w	r3, #772	@ 0x304
10003dd0:	4d14      	ldr	r5, [pc, #80]	@ (10003e24 <tud_descriptor_string_cb+0x68>)
10003dd2:	806a      	strh	r2, [r5, #2]
10003dd4:	4813      	ldr	r0, [pc, #76]	@ (10003e24 <tud_descriptor_string_cb+0x68>)
10003dd6:	802b      	strh	r3, [r5, #0]
10003dd8:	bd38      	pop	{r3, r4, r5, pc}
10003dda:	2c05      	cmp	r4, #5
10003ddc:	d81d      	bhi.n	10003e1a <tud_descriptor_string_cb+0x5e>
10003dde:	4b12      	ldr	r3, [pc, #72]	@ (10003e28 <tud_descriptor_string_cb+0x6c>)
10003de0:	4d10      	ldr	r5, [pc, #64]	@ (10003e24 <tud_descriptor_string_cb+0x68>)
10003de2:	f853 1024 	ldr.w	r1, [r3, r4, lsl #2]
10003de6:	4628      	mov	r0, r5
10003de8:	2300      	movs	r3, #0
10003dea:	3901      	subs	r1, #1
10003dec:	e003      	b.n	10003df6 <tud_descriptor_string_cb+0x3a>
10003dee:	2b13      	cmp	r3, #19
10003df0:	f820 2f02 	strh.w	r2, [r0, #2]!
10003df4:	d00e      	beq.n	10003e14 <tud_descriptor_string_cb+0x58>
10003df6:	f811 2f01 	ldrb.w	r2, [r1, #1]!
10003dfa:	3301      	adds	r3, #1
10003dfc:	b2db      	uxtb	r3, r3
10003dfe:	2a00      	cmp	r2, #0
10003e00:	d1f5      	bne.n	10003dee <tud_descriptor_string_cb+0x32>
10003e02:	005b      	lsls	r3, r3, #1
10003e04:	f443 7340 	orr.w	r3, r3, #768	@ 0x300
10003e08:	e7e4      	b.n	10003dd4 <tud_descriptor_string_cb+0x18>
10003e0a:	2111      	movs	r1, #17
10003e0c:	4618      	mov	r0, r3
10003e0e:	f000 f825 	bl	10003e5c <pico_get_unique_board_id_string>
10003e12:	e7d8      	b.n	10003dc6 <tud_descriptor_string_cb+0xa>
10003e14:	f44f 734a 	mov.w	r3, #808	@ 0x328
10003e18:	e7dc      	b.n	10003dd4 <tud_descriptor_string_cb+0x18>
10003e1a:	2000      	movs	r0, #0
10003e1c:	bd38      	pop	{r3, r4, r5, pc}
10003e1e:	bf00      	nop
10003e20:	20001e34 	.word	0x20001e34
10003e24:	200019a0 	.word	0x200019a0
10003e28:	100065d4 	.word	0x100065d4

10003e2c <_retrieve_unique_id_on_boot>:
10003e2c:	b500      	push	{lr}
10003e2e:	f245 3047 	movw	r0, #21319	@ 0x5347
10003e32:	b08b      	sub	sp, #44	@ 0x2c
10003e34:	f7fd fcf8 	bl	10001828 <rom_func_lookup>
10003e38:	2201      	movs	r2, #1
10003e3a:	4603      	mov	r3, r0
10003e3c:	2109      	movs	r1, #9
10003e3e:	a801      	add	r0, sp, #4
10003e40:	4798      	blx	r3
10003e42:	e9dd 3203 	ldrd	r3, r2, [sp, #12]
10003e46:	4904      	ldr	r1, [pc, #16]	@ (10003e58 <_retrieve_unique_id_on_boot+0x2c>)
10003e48:	ba12      	rev	r2, r2
10003e4a:	ba1b      	rev	r3, r3
10003e4c:	e9c1 2300 	strd	r2, r3, [r1]
10003e50:	b00b      	add	sp, #44	@ 0x2c
10003e52:	f85d fb04 	ldr.w	pc, [sp], #4
10003e56:	bf00      	nop
10003e58:	20001e20 	.word	0x20001e20

10003e5c <pico_get_unique_board_id_string>:
10003e5c:	2901      	cmp	r1, #1
10003e5e:	f101 33ff 	add.w	r3, r1, #4294967295
10003e62:	f000 80b3 	beq.w	10003fcc <pico_get_unique_board_id_string+0x170>
10003e66:	495d      	ldr	r1, [pc, #372]	@ (10003fdc <pico_get_unique_board_id_string+0x180>)
10003e68:	780a      	ldrb	r2, [r1, #0]
10003e6a:	ea4f 1c12 	mov.w	ip, r2, lsr #4
10003e6e:	2a9f      	cmp	r2, #159	@ 0x9f
10003e70:	bf8c      	ite	hi
10003e72:	f10c 0c37 	addhi.w	ip, ip, #55	@ 0x37
10003e76:	f10c 0c30 	addls.w	ip, ip, #48	@ 0x30
10003e7a:	2b01      	cmp	r3, #1
10003e7c:	f880 c000 	strb.w	ip, [r0]
10003e80:	f000 80a7 	beq.w	10003fd2 <pico_get_unique_board_id_string+0x176>
10003e84:	f002 020f 	and.w	r2, r2, #15
10003e88:	2a09      	cmp	r2, #9
10003e8a:	bf8c      	ite	hi
10003e8c:	3237      	addhi	r2, #55	@ 0x37
10003e8e:	3230      	addls	r2, #48	@ 0x30
10003e90:	2b02      	cmp	r3, #2
10003e92:	7042      	strb	r2, [r0, #1]
10003e94:	f000 809d 	beq.w	10003fd2 <pico_get_unique_board_id_string+0x176>
10003e98:	784a      	ldrb	r2, [r1, #1]
10003e9a:	ea4f 1c12 	mov.w	ip, r2, lsr #4
10003e9e:	2a9f      	cmp	r2, #159	@ 0x9f
10003ea0:	bf8c      	ite	hi
10003ea2:	f10c 0c37 	addhi.w	ip, ip, #55	@ 0x37
10003ea6:	f10c 0c30 	addls.w	ip, ip, #48	@ 0x30
10003eaa:	2b03      	cmp	r3, #3
10003eac:	f880 c002 	strb.w	ip, [r0, #2]
10003eb0:	f000 808f 	beq.w	10003fd2 <pico_get_unique_board_id_string+0x176>
10003eb4:	f002 020f 	and.w	r2, r2, #15
10003eb8:	2a09      	cmp	r2, #9
10003eba:	bf8c      	ite	hi
10003ebc:	3237      	addhi	r2, #55	@ 0x37
10003ebe:	3230      	addls	r2, #48	@ 0x30
10003ec0:	2b04      	cmp	r3, #4
10003ec2:	70c2      	strb	r2, [r0, #3]
10003ec4:	f000 8085 	beq.w	10003fd2 <pico_get_unique_board_id_string+0x176>
10003ec8:	788a      	ldrb	r2, [r1, #2]
10003eca:	ea4f 1c12 	mov.w	ip, r2, lsr #4
10003ece:	2a9f      	cmp	r2, #159	@ 0x9f
10003ed0:	bf8c      	ite	hi
10003ed2:	f10c 0c37 	addhi.w	ip, ip, #55	@ 0x37
10003ed6:	f10c 0c30 	addls.w	ip, ip, #48	@ 0x30
10003eda:	2b05      	cmp	r3, #5
10003edc:	f880 c004 	strb.w	ip, [r0, #4]
10003ee0:	d077      	beq.n	10003fd2 <pico_get_unique_board_id_string+0x176>
10003ee2:	f002 020f 	and.w	r2, r2, #15
10003ee6:	2a09      	cmp	r2, #9
10003ee8:	bf8c      	ite	hi
10003eea:	3237      	addhi	r2, #55	@ 0x37
10003eec:	3230      	addls	r2, #48	@ 0x30
10003eee:	2b06      	cmp	r3, #6
10003ef0:	7142      	strb	r2, [r0, #5]
10003ef2:	d06e      	beq.n	10003fd2 <pico_get_unique_board_id_string+0x176>
10003ef4:	78ca      	ldrb	r2, [r1, #3]
10003ef6:	ea4f 1c12 	mov.w	ip, r2, lsr #4
10003efa:	2a9f      	cmp	r2, #159	@ 0x9f
10003efc:	bf8c      	ite	hi
10003efe:	f10c 0c37 	addhi.w	ip, ip, #55	@ 0x37
10003f02:	f10c 0c30 	addls.w	ip, ip, #48	@ 0x30
10003f06:	2b07      	cmp	r3, #7
10003f08:	f880 c006 	strb.w	ip, [r0, #6]
10003f0c:	d061      	beq.n	10003fd2 <pico_get_unique_board_id_string+0x176>
10003f0e:	f002 020f 	and.w	r2, r2, #15
10003f12:	2a09      	cmp	r2, #9
10003f14:	bf8c      	ite	hi
10003f16:	3237      	addhi	r2, #55	@ 0x37
10003f18:	3230      	addls	r2, #48	@ 0x30
10003f1a:	2b08      	cmp	r3, #8
10003f1c:	71c2      	strb	r2, [r0, #7]
10003f1e:	d058      	beq.n	10003fd2 <pico_get_unique_board_id_string+0x176>
10003f20:	790a      	ldrb	r2, [r1, #4]
10003f22:	ea4f 1c12 	mov.w	ip, r2, lsr #4
10003f26:	2a9f      	cmp	r2, #159	@ 0x9f
10003f28:	bf8c      	ite	hi
10003f2a:	f10c 0c37 	addhi.w	ip, ip, #55	@ 0x37
10003f2e:	f10c 0c30 	addls.w	ip, ip, #48	@ 0x30
10003f32:	2b09      	cmp	r3, #9
10003f34:	f880 c008 	strb.w	ip, [r0, #8]
10003f38:	d04b      	beq.n	10003fd2 <pico_get_unique_board_id_string+0x176>
10003f3a:	f002 020f 	and.w	r2, r2, #15
10003f3e:	2a09      	cmp	r2, #9
10003f40:	bf8c      	ite	hi
10003f42:	3237      	addhi	r2, #55	@ 0x37
10003f44:	3230      	addls	r2, #48	@ 0x30
10003f46:	2b0a      	cmp	r3, #10
10003f48:	7242      	strb	r2, [r0, #9]
10003f4a:	d042      	beq.n	10003fd2 <pico_get_unique_board_id_string+0x176>
10003f4c:	794a      	ldrb	r2, [r1, #5]
10003f4e:	ea4f 1c12 	mov.w	ip, r2, lsr #4
10003f52:	2a9f      	cmp	r2, #159	@ 0x9f
10003f54:	bf8c      	ite	hi
10003f56:	f10c 0c37 	addhi.w	ip, ip, #55	@ 0x37
10003f5a:	f10c 0c30 	addls.w	ip, ip, #48	@ 0x30
10003f5e:	2b0b      	cmp	r3, #11
10003f60:	f880 c00a 	strb.w	ip, [r0, #10]
10003f64:	d035      	beq.n	10003fd2 <pico_get_unique_board_id_string+0x176>
10003f66:	f002 020f 	and.w	r2, r2, #15
10003f6a:	2a09      	cmp	r2, #9
10003f6c:	bf8c      	ite	hi
10003f6e:	3237      	addhi	r2, #55	@ 0x37
10003f70:	3230      	addls	r2, #48	@ 0x30
10003f72:	2b0c      	cmp	r3, #12
10003f74:	72c2      	strb	r2, [r0, #11]
10003f76:	d02c      	beq.n	10003fd2 <pico_get_unique_board_id_string+0x176>
10003f78:	798a      	ldrb	r2, [r1, #6]
10003f7a:	ea4f 1c12 	mov.w	ip, r2, lsr #4
10003f7e:	2a9f      	cmp	r2, #159	@ 0x9f
10003f80:	bf8c      	ite	hi
10003f82:	f10c 0c37 	addhi.w	ip, ip, #55	@ 0x37
10003f86:	f10c 0c30 	addls.w	ip, ip, #48	@ 0x30
10003f8a:	2b0d      	cmp	r3, #13
10003f8c:	f880 c00c 	strb.w	ip, [r0, #12]
10003f90:	d01f      	beq.n	10003fd2 <pico_get_unique_board_id_string+0x176>
10003f92:	f002 020f 	and.w	r2, r2, #15
10003f96:	2a09      	cmp	r2, #9
10003f98:	bf8c      	ite	hi
10003f9a:	3237      	addhi	r2, #55	@ 0x37
10003f9c:	3230      	addls	r2, #48	@ 0x30
10003f9e:	2b0e      	cmp	r3, #14
10003fa0:	7342      	strb	r2, [r0, #13]
10003fa2:	d016      	beq.n	10003fd2 <pico_get_unique_board_id_string+0x176>
10003fa4:	79ca      	ldrb	r2, [r1, #7]
10003fa6:	0911      	lsrs	r1, r2, #4
10003fa8:	2a9f      	cmp	r2, #159	@ 0x9f
10003faa:	bf8c      	ite	hi
10003fac:	3137      	addhi	r1, #55	@ 0x37
10003fae:	3130      	addls	r1, #48	@ 0x30
10003fb0:	2b0f      	cmp	r3, #15
10003fb2:	7381      	strb	r1, [r0, #14]
10003fb4:	d00d      	beq.n	10003fd2 <pico_get_unique_board_id_string+0x176>
10003fb6:	f002 020f 	and.w	r2, r2, #15
10003fba:	2a09      	cmp	r2, #9
10003fbc:	bf94      	ite	ls
10003fbe:	3230      	addls	r2, #48	@ 0x30
10003fc0:	3237      	addhi	r2, #55	@ 0x37
10003fc2:	2b10      	cmp	r3, #16
10003fc4:	73c2      	strb	r2, [r0, #15]
10003fc6:	bf18      	it	ne
10003fc8:	3010      	addne	r0, #16
10003fca:	d002      	beq.n	10003fd2 <pico_get_unique_board_id_string+0x176>
10003fcc:	2300      	movs	r3, #0
10003fce:	7003      	strb	r3, [r0, #0]
10003fd0:	4770      	bx	lr
10003fd2:	4418      	add	r0, r3
10003fd4:	2300      	movs	r3, #0
10003fd6:	7003      	strb	r3, [r0, #0]
10003fd8:	4770      	bx	lr
10003fda:	bf00      	nop
10003fdc:	20001e20 	.word	0x20001e20

10003fe0 <dcd_init>:
10003fe0:	b570      	push	{r4, r5, r6, lr}
10003fe2:	f000 f92d 	bl	10004240 <rp2040_usb_init>
10003fe6:	230c      	movs	r3, #12
10003fe8:	2640      	movs	r6, #64	@ 0x40
10003fea:	4c19      	ldr	r4, [pc, #100]	@ (10004050 <dcd_init+0x70>)
10003fec:	22ff      	movs	r2, #255	@ 0xff
10003fee:	67a3      	str	r3, [r4, #120]	@ 0x78
10003ff0:	200e      	movs	r0, #14
10003ff2:	4918      	ldr	r1, [pc, #96]	@ (10004054 <dcd_init+0x74>)
10003ff4:	f7fc fd00 	bl	100009f8 <irq_add_shared_handler>
10003ff8:	4632      	mov	r2, r6
10003ffa:	2100      	movs	r1, #0
10003ffc:	4816      	ldr	r0, [pc, #88]	@ (10004058 <dcd_init+0x78>)
10003ffe:	f001 ffcb 	bl	10005f98 <memset>
10004002:	2501      	movs	r5, #1
10004004:	2300      	movs	r3, #0
10004006:	2180      	movs	r1, #128	@ 0x80
10004008:	4813      	ldr	r0, [pc, #76]	@ (10004058 <dcd_init+0x78>)
1000400a:	4a14      	ldr	r2, [pc, #80]	@ (1000405c <dcd_init+0x7c>)
1000400c:	8441      	strh	r1, [r0, #34]	@ 0x22
1000400e:	7045      	strb	r5, [r0, #1]
10004010:	8306      	strh	r6, [r0, #24]
10004012:	8706      	strh	r6, [r0, #56]	@ 0x38
10004014:	6082      	str	r2, [r0, #8]
10004016:	6043      	str	r3, [r0, #4]
10004018:	6013      	str	r3, [r2, #0]
1000401a:	f842 3c04 	str.w	r3, [r2, #-4]
1000401e:	f880 3021 	strb.w	r3, [r0, #33]	@ 0x21
10004022:	f880 303b 	strb.w	r3, [r0, #59]	@ 0x3b
10004026:	6243      	str	r3, [r0, #36]	@ 0x24
10004028:	4b0d      	ldr	r3, [pc, #52]	@ (10004060 <dcd_init+0x80>)
1000402a:	f04f 5600 	mov.w	r6, #536870912	@ 0x20000000
1000402e:	60c3      	str	r3, [r0, #12]
10004030:	62c3      	str	r3, [r0, #44]	@ 0x2c
10004032:	3b80      	subs	r3, #128	@ 0x80
10004034:	6283      	str	r3, [r0, #40]	@ 0x28
10004036:	f002 f8bf 	bl	100061b8 <__reset_non_control_endpoints_veneer>
1000403a:	f44f 3280 	mov.w	r2, #65536	@ 0x10000
1000403e:	4909      	ldr	r1, [pc, #36]	@ (10004064 <dcd_init+0x84>)
10004040:	4b09      	ldr	r3, [pc, #36]	@ (10004068 <dcd_init+0x88>)
10004042:	6425      	str	r5, [r4, #64]	@ 0x40
10004044:	4628      	mov	r0, r5
10004046:	64e6      	str	r6, [r4, #76]	@ 0x4c
10004048:	f8c4 1090 	str.w	r1, [r4, #144]	@ 0x90
1000404c:	64da      	str	r2, [r3, #76]	@ 0x4c
1000404e:	bd70      	pop	{r4, r5, r6, pc}
10004050:	50110000 	.word	0x50110000
10004054:	2000039d 	.word	0x2000039d
10004058:	200019d4 	.word	0x200019d4
1000405c:	50100084 	.word	0x50100084
10004060:	50100100 	.word	0x50100100
10004064:	0001d010 	.word	0x0001d010
10004068:	50112000 	.word	0x50112000

1000406c <dcd_int_enable>:
1000406c:	2101      	movs	r1, #1
1000406e:	200e      	movs	r0, #14
10004070:	f7fc bc50 	b.w	10000914 <irq_set_enabled>

10004074 <dcd_set_address>:
10004074:	2200      	movs	r2, #0
10004076:	4802      	ldr	r0, [pc, #8]	@ (10004080 <dcd_set_address+0xc>)
10004078:	4611      	mov	r1, r2
1000407a:	f000 b901 	b.w	10004280 <hw_endpoint_xfer_start>
1000407e:	bf00      	nop
10004080:	200019f4 	.word	0x200019f4

10004084 <dcd_sof_enable>:
10004084:	4b04      	ldr	r3, [pc, #16]	@ (10004098 <dcd_sof_enable+0x14>)
10004086:	7019      	strb	r1, [r3, #0]
10004088:	b121      	cbz	r1, 10004094 <dcd_sof_enable+0x10>
1000408a:	f44f 3200 	mov.w	r2, #131072	@ 0x20000
1000408e:	4b03      	ldr	r3, [pc, #12]	@ (1000409c <dcd_sof_enable+0x18>)
10004090:	f8c3 2090 	str.w	r2, [r3, #144]	@ 0x90
10004094:	4770      	bx	lr
10004096:	bf00      	nop
10004098:	20001e46 	.word	0x20001e46
1000409c:	50112000 	.word	0x50112000

100040a0 <dcd_edpt0_status_complete>:
100040a0:	780b      	ldrb	r3, [r1, #0]
100040a2:	065b      	lsls	r3, r3, #25
100040a4:	d102      	bne.n	100040ac <dcd_edpt0_status_complete+0xc>
100040a6:	784b      	ldrb	r3, [r1, #1]
100040a8:	2b05      	cmp	r3, #5
100040aa:	d000      	beq.n	100040ae <dcd_edpt0_status_complete+0xe>
100040ac:	4770      	bx	lr
100040ae:	884b      	ldrh	r3, [r1, #2]
100040b0:	4a01      	ldr	r2, [pc, #4]	@ (100040b8 <dcd_edpt0_status_complete+0x18>)
100040b2:	b2db      	uxtb	r3, r3
100040b4:	6013      	str	r3, [r2, #0]
100040b6:	4770      	bx	lr
100040b8:	50110000 	.word	0x50110000

100040bc <dcd_edpt_open>:
100040bc:	78cb      	ldrb	r3, [r1, #3]
100040be:	e92d 41f0 	stmdb	sp!, {r4, r5, r6, r7, r8, lr}
100040c2:	f003 0e03 	and.w	lr, r3, #3
100040c6:	f1be 0f01 	cmp.w	lr, #1
100040ca:	f3c3 0001 	ubfx	r0, r3, #0, #2
100040ce:	d05b      	beq.n	10004188 <dcd_edpt_open+0xcc>
100040d0:	2700      	movs	r7, #0
100040d2:	f891 c002 	ldrb.w	ip, [r1, #2]
100040d6:	4c34      	ldr	r4, [pc, #208]	@ (100041a8 <dcd_edpt_open+0xec>)
100040d8:	f00c 027f 	and.w	r2, ip, #127	@ 0x7f
100040dc:	0056      	lsls	r6, r2, #1
100040de:	8889      	ldrh	r1, [r1, #4]
100040e0:	eb06 13dc 	add.w	r3, r6, ip, lsr #7
100040e4:	eb04 1343 	add.w	r3, r4, r3, lsl #5
100040e8:	ea4f 15dc 	mov.w	r5, ip, lsr #7
100040ec:	76d8      	strb	r0, [r3, #27]
100040ee:	f3c1 010a 	ubfx	r1, r1, #0, #11
100040f2:	f085 0001 	eor.w	r0, r5, #1
100040f6:	f883 c002 	strb.w	ip, [r3, #2]
100040fa:	8319      	strh	r1, [r3, #24]
100040fc:	7058      	strb	r0, [r3, #1]
100040fe:	70df      	strb	r7, [r3, #3]
10004100:	00d3      	lsls	r3, r2, #3
10004102:	bb8d      	cbnz	r5, 10004168 <dcd_edpt_open+0xac>
10004104:	4829      	ldr	r0, [pc, #164]	@ (100041ac <dcd_edpt_open+0xf0>)
10004106:	3304      	adds	r3, #4
10004108:	eb04 1c82 	add.w	ip, r4, r2, lsl #6
1000410c:	eb03 0800 	add.w	r8, r3, r0
10004110:	f8cc 8008 	str.w	r8, [ip, #8]
10004114:	501f      	str	r7, [r3, r0]
10004116:	b382      	cbz	r2, 1000417a <dcd_edpt_open+0xbe>
10004118:	4b25      	ldr	r3, [pc, #148]	@ (100041b0 <dcd_edpt_open+0xf4>)
1000411a:	00d2      	lsls	r2, r2, #3
1000411c:	4413      	add	r3, r2
1000411e:	f8cc 3004 	str.w	r3, [ip, #4]
10004122:	4b24      	ldr	r3, [pc, #144]	@ (100041b4 <dcd_edpt_open+0xf8>)
10004124:	313f      	adds	r1, #63	@ 0x3f
10004126:	681a      	ldr	r2, [r3, #0]
10004128:	f021 013f 	bic.w	r1, r1, #63	@ 0x3f
1000412c:	f1be 0f02 	cmp.w	lr, #2
10004130:	bf08      	it	eq
10004132:	0049      	lsleq	r1, r1, #1
10004134:	4411      	add	r1, r2
10004136:	6019      	str	r1, [r3, #0]
10004138:	4b1f      	ldr	r3, [pc, #124]	@ (100041b8 <dcd_edpt_open+0xfc>)
1000413a:	1977      	adds	r7, r6, r5
1000413c:	eb04 1747 	add.w	r7, r4, r7, lsl #5
10004140:	4299      	cmp	r1, r3
10004142:	60fa      	str	r2, [r7, #12]
10004144:	d82b      	bhi.n	1000419e <dcd_edpt_open+0xe2>
10004146:	442e      	add	r6, r5
10004148:	eb04 1346 	add.w	r3, r4, r6, lsl #5
1000414c:	7ed9      	ldrb	r1, [r3, #27]
1000414e:	f082 42a0 	eor.w	r2, r2, #1342177280	@ 0x50000000
10004152:	f482 1280 	eor.w	r2, r2, #1048576	@ 0x100000
10004156:	685b      	ldr	r3, [r3, #4]
10004158:	ea42 6281 	orr.w	r2, r2, r1, lsl #26
1000415c:	f042 4200 	orr.w	r2, r2, #2147483648	@ 0x80000000
10004160:	601a      	str	r2, [r3, #0]
10004162:	2001      	movs	r0, #1
10004164:	e8bd 81f0 	ldmia.w	sp!, {r4, r5, r6, r7, r8, pc}
10004168:	4810      	ldr	r0, [pc, #64]	@ (100041ac <dcd_edpt_open+0xf0>)
1000416a:	eb04 1c82 	add.w	ip, r4, r2, lsl #6
1000416e:	4403      	add	r3, r0
10004170:	f8cc 3028 	str.w	r3, [ip, #40]	@ 0x28
10004174:	f840 7032 	str.w	r7, [r0, r2, lsl #3]
10004178:	b94a      	cbnz	r2, 1000418e <dcd_edpt_open+0xd2>
1000417a:	2200      	movs	r2, #0
1000417c:	490f      	ldr	r1, [pc, #60]	@ (100041bc <dcd_edpt_open+0x100>)
1000417e:	eb04 1345 	add.w	r3, r4, r5, lsl #5
10004182:	60d9      	str	r1, [r3, #12]
10004184:	605a      	str	r2, [r3, #4]
10004186:	e7ec      	b.n	10004162 <dcd_edpt_open+0xa6>
10004188:	2000      	movs	r0, #0
1000418a:	e8bd 81f0 	ldmia.w	sp!, {r4, r5, r6, r7, r8, pc}
1000418e:	00d2      	lsls	r2, r2, #3
10004190:	f102 42a0 	add.w	r2, r2, #1342177280	@ 0x50000000
10004194:	f502 1280 	add.w	r2, r2, #1048576	@ 0x100000
10004198:	f8cc 2024 	str.w	r2, [ip, #36]	@ 0x24
1000419c:	e7c1      	b.n	10004122 <dcd_edpt_open+0x66>
1000419e:	f7fd fb8f 	bl	100018c0 <hard_assertion_failure>
100041a2:	68fa      	ldr	r2, [r7, #12]
100041a4:	e7cf      	b.n	10004146 <dcd_edpt_open+0x8a>
100041a6:	bf00      	nop
100041a8:	200019d4 	.word	0x200019d4
100041ac:	50100080 	.word	0x50100080
100041b0:	50100004 	.word	0x50100004
100041b4:	20001ddc 	.word	0x20001ddc
100041b8:	50100fff 	.word	0x50100fff
100041bc:	50100100 	.word	0x50100100

100041c0 <dcd_edpt_close_all>:
100041c0:	f001 bffa 	b.w	100061b8 <__reset_non_control_endpoints_veneer>

100041c4 <dcd_edpt_xfer>:
100041c4:	468c      	mov	ip, r1
100041c6:	b508      	push	{r3, lr}
100041c8:	4611      	mov	r1, r2
100041ca:	4807      	ldr	r0, [pc, #28]	@ (100041e8 <dcd_edpt_xfer+0x24>)
100041cc:	461a      	mov	r2, r3
100041ce:	f00c 037f 	and.w	r3, ip, #127	@ 0x7f
100041d2:	ea4f 1cdc 	mov.w	ip, ip, lsr #7
100041d6:	eb0c 0c43 	add.w	ip, ip, r3, lsl #1
100041da:	eb00 104c 	add.w	r0, r0, ip, lsl #5
100041de:	f000 f84f 	bl	10004280 <hw_endpoint_xfer_start>
100041e2:	2001      	movs	r0, #1
100041e4:	bd08      	pop	{r3, pc}
100041e6:	bf00      	nop
100041e8:	200019d4 	.word	0x200019d4

100041ec <dcd_edpt_stall>:
100041ec:	f011 027f 	ands.w	r2, r1, #127	@ 0x7f
100041f0:	d105      	bne.n	100041fe <dcd_edpt_stall+0x12>
100041f2:	2900      	cmp	r1, #0
100041f4:	bf0c      	ite	eq
100041f6:	2002      	moveq	r0, #2
100041f8:	2001      	movne	r0, #1
100041fa:	4b06      	ldr	r3, [pc, #24]	@ (10004214 <dcd_edpt_stall+0x28>)
100041fc:	6698      	str	r0, [r3, #104]	@ 0x68
100041fe:	09c9      	lsrs	r1, r1, #7
10004200:	4b05      	ldr	r3, [pc, #20]	@ (10004218 <dcd_edpt_stall+0x2c>)
10004202:	eb01 0042 	add.w	r0, r1, r2, lsl #1
10004206:	eb03 1040 	add.w	r0, r3, r0, lsl #5
1000420a:	f44f 6200 	mov.w	r2, #2048	@ 0x800
1000420e:	2100      	movs	r1, #0
10004210:	f001 bfca 	b.w	100061a8 <___hw_endpoint_buffer_control_update32_veneer>
10004214:	50112000 	.word	0x50112000
10004218:	200019d4 	.word	0x200019d4

1000421c <dcd_edpt_clear_stall>:
1000421c:	f011 037f 	ands.w	r3, r1, #127	@ 0x7f
10004220:	d100      	bne.n	10004224 <dcd_edpt_clear_stall+0x8>
10004222:	4770      	bx	lr
10004224:	2200      	movs	r2, #0
10004226:	4805      	ldr	r0, [pc, #20]	@ (1000423c <dcd_edpt_clear_stall+0x20>)
10004228:	005b      	lsls	r3, r3, #1
1000422a:	eb03 13d1 	add.w	r3, r3, r1, lsr #7
1000422e:	eb00 1043 	add.w	r0, r0, r3, lsl #5
10004232:	f46f 6100 	mvn.w	r1, #2048	@ 0x800
10004236:	70c2      	strb	r2, [r0, #3]
10004238:	f001 bfb6 	b.w	100061a8 <___hw_endpoint_buffer_control_update32_veneer>
1000423c:	200019d4 	.word	0x200019d4

10004240 <rp2040_usb_init>:
10004240:	f04f 5280 	mov.w	r2, #268435456	@ 0x10000000
10004244:	4809      	ldr	r0, [pc, #36]	@ (1000426c <rp2040_usb_init+0x2c>)
10004246:	490a      	ldr	r1, [pc, #40]	@ (10004270 <rp2040_usb_init+0x30>)
10004248:	b508      	push	{r3, lr}
1000424a:	4b0a      	ldr	r3, [pc, #40]	@ (10004274 <rp2040_usb_init+0x34>)
1000424c:	6002      	str	r2, [r0, #0]
1000424e:	600a      	str	r2, [r1, #0]
10004250:	6899      	ldr	r1, [r3, #8]
10004252:	43c9      	mvns	r1, r1
10004254:	f011 5180 	ands.w	r1, r1, #268435456	@ 0x10000000
10004258:	d1fa      	bne.n	10004250 <rp2040_usb_init+0x10>
1000425a:	f44f 5280 	mov.w	r2, #4096	@ 0x1000
1000425e:	4806      	ldr	r0, [pc, #24]	@ (10004278 <rp2040_usb_init+0x38>)
10004260:	f001 fe9a 	bl	10005f98 <memset>
10004264:	2209      	movs	r2, #9
10004266:	4b05      	ldr	r3, [pc, #20]	@ (1000427c <rp2040_usb_init+0x3c>)
10004268:	675a      	str	r2, [r3, #116]	@ 0x74
1000426a:	bd08      	pop	{r3, pc}
1000426c:	40022000 	.word	0x40022000
10004270:	40023000 	.word	0x40023000
10004274:	40020000 	.word	0x40020000
10004278:	50100000 	.word	0x50100000
1000427c:	50110000 	.word	0x50110000

10004280 <hw_endpoint_xfer_start>:
10004280:	2300      	movs	r3, #0
10004282:	f04f 0c01 	mov.w	ip, #1
10004286:	b510      	push	{r4, lr}
10004288:	f880 c01a 	strb.w	ip, [r0, #26]
1000428c:	8282      	strh	r2, [r0, #20]
1000428e:	82c3      	strh	r3, [r0, #22]
10004290:	6101      	str	r1, [r0, #16]
10004292:	4604      	mov	r4, r0
10004294:	f001 ff78 	bl	10006188 <__e15_is_bulkin_ep_veneer>
10004298:	b120      	cbz	r0, 100042a4 <hw_endpoint_xfer_start+0x24>
1000429a:	f44f 3200 	mov.w	r2, #131072	@ 0x20000
1000429e:	4b07      	ldr	r3, [pc, #28]	@ (100042bc <hw_endpoint_xfer_start+0x3c>)
100042a0:	f8c3 2090 	str.w	r2, [r3, #144]	@ 0x90
100042a4:	4620      	mov	r0, r4
100042a6:	f001 ff8f 	bl	100061c8 <__e15_is_critical_frame_period_veneer>
100042aa:	b110      	cbz	r0, 100042b2 <hw_endpoint_xfer_start+0x32>
100042ac:	2301      	movs	r3, #1
100042ae:	7723      	strb	r3, [r4, #28]
100042b0:	bd10      	pop	{r4, pc}
100042b2:	4620      	mov	r0, r4
100042b4:	e8bd 4010 	ldmia.w	sp!, {r4, lr}
100042b8:	f001 bf6a 	b.w	10006190 <__hw_endpoint_start_next_buffer_veneer>
100042bc:	50112000 	.word	0x50112000

100042c0 <configuration_reset>:
100042c0:	e92d 41f0 	stmdb	sp!, {r4, r5, r6, r7, r8, lr}
100042c4:	2400      	movs	r4, #0
100042c6:	4e1d      	ldr	r6, [pc, #116]	@ (1000433c <configuration_reset+0x7c>)
100042c8:	4605      	mov	r5, r0
100042ca:	4623      	mov	r3, r4
100042cc:	7832      	ldrb	r2, [r6, #0]
100042ce:	f8df 8078 	ldr.w	r8, [pc, #120]	@ 10004348 <configuration_reset+0x88>
100042d2:	4f1b      	ldr	r7, [pc, #108]	@ (10004340 <configuration_reset+0x80>)
100042d4:	e00d      	b.n	100042f2 <configuration_reset+0x32>
100042d6:	683b      	ldr	r3, [r7, #0]
100042d8:	eb13 1344 	adds.w	r3, r3, r4, lsl #5
100042dc:	d024      	beq.n	10004328 <configuration_reset+0x68>
100042de:	68db      	ldr	r3, [r3, #12]
100042e0:	4628      	mov	r0, r5
100042e2:	4798      	blx	r3
100042e4:	7832      	ldrb	r2, [r6, #0]
100042e6:	3401      	adds	r4, #1
100042e8:	b2e4      	uxtb	r4, r4
100042ea:	1c51      	adds	r1, r2, #1
100042ec:	42a1      	cmp	r1, r4
100042ee:	4623      	mov	r3, r4
100042f0:	db06      	blt.n	10004300 <configuration_reset+0x40>
100042f2:	42a2      	cmp	r2, r4
100042f4:	eba3 0302 	sub.w	r3, r3, r2
100042f8:	d8ed      	bhi.n	100042d6 <configuration_reset+0x16>
100042fa:	eb08 1343 	add.w	r3, r8, r3, lsl #5
100042fe:	e7ee      	b.n	100042de <configuration_reset+0x1e>
10004300:	2254      	movs	r2, #84	@ 0x54
10004302:	2100      	movs	r1, #0
10004304:	480f      	ldr	r0, [pc, #60]	@ (10004344 <configuration_reset+0x84>)
10004306:	f001 fe47 	bl	10005f98 <memset>
1000430a:	f04f 33ff 	mov.w	r3, #4294967295
1000430e:	480d      	ldr	r0, [pc, #52]	@ (10004344 <configuration_reset+0x84>)
10004310:	2220      	movs	r2, #32
10004312:	1d04      	adds	r4, r0, #4
10004314:	6043      	str	r3, [r0, #4]
10004316:	e9c4 3301 	strd	r3, r3, [r4, #4]
1000431a:	60e3      	str	r3, [r4, #12]
1000431c:	21ff      	movs	r1, #255	@ 0xff
1000431e:	e8bd 41f0 	ldmia.w	sp!, {r4, r5, r6, r7, r8, lr}
10004322:	3014      	adds	r0, #20
10004324:	f001 be38 	b.w	10005f98 <memset>
10004328:	f04f 23e0 	mov.w	r3, #3758153728	@ 0xe000e000
1000432c:	f8d3 3df0 	ldr.w	r3, [r3, #3568]	@ 0xdf0
10004330:	07db      	lsls	r3, r3, #31
10004332:	d500      	bpl.n	10004336 <configuration_reset+0x76>
10004334:	be00      	bkpt	0x0000
10004336:	e8bd 81f0 	ldmia.w	sp!, {r4, r5, r6, r7, r8, pc}
1000433a:	bf00      	nop
1000433c:	20001e45 	.word	0x20001e45
10004340:	200013b0 	.word	0x200013b0
10004344:	20001580 	.word	0x20001580
10004348:	10006654 	.word	0x10006654

1000434c <tud_event_hook_cb>:
1000434c:	4770      	bx	lr
1000434e:	bf00      	nop

10004350 <tud_sof_cb>:
10004350:	4770      	bx	lr
10004352:	bf00      	nop

10004354 <tud_descriptor_device_qualifier_cb>:
10004354:	2000      	movs	r0, #0
10004356:	4770      	bx	lr

10004358 <tud_descriptor_other_speed_configuration_cb>:
10004358:	2000      	movs	r0, #0
1000435a:	4770      	bx	lr

1000435c <tud_mount_cb>:
1000435c:	4770      	bx	lr
1000435e:	bf00      	nop

10004360 <tud_umount_cb>:
10004360:	4770      	bx	lr
10004362:	bf00      	nop

10004364 <tud_suspend_cb>:
10004364:	4770      	bx	lr
10004366:	bf00      	nop

10004368 <tud_resume_cb>:
10004368:	4770      	bx	lr
1000436a:	bf00      	nop

1000436c <tud_mounted>:
1000436c:	4b02      	ldr	r3, [pc, #8]	@ (10004378 <tud_mounted+0xc>)
1000436e:	7858      	ldrb	r0, [r3, #1]
10004370:	3800      	subs	r0, #0
10004372:	bf18      	it	ne
10004374:	2001      	movne	r0, #1
10004376:	4770      	bx	lr
10004378:	20001580 	.word	0x20001580

1000437c <tud_suspended>:
1000437c:	4b02      	ldr	r3, [pc, #8]	@ (10004388 <tud_suspended+0xc>)
1000437e:	7818      	ldrb	r0, [r3, #0]
10004380:	f3c0 0080 	ubfx	r0, r0, #2, #1
10004384:	4770      	bx	lr
10004386:	bf00      	nop
10004388:	20001580 	.word	0x20001580

1000438c <tud_rhport_init>:
1000438c:	e92d 47f0 	stmdb	sp!, {r4, r5, r6, r7, r8, r9, sl, lr}
10004390:	f8df a0e4 	ldr.w	sl, [pc, #228]	@ 10004478 <tud_rhport_init+0xec>
10004394:	f89a 3000 	ldrb.w	r3, [sl]
10004398:	2bff      	cmp	r3, #255	@ 0xff
1000439a:	d156      	bne.n	1000444a <tud_rhport_init+0xbe>
1000439c:	460e      	mov	r6, r1
1000439e:	2900      	cmp	r1, #0
100043a0:	d03e      	beq.n	10004420 <tud_rhport_init+0x94>
100043a2:	2100      	movs	r1, #0
100043a4:	2254      	movs	r2, #84	@ 0x54
100043a6:	4607      	mov	r7, r0
100043a8:	4829      	ldr	r0, [pc, #164]	@ (10004450 <tud_rhport_init+0xc4>)
100043aa:	f001 fdf5 	bl	10005f98 <memset>
100043ae:	2200      	movs	r2, #0
100043b0:	4c28      	ldr	r4, [pc, #160]	@ (10004454 <tud_rhport_init+0xc8>)
100043b2:	4b29      	ldr	r3, [pc, #164]	@ (10004458 <tud_rhport_init+0xcc>)
100043b4:	4620      	mov	r0, r4
100043b6:	701a      	strb	r2, [r3, #0]
100043b8:	f7fc fcb0 	bl	10000d1c <mutex_init>
100043bc:	4b27      	ldr	r3, [pc, #156]	@ (1000445c <tud_rhport_init+0xd0>)
100043be:	4828      	ldr	r0, [pc, #160]	@ (10004460 <tud_rhport_init+0xd4>)
100043c0:	601c      	str	r4, [r3, #0]
100043c2:	4c28      	ldr	r4, [pc, #160]	@ (10004464 <tud_rhport_init+0xd8>)
100043c4:	f7fc fcb8 	bl	10000d38 <critical_section_init>
100043c8:	4620      	mov	r0, r4
100043ca:	f001 fdab 	bl	10005f24 <tu_fifo_clear>
100043ce:	4a26      	ldr	r2, [pc, #152]	@ (10004468 <tud_rhport_init+0xdc>)
100043d0:	4b26      	ldr	r3, [pc, #152]	@ (1000446c <tud_rhport_init+0xe0>)
100043d2:	6014      	str	r4, [r2, #0]
100043d4:	b123      	cbz	r3, 100043e0 <tud_rhport_init+0x54>
100043d6:	4826      	ldr	r0, [pc, #152]	@ (10004470 <tud_rhport_init+0xe4>)
100043d8:	f7ff fac4 	bl	10003964 <usbd_app_driver_get_cb>
100043dc:	4b25      	ldr	r3, [pc, #148]	@ (10004474 <tud_rhport_init+0xe8>)
100043de:	6018      	str	r0, [r3, #0]
100043e0:	2400      	movs	r4, #0
100043e2:	4d23      	ldr	r5, [pc, #140]	@ (10004470 <tud_rhport_init+0xe4>)
100043e4:	4623      	mov	r3, r4
100043e6:	782a      	ldrb	r2, [r5, #0]
100043e8:	f8df 9090 	ldr.w	r9, [pc, #144]	@ 1000447c <tud_rhport_init+0xf0>
100043ec:	f8df 8084 	ldr.w	r8, [pc, #132]	@ 10004474 <tud_rhport_init+0xe8>
100043f0:	e00e      	b.n	10004410 <tud_rhport_init+0x84>
100043f2:	f8d8 3000 	ldr.w	r3, [r8]
100043f6:	eb13 1344 	adds.w	r3, r3, r4, lsl #5
100043fa:	d011      	beq.n	10004420 <tud_rhport_init+0x94>
100043fc:	685b      	ldr	r3, [r3, #4]
100043fe:	b17b      	cbz	r3, 10004420 <tud_rhport_init+0x94>
10004400:	4798      	blx	r3
10004402:	782a      	ldrb	r2, [r5, #0]
10004404:	3401      	adds	r4, #1
10004406:	b2e4      	uxtb	r4, r4
10004408:	1c51      	adds	r1, r2, #1
1000440a:	42a1      	cmp	r1, r4
1000440c:	4623      	mov	r3, r4
1000440e:	db11      	blt.n	10004434 <tud_rhport_init+0xa8>
10004410:	42a2      	cmp	r2, r4
10004412:	d8ee      	bhi.n	100043f2 <tud_rhport_init+0x66>
10004414:	1a9b      	subs	r3, r3, r2
10004416:	eb09 1343 	add.w	r3, r9, r3, lsl #5
1000441a:	685b      	ldr	r3, [r3, #4]
1000441c:	2b00      	cmp	r3, #0
1000441e:	d1ef      	bne.n	10004400 <tud_rhport_init+0x74>
10004420:	f04f 23e0 	mov.w	r3, #3758153728	@ 0xe000e000
10004424:	f8d3 3df0 	ldr.w	r3, [r3, #3568]	@ 0xdf0
10004428:	07db      	lsls	r3, r3, #31
1000442a:	d500      	bpl.n	1000442e <tud_rhport_init+0xa2>
1000442c:	be00      	bkpt	0x0000
1000442e:	2000      	movs	r0, #0
10004430:	e8bd 87f0 	ldmia.w	sp!, {r4, r5, r6, r7, r8, r9, sl, pc}
10004434:	4631      	mov	r1, r6
10004436:	4638      	mov	r0, r7
10004438:	f88a 7000 	strb.w	r7, [sl]
1000443c:	f7ff fdd0 	bl	10003fe0 <dcd_init>
10004440:	2800      	cmp	r0, #0
10004442:	d0ed      	beq.n	10004420 <tud_rhport_init+0x94>
10004444:	4638      	mov	r0, r7
10004446:	f7ff fe11 	bl	1000406c <dcd_int_enable>
1000444a:	2001      	movs	r0, #1
1000444c:	e8bd 87f0 	ldmia.w	sp!, {r4, r5, r6, r7, r8, r9, sl, pc}
10004450:	20001580 	.word	0x20001580
10004454:	20001578 	.word	0x20001578
10004458:	20001e47 	.word	0x20001e47
1000445c:	200015d4 	.word	0x200015d4
10004460:	20001210 	.word	0x20001210
10004464:	200011fc 	.word	0x200011fc
10004468:	200015d8 	.word	0x200015d8
1000446c:	10003965 	.word	0x10003965
10004470:	20001e45 	.word	0x20001e45
10004474:	200013b0 	.word	0x200013b0
10004478:	20001218 	.word	0x20001218
1000447c:	10006654 	.word	0x10006654

10004480 <tud_task_ext>:
10004480:	e92d 4ff0 	stmdb	sp!, {r4, r5, r6, r7, r8, r9, sl, fp, lr}
10004484:	f8df 92c8 	ldr.w	r9, [pc, #712]	@ 10004750 <tud_task_ext+0x2d0>
10004488:	b08b      	sub	sp, #44	@ 0x2c
1000448a:	f899 3000 	ldrb.w	r3, [r9]
1000448e:	2bff      	cmp	r3, #255	@ 0xff
10004490:	f000 80f1 	beq.w	10004676 <tud_task_ext+0x1f6>
10004494:	4ca8      	ldr	r4, [pc, #672]	@ (10004738 <tud_task_ext+0x2b8>)
10004496:	4da9      	ldr	r5, [pc, #676]	@ (1000473c <tud_task_ext+0x2bc>)
10004498:	f8df a2b0 	ldr.w	sl, [pc, #688]	@ 1000474c <tud_task_ext+0x2cc>
1000449c:	f8df b2b4 	ldr.w	fp, [pc, #692]	@ 10004754 <tud_task_ext+0x2d4>
100044a0:	6826      	ldr	r6, [r4, #0]
100044a2:	6973      	ldr	r3, [r6, #20]
100044a4:	f3ef 8210 	mrs	r2, PRIMASK
100044a8:	b672      	cpsid	i
100044aa:	e8d3 0fcf 	ldaexb	r0, [r3]
100044ae:	2101      	movs	r1, #1
100044b0:	2800      	cmp	r0, #0
100044b2:	d1fa      	bne.n	100044aa <tud_task_ext+0x2a>
100044b4:	e8c3 1f40 	strexb	r0, r1, [r3]
100044b8:	2800      	cmp	r0, #0
100044ba:	d1f6      	bne.n	100044aa <tud_task_ext+0x2a>
100044bc:	f3bf 8f5f 	dmb	sy
100044c0:	61b2      	str	r2, [r6, #24]
100044c2:	4630      	mov	r0, r6
100044c4:	a907      	add	r1, sp, #28
100044c6:	f001 fb77 	bl	10005bb8 <tu_fifo_read>
100044ca:	2300      	movs	r3, #0
100044cc:	6972      	ldr	r2, [r6, #20]
100044ce:	e8c2 3f8f 	stlb	r3, [r2]
100044d2:	69b3      	ldr	r3, [r6, #24]
100044d4:	f383 8810 	msr	PRIMASK, r3
100044d8:	2800      	cmp	r0, #0
100044da:	f000 80cc 	beq.w	10004676 <tud_task_ext+0x1f6>
100044de:	f89d 301d 	ldrb.w	r3, [sp, #29]
100044e2:	3b01      	subs	r3, #1
100044e4:	2b07      	cmp	r3, #7
100044e6:	f200 837d 	bhi.w	10004be4 <tud_task_ext+0x764>
100044ea:	e8df f003 	tbb	[pc, r3]
100044ee:	b1a7      	.short	0xb1a7
100044f0:	358e9d95 	.word	0x358e9d95
100044f4:	040a      	.short	0x040a
100044f6:	9b08      	ldr	r3, [sp, #32]
100044f8:	2b00      	cmp	r3, #0
100044fa:	d0d1      	beq.n	100044a0 <tud_task_ext+0x20>
100044fc:	9809      	ldr	r0, [sp, #36]	@ 0x24
100044fe:	4798      	blx	r3
10004500:	e7ce      	b.n	100044a0 <tud_task_ext+0x20>
10004502:	f89d 1020 	ldrb.w	r1, [sp, #32]
10004506:	f001 067f 	and.w	r6, r1, #127	@ 0x7f
1000450a:	eb05 0046 	add.w	r0, r5, r6, lsl #1
1000450e:	eb00 10d1 	add.w	r0, r0, r1, lsr #7
10004512:	f890 3034 	ldrb.w	r3, [r0, #52]	@ 0x34
10004516:	f023 0301 	bic.w	r3, r3, #1
1000451a:	f880 3034 	strb.w	r3, [r0, #52]	@ 0x34
1000451e:	f890 3034 	ldrb.w	r3, [r0, #52]	@ 0x34
10004522:	f023 0304 	bic.w	r3, r3, #4
10004526:	f880 3034 	strb.w	r3, [r0, #52]	@ 0x34
1000452a:	2e00      	cmp	r6, #0
1000452c:	f000 80a6 	beq.w	1000467c <tud_task_ext+0x1fc>
10004530:	7d03      	ldrb	r3, [r0, #20]
10004532:	f89a 2000 	ldrb.w	r2, [sl]
10004536:	4293      	cmp	r3, r2
10004538:	f080 8093 	bcs.w	10004662 <tud_task_ext+0x1e2>
1000453c:	4a80      	ldr	r2, [pc, #512]	@ (10004740 <tud_task_ext+0x2c0>)
1000453e:	6812      	ldr	r2, [r2, #0]
10004540:	eb12 1343 	adds.w	r3, r2, r3, lsl #5
10004544:	f000 8090 	beq.w	10004668 <tud_task_ext+0x1e8>
10004548:	699e      	ldr	r6, [r3, #24]
1000454a:	f89d 2021 	ldrb.w	r2, [sp, #33]	@ 0x21
1000454e:	9b09      	ldr	r3, [sp, #36]	@ 0x24
10004550:	f89d 001c 	ldrb.w	r0, [sp, #28]
10004554:	47b0      	blx	r6
10004556:	e7a3      	b.n	100044a0 <tud_task_ext+0x20>
10004558:	f89b 3000 	ldrb.w	r3, [fp]
1000455c:	2b00      	cmp	r3, #0
1000455e:	f000 8083 	beq.w	10004668 <tud_task_ext+0x1e8>
10004562:	f89b 3000 	ldrb.w	r3, [fp]
10004566:	3b01      	subs	r3, #1
10004568:	b2db      	uxtb	r3, r3
1000456a:	f88b 3000 	strb.w	r3, [fp]
1000456e:	f89b 3000 	ldrb.w	r3, [fp]
10004572:	f003 00ff 	and.w	r0, r3, #255	@ 0xff
10004576:	2b00      	cmp	r3, #0
10004578:	d192      	bne.n	100044a0 <tud_task_ext+0x20>
1000457a:	4f70      	ldr	r7, [pc, #448]	@ (1000473c <tud_task_ext+0x2bc>)
1000457c:	f89d 801c 	ldrb.w	r8, [sp, #28]
10004580:	783b      	ldrb	r3, [r7, #0]
10004582:	f043 0301 	orr.w	r3, r3, #1
10004586:	703b      	strb	r3, [r7, #0]
10004588:	f897 3034 	ldrb.w	r3, [r7, #52]	@ 0x34
1000458c:	f360 0300 	bfi	r3, r0, #0, #1
10004590:	f887 3034 	strb.w	r3, [r7, #52]	@ 0x34
10004594:	f897 3034 	ldrb.w	r3, [r7, #52]	@ 0x34
10004598:	f360 0382 	bfi	r3, r0, #2, #1
1000459c:	f887 3034 	strb.w	r3, [r7, #52]	@ 0x34
100045a0:	f897 3035 	ldrb.w	r3, [r7, #53]	@ 0x35
100045a4:	f360 0300 	bfi	r3, r0, #0, #1
100045a8:	f887 3035 	strb.w	r3, [r7, #53]	@ 0x35
100045ac:	f897 3035 	ldrb.w	r3, [r7, #53]	@ 0x35
100045b0:	f360 0382 	bfi	r3, r0, #2, #1
100045b4:	f887 3035 	strb.w	r3, [r7, #53]	@ 0x35
100045b8:	f000 fc6c 	bl	10004e94 <usbd_control_set_complete_callback>
100045bc:	f89d 3020 	ldrb.w	r3, [sp, #32]
100045c0:	f003 0260 	and.w	r2, r3, #96	@ 0x60
100045c4:	2a60      	cmp	r2, #96	@ 0x60
100045c6:	d06c      	beq.n	100046a2 <tud_task_ext+0x222>
100045c8:	2a40      	cmp	r2, #64	@ 0x40
100045ca:	d07c      	beq.n	100046c6 <tud_task_ext+0x246>
100045cc:	f003 031f 	and.w	r3, r3, #31
100045d0:	2b01      	cmp	r3, #1
100045d2:	f000 80c1 	beq.w	10004758 <tud_task_ext+0x2d8>
100045d6:	2b02      	cmp	r3, #2
100045d8:	f000 8081 	beq.w	100046de <tud_task_ext+0x25e>
100045dc:	2b00      	cmp	r3, #0
100045de:	d160      	bne.n	100046a2 <tud_task_ext+0x222>
100045e0:	2a20      	cmp	r2, #32
100045e2:	f000 81e9 	beq.w	100049b8 <tud_task_ext+0x538>
100045e6:	2a00      	cmp	r2, #0
100045e8:	d15b      	bne.n	100046a2 <tud_task_ext+0x222>
100045ea:	f89d 3021 	ldrb.w	r3, [sp, #33]	@ 0x21
100045ee:	2b09      	cmp	r3, #9
100045f0:	d857      	bhi.n	100046a2 <tud_task_ext+0x222>
100045f2:	e8df f013 	tbh	[pc, r3, lsl #1]
100045f6:	01b0      	.short	0x01b0
100045f8:	005601a2 	.word	0x005601a2
100045fc:	005601c1 	.word	0x005601c1
10004600:	016b0195 	.word	0x016b0195
10004604:	01600056 	.word	0x01600056
10004608:	00f4      	.short	0x00f4
1000460a:	782b      	ldrb	r3, [r5, #0]
1000460c:	07d9      	lsls	r1, r3, #31
1000460e:	f57f af47 	bpl.w	100044a0 <tud_task_ext+0x20>
10004612:	f7ff fea9 	bl	10004368 <tud_resume_cb>
10004616:	e743      	b.n	100044a0 <tud_task_ext+0x20>
10004618:	78eb      	ldrb	r3, [r5, #3]
1000461a:	07da      	lsls	r2, r3, #31
1000461c:	f57f af40 	bpl.w	100044a0 <tud_task_ext+0x20>
10004620:	9808      	ldr	r0, [sp, #32]
10004622:	f7ff fe95 	bl	10004350 <tud_sof_cb>
10004626:	e73b      	b.n	100044a0 <tud_task_ext+0x20>
10004628:	782b      	ldrb	r3, [r5, #0]
1000462a:	07d8      	lsls	r0, r3, #31
1000462c:	f57f af38 	bpl.w	100044a0 <tud_task_ext+0x20>
10004630:	7828      	ldrb	r0, [r5, #0]
10004632:	f3c0 00c0 	ubfx	r0, r0, #3, #1
10004636:	f7ff fe95 	bl	10004364 <tud_suspend_cb>
1000463a:	e731      	b.n	100044a0 <tud_task_ext+0x20>
1000463c:	f89d 001c 	ldrb.w	r0, [sp, #28]
10004640:	f7ff fe3e 	bl	100042c0 <configuration_reset>
10004644:	f000 fc1c 	bl	10004e80 <usbd_control_reset>
10004648:	f89d 3020 	ldrb.w	r3, [sp, #32]
1000464c:	70ab      	strb	r3, [r5, #2]
1000464e:	e727      	b.n	100044a0 <tud_task_ext+0x20>
10004650:	f89d 001c 	ldrb.w	r0, [sp, #28]
10004654:	f7ff fe34 	bl	100042c0 <configuration_reset>
10004658:	f000 fc12 	bl	10004e80 <usbd_control_reset>
1000465c:	f7ff fe80 	bl	10004360 <tud_umount_cb>
10004660:	e71e      	b.n	100044a0 <tud_task_ext+0x20>
10004662:	1c50      	adds	r0, r2, #1
10004664:	4298      	cmp	r0, r3
10004666:	da11      	bge.n	1000468c <tud_task_ext+0x20c>
10004668:	f04f 23e0 	mov.w	r3, #3758153728	@ 0xe000e000
1000466c:	f8d3 3df0 	ldr.w	r3, [r3, #3568]	@ 0xdf0
10004670:	07dc      	lsls	r4, r3, #31
10004672:	d500      	bpl.n	10004676 <tud_task_ext+0x1f6>
10004674:	be00      	bkpt	0x0000
10004676:	b00b      	add	sp, #44	@ 0x2c
10004678:	e8bd 8ff0 	ldmia.w	sp!, {r4, r5, r6, r7, r8, r9, sl, fp, pc}
1000467c:	9b09      	ldr	r3, [sp, #36]	@ 0x24
1000467e:	f89d 2021 	ldrb.w	r2, [sp, #33]	@ 0x21
10004682:	f89d 001c 	ldrb.w	r0, [sp, #28]
10004686:	f000 fc19 	bl	10004ebc <usbd_control_xfer_cb>
1000468a:	e709      	b.n	100044a0 <tud_task_ext+0x20>
1000468c:	1a9b      	subs	r3, r3, r2
1000468e:	4a2d      	ldr	r2, [pc, #180]	@ (10004744 <tud_task_ext+0x2c4>)
10004690:	eb02 1343 	add.w	r3, r2, r3, lsl #5
10004694:	e758      	b.n	10004548 <tud_task_ext+0xc8>
10004696:	f7ff fb8d 	bl	10003db4 <tud_descriptor_configuration_cb>
1000469a:	4602      	mov	r2, r0
1000469c:	2800      	cmp	r0, #0
1000469e:	f040 8182 	bne.w	100049a6 <tud_task_ext+0x526>
100046a2:	f04f 23e0 	mov.w	r3, #3758153728	@ 0xe000e000
100046a6:	f8d3 3df0 	ldr.w	r3, [r3, #3568]	@ 0xdf0
100046aa:	07de      	lsls	r6, r3, #31
100046ac:	d500      	bpl.n	100046b0 <tud_task_ext+0x230>
100046ae:	be00      	bkpt	0x0000
100046b0:	f89d 001c 	ldrb.w	r0, [sp, #28]
100046b4:	2100      	movs	r1, #0
100046b6:	f7ff fd99 	bl	100041ec <dcd_edpt_stall>
100046ba:	2180      	movs	r1, #128	@ 0x80
100046bc:	f89d 001c 	ldrb.w	r0, [sp, #28]
100046c0:	f7ff fd94 	bl	100041ec <dcd_edpt_stall>
100046c4:	e6ec      	b.n	100044a0 <tud_task_ext+0x20>
100046c6:	4820      	ldr	r0, [pc, #128]	@ (10004748 <tud_task_ext+0x2c8>)
100046c8:	f000 fbe4 	bl	10004e94 <usbd_control_set_complete_callback>
100046cc:	2101      	movs	r1, #1
100046ce:	4640      	mov	r0, r8
100046d0:	aa08      	add	r2, sp, #32
100046d2:	f7ff f933 	bl	1000393c <tud_vendor_control_xfer_cb>
100046d6:	2800      	cmp	r0, #0
100046d8:	f47f aee2 	bne.w	100044a0 <tud_task_ext+0x20>
100046dc:	e7e8      	b.n	100046b0 <tud_task_ext+0x230>
100046de:	f89d 1024 	ldrb.w	r1, [sp, #36]	@ 0x24
100046e2:	f011 0f70 	tst.w	r1, #112	@ 0x70
100046e6:	d1dc      	bne.n	100046a2 <tud_task_ext+0x222>
100046e8:	f001 067f 	and.w	r6, r1, #127	@ 0x7f
100046ec:	eb07 0046 	add.w	r0, r7, r6, lsl #1
100046f0:	4b16      	ldr	r3, [pc, #88]	@ (1000474c <tud_task_ext+0x2cc>)
100046f2:	eb00 10d1 	add.w	r0, r0, r1, lsr #7
100046f6:	781b      	ldrb	r3, [r3, #0]
100046f8:	7d00      	ldrb	r0, [r0, #20]
100046fa:	0076      	lsls	r6, r6, #1
100046fc:	9601      	str	r6, [sp, #4]
100046fe:	4298      	cmp	r0, r3
10004700:	ea4f 16d1 	mov.w	r6, r1, lsr #7
10004704:	9600      	str	r6, [sp, #0]
10004706:	d359      	bcc.n	100047bc <tud_task_ext+0x33c>
10004708:	1c5e      	adds	r6, r3, #1
1000470a:	4286      	cmp	r6, r0
1000470c:	f2c0 8166 	blt.w	100049dc <tud_task_ext+0x55c>
10004710:	1ac0      	subs	r0, r0, r3
10004712:	4b0c      	ldr	r3, [pc, #48]	@ (10004744 <tud_task_ext+0x2c4>)
10004714:	eb03 1640 	add.w	r6, r3, r0, lsl #5
10004718:	2a00      	cmp	r2, #0
1000471a:	f000 8163 	beq.w	100049e4 <tud_task_ext+0x564>
1000471e:	6970      	ldr	r0, [r6, #20]
10004720:	f000 fbb8 	bl	10004e94 <usbd_control_set_complete_callback>
10004724:	2101      	movs	r1, #1
10004726:	4640      	mov	r0, r8
10004728:	6973      	ldr	r3, [r6, #20]
1000472a:	aa08      	add	r2, sp, #32
1000472c:	4798      	blx	r3
1000472e:	2800      	cmp	r0, #0
10004730:	f47f aeb6 	bne.w	100044a0 <tud_task_ext+0x20>
10004734:	e7bc      	b.n	100046b0 <tud_task_ext+0x230>
10004736:	bf00      	nop
10004738:	200015d8 	.word	0x200015d8
1000473c:	20001580 	.word	0x20001580
10004740:	200013b0 	.word	0x200013b0
10004744:	10006654 	.word	0x10006654
10004748:	1000393d 	.word	0x1000393d
1000474c:	20001e45 	.word	0x20001e45
10004750:	20001218 	.word	0x20001218
10004754:	20001e47 	.word	0x20001e47
10004758:	f89d 3024 	ldrb.w	r3, [sp, #36]	@ 0x24
1000475c:	2b0f      	cmp	r3, #15
1000475e:	d8a7      	bhi.n	100046b0 <tud_task_ext+0x230>
10004760:	4aae      	ldr	r2, [pc, #696]	@ (10004a1c <tud_task_ext+0x59c>)
10004762:	443b      	add	r3, r7
10004764:	791b      	ldrb	r3, [r3, #4]
10004766:	7812      	ldrb	r2, [r2, #0]
10004768:	4293      	cmp	r3, r2
1000476a:	d332      	bcc.n	100047d2 <tud_task_ext+0x352>
1000476c:	1c51      	adds	r1, r2, #1
1000476e:	4299      	cmp	r1, r3
10004770:	db9e      	blt.n	100046b0 <tud_task_ext+0x230>
10004772:	4eab      	ldr	r6, [pc, #684]	@ (10004a20 <tud_task_ext+0x5a0>)
10004774:	1a9b      	subs	r3, r3, r2
10004776:	eb06 1643 	add.w	r6, r6, r3, lsl #5
1000477a:	6970      	ldr	r0, [r6, #20]
1000477c:	f000 fb8a 	bl	10004e94 <usbd_control_set_complete_callback>
10004780:	2101      	movs	r1, #1
10004782:	4640      	mov	r0, r8
10004784:	6973      	ldr	r3, [r6, #20]
10004786:	aa08      	add	r2, sp, #32
10004788:	4798      	blx	r3
1000478a:	2800      	cmp	r0, #0
1000478c:	f47f ae88 	bne.w	100044a0 <tud_task_ext+0x20>
10004790:	f89d 3020 	ldrb.w	r3, [sp, #32]
10004794:	f013 0660 	ands.w	r6, r3, #96	@ 0x60
10004798:	d18a      	bne.n	100046b0 <tud_task_ext+0x230>
1000479a:	f89d 3021 	ldrb.w	r3, [sp, #33]	@ 0x21
1000479e:	3b0a      	subs	r3, #10
100047a0:	2b01      	cmp	r3, #1
100047a2:	d885      	bhi.n	100046b0 <tud_task_ext+0x230>
100047a4:	f000 fb76 	bl	10004e94 <usbd_control_set_complete_callback>
100047a8:	f89d 3021 	ldrb.w	r3, [sp, #33]	@ 0x21
100047ac:	2b0a      	cmp	r3, #10
100047ae:	f000 81f2 	beq.w	10004b96 <tud_task_ext+0x716>
100047b2:	4640      	mov	r0, r8
100047b4:	a908      	add	r1, sp, #32
100047b6:	f000 faf1 	bl	10004d9c <tud_control_status>
100047ba:	e671      	b.n	100044a0 <tud_task_ext+0x20>
100047bc:	4b99      	ldr	r3, [pc, #612]	@ (10004a24 <tud_task_ext+0x5a4>)
100047be:	681b      	ldr	r3, [r3, #0]
100047c0:	eb03 1640 	add.w	r6, r3, r0, lsl #5
100047c4:	2a00      	cmp	r2, #0
100047c6:	f000 810d 	beq.w	100049e4 <tud_task_ext+0x564>
100047ca:	2e00      	cmp	r6, #0
100047cc:	f43f af70 	beq.w	100046b0 <tud_task_ext+0x230>
100047d0:	e7a5      	b.n	1000471e <tud_task_ext+0x29e>
100047d2:	4a94      	ldr	r2, [pc, #592]	@ (10004a24 <tud_task_ext+0x5a4>)
100047d4:	6816      	ldr	r6, [r2, #0]
100047d6:	eb16 1643 	adds.w	r6, r6, r3, lsl #5
100047da:	d1ce      	bne.n	1000477a <tud_task_ext+0x2fa>
100047dc:	e768      	b.n	100046b0 <tud_task_ext+0x230>
100047de:	787b      	ldrb	r3, [r7, #1]
100047e0:	f89d 6022 	ldrb.w	r6, [sp, #34]	@ 0x22
100047e4:	429e      	cmp	r6, r3
100047e6:	f000 814f 	beq.w	10004a88 <tud_task_ext+0x608>
100047ea:	787b      	ldrb	r3, [r7, #1]
100047ec:	2b00      	cmp	r3, #0
100047ee:	f040 81be 	bne.w	10004b6e <tud_task_ext+0x6ee>
100047f2:	707e      	strb	r6, [r7, #1]
100047f4:	2e00      	cmp	r6, #0
100047f6:	f000 8145 	beq.w	10004a84 <tud_task_ext+0x604>
100047fa:	1e70      	subs	r0, r6, #1
100047fc:	b2c0      	uxtb	r0, r0
100047fe:	f7ff fad9 	bl	10003db4 <tud_descriptor_configuration_cb>
10004802:	4603      	mov	r3, r0
10004804:	2800      	cmp	r0, #0
10004806:	f000 815f 	beq.w	10004ac8 <tud_task_ext+0x648>
1000480a:	7842      	ldrb	r2, [r0, #1]
1000480c:	2a02      	cmp	r2, #2
1000480e:	f040 815b 	bne.w	10004ac8 <tud_task_ext+0x648>
10004812:	79c1      	ldrb	r1, [r0, #7]
10004814:	f103 0609 	add.w	r6, r3, #9
10004818:	f3c1 1240 	ubfx	r2, r1, #5, #1
1000481c:	0112      	lsls	r2, r2, #4
1000481e:	f3c1 1180 	ubfx	r1, r1, #6, #1
10004822:	ea42 1241 	orr.w	r2, r2, r1, lsl #5
10004826:	4631      	mov	r1, r6
10004828:	7838      	ldrb	r0, [r7, #0]
1000482a:	f020 0030 	bic.w	r0, r0, #48	@ 0x30
1000482e:	4302      	orrs	r2, r0
10004830:	703a      	strb	r2, [r7, #0]
10004832:	885a      	ldrh	r2, [r3, #2]
10004834:	f8cd 800c 	str.w	r8, [sp, #12]
10004838:	189a      	adds	r2, r3, r2
1000483a:	9201      	str	r2, [sp, #4]
1000483c:	9b01      	ldr	r3, [sp, #4]
1000483e:	428b      	cmp	r3, r1
10004840:	f240 81a4 	bls.w	10004b8c <tud_task_ext+0x70c>
10004844:	784a      	ldrb	r2, [r1, #1]
10004846:	2a0b      	cmp	r2, #11
10004848:	f000 81af 	beq.w	10004baa <tud_task_ext+0x72a>
1000484c:	2301      	movs	r3, #1
1000484e:	2a04      	cmp	r2, #4
10004850:	f040 813a 	bne.w	10004ac8 <tud_task_ext+0x648>
10004854:	2600      	movs	r6, #0
10004856:	9a01      	ldr	r2, [sp, #4]
10004858:	9600      	str	r6, [sp, #0]
1000485a:	1a52      	subs	r2, r2, r1
1000485c:	b292      	uxth	r2, r2
1000485e:	9202      	str	r2, [sp, #8]
10004860:	4a6e      	ldr	r2, [pc, #440]	@ (10004a1c <tud_task_ext+0x59c>)
10004862:	9304      	str	r3, [sp, #16]
10004864:	7812      	ldrb	r2, [r2, #0]
10004866:	e01d      	b.n	100048a4 <tud_task_ext+0x424>
10004868:	4b6e      	ldr	r3, [pc, #440]	@ (10004a24 <tud_task_ext+0x5a4>)
1000486a:	681b      	ldr	r3, [r3, #0]
1000486c:	eb13 1846 	adds.w	r8, r3, r6, lsl #5
10004870:	f000 812a 	beq.w	10004ac8 <tud_task_ext+0x648>
10004874:	9a02      	ldr	r2, [sp, #8]
10004876:	f8d8 3010 	ldr.w	r3, [r8, #16]
1000487a:	9803      	ldr	r0, [sp, #12]
1000487c:	9105      	str	r1, [sp, #20]
1000487e:	4798      	blx	r3
10004880:	2808      	cmp	r0, #8
10004882:	4602      	mov	r2, r0
10004884:	9905      	ldr	r1, [sp, #20]
10004886:	f106 0301 	add.w	r3, r6, #1
1000488a:	d903      	bls.n	10004894 <tud_task_ext+0x414>
1000488c:	9802      	ldr	r0, [sp, #8]
1000488e:	4290      	cmp	r0, r2
10004890:	f080 80ff 	bcs.w	10004a92 <tud_task_ext+0x612>
10004894:	b2de      	uxtb	r6, r3
10004896:	4b61      	ldr	r3, [pc, #388]	@ (10004a1c <tud_task_ext+0x59c>)
10004898:	9600      	str	r6, [sp, #0]
1000489a:	781a      	ldrb	r2, [r3, #0]
1000489c:	1c53      	adds	r3, r2, #1
1000489e:	429e      	cmp	r6, r3
100048a0:	f300 8112 	bgt.w	10004ac8 <tud_task_ext+0x648>
100048a4:	9b00      	ldr	r3, [sp, #0]
100048a6:	42b2      	cmp	r2, r6
100048a8:	eba3 0202 	sub.w	r2, r3, r2
100048ac:	d8dc      	bhi.n	10004868 <tud_task_ext+0x3e8>
100048ae:	4b5c      	ldr	r3, [pc, #368]	@ (10004a20 <tud_task_ext+0x5a0>)
100048b0:	eb03 1842 	add.w	r8, r3, r2, lsl #5
100048b4:	e7de      	b.n	10004874 <tud_task_ext+0x3f4>
100048b6:	787b      	ldrb	r3, [r7, #1]
100048b8:	4640      	mov	r0, r8
100048ba:	f88d 301a 	strb.w	r3, [sp, #26]
100048be:	f10d 021a 	add.w	r2, sp, #26
100048c2:	2301      	movs	r3, #1
100048c4:	a908      	add	r1, sp, #32
100048c6:	f000 fa83 	bl	10004dd0 <tud_control_xfer>
100048ca:	e5e9      	b.n	100044a0 <tud_task_ext+0x20>
100048cc:	f8bd 0022 	ldrh.w	r0, [sp, #34]	@ 0x22
100048d0:	0a03      	lsrs	r3, r0, #8
100048d2:	3b01      	subs	r3, #1
100048d4:	0a02      	lsrs	r2, r0, #8
100048d6:	b2c0      	uxtb	r0, r0
100048d8:	2b0e      	cmp	r3, #14
100048da:	f63f aee9 	bhi.w	100046b0 <tud_task_ext+0x230>
100048de:	a101      	add	r1, pc, #4	@ (adr r1, 100048e4 <tud_task_ext+0x464>)
100048e0:	f851 f023 	ldr.w	pc, [r1, r3, lsl #2]
100048e4:	10004af9 	.word	0x10004af9
100048e8:	10004995 	.word	0x10004995
100048ec:	10004b35 	.word	0x10004b35
100048f0:	100046b1 	.word	0x100046b1
100048f4:	100046b1 	.word	0x100046b1
100048f8:	10004b17 	.word	0x10004b17
100048fc:	10004995 	.word	0x10004995
10004900:	100046b1 	.word	0x100046b1
10004904:	100046b1 	.word	0x100046b1
10004908:	100046b1 	.word	0x100046b1
1000490c:	100046b1 	.word	0x100046b1
10004910:	100046b1 	.word	0x100046b1
10004914:	100046b1 	.word	0x100046b1
10004918:	100046b1 	.word	0x100046b1
1000491c:	10004aeb 	.word	0x10004aeb
10004920:	a808      	add	r0, sp, #32
10004922:	f000 fabd 	bl	10004ea0 <usbd_control_set_request>
10004926:	4640      	mov	r0, r8
10004928:	f89d 1022 	ldrb.w	r1, [sp, #34]	@ 0x22
1000492c:	f7ff fba2 	bl	10004074 <dcd_set_address>
10004930:	783b      	ldrb	r3, [r7, #0]
10004932:	f043 0302 	orr.w	r3, r3, #2
10004936:	703b      	strb	r3, [r7, #0]
10004938:	e5b2      	b.n	100044a0 <tud_task_ext+0x20>
1000493a:	f8bd 3022 	ldrh.w	r3, [sp, #34]	@ 0x22
1000493e:	2b01      	cmp	r3, #1
10004940:	f47f aeb6 	bne.w	100046b0 <tud_task_ext+0x230>
10004944:	783b      	ldrb	r3, [r7, #0]
10004946:	4640      	mov	r0, r8
10004948:	f023 0308 	bic.w	r3, r3, #8
1000494c:	a908      	add	r1, sp, #32
1000494e:	703b      	strb	r3, [r7, #0]
10004950:	f000 fa24 	bl	10004d9c <tud_control_status>
10004954:	e5a4      	b.n	100044a0 <tud_task_ext+0x20>
10004956:	4640      	mov	r0, r8
10004958:	783b      	ldrb	r3, [r7, #0]
1000495a:	089a      	lsrs	r2, r3, #2
1000495c:	f002 0202 	and.w	r2, r2, #2
10004960:	f3c3 1340 	ubfx	r3, r3, #5, #1
10004964:	4313      	orrs	r3, r2
10004966:	f8ad 301a 	strh.w	r3, [sp, #26]
1000496a:	f10d 021a 	add.w	r2, sp, #26
1000496e:	2302      	movs	r3, #2
10004970:	a908      	add	r1, sp, #32
10004972:	f000 fa2d 	bl	10004dd0 <tud_control_xfer>
10004976:	e593      	b.n	100044a0 <tud_task_ext+0x20>
10004978:	f8bd 3022 	ldrh.w	r3, [sp, #34]	@ 0x22
1000497c:	2b01      	cmp	r3, #1
1000497e:	f47f ae97 	bne.w	100046b0 <tud_task_ext+0x230>
10004982:	783b      	ldrb	r3, [r7, #0]
10004984:	4640      	mov	r0, r8
10004986:	f043 0308 	orr.w	r3, r3, #8
1000498a:	a908      	add	r1, sp, #32
1000498c:	703b      	strb	r3, [r7, #0]
1000498e:	f000 fa05 	bl	10004d9c <tud_control_status>
10004992:	e585      	b.n	100044a0 <tud_task_ext+0x20>
10004994:	2a02      	cmp	r2, #2
10004996:	f43f ae7e 	beq.w	10004696 <tud_task_ext+0x216>
1000499a:	f7ff fcdd 	bl	10004358 <tud_descriptor_other_speed_configuration_cb>
1000499e:	4602      	mov	r2, r0
100049a0:	2800      	cmp	r0, #0
100049a2:	f43f ae85 	beq.w	100046b0 <tud_task_ext+0x230>
100049a6:	4640      	mov	r0, r8
100049a8:	8853      	ldrh	r3, [r2, #2]
100049aa:	a908      	add	r1, sp, #32
100049ac:	f000 fa10 	bl	10004dd0 <tud_control_xfer>
100049b0:	2800      	cmp	r0, #0
100049b2:	f47f ad75 	bne.w	100044a0 <tud_task_ext+0x20>
100049b6:	e67b      	b.n	100046b0 <tud_task_ext+0x230>
100049b8:	f89d 3024 	ldrb.w	r3, [sp, #36]	@ 0x24
100049bc:	2b0f      	cmp	r3, #15
100049be:	f63f ae77 	bhi.w	100046b0 <tud_task_ext+0x230>
100049c2:	4a16      	ldr	r2, [pc, #88]	@ (10004a1c <tud_task_ext+0x59c>)
100049c4:	443b      	add	r3, r7
100049c6:	791b      	ldrb	r3, [r3, #4]
100049c8:	7812      	ldrb	r2, [r2, #0]
100049ca:	4293      	cmp	r3, r2
100049cc:	d21d      	bcs.n	10004a0a <tud_task_ext+0x58a>
100049ce:	4a15      	ldr	r2, [pc, #84]	@ (10004a24 <tud_task_ext+0x5a4>)
100049d0:	6816      	ldr	r6, [r2, #0]
100049d2:	eb16 1643 	adds.w	r6, r6, r3, lsl #5
100049d6:	f47f aea2 	bne.w	1000471e <tud_task_ext+0x29e>
100049da:	e669      	b.n	100046b0 <tud_task_ext+0x230>
100049dc:	2a00      	cmp	r2, #0
100049de:	f47f ae67 	bne.w	100046b0 <tud_task_ext+0x230>
100049e2:	2600      	movs	r6, #0
100049e4:	f89d 2021 	ldrb.w	r2, [sp, #33]	@ 0x21
100049e8:	f002 03fd 	and.w	r3, r2, #253	@ 0xfd
100049ec:	2b01      	cmp	r3, #1
100049ee:	d01b      	beq.n	10004a28 <tud_task_ext+0x5a8>
100049f0:	2a00      	cmp	r2, #0
100049f2:	f47f ae56 	bne.w	100046a2 <tud_task_ext+0x222>
100049f6:	9b01      	ldr	r3, [sp, #4]
100049f8:	9a00      	ldr	r2, [sp, #0]
100049fa:	443b      	add	r3, r7
100049fc:	4413      	add	r3, r2
100049fe:	f893 3034 	ldrb.w	r3, [r3, #52]	@ 0x34
10004a02:	4640      	mov	r0, r8
10004a04:	f3c3 0340 	ubfx	r3, r3, #1, #1
10004a08:	e7ad      	b.n	10004966 <tud_task_ext+0x4e6>
10004a0a:	1c51      	adds	r1, r2, #1
10004a0c:	4299      	cmp	r1, r3
10004a0e:	f6ff ae4f 	blt.w	100046b0 <tud_task_ext+0x230>
10004a12:	4e03      	ldr	r6, [pc, #12]	@ (10004a20 <tud_task_ext+0x5a0>)
10004a14:	1a9b      	subs	r3, r3, r2
10004a16:	eb06 1643 	add.w	r6, r6, r3, lsl #5
10004a1a:	e680      	b.n	1000471e <tud_task_ext+0x29e>
10004a1c:	20001e45 	.word	0x20001e45
10004a20:	10006654 	.word	0x10006654
10004a24:	200013b0 	.word	0x200013b0
10004a28:	f8bd 3022 	ldrh.w	r3, [sp, #34]	@ 0x22
10004a2c:	b9b3      	cbnz	r3, 10004a5c <tud_task_ext+0x5dc>
10004a2e:	2a01      	cmp	r2, #1
10004a30:	f899 0000 	ldrb.w	r0, [r9]
10004a34:	f000 8086 	beq.w	10004b44 <tud_task_ext+0x6c4>
10004a38:	f7ff fbd8 	bl	100041ec <dcd_edpt_stall>
10004a3c:	9b01      	ldr	r3, [sp, #4]
10004a3e:	9a00      	ldr	r2, [sp, #0]
10004a40:	443b      	add	r3, r7
10004a42:	4413      	add	r3, r2
10004a44:	f893 2034 	ldrb.w	r2, [r3, #52]	@ 0x34
10004a48:	f042 0202 	orr.w	r2, r2, #2
10004a4c:	f883 2034 	strb.w	r2, [r3, #52]	@ 0x34
10004a50:	f893 2034 	ldrb.w	r2, [r3, #52]	@ 0x34
10004a54:	f042 0201 	orr.w	r2, r2, #1
10004a58:	f883 2034 	strb.w	r2, [r3, #52]	@ 0x34
10004a5c:	2e00      	cmp	r6, #0
10004a5e:	f43f ad1f 	beq.w	100044a0 <tud_task_ext+0x20>
10004a62:	6970      	ldr	r0, [r6, #20]
10004a64:	f000 fa16 	bl	10004e94 <usbd_control_set_complete_callback>
10004a68:	6973      	ldr	r3, [r6, #20]
10004a6a:	2101      	movs	r1, #1
10004a6c:	aa08      	add	r2, sp, #32
10004a6e:	4640      	mov	r0, r8
10004a70:	4798      	blx	r3
10004a72:	2000      	movs	r0, #0
10004a74:	f000 fa0e 	bl	10004e94 <usbd_control_set_complete_callback>
10004a78:	f897 3035 	ldrb.w	r3, [r7, #53]	@ 0x35
10004a7c:	07df      	lsls	r7, r3, #31
10004a7e:	f53f ad0f 	bmi.w	100044a0 <tud_task_ext+0x20>
10004a82:	e696      	b.n	100047b2 <tud_task_ext+0x332>
10004a84:	f7ff fc6c 	bl	10004360 <tud_umount_cb>
10004a88:	4640      	mov	r0, r8
10004a8a:	a908      	add	r1, sp, #32
10004a8c:	f000 f986 	bl	10004d9c <tud_control_status>
10004a90:	e506      	b.n	100044a0 <tud_task_ext+0x20>
10004a92:	9b04      	ldr	r3, [sp, #16]
10004a94:	2b01      	cmp	r3, #1
10004a96:	f000 809e 	beq.w	10004bd6 <tud_task_ext+0x756>
10004a9a:	2b00      	cmp	r3, #0
10004a9c:	f000 808a 	beq.w	10004bb4 <tud_task_ext+0x734>
10004aa0:	2000      	movs	r0, #0
10004aa2:	f891 8002 	ldrb.w	r8, [r1, #2]
10004aa6:	e005      	b.n	10004ab4 <tud_task_ext+0x634>
10004aa8:	f88c 6004 	strb.w	r6, [ip, #4]
10004aac:	fa5f fc80 	uxtb.w	ip, r0
10004ab0:	4563      	cmp	r3, ip
10004ab2:	d97f      	bls.n	10004bb4 <tud_task_ext+0x734>
10004ab4:	eb08 0c00 	add.w	ip, r8, r0
10004ab8:	fa57 fc8c 	uxtab	ip, r7, ip
10004abc:	f89c e004 	ldrb.w	lr, [ip, #4]
10004ac0:	3001      	adds	r0, #1
10004ac2:	f1be 0fff 	cmp.w	lr, #255	@ 0xff
10004ac6:	d0ef      	beq.n	10004aa8 <tud_task_ext+0x628>
10004ac8:	f04f 23e0 	mov.w	r3, #3758153728	@ 0xe000e000
10004acc:	f8d3 3df0 	ldr.w	r3, [r3, #3568]	@ 0xdf0
10004ad0:	07da      	lsls	r2, r3, #31
10004ad2:	d500      	bpl.n	10004ad6 <tud_task_ext+0x656>
10004ad4:	be00      	bkpt	0x0000
10004ad6:	f04f 23e0 	mov.w	r3, #3758153728	@ 0xe000e000
10004ada:	f8d3 3df0 	ldr.w	r3, [r3, #3568]	@ 0xdf0
10004ade:	07db      	lsls	r3, r3, #31
10004ae0:	d500      	bpl.n	10004ae4 <tud_task_ext+0x664>
10004ae2:	be00      	bkpt	0x0000
10004ae4:	2300      	movs	r3, #0
10004ae6:	707b      	strb	r3, [r7, #1]
10004ae8:	e5e2      	b.n	100046b0 <tud_task_ext+0x230>
10004aea:	f7fe ff23 	bl	10003934 <tud_descriptor_bos_cb>
10004aee:	4602      	mov	r2, r0
10004af0:	2800      	cmp	r0, #0
10004af2:	f47f af58 	bne.w	100049a6 <tud_task_ext+0x526>
10004af6:	e5db      	b.n	100046b0 <tud_task_ext+0x230>
10004af8:	f7ff f958 	bl	10003dac <tud_descriptor_device_cb>
10004afc:	4602      	mov	r2, r0
10004afe:	2800      	cmp	r0, #0
10004b00:	f43f adcf 	beq.w	100046a2 <tud_task_ext+0x222>
10004b04:	4640      	mov	r0, r8
10004b06:	2312      	movs	r3, #18
10004b08:	a908      	add	r1, sp, #32
10004b0a:	f000 f961 	bl	10004dd0 <tud_control_xfer>
10004b0e:	2800      	cmp	r0, #0
10004b10:	f47f acc6 	bne.w	100044a0 <tud_task_ext+0x20>
10004b14:	e5cc      	b.n	100046b0 <tud_task_ext+0x230>
10004b16:	f7ff fc1d 	bl	10004354 <tud_descriptor_device_qualifier_cb>
10004b1a:	4602      	mov	r2, r0
10004b1c:	2800      	cmp	r0, #0
10004b1e:	f43f adc7 	beq.w	100046b0 <tud_task_ext+0x230>
10004b22:	4640      	mov	r0, r8
10004b24:	7813      	ldrb	r3, [r2, #0]
10004b26:	a908      	add	r1, sp, #32
10004b28:	f000 f952 	bl	10004dd0 <tud_control_xfer>
10004b2c:	2800      	cmp	r0, #0
10004b2e:	f47f acb7 	bne.w	100044a0 <tud_task_ext+0x20>
10004b32:	e5bd      	b.n	100046b0 <tud_task_ext+0x230>
10004b34:	f8bd 1024 	ldrh.w	r1, [sp, #36]	@ 0x24
10004b38:	f7ff f940 	bl	10003dbc <tud_descriptor_string_cb>
10004b3c:	4602      	mov	r2, r0
10004b3e:	2800      	cmp	r0, #0
10004b40:	d1ef      	bne.n	10004b22 <tud_task_ext+0x6a2>
10004b42:	e5b5      	b.n	100046b0 <tud_task_ext+0x230>
10004b44:	9302      	str	r3, [sp, #8]
10004b46:	f7ff fb69 	bl	1000421c <dcd_edpt_clear_stall>
10004b4a:	9a01      	ldr	r2, [sp, #4]
10004b4c:	9b00      	ldr	r3, [sp, #0]
10004b4e:	443a      	add	r2, r7
10004b50:	441a      	add	r2, r3
10004b52:	f892 1034 	ldrb.w	r1, [r2, #52]	@ 0x34
10004b56:	9b02      	ldr	r3, [sp, #8]
10004b58:	f363 0141 	bfi	r1, r3, #1, #1
10004b5c:	f882 1034 	strb.w	r1, [r2, #52]	@ 0x34
10004b60:	f892 1034 	ldrb.w	r1, [r2, #52]	@ 0x34
10004b64:	f363 0100 	bfi	r1, r3, #0, #1
10004b68:	f882 1034 	strb.w	r1, [r2, #52]	@ 0x34
10004b6c:	e776      	b.n	10004a5c <tud_task_ext+0x5dc>
10004b6e:	2100      	movs	r1, #0
10004b70:	4640      	mov	r0, r8
10004b72:	f7ff fa87 	bl	10004084 <dcd_sof_enable>
10004b76:	4640      	mov	r0, r8
10004b78:	f7ff fb22 	bl	100041c0 <dcd_edpt_close_all>
10004b7c:	78bb      	ldrb	r3, [r7, #2]
10004b7e:	4640      	mov	r0, r8
10004b80:	9300      	str	r3, [sp, #0]
10004b82:	f7ff fb9d 	bl	100042c0 <configuration_reset>
10004b86:	9b00      	ldr	r3, [sp, #0]
10004b88:	70bb      	strb	r3, [r7, #2]
10004b8a:	e632      	b.n	100047f2 <tud_task_ext+0x372>
10004b8c:	f8dd 800c 	ldr.w	r8, [sp, #12]
10004b90:	f7ff fbe4 	bl	1000435c <tud_mount_cb>
10004b94:	e778      	b.n	10004a88 <tud_task_ext+0x608>
10004b96:	4640      	mov	r0, r8
10004b98:	2301      	movs	r3, #1
10004b9a:	a908      	add	r1, sp, #32
10004b9c:	f10d 021a 	add.w	r2, sp, #26
10004ba0:	f88d 601a 	strb.w	r6, [sp, #26]
10004ba4:	f000 f914 	bl	10004dd0 <tud_control_xfer>
10004ba8:	e47a      	b.n	100044a0 <tud_task_ext+0x20>
10004baa:	780a      	ldrb	r2, [r1, #0]
10004bac:	78cb      	ldrb	r3, [r1, #3]
10004bae:	4411      	add	r1, r2
10004bb0:	784a      	ldrb	r2, [r1, #1]
10004bb2:	e64c      	b.n	1000484e <tud_task_ext+0x3ce>
10004bb4:	4633      	mov	r3, r6
10004bb6:	4810      	ldr	r0, [pc, #64]	@ (10004bf8 <tud_task_ext+0x778>)
10004bb8:	9204      	str	r2, [sp, #16]
10004bba:	9102      	str	r1, [sp, #8]
10004bbc:	f000 fe76 	bl	100058ac <tu_edpt_bind_driver>
10004bc0:	4b0e      	ldr	r3, [pc, #56]	@ (10004bfc <tud_task_ext+0x77c>)
10004bc2:	9a04      	ldr	r2, [sp, #16]
10004bc4:	9902      	ldr	r1, [sp, #8]
10004bc6:	781b      	ldrb	r3, [r3, #0]
10004bc8:	4411      	add	r1, r2
10004bca:	9a00      	ldr	r2, [sp, #0]
10004bcc:	3301      	adds	r3, #1
10004bce:	4293      	cmp	r3, r2
10004bd0:	f6bf ae34 	bge.w	1000483c <tud_task_ext+0x3bc>
10004bd4:	e778      	b.n	10004ac8 <tud_task_ext+0x648>
10004bd6:	f8d8 c010 	ldr.w	ip, [r8, #16]
10004bda:	4809      	ldr	r0, [pc, #36]	@ (10004c00 <tud_task_ext+0x780>)
10004bdc:	4584      	cmp	ip, r0
10004bde:	bf08      	it	eq
10004be0:	2302      	moveq	r3, #2
10004be2:	e75d      	b.n	10004aa0 <tud_task_ext+0x620>
10004be4:	f04f 23e0 	mov.w	r3, #3758153728	@ 0xe000e000
10004be8:	f8d3 3df0 	ldr.w	r3, [r3, #3568]	@ 0xdf0
10004bec:	07db      	lsls	r3, r3, #31
10004bee:	f57f ac57 	bpl.w	100044a0 <tud_task_ext+0x20>
10004bf2:	be00      	bkpt	0x0000
10004bf4:	e454      	b.n	100044a0 <tud_task_ext+0x20>
10004bf6:	bf00      	nop
10004bf8:	20001594 	.word	0x20001594
10004bfc:	20001e45 	.word	0x20001e45
10004c00:	100052cd 	.word	0x100052cd

10004c04 <usbd_open_edpt_pair>:
10004c04:	e92d 4ff8 	stmdb	sp!, {r3, r4, r5, r6, r7, r8, r9, sl, fp, lr}
10004c08:	9f0a      	ldr	r7, [sp, #40]	@ 0x28
10004c0a:	2a00      	cmp	r2, #0
10004c0c:	d040      	beq.n	10004c90 <usbd_open_edpt_pair+0x8c>
10004c0e:	460c      	mov	r4, r1
10004c10:	461e      	mov	r6, r3
10004c12:	4615      	mov	r5, r2
10004c14:	f04f 0a00 	mov.w	sl, #0
10004c18:	f8df 907c 	ldr.w	r9, [pc, #124]	@ 10004c98 <usbd_open_edpt_pair+0x94>
10004c1c:	f8df 807c 	ldr.w	r8, [pc, #124]	@ 10004c9c <usbd_open_edpt_pair+0x98>
10004c20:	e018      	b.n	10004c54 <usbd_open_edpt_pair+0x50>
10004c22:	4620      	mov	r0, r4
10004c24:	f898 1002 	ldrb.w	r1, [r8, #2]
10004c28:	f899 b000 	ldrb.w	fp, [r9]
10004c2c:	f000 fe0e 	bl	1000584c <tu_edpt_validate>
10004c30:	b1e0      	cbz	r0, 10004c6c <usbd_open_edpt_pair+0x68>
10004c32:	4621      	mov	r1, r4
10004c34:	4658      	mov	r0, fp
10004c36:	f7ff fa41 	bl	100040bc <dcd_edpt_open>
10004c3a:	b1f0      	cbz	r0, 10004c7a <usbd_open_edpt_pair+0x76>
10004c3c:	78a2      	ldrb	r2, [r4, #2]
10004c3e:	f10a 0a01 	add.w	sl, sl, #1
10004c42:	09d1      	lsrs	r1, r2, #7
10004c44:	bf16      	itet	ne
10004c46:	9b0b      	ldrne	r3, [sp, #44]	@ 0x2c
10004c48:	703a      	strbeq	r2, [r7, #0]
10004c4a:	701a      	strbne	r2, [r3, #0]
10004c4c:	7822      	ldrb	r2, [r4, #0]
10004c4e:	45aa      	cmp	sl, r5
10004c50:	4414      	add	r4, r2
10004c52:	d01d      	beq.n	10004c90 <usbd_open_edpt_pair+0x8c>
10004c54:	7862      	ldrb	r2, [r4, #1]
10004c56:	2a05      	cmp	r2, #5
10004c58:	d10f      	bne.n	10004c7a <usbd_open_edpt_pair+0x76>
10004c5a:	78e1      	ldrb	r1, [r4, #3]
10004c5c:	f001 0103 	and.w	r1, r1, #3
10004c60:	42b1      	cmp	r1, r6
10004c62:	d10a      	bne.n	10004c7a <usbd_open_edpt_pair+0x76>
10004c64:	78a2      	ldrb	r2, [r4, #2]
10004c66:	f012 0f70 	tst.w	r2, #112	@ 0x70
10004c6a:	d0da      	beq.n	10004c22 <usbd_open_edpt_pair+0x1e>
10004c6c:	f04f 23e0 	mov.w	r3, #3758153728	@ 0xe000e000
10004c70:	f8d3 3df0 	ldr.w	r3, [r3, #3568]	@ 0xdf0
10004c74:	07da      	lsls	r2, r3, #31
10004c76:	d500      	bpl.n	10004c7a <usbd_open_edpt_pair+0x76>
10004c78:	be00      	bkpt	0x0000
10004c7a:	f04f 23e0 	mov.w	r3, #3758153728	@ 0xe000e000
10004c7e:	f8d3 3df0 	ldr.w	r3, [r3, #3568]	@ 0xdf0
10004c82:	07db      	lsls	r3, r3, #31
10004c84:	d402      	bmi.n	10004c8c <usbd_open_edpt_pair+0x88>
10004c86:	2000      	movs	r0, #0
10004c88:	e8bd 8ff8 	ldmia.w	sp!, {r3, r4, r5, r6, r7, r8, r9, sl, fp, pc}
10004c8c:	be00      	bkpt	0x0000
10004c8e:	e7fa      	b.n	10004c86 <usbd_open_edpt_pair+0x82>
10004c90:	2001      	movs	r0, #1
10004c92:	e8bd 8ff8 	ldmia.w	sp!, {r3, r4, r5, r6, r7, r8, r9, sl, fp, pc}
10004c96:	bf00      	nop
10004c98:	20001218 	.word	0x20001218
10004c9c:	20001580 	.word	0x20001580

10004ca0 <usbd_edpt_open>:
10004ca0:	b538      	push	{r3, r4, r5, lr}
10004ca2:	788b      	ldrb	r3, [r1, #2]
10004ca4:	f013 0f70 	tst.w	r3, #112	@ 0x70
10004ca8:	d008      	beq.n	10004cbc <usbd_edpt_open+0x1c>
10004caa:	f04f 23e0 	mov.w	r3, #3758153728	@ 0xe000e000
10004cae:	f8d3 3df0 	ldr.w	r3, [r3, #3568]	@ 0xdf0
10004cb2:	07db      	lsls	r3, r3, #31
10004cb4:	d500      	bpl.n	10004cb8 <usbd_edpt_open+0x18>
10004cb6:	be00      	bkpt	0x0000
10004cb8:	2000      	movs	r0, #0
10004cba:	bd38      	pop	{r3, r4, r5, pc}
10004cbc:	4a07      	ldr	r2, [pc, #28]	@ (10004cdc <usbd_edpt_open+0x3c>)
10004cbe:	4b08      	ldr	r3, [pc, #32]	@ (10004ce0 <usbd_edpt_open+0x40>)
10004cc0:	460c      	mov	r4, r1
10004cc2:	4608      	mov	r0, r1
10004cc4:	7891      	ldrb	r1, [r2, #2]
10004cc6:	781d      	ldrb	r5, [r3, #0]
10004cc8:	f000 fdc0 	bl	1000584c <tu_edpt_validate>
10004ccc:	2800      	cmp	r0, #0
10004cce:	d0ec      	beq.n	10004caa <usbd_edpt_open+0xa>
10004cd0:	4621      	mov	r1, r4
10004cd2:	4628      	mov	r0, r5
10004cd4:	e8bd 4038 	ldmia.w	sp!, {r3, r4, r5, lr}
10004cd8:	f7ff b9f0 	b.w	100040bc <dcd_edpt_open>
10004cdc:	20001580 	.word	0x20001580
10004ce0:	20001218 	.word	0x20001218

10004ce4 <usbd_edpt_claim>:
10004ce4:	460b      	mov	r3, r1
10004ce6:	4a06      	ldr	r2, [pc, #24]	@ (10004d00 <usbd_edpt_claim+0x1c>)
10004ce8:	4806      	ldr	r0, [pc, #24]	@ (10004d04 <usbd_edpt_claim+0x20>)
10004cea:	6811      	ldr	r1, [r2, #0]
10004cec:	09da      	lsrs	r2, r3, #7
10004cee:	3234      	adds	r2, #52	@ 0x34
10004cf0:	f003 037f 	and.w	r3, r3, #127	@ 0x7f
10004cf4:	eb02 0343 	add.w	r3, r2, r3, lsl #1
10004cf8:	4418      	add	r0, r3
10004cfa:	f000 bd61 	b.w	100057c0 <tu_edpt_claim>
10004cfe:	bf00      	nop
10004d00:	200015d4 	.word	0x200015d4
10004d04:	20001580 	.word	0x20001580

10004d08 <usbd_edpt_release>:
10004d08:	460b      	mov	r3, r1
10004d0a:	4a06      	ldr	r2, [pc, #24]	@ (10004d24 <usbd_edpt_release+0x1c>)
10004d0c:	4806      	ldr	r0, [pc, #24]	@ (10004d28 <usbd_edpt_release+0x20>)
10004d0e:	6811      	ldr	r1, [r2, #0]
10004d10:	09da      	lsrs	r2, r3, #7
10004d12:	3234      	adds	r2, #52	@ 0x34
10004d14:	f003 037f 	and.w	r3, r3, #127	@ 0x7f
10004d18:	eb02 0343 	add.w	r3, r2, r3, lsl #1
10004d1c:	4418      	add	r0, r3
10004d1e:	f000 bd79 	b.w	10005814 <tu_edpt_release>
10004d22:	bf00      	nop
10004d24:	200015d4 	.word	0x200015d4
10004d28:	20001580 	.word	0x20001580

10004d2c <usbd_edpt_xfer>:
10004d2c:	b510      	push	{r4, lr}
10004d2e:	4819      	ldr	r0, [pc, #100]	@ (10004d94 <usbd_edpt_xfer+0x68>)
10004d30:	f001 0c7f 	and.w	ip, r1, #127	@ 0x7f
10004d34:	eb00 004c 	add.w	r0, r0, ip, lsl #1
10004d38:	eb00 10d1 	add.w	r0, r0, r1, lsr #7
10004d3c:	f890 c034 	ldrb.w	ip, [r0, #52]	@ 0x34
10004d40:	f01c 0f01 	tst.w	ip, #1
10004d44:	d008      	beq.n	10004d58 <usbd_edpt_xfer+0x2c>
10004d46:	f04f 23e0 	mov.w	r3, #3758153728	@ 0xe000e000
10004d4a:	f8d3 3df0 	ldr.w	r3, [r3, #3568]	@ 0xdf0
10004d4e:	07da      	lsls	r2, r3, #31
10004d50:	d500      	bpl.n	10004d54 <usbd_edpt_xfer+0x28>
10004d52:	be00      	bkpt	0x0000
10004d54:	2000      	movs	r0, #0
10004d56:	bd10      	pop	{r4, pc}
10004d58:	f100 0430 	add.w	r4, r0, #48	@ 0x30
10004d5c:	f894 c004 	ldrb.w	ip, [r4, #4]
10004d60:	480d      	ldr	r0, [pc, #52]	@ (10004d98 <usbd_edpt_xfer+0x6c>)
10004d62:	f04c 0c01 	orr.w	ip, ip, #1
10004d66:	7800      	ldrb	r0, [r0, #0]
10004d68:	f884 c004 	strb.w	ip, [r4, #4]
10004d6c:	f7ff fa2a 	bl	100041c4 <dcd_edpt_xfer>
10004d70:	2800      	cmp	r0, #0
10004d72:	d1f0      	bne.n	10004d56 <usbd_edpt_xfer+0x2a>
10004d74:	f04f 21e0 	mov.w	r1, #3758153728	@ 0xe000e000
10004d78:	7922      	ldrb	r2, [r4, #4]
10004d7a:	f360 0200 	bfi	r2, r0, #0, #1
10004d7e:	7122      	strb	r2, [r4, #4]
10004d80:	7922      	ldrb	r2, [r4, #4]
10004d82:	f360 0282 	bfi	r2, r0, #2, #1
10004d86:	7122      	strb	r2, [r4, #4]
10004d88:	f8d1 3df0 	ldr.w	r3, [r1, #3568]	@ 0xdf0
10004d8c:	07db      	lsls	r3, r3, #31
10004d8e:	d5e1      	bpl.n	10004d54 <usbd_edpt_xfer+0x28>
10004d90:	be00      	bkpt	0x0000
10004d92:	e7df      	b.n	10004d54 <usbd_edpt_xfer+0x28>
10004d94:	20001580 	.word	0x20001580
10004d98:	20001218 	.word	0x20001218

10004d9c <tud_control_status>:
10004d9c:	b530      	push	{r4, r5, lr}
10004d9e:	4c0b      	ldr	r4, [pc, #44]	@ (10004dcc <tud_control_status+0x30>)
10004da0:	468c      	mov	ip, r1
10004da2:	46a6      	mov	lr, r4
10004da4:	4605      	mov	r5, r0
10004da6:	6808      	ldr	r0, [r1, #0]
10004da8:	6849      	ldr	r1, [r1, #4]
10004daa:	2300      	movs	r3, #0
10004dac:	e8ae 0003 	stmia.w	lr!, {r0, r1}
10004db0:	f89c 1000 	ldrb.w	r1, [ip]
10004db4:	4628      	mov	r0, r5
10004db6:	43c9      	mvns	r1, r1
10004db8:	e9c4 3302 	strd	r3, r3, [r4, #8]
10004dbc:	e8bd 4030 	ldmia.w	sp!, {r4, r5, lr}
10004dc0:	461a      	mov	r2, r3
10004dc2:	f001 0180 	and.w	r1, r1, #128	@ 0x80
10004dc6:	f7ff bfb1 	b.w	10004d2c <usbd_edpt_xfer>
10004dca:	bf00      	nop
10004dcc:	20001540 	.word	0x20001540

10004dd0 <tud_control_xfer>:
10004dd0:	e92d 41f0 	stmdb	sp!, {r4, r5, r6, r7, r8, lr}
10004dd4:	4f28      	ldr	r7, [pc, #160]	@ (10004e78 <tud_control_xfer+0xa8>)
10004dd6:	f04f 0800 	mov.w	r8, #0
10004dda:	46be      	mov	lr, r7
10004ddc:	468c      	mov	ip, r1
10004dde:	4606      	mov	r6, r0
10004de0:	6808      	ldr	r0, [r1, #0]
10004de2:	6849      	ldr	r1, [r1, #4]
10004de4:	60ba      	str	r2, [r7, #8]
10004de6:	e8ae 0003 	stmia.w	lr!, {r0, r1}
10004dea:	f8a7 800e 	strh.w	r8, [r7, #14]
10004dee:	4615      	mov	r5, r2
10004df0:	f8bc 2006 	ldrh.w	r2, [ip, #6]
10004df4:	4293      	cmp	r3, r2
10004df6:	bf28      	it	cs
10004df8:	4613      	movcs	r3, r2
10004dfa:	81bb      	strh	r3, [r7, #12]
10004dfc:	b19a      	cbz	r2, 10004e26 <tud_control_xfer+0x56>
10004dfe:	461c      	mov	r4, r3
10004e00:	b333      	cbz	r3, 10004e50 <tud_control_xfer+0x80>
10004e02:	b1dd      	cbz	r5, 10004e3c <tud_control_xfer+0x6c>
10004e04:	f997 3000 	ldrsb.w	r3, [r7]
10004e08:	2c40      	cmp	r4, #64	@ 0x40
10004e0a:	bf28      	it	cs
10004e0c:	2440      	movcs	r4, #64	@ 0x40
10004e0e:	2b00      	cmp	r3, #0
10004e10:	db29      	blt.n	10004e66 <tud_control_xfer+0x96>
10004e12:	4641      	mov	r1, r8
10004e14:	4623      	mov	r3, r4
10004e16:	4630      	mov	r0, r6
10004e18:	4a18      	ldr	r2, [pc, #96]	@ (10004e7c <tud_control_xfer+0xac>)
10004e1a:	f7ff ff87 	bl	10004d2c <usbd_edpt_xfer>
10004e1e:	b168      	cbz	r0, 10004e3c <tud_control_xfer+0x6c>
10004e20:	2001      	movs	r0, #1
10004e22:	e8bd 81f0 	ldmia.w	sp!, {r4, r5, r6, r7, r8, pc}
10004e26:	f89c 1000 	ldrb.w	r1, [ip]
10004e2a:	4613      	mov	r3, r2
10004e2c:	43c9      	mvns	r1, r1
10004e2e:	4630      	mov	r0, r6
10004e30:	f001 0180 	and.w	r1, r1, #128	@ 0x80
10004e34:	f7ff ff7a 	bl	10004d2c <usbd_edpt_xfer>
10004e38:	2800      	cmp	r0, #0
10004e3a:	d1f1      	bne.n	10004e20 <tud_control_xfer+0x50>
10004e3c:	f04f 23e0 	mov.w	r3, #3758153728	@ 0xe000e000
10004e40:	f8d3 3df0 	ldr.w	r3, [r3, #3568]	@ 0xdf0
10004e44:	07db      	lsls	r3, r3, #31
10004e46:	d500      	bpl.n	10004e4a <tud_control_xfer+0x7a>
10004e48:	be00      	bkpt	0x0000
10004e4a:	2000      	movs	r0, #0
10004e4c:	e8bd 81f0 	ldmia.w	sp!, {r4, r5, r6, r7, r8, pc}
10004e50:	461a      	mov	r2, r3
10004e52:	7839      	ldrb	r1, [r7, #0]
10004e54:	f001 0180 	and.w	r1, r1, #128	@ 0x80
10004e58:	4623      	mov	r3, r4
10004e5a:	4630      	mov	r0, r6
10004e5c:	f7ff ff66 	bl	10004d2c <usbd_edpt_xfer>
10004e60:	2800      	cmp	r0, #0
10004e62:	d1dd      	bne.n	10004e20 <tud_control_xfer+0x50>
10004e64:	e7ea      	b.n	10004e3c <tud_control_xfer+0x6c>
10004e66:	4622      	mov	r2, r4
10004e68:	4629      	mov	r1, r5
10004e6a:	4804      	ldr	r0, [pc, #16]	@ (10004e7c <tud_control_xfer+0xac>)
10004e6c:	f001 f8e2 	bl	10006034 <memcpy>
10004e70:	2180      	movs	r1, #128	@ 0x80
10004e72:	4a02      	ldr	r2, [pc, #8]	@ (10004e7c <tud_control_xfer+0xac>)
10004e74:	e7f0      	b.n	10004e58 <tud_control_xfer+0x88>
10004e76:	bf00      	nop
10004e78:	20001540 	.word	0x20001540
10004e7c:	20001500 	.word	0x20001500

10004e80 <usbd_control_reset>:
10004e80:	2200      	movs	r2, #0
10004e82:	4b03      	ldr	r3, [pc, #12]	@ (10004e90 <usbd_control_reset+0x10>)
10004e84:	e9c3 2200 	strd	r2, r2, [r3]
10004e88:	e9c3 2202 	strd	r2, r2, [r3, #8]
10004e8c:	611a      	str	r2, [r3, #16]
10004e8e:	4770      	bx	lr
10004e90:	20001540 	.word	0x20001540

10004e94 <usbd_control_set_complete_callback>:
10004e94:	4b01      	ldr	r3, [pc, #4]	@ (10004e9c <usbd_control_set_complete_callback+0x8>)
10004e96:	6118      	str	r0, [r3, #16]
10004e98:	4770      	bx	lr
10004e9a:	bf00      	nop
10004e9c:	20001540 	.word	0x20001540

10004ea0 <usbd_control_set_request>:
10004ea0:	b430      	push	{r4, r5}
10004ea2:	4602      	mov	r2, r0
10004ea4:	4c04      	ldr	r4, [pc, #16]	@ (10004eb8 <usbd_control_set_request+0x18>)
10004ea6:	2500      	movs	r5, #0
10004ea8:	4623      	mov	r3, r4
10004eaa:	6800      	ldr	r0, [r0, #0]
10004eac:	6851      	ldr	r1, [r2, #4]
10004eae:	e9c4 5502 	strd	r5, r5, [r4, #8]
10004eb2:	bc30      	pop	{r4, r5}
10004eb4:	c303      	stmia	r3!, {r0, r1}
10004eb6:	4770      	bx	lr
10004eb8:	20001540 	.word	0x20001540

10004ebc <usbd_control_xfer_cb>:
10004ebc:	b570      	push	{r4, r5, r6, lr}
10004ebe:	4c3d      	ldr	r4, [pc, #244]	@ (10004fb4 <usbd_control_xfer_cb+0xf8>)
10004ec0:	09c9      	lsrs	r1, r1, #7
10004ec2:	7822      	ldrb	r2, [r4, #0]
10004ec4:	4606      	mov	r6, r0
10004ec6:	ebb1 1fd2 	cmp.w	r1, r2, lsr #7
10004eca:	461d      	mov	r5, r3
10004ecc:	b082      	sub	sp, #8
10004ece:	d017      	beq.n	10004f00 <usbd_control_xfer_cb+0x44>
10004ed0:	b153      	cbz	r3, 10004ee8 <usbd_control_xfer_cb+0x2c>
10004ed2:	f04f 23e0 	mov.w	r3, #3758153728	@ 0xe000e000
10004ed6:	f8d3 3df0 	ldr.w	r3, [r3, #3568]	@ 0xdf0
10004eda:	07db      	lsls	r3, r3, #31
10004edc:	d402      	bmi.n	10004ee4 <usbd_control_xfer_cb+0x28>
10004ede:	2000      	movs	r0, #0
10004ee0:	b002      	add	sp, #8
10004ee2:	bd70      	pop	{r4, r5, r6, pc}
10004ee4:	be00      	bkpt	0x0000
10004ee6:	e7fa      	b.n	10004ede <usbd_control_xfer_cb+0x22>
10004ee8:	4621      	mov	r1, r4
10004eea:	f7ff f8d9 	bl	100040a0 <dcd_edpt0_status_complete>
10004eee:	6923      	ldr	r3, [r4, #16]
10004ef0:	b11b      	cbz	r3, 10004efa <usbd_control_xfer_cb+0x3e>
10004ef2:	4622      	mov	r2, r4
10004ef4:	2103      	movs	r1, #3
10004ef6:	4630      	mov	r0, r6
10004ef8:	4798      	blx	r3
10004efa:	2001      	movs	r0, #1
10004efc:	b002      	add	sp, #8
10004efe:	bd70      	pop	{r4, r5, r6, pc}
10004f00:	f994 3000 	ldrsb.w	r3, [r4]
10004f04:	2b00      	cmp	r3, #0
10004f06:	db06      	blt.n	10004f16 <usbd_control_xfer_cb+0x5a>
10004f08:	68a0      	ldr	r0, [r4, #8]
10004f0a:	2800      	cmp	r0, #0
10004f0c:	d0e7      	beq.n	10004ede <usbd_control_xfer_cb+0x22>
10004f0e:	462a      	mov	r2, r5
10004f10:	4929      	ldr	r1, [pc, #164]	@ (10004fb8 <usbd_control_xfer_cb+0xfc>)
10004f12:	f001 f88f 	bl	10006034 <memcpy>
10004f16:	89e0      	ldrh	r0, [r4, #14]
10004f18:	68a1      	ldr	r1, [r4, #8]
10004f1a:	88e3      	ldrh	r3, [r4, #6]
10004f1c:	4428      	add	r0, r5
10004f1e:	b280      	uxth	r0, r0
10004f20:	4429      	add	r1, r5
10004f22:	4283      	cmp	r3, r0
10004f24:	81e0      	strh	r0, [r4, #14]
10004f26:	60a1      	str	r1, [r4, #8]
10004f28:	d016      	beq.n	10004f58 <usbd_control_xfer_cb+0x9c>
10004f2a:	2d3f      	cmp	r5, #63	@ 0x3f
10004f2c:	d914      	bls.n	10004f58 <usbd_control_xfer_cb+0x9c>
10004f2e:	89a2      	ldrh	r2, [r4, #12]
10004f30:	f994 4000 	ldrsb.w	r4, [r4]
10004f34:	1a13      	subs	r3, r2, r0
10004f36:	b29b      	uxth	r3, r3
10004f38:	2b40      	cmp	r3, #64	@ 0x40
10004f3a:	bf28      	it	cs
10004f3c:	2340      	movcs	r3, #64	@ 0x40
10004f3e:	2c00      	cmp	r4, #0
10004f40:	db27      	blt.n	10004f92 <usbd_control_xfer_cb+0xd6>
10004f42:	4290      	cmp	r0, r2
10004f44:	f04f 0100 	mov.w	r1, #0
10004f48:	d031      	beq.n	10004fae <usbd_control_xfer_cb+0xf2>
10004f4a:	4a1b      	ldr	r2, [pc, #108]	@ (10004fb8 <usbd_control_xfer_cb+0xfc>)
10004f4c:	4630      	mov	r0, r6
10004f4e:	f7ff feed 	bl	10004d2c <usbd_edpt_xfer>
10004f52:	2800      	cmp	r0, #0
10004f54:	d1d1      	bne.n	10004efa <usbd_control_xfer_cb+0x3e>
10004f56:	e7bc      	b.n	10004ed2 <usbd_control_xfer_cb+0x16>
10004f58:	6923      	ldr	r3, [r4, #16]
10004f5a:	b123      	cbz	r3, 10004f66 <usbd_control_xfer_cb+0xaa>
10004f5c:	2102      	movs	r1, #2
10004f5e:	4630      	mov	r0, r6
10004f60:	4a14      	ldr	r2, [pc, #80]	@ (10004fb4 <usbd_control_xfer_cb+0xf8>)
10004f62:	4798      	blx	r3
10004f64:	b160      	cbz	r0, 10004f80 <usbd_control_xfer_cb+0xc4>
10004f66:	7821      	ldrb	r1, [r4, #0]
10004f68:	2300      	movs	r3, #0
10004f6a:	43c9      	mvns	r1, r1
10004f6c:	4630      	mov	r0, r6
10004f6e:	461a      	mov	r2, r3
10004f70:	f001 0180 	and.w	r1, r1, #128	@ 0x80
10004f74:	f7ff feda 	bl	10004d2c <usbd_edpt_xfer>
10004f78:	2800      	cmp	r0, #0
10004f7a:	d0aa      	beq.n	10004ed2 <usbd_control_xfer_cb+0x16>
10004f7c:	2001      	movs	r0, #1
10004f7e:	e7bd      	b.n	10004efc <usbd_control_xfer_cb+0x40>
10004f80:	4601      	mov	r1, r0
10004f82:	4630      	mov	r0, r6
10004f84:	f7ff f932 	bl	100041ec <dcd_edpt_stall>
10004f88:	2180      	movs	r1, #128	@ 0x80
10004f8a:	4630      	mov	r0, r6
10004f8c:	f7ff f92e 	bl	100041ec <dcd_edpt_stall>
10004f90:	e7b3      	b.n	10004efa <usbd_control_xfer_cb+0x3e>
10004f92:	4290      	cmp	r0, r2
10004f94:	d008      	beq.n	10004fa8 <usbd_control_xfer_cb+0xec>
10004f96:	461a      	mov	r2, r3
10004f98:	4807      	ldr	r0, [pc, #28]	@ (10004fb8 <usbd_control_xfer_cb+0xfc>)
10004f9a:	9301      	str	r3, [sp, #4]
10004f9c:	f001 f84a 	bl	10006034 <memcpy>
10004fa0:	2180      	movs	r1, #128	@ 0x80
10004fa2:	4a05      	ldr	r2, [pc, #20]	@ (10004fb8 <usbd_control_xfer_cb+0xfc>)
10004fa4:	9b01      	ldr	r3, [sp, #4]
10004fa6:	e7d1      	b.n	10004f4c <usbd_control_xfer_cb+0x90>
10004fa8:	2180      	movs	r1, #128	@ 0x80
10004faa:	2200      	movs	r2, #0
10004fac:	e7ce      	b.n	10004f4c <usbd_control_xfer_cb+0x90>
10004fae:	460a      	mov	r2, r1
10004fb0:	e7cc      	b.n	10004f4c <usbd_control_xfer_cb+0x90>
10004fb2:	bf00      	nop
10004fb4:	20001540 	.word	0x20001540
10004fb8:	20001500 	.word	0x20001500

10004fbc <_prep_out_transaction.isra.0>:
10004fbc:	e92d 41f0 	stmdb	sp!, {r4, r5, r6, r7, r8, lr}
10004fc0:	4604      	mov	r4, r0
10004fc2:	f7ff f9d3 	bl	1000436c <tud_mounted>
10004fc6:	b908      	cbnz	r0, 10004fcc <_prep_out_transaction.isra.0+0x10>
10004fc8:	e8bd 81f0 	ldmia.w	sp!, {r4, r5, r6, r7, r8, pc}
10004fcc:	f7ff f9d6 	bl	1000437c <tud_suspended>
10004fd0:	4605      	mov	r5, r0
10004fd2:	2800      	cmp	r0, #0
10004fd4:	d1f8      	bne.n	10004fc8 <_prep_out_transaction.isra.0+0xc>
10004fd6:	23c8      	movs	r3, #200	@ 0xc8
10004fd8:	fb04 f303 	mul.w	r3, r4, r3
10004fdc:	4e12      	ldr	r6, [pc, #72]	@ (10005028 <_prep_out_transaction.isra.0+0x6c>)
10004fde:	18f7      	adds	r7, r6, r3
10004fe0:	78f9      	ldrb	r1, [r7, #3]
10004fe2:	2900      	cmp	r1, #0
10004fe4:	d0f0      	beq.n	10004fc8 <_prep_out_transaction.isra.0+0xc>
10004fe6:	3310      	adds	r3, #16
10004fe8:	441e      	add	r6, r3
10004fea:	4630      	mov	r0, r6
10004fec:	f000 fdd2 	bl	10005b94 <tu_fifo_remaining>
10004ff0:	283f      	cmp	r0, #63	@ 0x3f
10004ff2:	d9e9      	bls.n	10004fc8 <_prep_out_transaction.isra.0+0xc>
10004ff4:	4628      	mov	r0, r5
10004ff6:	78f9      	ldrb	r1, [r7, #3]
10004ff8:	f7ff fe74 	bl	10004ce4 <usbd_edpt_claim>
10004ffc:	2800      	cmp	r0, #0
10004ffe:	d0e3      	beq.n	10004fc8 <_prep_out_transaction.isra.0+0xc>
10005000:	4630      	mov	r0, r6
10005002:	f000 fdc7 	bl	10005b94 <tu_fifo_remaining>
10005006:	283f      	cmp	r0, #63	@ 0x3f
10005008:	78f9      	ldrb	r1, [r7, #3]
1000500a:	d908      	bls.n	1000501e <_prep_out_transaction.isra.0+0x62>
1000500c:	4a07      	ldr	r2, [pc, #28]	@ (1000502c <_prep_out_transaction.isra.0+0x70>)
1000500e:	4628      	mov	r0, r5
10005010:	eb02 12c4 	add.w	r2, r2, r4, lsl #7
10005014:	2340      	movs	r3, #64	@ 0x40
10005016:	e8bd 41f0 	ldmia.w	sp!, {r4, r5, r6, r7, r8, lr}
1000501a:	f7ff be87 	b.w	10004d2c <usbd_edpt_xfer>
1000501e:	4628      	mov	r0, r5
10005020:	e8bd 41f0 	ldmia.w	sp!, {r4, r5, r6, r7, r8, lr}
10005024:	f7ff be70 	b.w	10004d08 <usbd_edpt_release>
10005028:	20001438 	.word	0x20001438
1000502c:	200013b4 	.word	0x200013b4

10005030 <tud_cdc_n_connected>:
10005030:	b510      	push	{r4, lr}
10005032:	4604      	mov	r4, r0
10005034:	f7ff f99a 	bl	1000436c <tud_mounted>
10005038:	b908      	cbnz	r0, 1000503e <tud_cdc_n_connected+0xe>
1000503a:	2000      	movs	r0, #0
1000503c:	bd10      	pop	{r4, pc}
1000503e:	f7ff f99d 	bl	1000437c <tud_suspended>
10005042:	2800      	cmp	r0, #0
10005044:	d1f9      	bne.n	1000503a <tud_cdc_n_connected+0xa>
10005046:	22c8      	movs	r2, #200	@ 0xc8
10005048:	4b03      	ldr	r3, [pc, #12]	@ (10005058 <tud_cdc_n_connected+0x28>)
1000504a:	fb02 3304 	mla	r3, r2, r4, r3
1000504e:	7918      	ldrb	r0, [r3, #4]
10005050:	f000 0001 	and.w	r0, r0, #1
10005054:	bd10      	pop	{r4, pc}
10005056:	bf00      	nop
10005058:	20001438 	.word	0x20001438

1000505c <tud_cdc_n_available>:
1000505c:	22c8      	movs	r2, #200	@ 0xc8
1000505e:	b508      	push	{r3, lr}
10005060:	4b02      	ldr	r3, [pc, #8]	@ (1000506c <tud_cdc_n_available+0x10>)
10005062:	fb02 3000 	mla	r0, r2, r0, r3
10005066:	f000 fd7b 	bl	10005b60 <tu_fifo_count>
1000506a:	bd08      	pop	{r3, pc}
1000506c:	20001448 	.word	0x20001448

10005070 <tud_cdc_n_read>:
10005070:	e92d 43f8 	stmdb	sp!, {r3, r4, r5, r6, r7, r8, r9, lr}
10005074:	f64f 73ff 	movw	r3, #65535	@ 0xffff
10005078:	24c8      	movs	r4, #200	@ 0xc8
1000507a:	429a      	cmp	r2, r3
1000507c:	bf28      	it	cs
1000507e:	461a      	movcs	r2, r3
10005080:	fb00 f404 	mul.w	r4, r0, r4
10005084:	f8df 8074 	ldr.w	r8, [pc, #116]	@ 100050fc <tud_cdc_n_read+0x8c>
10005088:	f104 0510 	add.w	r5, r4, #16
1000508c:	4445      	add	r5, r8
1000508e:	4606      	mov	r6, r0
10005090:	b292      	uxth	r2, r2
10005092:	4628      	mov	r0, r5
10005094:	f000 fdda 	bl	10005c4c <tu_fifo_read_n>
10005098:	4607      	mov	r7, r0
1000509a:	f7ff f967 	bl	1000436c <tud_mounted>
1000509e:	b910      	cbnz	r0, 100050a6 <tud_cdc_n_read+0x36>
100050a0:	4638      	mov	r0, r7
100050a2:	e8bd 83f8 	ldmia.w	sp!, {r3, r4, r5, r6, r7, r8, r9, pc}
100050a6:	f7ff f969 	bl	1000437c <tud_suspended>
100050aa:	4681      	mov	r9, r0
100050ac:	2800      	cmp	r0, #0
100050ae:	d1f7      	bne.n	100050a0 <tud_cdc_n_read+0x30>
100050b0:	44a0      	add	r8, r4
100050b2:	f898 3003 	ldrb.w	r3, [r8, #3]
100050b6:	2b00      	cmp	r3, #0
100050b8:	d0f2      	beq.n	100050a0 <tud_cdc_n_read+0x30>
100050ba:	4628      	mov	r0, r5
100050bc:	f000 fd6a 	bl	10005b94 <tu_fifo_remaining>
100050c0:	283f      	cmp	r0, #63	@ 0x3f
100050c2:	d9ed      	bls.n	100050a0 <tud_cdc_n_read+0x30>
100050c4:	4648      	mov	r0, r9
100050c6:	f898 1003 	ldrb.w	r1, [r8, #3]
100050ca:	f7ff fe0b 	bl	10004ce4 <usbd_edpt_claim>
100050ce:	2800      	cmp	r0, #0
100050d0:	d0e6      	beq.n	100050a0 <tud_cdc_n_read+0x30>
100050d2:	4628      	mov	r0, r5
100050d4:	f000 fd5e 	bl	10005b94 <tu_fifo_remaining>
100050d8:	283f      	cmp	r0, #63	@ 0x3f
100050da:	f898 1003 	ldrb.w	r1, [r8, #3]
100050de:	d907      	bls.n	100050f0 <tud_cdc_n_read+0x80>
100050e0:	4a05      	ldr	r2, [pc, #20]	@ (100050f8 <tud_cdc_n_read+0x88>)
100050e2:	4648      	mov	r0, r9
100050e4:	2340      	movs	r3, #64	@ 0x40
100050e6:	eb02 12c6 	add.w	r2, r2, r6, lsl #7
100050ea:	f7ff fe1f 	bl	10004d2c <usbd_edpt_xfer>
100050ee:	e7d7      	b.n	100050a0 <tud_cdc_n_read+0x30>
100050f0:	4648      	mov	r0, r9
100050f2:	f7ff fe09 	bl	10004d08 <usbd_edpt_release>
100050f6:	e7d3      	b.n	100050a0 <tud_cdc_n_read+0x30>
100050f8:	200013b4 	.word	0x200013b4
100050fc:	20001438 	.word	0x20001438

10005100 <tud_cdc_n_write_flush>:
10005100:	e92d 41f0 	stmdb	sp!, {r4, r5, r6, r7, r8, lr}
10005104:	4604      	mov	r4, r0
10005106:	f7ff f931 	bl	1000436c <tud_mounted>
1000510a:	b910      	cbnz	r0, 10005112 <tud_cdc_n_write_flush+0x12>
1000510c:	2000      	movs	r0, #0
1000510e:	e8bd 81f0 	ldmia.w	sp!, {r4, r5, r6, r7, r8, pc}
10005112:	f7ff f933 	bl	1000437c <tud_suspended>
10005116:	4605      	mov	r5, r0
10005118:	2800      	cmp	r0, #0
1000511a:	d1f7      	bne.n	1000510c <tud_cdc_n_write_flush+0xc>
1000511c:	26c8      	movs	r6, #200	@ 0xc8
1000511e:	fb04 f606 	mul.w	r6, r4, r6
10005122:	f8df 8064 	ldr.w	r8, [pc, #100]	@ 10005188 <tud_cdc_n_write_flush+0x88>
10005126:	f106 0724 	add.w	r7, r6, #36	@ 0x24
1000512a:	4447      	add	r7, r8
1000512c:	4638      	mov	r0, r7
1000512e:	f000 fd17 	bl	10005b60 <tu_fifo_count>
10005132:	2800      	cmp	r0, #0
10005134:	d0ea      	beq.n	1000510c <tud_cdc_n_write_flush+0xc>
10005136:	44b0      	add	r8, r6
10005138:	4628      	mov	r0, r5
1000513a:	f898 1002 	ldrb.w	r1, [r8, #2]
1000513e:	f7ff fdd1 	bl	10004ce4 <usbd_edpt_claim>
10005142:	2800      	cmp	r0, #0
10005144:	d0e2      	beq.n	1000510c <tud_cdc_n_write_flush+0xc>
10005146:	4e0f      	ldr	r6, [pc, #60]	@ (10005184 <tud_cdc_n_write_flush+0x84>)
10005148:	4638      	mov	r0, r7
1000514a:	eb06 16c4 	add.w	r6, r6, r4, lsl #7
1000514e:	4631      	mov	r1, r6
10005150:	2240      	movs	r2, #64	@ 0x40
10005152:	f000 fd7b 	bl	10005c4c <tu_fifo_read_n>
10005156:	f898 1002 	ldrb.w	r1, [r8, #2]
1000515a:	4604      	mov	r4, r0
1000515c:	b168      	cbz	r0, 1000517a <tud_cdc_n_write_flush+0x7a>
1000515e:	4603      	mov	r3, r0
10005160:	4632      	mov	r2, r6
10005162:	4628      	mov	r0, r5
10005164:	f7ff fde2 	bl	10004d2c <usbd_edpt_xfer>
10005168:	b950      	cbnz	r0, 10005180 <tud_cdc_n_write_flush+0x80>
1000516a:	f04f 23e0 	mov.w	r3, #3758153728	@ 0xe000e000
1000516e:	f8d3 3df0 	ldr.w	r3, [r3, #3568]	@ 0xdf0
10005172:	07db      	lsls	r3, r3, #31
10005174:	d5ca      	bpl.n	1000510c <tud_cdc_n_write_flush+0xc>
10005176:	be00      	bkpt	0x0000
10005178:	e7c8      	b.n	1000510c <tud_cdc_n_write_flush+0xc>
1000517a:	f7ff fdc5 	bl	10004d08 <usbd_edpt_release>
1000517e:	e7c5      	b.n	1000510c <tud_cdc_n_write_flush+0xc>
10005180:	4620      	mov	r0, r4
10005182:	e7c4      	b.n	1000510e <tud_cdc_n_write_flush+0xe>
10005184:	200013f4 	.word	0x200013f4
10005188:	20001438 	.word	0x20001438

1000518c <tud_cdc_n_write>:
1000518c:	b538      	push	{r3, r4, r5, lr}
1000518e:	f64f 75ff 	movw	r5, #65535	@ 0xffff
10005192:	23c8      	movs	r3, #200	@ 0xc8
10005194:	42aa      	cmp	r2, r5
10005196:	bf28      	it	cs
10005198:	462a      	movcs	r2, r5
1000519a:	4c0b      	ldr	r4, [pc, #44]	@ (100051c8 <tud_cdc_n_write+0x3c>)
1000519c:	b292      	uxth	r2, r2
1000519e:	fb03 4400 	mla	r4, r3, r0, r4
100051a2:	4605      	mov	r5, r0
100051a4:	4620      	mov	r0, r4
100051a6:	f000 fe0f 	bl	10005dc8 <tu_fifo_write_n>
100051aa:	4603      	mov	r3, r0
100051ac:	4620      	mov	r0, r4
100051ae:	461c      	mov	r4, r3
100051b0:	f000 fcd6 	bl	10005b60 <tu_fifo_count>
100051b4:	283f      	cmp	r0, #63	@ 0x3f
100051b6:	d801      	bhi.n	100051bc <tud_cdc_n_write+0x30>
100051b8:	4620      	mov	r0, r4
100051ba:	bd38      	pop	{r3, r4, r5, pc}
100051bc:	4628      	mov	r0, r5
100051be:	f7ff ff9f 	bl	10005100 <tud_cdc_n_write_flush>
100051c2:	4620      	mov	r0, r4
100051c4:	bd38      	pop	{r3, r4, r5, pc}
100051c6:	bf00      	nop
100051c8:	2000145c 	.word	0x2000145c

100051cc <tud_cdc_n_write_available>:
100051cc:	22c8      	movs	r2, #200	@ 0xc8
100051ce:	b508      	push	{r3, lr}
100051d0:	4b02      	ldr	r3, [pc, #8]	@ (100051dc <tud_cdc_n_write_available+0x10>)
100051d2:	fb02 3000 	mla	r0, r2, r0, r3
100051d6:	f000 fcdd 	bl	10005b94 <tu_fifo_remaining>
100051da:	bd08      	pop	{r3, pc}
100051dc:	2000145c 	.word	0x2000145c

100051e0 <cdcd_init>:
100051e0:	b5f0      	push	{r4, r5, r6, r7, lr}
100051e2:	2400      	movs	r4, #0
100051e4:	b083      	sub	sp, #12
100051e6:	22c8      	movs	r2, #200	@ 0xc8
100051e8:	2100      	movs	r1, #0
100051ea:	4817      	ldr	r0, [pc, #92]	@ (10005248 <cdcd_init+0x68>)
100051ec:	f000 fed4 	bl	10005f98 <memset>
100051f0:	23ff      	movs	r3, #255	@ 0xff
100051f2:	f44f 31e1 	mov.w	r1, #115200	@ 0x1c200
100051f6:	2208      	movs	r2, #8
100051f8:	4814      	ldr	r0, [pc, #80]	@ (1000524c <cdcd_init+0x6c>)
100051fa:	7004      	strb	r4, [r0, #0]
100051fc:	4812      	ldr	r0, [pc, #72]	@ (10005248 <cdcd_init+0x68>)
100051fe:	9400      	str	r4, [sp, #0]
10005200:	4607      	mov	r7, r0
10005202:	7143      	strb	r3, [r0, #5]
10005204:	6081      	str	r1, [r0, #8]
10005206:	7382      	strb	r2, [r0, #14]
10005208:	f100 0138 	add.w	r1, r0, #56	@ 0x38
1000520c:	2301      	movs	r3, #1
1000520e:	2240      	movs	r2, #64	@ 0x40
10005210:	3010      	adds	r0, #16
10005212:	f000 fc75 	bl	10005b00 <tu_fifo_config>
10005216:	2301      	movs	r3, #1
10005218:	2240      	movs	r2, #64	@ 0x40
1000521a:	f107 0178 	add.w	r1, r7, #120	@ 0x78
1000521e:	9300      	str	r3, [sp, #0]
10005220:	f107 06b8 	add.w	r6, r7, #184	@ 0xb8
10005224:	f107 0024 	add.w	r0, r7, #36	@ 0x24
10005228:	f000 fc6a 	bl	10005b00 <tu_fifo_config>
1000522c:	f107 05c0 	add.w	r5, r7, #192	@ 0xc0
10005230:	4630      	mov	r0, r6
10005232:	f7fb fd73 	bl	10000d1c <mutex_init>
10005236:	4628      	mov	r0, r5
10005238:	f7fb fd70 	bl	10000d1c <mutex_init>
1000523c:	e9c7 4607 	strd	r4, r6, [r7, #28]
10005240:	e9c7 540c 	strd	r5, r4, [r7, #48]	@ 0x30
10005244:	b003      	add	sp, #12
10005246:	bdf0      	pop	{r4, r5, r6, r7, pc}
10005248:	20001438 	.word	0x20001438
1000524c:	20001434 	.word	0x20001434

10005250 <cdcd_deinit>:
10005250:	4a0a      	ldr	r2, [pc, #40]	@ (1000527c <cdcd_deinit+0x2c>)
10005252:	6b11      	ldr	r1, [r2, #48]	@ 0x30
10005254:	6a13      	ldr	r3, [r2, #32]
10005256:	b161      	cbz	r1, 10005272 <cdcd_deinit+0x22>
10005258:	b13b      	cbz	r3, 1000526a <cdcd_deinit+0x1a>
1000525a:	2300      	movs	r3, #0
1000525c:	e9c2 330c 	strd	r3, r3, [r2, #48]	@ 0x30
10005260:	61d3      	str	r3, [r2, #28]
10005262:	2300      	movs	r3, #0
10005264:	6213      	str	r3, [r2, #32]
10005266:	2001      	movs	r0, #1
10005268:	4770      	bx	lr
1000526a:	2001      	movs	r0, #1
1000526c:	e9c2 330c 	strd	r3, r3, [r2, #48]	@ 0x30
10005270:	4770      	bx	lr
10005272:	2b00      	cmp	r3, #0
10005274:	d0f7      	beq.n	10005266 <cdcd_deinit+0x16>
10005276:	61d1      	str	r1, [r2, #28]
10005278:	e7f3      	b.n	10005262 <cdcd_deinit+0x12>
1000527a:	bf00      	nop
1000527c:	20001438 	.word	0x20001438

10005280 <cdcd_reset>:
10005280:	2200      	movs	r2, #0
10005282:	b510      	push	{r4, lr}
10005284:	4c0e      	ldr	r4, [pc, #56]	@ (100052c0 <cdcd_reset+0x40>)
10005286:	480f      	ldr	r0, [pc, #60]	@ (100052c4 <cdcd_reset+0x44>)
10005288:	7823      	ldrb	r3, [r4, #0]
1000528a:	6002      	str	r2, [r0, #0]
1000528c:	7102      	strb	r2, [r0, #4]
1000528e:	07da      	lsls	r2, r3, #31
10005290:	d507      	bpl.n	100052a2 <cdcd_reset+0x22>
10005292:	079b      	lsls	r3, r3, #30
10005294:	d50b      	bpl.n	100052ae <cdcd_reset+0x2e>
10005296:	e8bd 4010 	ldmia.w	sp!, {r4, lr}
1000529a:	2101      	movs	r1, #1
1000529c:	480a      	ldr	r0, [pc, #40]	@ (100052c8 <cdcd_reset+0x48>)
1000529e:	f000 be5d 	b.w	10005f5c <tu_fifo_set_overwritable>
100052a2:	3010      	adds	r0, #16
100052a4:	f000 fe3e 	bl	10005f24 <tu_fifo_clear>
100052a8:	7823      	ldrb	r3, [r4, #0]
100052aa:	079b      	lsls	r3, r3, #30
100052ac:	d4f3      	bmi.n	10005296 <cdcd_reset+0x16>
100052ae:	4806      	ldr	r0, [pc, #24]	@ (100052c8 <cdcd_reset+0x48>)
100052b0:	f000 fe38 	bl	10005f24 <tu_fifo_clear>
100052b4:	e8bd 4010 	ldmia.w	sp!, {r4, lr}
100052b8:	2101      	movs	r1, #1
100052ba:	4803      	ldr	r0, [pc, #12]	@ (100052c8 <cdcd_reset+0x48>)
100052bc:	f000 be4e 	b.w	10005f5c <tu_fifo_set_overwritable>
100052c0:	20001434 	.word	0x20001434
100052c4:	20001438 	.word	0x20001438
100052c8:	2000145c 	.word	0x2000145c

100052cc <cdcd_open>:
100052cc:	b5f0      	push	{r4, r5, r6, r7, lr}
100052ce:	794b      	ldrb	r3, [r1, #5]
100052d0:	b083      	sub	sp, #12
100052d2:	2b02      	cmp	r3, #2
100052d4:	d102      	bne.n	100052dc <cdcd_open+0x10>
100052d6:	798b      	ldrb	r3, [r1, #6]
100052d8:	2b02      	cmp	r3, #2
100052da:	d003      	beq.n	100052e4 <cdcd_open+0x18>
100052dc:	2500      	movs	r5, #0
100052de:	4628      	mov	r0, r5
100052e0:	b003      	add	sp, #12
100052e2:	bdf0      	pop	{r4, r5, r6, r7, pc}
100052e4:	4f27      	ldr	r7, [pc, #156]	@ (10005384 <cdcd_open+0xb8>)
100052e6:	78bb      	ldrb	r3, [r7, #2]
100052e8:	b13b      	cbz	r3, 100052fa <cdcd_open+0x2e>
100052ea:	f04f 23e0 	mov.w	r3, #3758153728	@ 0xe000e000
100052ee:	f8d3 3df0 	ldr.w	r3, [r3, #3568]	@ 0xdf0
100052f2:	07db      	lsls	r3, r3, #31
100052f4:	d5f2      	bpl.n	100052dc <cdcd_open+0x10>
100052f6:	be00      	bkpt	0x0000
100052f8:	e7f0      	b.n	100052dc <cdcd_open+0x10>
100052fa:	788b      	ldrb	r3, [r1, #2]
100052fc:	4606      	mov	r6, r0
100052fe:	703b      	strb	r3, [r7, #0]
10005300:	780b      	ldrb	r3, [r1, #0]
10005302:	18cc      	adds	r4, r1, r3
10005304:	7861      	ldrb	r1, [r4, #1]
10005306:	2924      	cmp	r1, #36	@ 0x24
10005308:	bf08      	it	eq
1000530a:	2509      	moveq	r5, #9
1000530c:	d007      	beq.n	1000531e <cdcd_open+0x52>
1000530e:	e036      	b.n	1000537e <cdcd_open+0xb2>
10005310:	7823      	ldrb	r3, [r4, #0]
10005312:	441c      	add	r4, r3
10005314:	7861      	ldrb	r1, [r4, #1]
10005316:	442b      	add	r3, r5
10005318:	2924      	cmp	r1, #36	@ 0x24
1000531a:	b29d      	uxth	r5, r3
1000531c:	d107      	bne.n	1000532e <cdcd_open+0x62>
1000531e:	42aa      	cmp	r2, r5
10005320:	d2f6      	bcs.n	10005310 <cdcd_open+0x44>
10005322:	2000      	movs	r0, #0
10005324:	f7ff fe4a 	bl	10004fbc <_prep_out_transaction.isra.0>
10005328:	4628      	mov	r0, r5
1000532a:	b003      	add	sp, #12
1000532c:	bdf0      	pop	{r4, r5, r6, r7, pc}
1000532e:	460b      	mov	r3, r1
10005330:	2905      	cmp	r1, #5
10005332:	d016      	beq.n	10005362 <cdcd_open+0x96>
10005334:	2b04      	cmp	r3, #4
10005336:	d1f4      	bne.n	10005322 <cdcd_open+0x56>
10005338:	7963      	ldrb	r3, [r4, #5]
1000533a:	2b0a      	cmp	r3, #10
1000533c:	d1f1      	bne.n	10005322 <cdcd_open+0x56>
1000533e:	4b12      	ldr	r3, [pc, #72]	@ (10005388 <cdcd_open+0xbc>)
10005340:	7827      	ldrb	r7, [r4, #0]
10005342:	9301      	str	r3, [sp, #4]
10005344:	3301      	adds	r3, #1
10005346:	9300      	str	r3, [sp, #0]
10005348:	2302      	movs	r3, #2
1000534a:	4630      	mov	r0, r6
1000534c:	461a      	mov	r2, r3
1000534e:	19e1      	adds	r1, r4, r7
10005350:	f7ff fc58 	bl	10004c04 <usbd_open_edpt_pair>
10005354:	2800      	cmp	r0, #0
10005356:	d0c8      	beq.n	100052ea <cdcd_open+0x1e>
10005358:	350e      	adds	r5, #14
1000535a:	fa17 f585 	uxtah	r5, r7, r5
1000535e:	b2ad      	uxth	r5, r5
10005360:	e7df      	b.n	10005322 <cdcd_open+0x56>
10005362:	4621      	mov	r1, r4
10005364:	4630      	mov	r0, r6
10005366:	f7ff fc9b 	bl	10004ca0 <usbd_edpt_open>
1000536a:	2800      	cmp	r0, #0
1000536c:	d0bd      	beq.n	100052ea <cdcd_open+0x1e>
1000536e:	78a3      	ldrb	r3, [r4, #2]
10005370:	707b      	strb	r3, [r7, #1]
10005372:	7823      	ldrb	r3, [r4, #0]
10005374:	195a      	adds	r2, r3, r5
10005376:	441c      	add	r4, r3
10005378:	7863      	ldrb	r3, [r4, #1]
1000537a:	b295      	uxth	r5, r2
1000537c:	e7da      	b.n	10005334 <cdcd_open+0x68>
1000537e:	460b      	mov	r3, r1
10005380:	2509      	movs	r5, #9
10005382:	e7d5      	b.n	10005330 <cdcd_open+0x64>
10005384:	20001438 	.word	0x20001438
10005388:	2000143a 	.word	0x2000143a

1000538c <cdcd_control_xfer_cb>:
1000538c:	7813      	ldrb	r3, [r2, #0]
1000538e:	f003 0360 	and.w	r3, r3, #96	@ 0x60
10005392:	2b20      	cmp	r3, #32
10005394:	d108      	bne.n	100053a8 <cdcd_control_xfer_cb+0x1c>
10005396:	b570      	push	{r4, r5, r6, lr}
10005398:	4c26      	ldr	r4, [pc, #152]	@ (10005434 <cdcd_control_xfer_cb+0xa8>)
1000539a:	8893      	ldrh	r3, [r2, #4]
1000539c:	f894 c000 	ldrb.w	ip, [r4]
100053a0:	459c      	cmp	ip, r3
100053a2:	d003      	beq.n	100053ac <cdcd_control_xfer_cb+0x20>
100053a4:	2000      	movs	r0, #0
100053a6:	bd70      	pop	{r4, r5, r6, pc}
100053a8:	2000      	movs	r0, #0
100053aa:	4770      	bx	lr
100053ac:	7853      	ldrb	r3, [r2, #1]
100053ae:	3b20      	subs	r3, #32
100053b0:	2b03      	cmp	r3, #3
100053b2:	d8f7      	bhi.n	100053a4 <cdcd_control_xfer_cb+0x18>
100053b4:	e8df f003 	tbb	[pc, r3]
100053b8:	020d2327 	.word	0x020d2327
100053bc:	2901      	cmp	r1, #1
100053be:	d02e      	beq.n	1000541e <cdcd_control_xfer_cb+0x92>
100053c0:	2903      	cmp	r1, #3
100053c2:	d11e      	bne.n	10005402 <cdcd_control_xfer_cb+0x76>
100053c4:	4b1c      	ldr	r3, [pc, #112]	@ (10005438 <cdcd_control_xfer_cb+0xac>)
100053c6:	b1e3      	cbz	r3, 10005402 <cdcd_control_xfer_cb+0x76>
100053c8:	2000      	movs	r0, #0
100053ca:	8851      	ldrh	r1, [r2, #2]
100053cc:	f3af 8000 	nop.w
100053d0:	e017      	b.n	10005402 <cdcd_control_xfer_cb+0x76>
100053d2:	2901      	cmp	r1, #1
100053d4:	d023      	beq.n	1000541e <cdcd_control_xfer_cb+0x92>
100053d6:	2903      	cmp	r1, #3
100053d8:	d113      	bne.n	10005402 <cdcd_control_xfer_cb+0x76>
100053da:	8855      	ldrh	r5, [r2, #2]
100053dc:	4817      	ldr	r0, [pc, #92]	@ (1000543c <cdcd_control_xfer_cb+0xb0>)
100053de:	f005 0601 	and.w	r6, r5, #1
100053e2:	f086 0101 	eor.w	r1, r6, #1
100053e6:	7125      	strb	r5, [r4, #4]
100053e8:	f000 fdb8 	bl	10005f5c <tu_fifo_set_overwritable>
100053ec:	4b14      	ldr	r3, [pc, #80]	@ (10005440 <cdcd_control_xfer_cb+0xb4>)
100053ee:	b143      	cbz	r3, 10005402 <cdcd_control_xfer_cb+0x76>
100053f0:	4631      	mov	r1, r6
100053f2:	2000      	movs	r0, #0
100053f4:	f3c5 0240 	ubfx	r2, r5, #1, #1
100053f8:	f3af 8000 	nop.w
100053fc:	e001      	b.n	10005402 <cdcd_control_xfer_cb+0x76>
100053fe:	2901      	cmp	r1, #1
10005400:	d011      	beq.n	10005426 <cdcd_control_xfer_cb+0x9a>
10005402:	2001      	movs	r0, #1
10005404:	bd70      	pop	{r4, r5, r6, pc}
10005406:	2901      	cmp	r1, #1
10005408:	d00d      	beq.n	10005426 <cdcd_control_xfer_cb+0x9a>
1000540a:	2903      	cmp	r1, #3
1000540c:	d1f9      	bne.n	10005402 <cdcd_control_xfer_cb+0x76>
1000540e:	4b0d      	ldr	r3, [pc, #52]	@ (10005444 <cdcd_control_xfer_cb+0xb8>)
10005410:	2b00      	cmp	r3, #0
10005412:	d0f6      	beq.n	10005402 <cdcd_control_xfer_cb+0x76>
10005414:	2000      	movs	r0, #0
10005416:	490c      	ldr	r1, [pc, #48]	@ (10005448 <cdcd_control_xfer_cb+0xbc>)
10005418:	f7fe faac 	bl	10003974 <tud_cdc_line_coding_cb>
1000541c:	e7f1      	b.n	10005402 <cdcd_control_xfer_cb+0x76>
1000541e:	4611      	mov	r1, r2
10005420:	f7ff fcbc 	bl	10004d9c <tud_control_status>
10005424:	e7ed      	b.n	10005402 <cdcd_control_xfer_cb+0x76>
10005426:	4611      	mov	r1, r2
10005428:	2307      	movs	r3, #7
1000542a:	4a07      	ldr	r2, [pc, #28]	@ (10005448 <cdcd_control_xfer_cb+0xbc>)
1000542c:	f7ff fcd0 	bl	10004dd0 <tud_control_xfer>
10005430:	e7e7      	b.n	10005402 <cdcd_control_xfer_cb+0x76>
10005432:	bf00      	nop
10005434:	20001438 	.word	0x20001438
10005438:	00000000 	.word	0x00000000
1000543c:	2000145c 	.word	0x2000145c
10005440:	00000000 	.word	0x00000000
10005444:	10003975 	.word	0x10003975
10005448:	20001440 	.word	0x20001440

1000544c <cdcd_xfer_cb>:
1000544c:	e92d 43f8 	stmdb	sp!, {r3, r4, r5, r6, r7, r8, r9, lr}
10005450:	4e35      	ldr	r6, [pc, #212]	@ (10005528 <cdcd_xfer_cb+0xdc>)
10005452:	460c      	mov	r4, r1
10005454:	78f2      	ldrb	r2, [r6, #3]
10005456:	4607      	mov	r7, r0
10005458:	428a      	cmp	r2, r1
1000545a:	461d      	mov	r5, r3
1000545c:	d03d      	beq.n	100054da <cdcd_xfer_cb+0x8e>
1000545e:	78b3      	ldrb	r3, [r6, #2]
10005460:	428b      	cmp	r3, r1
10005462:	d012      	beq.n	1000548a <cdcd_xfer_cb+0x3e>
10005464:	f04f 23e0 	mov.w	r3, #3758153728	@ 0xe000e000
10005468:	f8d3 3df0 	ldr.w	r3, [r3, #3568]	@ 0xdf0
1000546c:	07db      	lsls	r3, r3, #31
1000546e:	d432      	bmi.n	100054d6 <cdcd_xfer_cb+0x8a>
10005470:	2000      	movs	r0, #0
10005472:	e8bd 83f8 	ldmia.w	sp!, {r3, r4, r5, r6, r7, r8, r9, pc}
10005476:	4b2d      	ldr	r3, [pc, #180]	@ (1000552c <cdcd_xfer_cb+0xe0>)
10005478:	b123      	cbz	r3, 10005484 <cdcd_xfer_cb+0x38>
1000547a:	482d      	ldr	r0, [pc, #180]	@ (10005530 <cdcd_xfer_cb+0xe4>)
1000547c:	f000 fb80 	bl	10005b80 <tu_fifo_empty>
10005480:	2800      	cmp	r0, #0
10005482:	d04d      	beq.n	10005520 <cdcd_xfer_cb+0xd4>
10005484:	2000      	movs	r0, #0
10005486:	f7ff fd99 	bl	10004fbc <_prep_out_transaction.isra.0>
1000548a:	78b3      	ldrb	r3, [r6, #2]
1000548c:	42a3      	cmp	r3, r4
1000548e:	d001      	beq.n	10005494 <cdcd_xfer_cb+0x48>
10005490:	2001      	movs	r0, #1
10005492:	e7ee      	b.n	10005472 <cdcd_xfer_cb+0x26>
10005494:	4b27      	ldr	r3, [pc, #156]	@ (10005534 <cdcd_xfer_cb+0xe8>)
10005496:	b113      	cbz	r3, 1000549e <cdcd_xfer_cb+0x52>
10005498:	2000      	movs	r0, #0
1000549a:	f3af 8000 	nop.w
1000549e:	2000      	movs	r0, #0
100054a0:	f7ff fe2e 	bl	10005100 <tud_cdc_n_write_flush>
100054a4:	2800      	cmp	r0, #0
100054a6:	d1f3      	bne.n	10005490 <cdcd_xfer_cb+0x44>
100054a8:	4823      	ldr	r0, [pc, #140]	@ (10005538 <cdcd_xfer_cb+0xec>)
100054aa:	f000 fb59 	bl	10005b60 <tu_fifo_count>
100054ae:	2800      	cmp	r0, #0
100054b0:	d1ee      	bne.n	10005490 <cdcd_xfer_cb+0x44>
100054b2:	2d00      	cmp	r5, #0
100054b4:	d0ec      	beq.n	10005490 <cdcd_xfer_cb+0x44>
100054b6:	f015 053f 	ands.w	r5, r5, #63	@ 0x3f
100054ba:	d1e9      	bne.n	10005490 <cdcd_xfer_cb+0x44>
100054bc:	4638      	mov	r0, r7
100054be:	78b1      	ldrb	r1, [r6, #2]
100054c0:	f7ff fc10 	bl	10004ce4 <usbd_edpt_claim>
100054c4:	2800      	cmp	r0, #0
100054c6:	d0e3      	beq.n	10005490 <cdcd_xfer_cb+0x44>
100054c8:	462b      	mov	r3, r5
100054ca:	462a      	mov	r2, r5
100054cc:	4638      	mov	r0, r7
100054ce:	78b1      	ldrb	r1, [r6, #2]
100054d0:	f7ff fc2c 	bl	10004d2c <usbd_edpt_xfer>
100054d4:	e7dc      	b.n	10005490 <cdcd_xfer_cb+0x44>
100054d6:	be00      	bkpt	0x0000
100054d8:	e7ca      	b.n	10005470 <cdcd_xfer_cb+0x24>
100054da:	b29a      	uxth	r2, r3
100054dc:	4917      	ldr	r1, [pc, #92]	@ (1000553c <cdcd_xfer_cb+0xf0>)
100054de:	f106 0010 	add.w	r0, r6, #16
100054e2:	f000 fc71 	bl	10005dc8 <tu_fifo_write_n>
100054e6:	4b16      	ldr	r3, [pc, #88]	@ (10005540 <cdcd_xfer_cb+0xf4>)
100054e8:	2b00      	cmp	r3, #0
100054ea:	d0c4      	beq.n	10005476 <cdcd_xfer_cb+0x2a>
100054ec:	7973      	ldrb	r3, [r6, #5]
100054ee:	2bff      	cmp	r3, #255	@ 0xff
100054f0:	d0c1      	beq.n	10005476 <cdcd_xfer_cb+0x2a>
100054f2:	2d00      	cmp	r5, #0
100054f4:	d0bf      	beq.n	10005476 <cdcd_xfer_cb+0x2a>
100054f6:	f8df 8044 	ldr.w	r8, [pc, #68]	@ 1000553c <cdcd_xfer_cb+0xf0>
100054fa:	eb08 0905 	add.w	r9, r8, r5
100054fe:	e002      	b.n	10005506 <cdcd_xfer_cb+0xba>
10005500:	45c8      	cmp	r8, r9
10005502:	d0b8      	beq.n	10005476 <cdcd_xfer_cb+0x2a>
10005504:	7973      	ldrb	r3, [r6, #5]
10005506:	f818 2b01 	ldrb.w	r2, [r8], #1
1000550a:	429a      	cmp	r2, r3
1000550c:	d1f8      	bne.n	10005500 <cdcd_xfer_cb+0xb4>
1000550e:	4808      	ldr	r0, [pc, #32]	@ (10005530 <cdcd_xfer_cb+0xe4>)
10005510:	f000 fb36 	bl	10005b80 <tu_fifo_empty>
10005514:	2800      	cmp	r0, #0
10005516:	d1f3      	bne.n	10005500 <cdcd_xfer_cb+0xb4>
10005518:	7971      	ldrb	r1, [r6, #5]
1000551a:	f3af 8000 	nop.w
1000551e:	e7ef      	b.n	10005500 <cdcd_xfer_cb+0xb4>
10005520:	f3af 8000 	nop.w
10005524:	e7ae      	b.n	10005484 <cdcd_xfer_cb+0x38>
10005526:	bf00      	nop
10005528:	20001438 	.word	0x20001438
1000552c:	00000000 	.word	0x00000000
10005530:	20001448 	.word	0x20001448
10005534:	00000000 	.word	0x00000000
10005538:	2000145c 	.word	0x2000145c
1000553c:	200013b4 	.word	0x200013b4
10005540:	00000000 	.word	0x00000000

10005544 <vendord_init>:
10005544:	b5f0      	push	{r4, r5, r6, r7, lr}
10005546:	f44f 7213 	mov.w	r2, #588	@ 0x24c
1000554a:	b085      	sub	sp, #20
1000554c:	2100      	movs	r1, #0
1000554e:	4812      	ldr	r0, [pc, #72]	@ (10005598 <vendord_init+0x54>)
10005550:	f000 fd22 	bl	10005f98 <memset>
10005554:	2640      	movs	r6, #64	@ 0x40
10005556:	2300      	movs	r3, #0
10005558:	f44f 7580 	mov.w	r5, #256	@ 0x100
1000555c:	4f0e      	ldr	r7, [pc, #56]	@ (10005598 <vendord_init+0x54>)
1000555e:	4c0f      	ldr	r4, [pc, #60]	@ (1000559c <vendord_init+0x58>)
10005560:	f507 72a6 	add.w	r2, r7, #332	@ 0x14c
10005564:	4619      	mov	r1, r3
10005566:	e9cd 4602 	strd	r4, r6, [sp, #8]
1000556a:	9200      	str	r2, [sp, #0]
1000556c:	9501      	str	r5, [sp, #4]
1000556e:	461a      	mov	r2, r3
10005570:	f507 7094 	add.w	r0, r7, #296	@ 0x128
10005574:	f000 f9c6 	bl	10005904 <tu_edpt_stream_init>
10005578:	2300      	movs	r3, #0
1000557a:	4638      	mov	r0, r7
1000557c:	f107 0128 	add.w	r1, r7, #40	@ 0x28
10005580:	4434      	add	r4, r6
10005582:	9100      	str	r1, [sp, #0]
10005584:	2201      	movs	r2, #1
10005586:	4619      	mov	r1, r3
10005588:	e9cd 4602 	strd	r4, r6, [sp, #8]
1000558c:	9501      	str	r5, [sp, #4]
1000558e:	3004      	adds	r0, #4
10005590:	f000 f9b8 	bl	10005904 <tu_edpt_stream_init>
10005594:	b005      	add	sp, #20
10005596:	bdf0      	pop	{r4, r5, r6, r7, pc}
10005598:	2000171c 	.word	0x2000171c
1000559c:	2000169c 	.word	0x2000169c

100055a0 <vendord_deinit>:
100055a0:	b508      	push	{r3, lr}
100055a2:	4805      	ldr	r0, [pc, #20]	@ (100055b8 <vendord_deinit+0x18>)
100055a4:	f000 f9da 	bl	1000595c <tu_edpt_stream_deinit>
100055a8:	4b03      	ldr	r3, [pc, #12]	@ (100055b8 <vendord_deinit+0x18>)
100055aa:	f5a3 7092 	sub.w	r0, r3, #292	@ 0x124
100055ae:	f000 f9d5 	bl	1000595c <tu_edpt_stream_deinit>
100055b2:	2001      	movs	r0, #1
100055b4:	bd08      	pop	{r3, pc}
100055b6:	bf00      	nop
100055b8:	20001844 	.word	0x20001844

100055bc <vendord_reset>:
100055bc:	b538      	push	{r3, r4, r5, lr}
100055be:	2500      	movs	r5, #0
100055c0:	4c06      	ldr	r4, [pc, #24]	@ (100055dc <vendord_reset+0x20>)
100055c2:	f504 7098 	add.w	r0, r4, #304	@ 0x130
100055c6:	7025      	strb	r5, [r4, #0]
100055c8:	f000 fcac 	bl	10005f24 <tu_fifo_clear>
100055cc:	f104 000c 	add.w	r0, r4, #12
100055d0:	f000 fca8 	bl	10005f24 <tu_fifo_clear>
100055d4:	f884 5129 	strb.w	r5, [r4, #297]	@ 0x129
100055d8:	7165      	strb	r5, [r4, #5]
100055da:	bd38      	pop	{r3, r4, r5, pc}
100055dc:	2000171c 	.word	0x2000171c

100055e0 <vendord_open>:
100055e0:	e92d 43f8 	stmdb	sp!, {r3, r4, r5, r6, r7, r8, r9, lr}
100055e4:	794b      	ldrb	r3, [r1, #5]
100055e6:	2bff      	cmp	r3, #255	@ 0xff
100055e8:	d151      	bne.n	1000568e <vendord_open+0xae>
100055ea:	4e35      	ldr	r6, [pc, #212]	@ (100056c0 <vendord_open+0xe0>)
100055ec:	f896 3129 	ldrb.w	r3, [r6, #297]	@ 0x129
100055f0:	2b00      	cmp	r3, #0
100055f2:	d14c      	bne.n	1000568e <vendord_open+0xae>
100055f4:	f896 8005 	ldrb.w	r8, [r6, #5]
100055f8:	f1b8 0f00 	cmp.w	r8, #0
100055fc:	d147      	bne.n	1000568e <vendord_open+0xae>
100055fe:	788b      	ldrb	r3, [r1, #2]
10005600:	780c      	ldrb	r4, [r1, #0]
10005602:	7033      	strb	r3, [r6, #0]
10005604:	790b      	ldrb	r3, [r1, #4]
10005606:	460f      	mov	r7, r1
10005608:	440c      	add	r4, r1
1000560a:	b3ab      	cbz	r3, 10005678 <vendord_open+0x98>
1000560c:	4681      	mov	r9, r0
1000560e:	18a5      	adds	r5, r4, r2
10005610:	e003      	b.n	1000561a <vendord_open+0x3a>
10005612:	42a5      	cmp	r5, r4
10005614:	d930      	bls.n	10005678 <vendord_open+0x98>
10005616:	7823      	ldrb	r3, [r4, #0]
10005618:	441c      	add	r4, r3
1000561a:	7863      	ldrb	r3, [r4, #1]
1000561c:	2b05      	cmp	r3, #5
1000561e:	d1f8      	bne.n	10005612 <vendord_open+0x32>
10005620:	42ac      	cmp	r4, r5
10005622:	d229      	bcs.n	10005678 <vendord_open+0x98>
10005624:	4621      	mov	r1, r4
10005626:	4648      	mov	r0, r9
10005628:	f7ff fb3a 	bl	10004ca0 <usbd_edpt_open>
1000562c:	b340      	cbz	r0, 10005680 <vendord_open+0xa0>
1000562e:	78a3      	ldrb	r3, [r4, #2]
10005630:	09db      	lsrs	r3, r3, #7
10005632:	d12f      	bne.n	10005694 <vendord_open+0xb4>
10005634:	4823      	ldr	r0, [pc, #140]	@ (100056c4 <vendord_open+0xe4>)
10005636:	f000 fc75 	bl	10005f24 <tu_fifo_clear>
1000563a:	78a3      	ldrb	r3, [r4, #2]
1000563c:	f896 2128 	ldrb.w	r2, [r6, #296]	@ 0x128
10005640:	f886 3129 	strb.w	r3, [r6, #297]	@ 0x129
10005644:	88a3      	ldrh	r3, [r4, #4]
10005646:	4648      	mov	r0, r9
10005648:	f3c3 030a 	ubfx	r3, r3, #0, #11
1000564c:	f5a3 7300 	sub.w	r3, r3, #512	@ 0x200
10005650:	fab3 f383 	clz	r3, r3
10005654:	095b      	lsrs	r3, r3, #5
10005656:	f363 0241 	bfi	r2, r3, #1, #1
1000565a:	491b      	ldr	r1, [pc, #108]	@ (100056c8 <vendord_open+0xe8>)
1000565c:	f886 2128 	strb.w	r2, [r6, #296]	@ 0x128
10005660:	f000 f9ea 	bl	10005a38 <tu_edpt_stream_read_xfer>
10005664:	b160      	cbz	r0, 10005680 <vendord_open+0xa0>
10005666:	7823      	ldrb	r3, [r4, #0]
10005668:	793a      	ldrb	r2, [r7, #4]
1000566a:	f108 0801 	add.w	r8, r8, #1
1000566e:	441c      	add	r4, r3
10005670:	fa5f f388 	uxtb.w	r3, r8
10005674:	429a      	cmp	r2, r3
10005676:	d8d0      	bhi.n	1000561a <vendord_open+0x3a>
10005678:	1be1      	subs	r1, r4, r7
1000567a:	b288      	uxth	r0, r1
1000567c:	e8bd 83f8 	ldmia.w	sp!, {r3, r4, r5, r6, r7, r8, r9, pc}
10005680:	f04f 23e0 	mov.w	r3, #3758153728	@ 0xe000e000
10005684:	f8d3 3df0 	ldr.w	r3, [r3, #3568]	@ 0xdf0
10005688:	07db      	lsls	r3, r3, #31
1000568a:	d500      	bpl.n	1000568e <vendord_open+0xae>
1000568c:	be00      	bkpt	0x0000
1000568e:	2000      	movs	r0, #0
10005690:	e8bd 83f8 	ldmia.w	sp!, {r3, r4, r5, r6, r7, r8, r9, pc}
10005694:	480d      	ldr	r0, [pc, #52]	@ (100056cc <vendord_open+0xec>)
10005696:	f000 fc45 	bl	10005f24 <tu_fifo_clear>
1000569a:	78a3      	ldrb	r3, [r4, #2]
1000569c:	7932      	ldrb	r2, [r6, #4]
1000569e:	7173      	strb	r3, [r6, #5]
100056a0:	88a3      	ldrh	r3, [r4, #4]
100056a2:	490b      	ldr	r1, [pc, #44]	@ (100056d0 <vendord_open+0xf0>)
100056a4:	f3c3 030a 	ubfx	r3, r3, #0, #11
100056a8:	f5a3 7300 	sub.w	r3, r3, #512	@ 0x200
100056ac:	fab3 f383 	clz	r3, r3
100056b0:	095b      	lsrs	r3, r3, #5
100056b2:	f363 0241 	bfi	r2, r3, #1, #1
100056b6:	2000      	movs	r0, #0
100056b8:	7132      	strb	r2, [r6, #4]
100056ba:	f000 f985 	bl	100059c8 <tu_edpt_stream_write_xfer>
100056be:	e7d2      	b.n	10005666 <vendord_open+0x86>
100056c0:	2000171c 	.word	0x2000171c
100056c4:	2000184c 	.word	0x2000184c
100056c8:	20001844 	.word	0x20001844
100056cc:	20001728 	.word	0x20001728
100056d0:	20001720 	.word	0x20001720

100056d4 <vendord_xfer_cb>:
100056d4:	b570      	push	{r4, r5, r6, lr}
100056d6:	4c1b      	ldr	r4, [pc, #108]	@ (10005744 <vendord_xfer_cb+0x70>)
100056d8:	4606      	mov	r6, r0
100056da:	f894 c129 	ldrb.w	ip, [r4, #297]	@ 0x129
100056de:	461d      	mov	r5, r3
100056e0:	458c      	cmp	ip, r1
100056e2:	d011      	beq.n	10005708 <vendord_xfer_cb+0x34>
100056e4:	7963      	ldrb	r3, [r4, #5]
100056e6:	428b      	cmp	r3, r1
100056e8:	d001      	beq.n	100056ee <vendord_xfer_cb+0x1a>
100056ea:	2000      	movs	r0, #0
100056ec:	bd70      	pop	{r4, r5, r6, pc}
100056ee:	4b16      	ldr	r3, [pc, #88]	@ (10005748 <vendord_xfer_cb+0x74>)
100056f0:	b11b      	cbz	r3, 100056fa <vendord_xfer_cb+0x26>
100056f2:	2000      	movs	r0, #0
100056f4:	b2a9      	uxth	r1, r5
100056f6:	f3af 8000 	nop.w
100056fa:	4630      	mov	r0, r6
100056fc:	4913      	ldr	r1, [pc, #76]	@ (1000574c <vendord_xfer_cb+0x78>)
100056fe:	f000 f963 	bl	100059c8 <tu_edpt_stream_write_xfer>
10005702:	b1c8      	cbz	r0, 10005738 <vendord_xfer_cb+0x64>
10005704:	2001      	movs	r0, #1
10005706:	bd70      	pop	{r4, r5, r6, pc}
10005708:	f8b4 3134 	ldrh.w	r3, [r4, #308]	@ 0x134
1000570c:	b963      	cbnz	r3, 10005728 <vendord_xfer_cb+0x54>
1000570e:	4b10      	ldr	r3, [pc, #64]	@ (10005750 <vendord_xfer_cb+0x7c>)
10005710:	b123      	cbz	r3, 1000571c <vendord_xfer_cb+0x48>
10005712:	2000      	movs	r0, #0
10005714:	490f      	ldr	r1, [pc, #60]	@ (10005754 <vendord_xfer_cb+0x80>)
10005716:	b2aa      	uxth	r2, r5
10005718:	f3af 8000 	nop.w
1000571c:	4630      	mov	r0, r6
1000571e:	490e      	ldr	r1, [pc, #56]	@ (10005758 <vendord_xfer_cb+0x84>)
10005720:	f000 f98a 	bl	10005a38 <tu_edpt_stream_read_xfer>
10005724:	2001      	movs	r0, #1
10005726:	e7ee      	b.n	10005706 <vendord_xfer_cb+0x32>
10005728:	f8d4 112c 	ldr.w	r1, [r4, #300]	@ 0x12c
1000572c:	b2aa      	uxth	r2, r5
1000572e:	f504 7098 	add.w	r0, r4, #304	@ 0x130
10005732:	f000 fb49 	bl	10005dc8 <tu_fifo_write_n>
10005736:	e7ea      	b.n	1000570e <vendord_xfer_cb+0x3a>
10005738:	462a      	mov	r2, r5
1000573a:	4630      	mov	r0, r6
1000573c:	4903      	ldr	r1, [pc, #12]	@ (1000574c <vendord_xfer_cb+0x78>)
1000573e:	f000 f90f 	bl	10005960 <tu_edpt_stream_write_zlp_if_needed>
10005742:	e7df      	b.n	10005704 <vendord_xfer_cb+0x30>
10005744:	2000171c 	.word	0x2000171c
10005748:	00000000 	.word	0x00000000
1000574c:	20001720 	.word	0x20001720
10005750:	00000000 	.word	0x00000000
10005754:	2000169c 	.word	0x2000169c
10005758:	20001844 	.word	0x20001844

1000575c <tusb_rhport_init>:
1000575c:	b510      	push	{r4, lr}
1000575e:	b082      	sub	sp, #8
10005760:	b1c9      	cbz	r1, 10005796 <tusb_rhport_init+0x3a>
10005762:	2801      	cmp	r0, #1
10005764:	d80c      	bhi.n	10005780 <tusb_rhport_init+0x24>
10005766:	780b      	ldrb	r3, [r1, #0]
10005768:	b153      	cbz	r3, 10005780 <tusb_rhport_init+0x24>
1000576a:	4c14      	ldr	r4, [pc, #80]	@ (100057bc <tusb_rhport_init+0x60>)
1000576c:	2b01      	cmp	r3, #1
1000576e:	5423      	strb	r3, [r4, r0]
10005770:	d002      	beq.n	10005778 <tusb_rhport_init+0x1c>
10005772:	2001      	movs	r0, #1
10005774:	b002      	add	sp, #8
10005776:	bd10      	pop	{r4, pc}
10005778:	f7fe fe08 	bl	1000438c <tud_rhport_init>
1000577c:	2800      	cmp	r0, #0
1000577e:	d1f8      	bne.n	10005772 <tusb_rhport_init+0x16>
10005780:	f04f 23e0 	mov.w	r3, #3758153728	@ 0xe000e000
10005784:	f8d3 3df0 	ldr.w	r3, [r3, #3568]	@ 0xdf0
10005788:	07db      	lsls	r3, r3, #31
1000578a:	d402      	bmi.n	10005792 <tusb_rhport_init+0x36>
1000578c:	2000      	movs	r0, #0
1000578e:	b002      	add	sp, #8
10005790:	bd10      	pop	{r4, pc}
10005792:	be00      	bkpt	0x0000
10005794:	e7fa      	b.n	1000578c <tusb_rhport_init+0x30>
10005796:	2401      	movs	r4, #1
10005798:	4608      	mov	r0, r1
1000579a:	a901      	add	r1, sp, #4
1000579c:	f8ad 4004 	strh.w	r4, [sp, #4]
100057a0:	f7fe fdf4 	bl	1000438c <tud_rhport_init>
100057a4:	b938      	cbnz	r0, 100057b6 <tusb_rhport_init+0x5a>
100057a6:	f04f 23e0 	mov.w	r3, #3758153728	@ 0xe000e000
100057aa:	f8d3 3df0 	ldr.w	r3, [r3, #3568]	@ 0xdf0
100057ae:	07da      	lsls	r2, r3, #31
100057b0:	d5ed      	bpl.n	1000578e <tusb_rhport_init+0x32>
100057b2:	be00      	bkpt	0x0000
100057b4:	e7eb      	b.n	1000578e <tusb_rhport_init+0x32>
100057b6:	4b01      	ldr	r3, [pc, #4]	@ (100057bc <tusb_rhport_init+0x60>)
100057b8:	701c      	strb	r4, [r3, #0]
100057ba:	e7e8      	b.n	1000578e <tusb_rhport_init+0x32>
100057bc:	20001574 	.word	0x20001574

100057c0 <tu_edpt_claim>:
100057c0:	b5f8      	push	{r3, r4, r5, r6, r7, lr}
100057c2:	7803      	ldrb	r3, [r0, #0]
100057c4:	f013 0401 	ands.w	r4, r3, #1
100057c8:	d11a      	bne.n	10005800 <tu_edpt_claim+0x40>
100057ca:	7803      	ldrb	r3, [r0, #0]
100057cc:	4605      	mov	r5, r0
100057ce:	075a      	lsls	r2, r3, #29
100057d0:	f3c3 0780 	ubfx	r7, r3, #2, #1
100057d4:	d501      	bpl.n	100057da <tu_edpt_claim+0x1a>
100057d6:	4620      	mov	r0, r4
100057d8:	bdf8      	pop	{r3, r4, r5, r6, r7, pc}
100057da:	460e      	mov	r6, r1
100057dc:	f04f 31ff 	mov.w	r1, #4294967295
100057e0:	4630      	mov	r0, r6
100057e2:	f000 fccd 	bl	10006180 <__mutex_enter_timeout_ms_veneer>
100057e6:	782b      	ldrb	r3, [r5, #0]
100057e8:	f013 0401 	ands.w	r4, r3, #1
100057ec:	d10b      	bne.n	10005806 <tu_edpt_claim+0x46>
100057ee:	782b      	ldrb	r3, [r5, #0]
100057f0:	075b      	lsls	r3, r3, #29
100057f2:	d409      	bmi.n	10005808 <tu_edpt_claim+0x48>
100057f4:	782b      	ldrb	r3, [r5, #0]
100057f6:	2401      	movs	r4, #1
100057f8:	f043 0304 	orr.w	r3, r3, #4
100057fc:	702b      	strb	r3, [r5, #0]
100057fe:	e003      	b.n	10005808 <tu_edpt_claim+0x48>
10005800:	2400      	movs	r4, #0
10005802:	4620      	mov	r0, r4
10005804:	bdf8      	pop	{r3, r4, r5, r6, r7, pc}
10005806:	463c      	mov	r4, r7
10005808:	4630      	mov	r0, r6
1000580a:	f000 fcc9 	bl	100061a0 <__mutex_exit_veneer>
1000580e:	4620      	mov	r0, r4
10005810:	bdf8      	pop	{r3, r4, r5, r6, r7, pc}
10005812:	bf00      	nop

10005814 <tu_edpt_release>:
10005814:	b570      	push	{r4, r5, r6, lr}
10005816:	460c      	mov	r4, r1
10005818:	4605      	mov	r5, r0
1000581a:	f04f 31ff 	mov.w	r1, #4294967295
1000581e:	4620      	mov	r0, r4
10005820:	f000 fcae 	bl	10006180 <__mutex_enter_timeout_ms_veneer>
10005824:	782b      	ldrb	r3, [r5, #0]
10005826:	f3c3 0680 	ubfx	r6, r3, #2, #1
1000582a:	075b      	lsls	r3, r3, #29
1000582c:	d508      	bpl.n	10005840 <tu_edpt_release+0x2c>
1000582e:	782b      	ldrb	r3, [r5, #0]
10005830:	f013 0301 	ands.w	r3, r3, #1
10005834:	bf11      	iteee	ne
10005836:	2600      	movne	r6, #0
10005838:	782a      	ldrbeq	r2, [r5, #0]
1000583a:	f363 0282 	bfieq	r2, r3, #2, #1
1000583e:	702a      	strbeq	r2, [r5, #0]
10005840:	4620      	mov	r0, r4
10005842:	f000 fcad 	bl	100061a0 <__mutex_exit_veneer>
10005846:	4630      	mov	r0, r6
10005848:	bd70      	pop	{r4, r5, r6, pc}
1000584a:	bf00      	nop

1000584c <tu_edpt_validate>:
1000584c:	78c3      	ldrb	r3, [r0, #3]
1000584e:	8882      	ldrh	r2, [r0, #4]
10005850:	f003 0003 	and.w	r0, r3, #3
10005854:	2802      	cmp	r0, #2
10005856:	f3c2 020a 	ubfx	r2, r2, #0, #11
1000585a:	d015      	beq.n	10005888 <tu_edpt_validate+0x3c>
1000585c:	2803      	cmp	r0, #3
1000585e:	d00a      	beq.n	10005876 <tu_edpt_validate+0x2a>
10005860:	2801      	cmp	r0, #1
10005862:	d11c      	bne.n	1000589e <tu_edpt_validate+0x52>
10005864:	2902      	cmp	r1, #2
10005866:	f240 33ff 	movw	r3, #1023	@ 0x3ff
1000586a:	bf08      	it	eq
1000586c:	f44f 6380 	moveq.w	r3, #1024	@ 0x400
10005870:	4293      	cmp	r3, r2
10005872:	d30d      	bcc.n	10005890 <tu_edpt_validate+0x44>
10005874:	4770      	bx	lr
10005876:	2902      	cmp	r1, #2
10005878:	bf14      	ite	ne
1000587a:	2340      	movne	r3, #64	@ 0x40
1000587c:	f44f 6380 	moveq.w	r3, #1024	@ 0x400
10005880:	4293      	cmp	r3, r2
10005882:	d305      	bcc.n	10005890 <tu_edpt_validate+0x44>
10005884:	2001      	movs	r0, #1
10005886:	4770      	bx	lr
10005888:	2902      	cmp	r1, #2
1000588a:	d00a      	beq.n	100058a2 <tu_edpt_validate+0x56>
1000588c:	2a40      	cmp	r2, #64	@ 0x40
1000588e:	d9f9      	bls.n	10005884 <tu_edpt_validate+0x38>
10005890:	f04f 23e0 	mov.w	r3, #3758153728	@ 0xe000e000
10005894:	f8d3 3df0 	ldr.w	r3, [r3, #3568]	@ 0xdf0
10005898:	07db      	lsls	r3, r3, #31
1000589a:	d500      	bpl.n	1000589e <tu_edpt_validate+0x52>
1000589c:	be00      	bkpt	0x0000
1000589e:	2000      	movs	r0, #0
100058a0:	4770      	bx	lr
100058a2:	f5b2 7f00 	cmp.w	r2, #512	@ 0x200
100058a6:	d0ed      	beq.n	10005884 <tu_edpt_validate+0x38>
100058a8:	e7f2      	b.n	10005890 <tu_edpt_validate+0x44>
100058aa:	bf00      	nop

100058ac <tu_edpt_bind_driver>:
100058ac:	440a      	add	r2, r1
100058ae:	4291      	cmp	r1, r2
100058b0:	d226      	bcs.n	10005900 <tu_edpt_bind_driver+0x54>
100058b2:	f891 c001 	ldrb.w	ip, [r1, #1]
100058b6:	f1bc 0f05 	cmp.w	ip, #5
100058ba:	d005      	beq.n	100058c8 <tu_edpt_bind_driver+0x1c>
100058bc:	f891 c000 	ldrb.w	ip, [r1]
100058c0:	4461      	add	r1, ip
100058c2:	428a      	cmp	r2, r1
100058c4:	d8f5      	bhi.n	100058b2 <tu_edpt_bind_driver+0x6>
100058c6:	4770      	bx	lr
100058c8:	b500      	push	{lr}
100058ca:	f891 c002 	ldrb.w	ip, [r1, #2]
100058ce:	f00c 0e7f 	and.w	lr, ip, #127	@ 0x7f
100058d2:	eb00 0e4e 	add.w	lr, r0, lr, lsl #1
100058d6:	ea4f 1cdc 	mov.w	ip, ip, lsr #7
100058da:	f80e 300c 	strb.w	r3, [lr, ip]
100058de:	f891 c000 	ldrb.w	ip, [r1]
100058e2:	4461      	add	r1, ip
100058e4:	428a      	cmp	r2, r1
100058e6:	d909      	bls.n	100058fc <tu_edpt_bind_driver+0x50>
100058e8:	f891 c001 	ldrb.w	ip, [r1, #1]
100058ec:	f1bc 0f05 	cmp.w	ip, #5
100058f0:	d0eb      	beq.n	100058ca <tu_edpt_bind_driver+0x1e>
100058f2:	f891 c000 	ldrb.w	ip, [r1]
100058f6:	4461      	add	r1, ip
100058f8:	428a      	cmp	r2, r1
100058fa:	d8f5      	bhi.n	100058e8 <tu_edpt_bind_driver+0x3c>
100058fc:	f85d fb04 	ldr.w	pc, [sp], #4
10005900:	4770      	bx	lr
10005902:	bf00      	nop

10005904 <tu_edpt_stream_init>:
10005904:	e92d 41f0 	stmdb	sp!, {r4, r5, r6, r7, r8, lr}
10005908:	468e      	mov	lr, r1
1000590a:	b082      	sub	sp, #8
1000590c:	9300      	str	r3, [sp, #0]
1000590e:	f890 c000 	ldrb.w	ip, [r0]
10005912:	9e08      	ldr	r6, [sp, #32]
10005914:	f8bd 7024 	ldrh.w	r7, [sp, #36]	@ 0x24
10005918:	f36e 0c00 	bfi	ip, lr, #0, #1
1000591c:	4604      	mov	r4, r0
1000591e:	4615      	mov	r5, r2
10005920:	2301      	movs	r3, #1
10005922:	4631      	mov	r1, r6
10005924:	463a      	mov	r2, r7
10005926:	f800 cb08 	strb.w	ip, [r0], #8
1000592a:	f8bd 802c 	ldrh.w	r8, [sp, #44]	@ 0x2c
1000592e:	f000 f8e7 	bl	10005b00 <tu_fifo_config>
10005932:	b106      	cbz	r6, 10005936 <tu_edpt_stream_init+0x32>
10005934:	b93f      	cbnz	r7, 10005946 <tu_edpt_stream_init+0x42>
10005936:	2001      	movs	r0, #1
10005938:	9b0a      	ldr	r3, [sp, #40]	@ 0x28
1000593a:	f8a4 8002 	strh.w	r8, [r4, #2]
1000593e:	6063      	str	r3, [r4, #4]
10005940:	b002      	add	sp, #8
10005942:	e8bd 81f0 	ldmia.w	sp!, {r4, r5, r6, r7, r8, pc}
10005946:	f104 061c 	add.w	r6, r4, #28
1000594a:	4630      	mov	r0, r6
1000594c:	f7fb f9e6 	bl	10000d1c <mutex_init>
10005950:	b10d      	cbz	r5, 10005956 <tu_edpt_stream_init+0x52>
10005952:	4635      	mov	r5, r6
10005954:	2600      	movs	r6, #0
10005956:	e9c4 5605 	strd	r5, r6, [r4, #20]
1000595a:	e7ec      	b.n	10005936 <tu_edpt_stream_init+0x32>

1000595c <tu_edpt_stream_deinit>:
1000595c:	2001      	movs	r0, #1
1000595e:	4770      	bx	lr

10005960 <tu_edpt_stream_write_zlp_if_needed>:
10005960:	b5f8      	push	{r3, r4, r5, r6, r7, lr}
10005962:	4607      	mov	r7, r0
10005964:	4608      	mov	r0, r1
10005966:	f240 13ff 	movw	r3, #511	@ 0x1ff
1000596a:	4615      	mov	r5, r2
1000596c:	f810 2b08 	ldrb.w	r2, [r0], #8
10005970:	460c      	mov	r4, r1
10005972:	f012 0f02 	tst.w	r2, #2
10005976:	bf0c      	ite	eq
10005978:	263f      	moveq	r6, #63	@ 0x3f
1000597a:	461e      	movne	r6, r3
1000597c:	f000 f8f0 	bl	10005b60 <tu_fifo_count>
10005980:	b928      	cbnz	r0, 1000598e <tu_edpt_stream_write_zlp_if_needed+0x2e>
10005982:	b125      	cbz	r5, 1000598e <tu_edpt_stream_write_zlp_if_needed+0x2e>
10005984:	422e      	tst	r6, r5
10005986:	d102      	bne.n	1000598e <tu_edpt_stream_write_zlp_if_needed+0x2e>
10005988:	7823      	ldrb	r3, [r4, #0]
1000598a:	07da      	lsls	r2, r3, #31
1000598c:	d501      	bpl.n	10005992 <tu_edpt_stream_write_zlp_if_needed+0x32>
1000598e:	2000      	movs	r0, #0
10005990:	bdf8      	pop	{r3, r4, r5, r6, r7, pc}
10005992:	4638      	mov	r0, r7
10005994:	7861      	ldrb	r1, [r4, #1]
10005996:	f7ff f9a5 	bl	10004ce4 <usbd_edpt_claim>
1000599a:	2800      	cmp	r0, #0
1000599c:	d0f7      	beq.n	1000598e <tu_edpt_stream_write_zlp_if_needed+0x2e>
1000599e:	7823      	ldrb	r3, [r4, #0]
100059a0:	f013 0301 	ands.w	r3, r3, #1
100059a4:	d007      	beq.n	100059b6 <tu_edpt_stream_write_zlp_if_needed+0x56>
100059a6:	f04f 23e0 	mov.w	r3, #3758153728	@ 0xe000e000
100059aa:	f8d3 3df0 	ldr.w	r3, [r3, #3568]	@ 0xdf0
100059ae:	07db      	lsls	r3, r3, #31
100059b0:	d5ed      	bpl.n	1000598e <tu_edpt_stream_write_zlp_if_needed+0x2e>
100059b2:	be00      	bkpt	0x0000
100059b4:	e7eb      	b.n	1000598e <tu_edpt_stream_write_zlp_if_needed+0x2e>
100059b6:	461a      	mov	r2, r3
100059b8:	4638      	mov	r0, r7
100059ba:	7861      	ldrb	r1, [r4, #1]
100059bc:	f7ff f9b6 	bl	10004d2c <usbd_edpt_xfer>
100059c0:	2800      	cmp	r0, #0
100059c2:	d0f0      	beq.n	100059a6 <tu_edpt_stream_write_zlp_if_needed+0x46>
100059c4:	bdf8      	pop	{r3, r4, r5, r6, r7, pc}
100059c6:	bf00      	nop

100059c8 <tu_edpt_stream_write_xfer>:
100059c8:	b570      	push	{r4, r5, r6, lr}
100059ca:	f101 0508 	add.w	r5, r1, #8
100059ce:	4606      	mov	r6, r0
100059d0:	4628      	mov	r0, r5
100059d2:	460c      	mov	r4, r1
100059d4:	f000 f8c4 	bl	10005b60 <tu_fifo_count>
100059d8:	b110      	cbz	r0, 100059e0 <tu_edpt_stream_write_xfer+0x18>
100059da:	7823      	ldrb	r3, [r4, #0]
100059dc:	07da      	lsls	r2, r3, #31
100059de:	d501      	bpl.n	100059e4 <tu_edpt_stream_write_xfer+0x1c>
100059e0:	2000      	movs	r0, #0
100059e2:	bd70      	pop	{r4, r5, r6, pc}
100059e4:	4630      	mov	r0, r6
100059e6:	7861      	ldrb	r1, [r4, #1]
100059e8:	f7ff f97c 	bl	10004ce4 <usbd_edpt_claim>
100059ec:	2800      	cmp	r0, #0
100059ee:	d0f7      	beq.n	100059e0 <tu_edpt_stream_write_xfer+0x18>
100059f0:	4628      	mov	r0, r5
100059f2:	8862      	ldrh	r2, [r4, #2]
100059f4:	6861      	ldr	r1, [r4, #4]
100059f6:	f000 f929 	bl	10005c4c <tu_fifo_read_n>
100059fa:	7823      	ldrb	r3, [r4, #0]
100059fc:	4605      	mov	r5, r0
100059fe:	f003 0301 	and.w	r3, r3, #1
10005a02:	b140      	cbz	r0, 10005a16 <tu_edpt_stream_write_xfer+0x4e>
10005a04:	b173      	cbz	r3, 10005a24 <tu_edpt_stream_write_xfer+0x5c>
10005a06:	f04f 23e0 	mov.w	r3, #3758153728	@ 0xe000e000
10005a0a:	f8d3 3df0 	ldr.w	r3, [r3, #3568]	@ 0xdf0
10005a0e:	07db      	lsls	r3, r3, #31
10005a10:	d5e6      	bpl.n	100059e0 <tu_edpt_stream_write_xfer+0x18>
10005a12:	be00      	bkpt	0x0000
10005a14:	e7e4      	b.n	100059e0 <tu_edpt_stream_write_xfer+0x18>
10005a16:	2b00      	cmp	r3, #0
10005a18:	d1e2      	bne.n	100059e0 <tu_edpt_stream_write_xfer+0x18>
10005a1a:	4630      	mov	r0, r6
10005a1c:	7861      	ldrb	r1, [r4, #1]
10005a1e:	f7ff f973 	bl	10004d08 <usbd_edpt_release>
10005a22:	e7dd      	b.n	100059e0 <tu_edpt_stream_write_xfer+0x18>
10005a24:	4603      	mov	r3, r0
10005a26:	6862      	ldr	r2, [r4, #4]
10005a28:	4630      	mov	r0, r6
10005a2a:	7861      	ldrb	r1, [r4, #1]
10005a2c:	f7ff f97e 	bl	10004d2c <usbd_edpt_xfer>
10005a30:	2800      	cmp	r0, #0
10005a32:	d0e8      	beq.n	10005a06 <tu_edpt_stream_write_xfer+0x3e>
10005a34:	4628      	mov	r0, r5
10005a36:	bd70      	pop	{r4, r5, r6, pc}

10005a38 <tu_edpt_stream_read_xfer>:
10005a38:	898a      	ldrh	r2, [r1, #12]
10005a3a:	e92d 41f0 	stmdb	sp!, {r4, r5, r6, r7, r8, lr}
10005a3e:	780b      	ldrb	r3, [r1, #0]
10005a40:	460c      	mov	r4, r1
10005a42:	4606      	mov	r6, r0
10005a44:	b922      	cbnz	r2, 10005a50 <tu_edpt_stream_read_xfer+0x18>
10005a46:	07dd      	lsls	r5, r3, #31
10005a48:	d534      	bpl.n	10005ab4 <tu_edpt_stream_read_xfer+0x7c>
10005a4a:	2000      	movs	r0, #0
10005a4c:	e8bd 81f0 	ldmia.w	sp!, {r4, r5, r6, r7, r8, pc}
10005a50:	f104 0708 	add.w	r7, r4, #8
10005a54:	0799      	lsls	r1, r3, #30
10005a56:	4638      	mov	r0, r7
10005a58:	bf47      	ittee	mi
10005a5a:	f44f 487e 	movmi.w	r8, #65024	@ 0xfe00
10005a5e:	f44f 7500 	movmi.w	r5, #512	@ 0x200
10005a62:	f64f 78c0 	movwpl	r8, #65472	@ 0xffc0
10005a66:	2540      	movpl	r5, #64	@ 0x40
10005a68:	f000 f894 	bl	10005b94 <tu_fifo_remaining>
10005a6c:	4285      	cmp	r5, r0
10005a6e:	d8ec      	bhi.n	10005a4a <tu_edpt_stream_read_xfer+0x12>
10005a70:	7823      	ldrb	r3, [r4, #0]
10005a72:	07da      	lsls	r2, r3, #31
10005a74:	d4e9      	bmi.n	10005a4a <tu_edpt_stream_read_xfer+0x12>
10005a76:	4630      	mov	r0, r6
10005a78:	7861      	ldrb	r1, [r4, #1]
10005a7a:	f7ff f933 	bl	10004ce4 <usbd_edpt_claim>
10005a7e:	2800      	cmp	r0, #0
10005a80:	d0e3      	beq.n	10005a4a <tu_edpt_stream_read_xfer+0x12>
10005a82:	4638      	mov	r0, r7
10005a84:	f000 f886 	bl	10005b94 <tu_fifo_remaining>
10005a88:	7823      	ldrb	r3, [r4, #0]
10005a8a:	4285      	cmp	r5, r0
10005a8c:	f003 0301 	and.w	r3, r3, #1
10005a90:	d82d      	bhi.n	10005aee <tu_edpt_stream_read_xfer+0xb6>
10005a92:	b9bb      	cbnz	r3, 10005ac4 <tu_edpt_stream_read_xfer+0x8c>
10005a94:	8865      	ldrh	r5, [r4, #2]
10005a96:	ea08 0800 	and.w	r8, r8, r0
10005a9a:	4545      	cmp	r5, r8
10005a9c:	bf28      	it	cs
10005a9e:	4645      	movcs	r5, r8
10005aa0:	7861      	ldrb	r1, [r4, #1]
10005aa2:	b35d      	cbz	r5, 10005afc <tu_edpt_stream_read_xfer+0xc4>
10005aa4:	6862      	ldr	r2, [r4, #4]
10005aa6:	462b      	mov	r3, r5
10005aa8:	4630      	mov	r0, r6
10005aaa:	f7ff f93f 	bl	10004d2c <usbd_edpt_xfer>
10005aae:	b148      	cbz	r0, 10005ac4 <tu_edpt_stream_read_xfer+0x8c>
10005ab0:	4628      	mov	r0, r5
10005ab2:	e7cb      	b.n	10005a4c <tu_edpt_stream_read_xfer+0x14>
10005ab4:	7849      	ldrb	r1, [r1, #1]
10005ab6:	f7ff f915 	bl	10004ce4 <usbd_edpt_claim>
10005aba:	2800      	cmp	r0, #0
10005abc:	d0c5      	beq.n	10005a4a <tu_edpt_stream_read_xfer+0x12>
10005abe:	7823      	ldrb	r3, [r4, #0]
10005ac0:	07d8      	lsls	r0, r3, #31
10005ac2:	d507      	bpl.n	10005ad4 <tu_edpt_stream_read_xfer+0x9c>
10005ac4:	f04f 23e0 	mov.w	r3, #3758153728	@ 0xe000e000
10005ac8:	f8d3 3df0 	ldr.w	r3, [r3, #3568]	@ 0xdf0
10005acc:	07db      	lsls	r3, r3, #31
10005ace:	d5bc      	bpl.n	10005a4a <tu_edpt_stream_read_xfer+0x12>
10005ad0:	be00      	bkpt	0x0000
10005ad2:	e7ba      	b.n	10005a4a <tu_edpt_stream_read_xfer+0x12>
10005ad4:	8863      	ldrh	r3, [r4, #2]
10005ad6:	7861      	ldrb	r1, [r4, #1]
10005ad8:	b13b      	cbz	r3, 10005aea <tu_edpt_stream_read_xfer+0xb2>
10005ada:	6862      	ldr	r2, [r4, #4]
10005adc:	4630      	mov	r0, r6
10005ade:	f7ff f925 	bl	10004d2c <usbd_edpt_xfer>
10005ae2:	2800      	cmp	r0, #0
10005ae4:	d0ee      	beq.n	10005ac4 <tu_edpt_stream_read_xfer+0x8c>
10005ae6:	8860      	ldrh	r0, [r4, #2]
10005ae8:	e7b0      	b.n	10005a4c <tu_edpt_stream_read_xfer+0x14>
10005aea:	461a      	mov	r2, r3
10005aec:	e7f6      	b.n	10005adc <tu_edpt_stream_read_xfer+0xa4>
10005aee:	2b00      	cmp	r3, #0
10005af0:	d1ab      	bne.n	10005a4a <tu_edpt_stream_read_xfer+0x12>
10005af2:	4630      	mov	r0, r6
10005af4:	7861      	ldrb	r1, [r4, #1]
10005af6:	f7ff f907 	bl	10004d08 <usbd_edpt_release>
10005afa:	e7a6      	b.n	10005a4a <tu_edpt_stream_read_xfer+0x12>
10005afc:	462a      	mov	r2, r5
10005afe:	e7d2      	b.n	10005aa6 <tu_edpt_stream_read_xfer+0x6e>

10005b00 <tu_fifo_config>:
10005b00:	e92d 41f0 	stmdb	sp!, {r4, r5, r6, r7, r8, lr}
10005b04:	f5b2 4f00 	cmp.w	r2, #32768	@ 0x8000
10005b08:	f89d 8018 	ldrb.w	r8, [sp, #24]
10005b0c:	d824      	bhi.n	10005b58 <tu_fifo_config+0x58>
10005b0e:	4604      	mov	r4, r0
10005b10:	68c0      	ldr	r0, [r0, #12]
10005b12:	4617      	mov	r7, r2
10005b14:	460e      	mov	r6, r1
10005b16:	461d      	mov	r5, r3
10005b18:	b118      	cbz	r0, 10005b22 <tu_fifo_config+0x22>
10005b1a:	f04f 31ff 	mov.w	r1, #4294967295
10005b1e:	f000 fb2f 	bl	10006180 <__mutex_enter_timeout_ms_veneer>
10005b22:	6920      	ldr	r0, [r4, #16]
10005b24:	b118      	cbz	r0, 10005b2e <tu_fifo_config+0x2e>
10005b26:	f04f 31ff 	mov.w	r1, #4294967295
10005b2a:	f000 fb29 	bl	10006180 <__mutex_enter_timeout_ms_veneer>
10005b2e:	2200      	movs	r2, #0
10005b30:	f3c5 030e 	ubfx	r3, r5, #0, #15
10005b34:	68e0      	ldr	r0, [r4, #12]
10005b36:	ea43 33c8 	orr.w	r3, r3, r8, lsl #15
10005b3a:	8162      	strh	r2, [r4, #10]
10005b3c:	6026      	str	r6, [r4, #0]
10005b3e:	80a7      	strh	r7, [r4, #4]
10005b40:	80e3      	strh	r3, [r4, #6]
10005b42:	8122      	strh	r2, [r4, #8]
10005b44:	b108      	cbz	r0, 10005b4a <tu_fifo_config+0x4a>
10005b46:	f000 fb2b 	bl	100061a0 <__mutex_exit_veneer>
10005b4a:	6920      	ldr	r0, [r4, #16]
10005b4c:	b108      	cbz	r0, 10005b52 <tu_fifo_config+0x52>
10005b4e:	f000 fb27 	bl	100061a0 <__mutex_exit_veneer>
10005b52:	2001      	movs	r0, #1
10005b54:	e8bd 81f0 	ldmia.w	sp!, {r4, r5, r6, r7, r8, pc}
10005b58:	2000      	movs	r0, #0
10005b5a:	e8bd 81f0 	ldmia.w	sp!, {r4, r5, r6, r7, r8, pc}
10005b5e:	bf00      	nop

10005b60 <tu_fifo_count>:
10005b60:	8903      	ldrh	r3, [r0, #8]
10005b62:	8942      	ldrh	r2, [r0, #10]
10005b64:	b29b      	uxth	r3, r3
10005b66:	b292      	uxth	r2, r2
10005b68:	8880      	ldrh	r0, [r0, #4]
10005b6a:	4293      	cmp	r3, r2
10005b6c:	bf36      	itet	cc
10005b6e:	ebc2 0240 	rsbcc	r2, r2, r0, lsl #1
10005b72:	1a9b      	subcs	r3, r3, r2
10005b74:	189b      	addcc	r3, r3, r2
10005b76:	b29b      	uxth	r3, r3
10005b78:	4298      	cmp	r0, r3
10005b7a:	bf28      	it	cs
10005b7c:	4618      	movcs	r0, r3
10005b7e:	4770      	bx	lr

10005b80 <tu_fifo_empty>:
10005b80:	8902      	ldrh	r2, [r0, #8]
10005b82:	8943      	ldrh	r3, [r0, #10]
10005b84:	b290      	uxth	r0, r2
10005b86:	b29b      	uxth	r3, r3
10005b88:	1ac0      	subs	r0, r0, r3
10005b8a:	fab0 f080 	clz	r0, r0
10005b8e:	0940      	lsrs	r0, r0, #5
10005b90:	4770      	bx	lr
10005b92:	bf00      	nop

10005b94 <tu_fifo_remaining>:
10005b94:	8903      	ldrh	r3, [r0, #8]
10005b96:	8942      	ldrh	r2, [r0, #10]
10005b98:	b29b      	uxth	r3, r3
10005b9a:	8880      	ldrh	r0, [r0, #4]
10005b9c:	b292      	uxth	r2, r2
10005b9e:	4293      	cmp	r3, r2
10005ba0:	bf36      	itet	cc
10005ba2:	ebc2 0240 	rsbcc	r2, r2, r0, lsl #1
10005ba6:	1a9b      	subcs	r3, r3, r2
10005ba8:	189b      	addcc	r3, r3, r2
10005baa:	b29b      	uxth	r3, r3
10005bac:	4298      	cmp	r0, r3
10005bae:	bf86      	itte	hi
10005bb0:	1ac0      	subhi	r0, r0, r3
10005bb2:	b280      	uxthhi	r0, r0
10005bb4:	2000      	movls	r0, #0
10005bb6:	4770      	bx	lr

10005bb8 <tu_fifo_read>:
10005bb8:	b538      	push	{r3, r4, r5, lr}
10005bba:	4604      	mov	r4, r0
10005bbc:	6900      	ldr	r0, [r0, #16]
10005bbe:	460d      	mov	r5, r1
10005bc0:	b118      	cbz	r0, 10005bca <tu_fifo_read+0x12>
10005bc2:	f04f 31ff 	mov.w	r1, #4294967295
10005bc6:	f000 fadb 	bl	10006180 <__mutex_enter_timeout_ms_veneer>
10005bca:	8921      	ldrh	r1, [r4, #8]
10005bcc:	8963      	ldrh	r3, [r4, #10]
10005bce:	b289      	uxth	r1, r1
10005bd0:	b29b      	uxth	r3, r3
10005bd2:	88a2      	ldrh	r2, [r4, #4]
10005bd4:	4299      	cmp	r1, r3
10005bd6:	bf36      	itet	cc
10005bd8:	ebc3 0042 	rsbcc	r0, r3, r2, lsl #1
10005bdc:	1ac8      	subcs	r0, r1, r3
10005bde:	1840      	addcc	r0, r0, r1
10005be0:	b280      	uxth	r0, r0
10005be2:	b350      	cbz	r0, 10005c3a <tu_fifo_read+0x82>
10005be4:	4282      	cmp	r2, r0
10005be6:	d209      	bcs.n	10005bfc <tu_fifo_read+0x44>
10005be8:	4291      	cmp	r1, r2
10005bea:	bf2c      	ite	cs
10005bec:	1a89      	subcs	r1, r1, r2
10005bee:	1889      	addcc	r1, r1, r2
10005bf0:	b28b      	uxth	r3, r1
10005bf2:	429a      	cmp	r2, r3
10005bf4:	8163      	strh	r3, [r4, #10]
10005bf6:	d803      	bhi.n	10005c00 <tu_fifo_read+0x48>
10005bf8:	1a9b      	subs	r3, r3, r2
10005bfa:	b29b      	uxth	r3, r3
10005bfc:	429a      	cmp	r2, r3
10005bfe:	d9fb      	bls.n	10005bf8 <tu_fifo_read+0x40>
10005c00:	88e2      	ldrh	r2, [r4, #6]
10005c02:	6821      	ldr	r1, [r4, #0]
10005c04:	f3c2 020e 	ubfx	r2, r2, #0, #15
10005c08:	fb02 1103 	mla	r1, r2, r3, r1
10005c0c:	4628      	mov	r0, r5
10005c0e:	f000 fa11 	bl	10006034 <memcpy>
10005c12:	8961      	ldrh	r1, [r4, #10]
10005c14:	2501      	movs	r5, #1
10005c16:	b289      	uxth	r1, r1
10005c18:	1c4b      	adds	r3, r1, #1
10005c1a:	b29b      	uxth	r3, r3
10005c1c:	4299      	cmp	r1, r3
10005c1e:	88a2      	ldrh	r2, [r4, #4]
10005c20:	d90e      	bls.n	10005c40 <tu_fifo_read+0x88>
10005c22:	2300      	movs	r3, #0
10005c24:	fa02 f105 	lsl.w	r1, r2, r5
10005c28:	1a5b      	subs	r3, r3, r1
10005c2a:	b29b      	uxth	r3, r3
10005c2c:	6920      	ldr	r0, [r4, #16]
10005c2e:	8163      	strh	r3, [r4, #10]
10005c30:	b108      	cbz	r0, 10005c36 <tu_fifo_read+0x7e>
10005c32:	f000 fab5 	bl	100061a0 <__mutex_exit_veneer>
10005c36:	4628      	mov	r0, r5
10005c38:	bd38      	pop	{r3, r4, r5, pc}
10005c3a:	4605      	mov	r5, r0
10005c3c:	8963      	ldrh	r3, [r4, #10]
10005c3e:	b29b      	uxth	r3, r3
10005c40:	ebb3 0f42 	cmp.w	r3, r2, lsl #1
10005c44:	ea4f 0142 	mov.w	r1, r2, lsl #1
10005c48:	dbf0      	blt.n	10005c2c <tu_fifo_read+0x74>
10005c4a:	e7ed      	b.n	10005c28 <tu_fifo_read+0x70>

10005c4c <tu_fifo_read_n>:
10005c4c:	e92d 47f0 	stmdb	sp!, {r4, r5, r6, r7, r8, r9, sl, lr}
10005c50:	4606      	mov	r6, r0
10005c52:	6900      	ldr	r0, [r0, #16]
10005c54:	4688      	mov	r8, r1
10005c56:	4691      	mov	r9, r2
10005c58:	b118      	cbz	r0, 10005c62 <tu_fifo_read_n+0x16>
10005c5a:	f04f 31ff 	mov.w	r1, #4294967295
10005c5e:	f000 fa8f 	bl	10006180 <__mutex_enter_timeout_ms_veneer>
10005c62:	8933      	ldrh	r3, [r6, #8]
10005c64:	8974      	ldrh	r4, [r6, #10]
10005c66:	b29b      	uxth	r3, r3
10005c68:	b2a4      	uxth	r4, r4
10005c6a:	88b5      	ldrh	r5, [r6, #4]
10005c6c:	42a3      	cmp	r3, r4
10005c6e:	bf36      	itet	cc
10005c70:	ebc4 0745 	rsbcc	r7, r4, r5, lsl #1
10005c74:	1b1f      	subcs	r7, r3, r4
10005c76:	18ff      	addcc	r7, r7, r3
10005c78:	b2bf      	uxth	r7, r7
10005c7a:	2f00      	cmp	r7, #0
10005c7c:	d04a      	beq.n	10005d14 <tu_fifo_read_n+0xc8>
10005c7e:	42bd      	cmp	r5, r7
10005c80:	d340      	bcc.n	10005d04 <tu_fifo_read_n+0xb8>
10005c82:	45b9      	cmp	r9, r7
10005c84:	bf28      	it	cs
10005c86:	46b9      	movcs	r9, r7
10005c88:	42a5      	cmp	r5, r4
10005c8a:	fa1f f789 	uxth.w	r7, r9
10005c8e:	d803      	bhi.n	10005c98 <tu_fifo_read_n+0x4c>
10005c90:	1b64      	subs	r4, r4, r5
10005c92:	b2a4      	uxth	r4, r4
10005c94:	42a5      	cmp	r5, r4
10005c96:	d9fb      	bls.n	10005c90 <tu_fifo_read_n+0x44>
10005c98:	f8b6 a006 	ldrh.w	sl, [r6, #6]
10005c9c:	1b2b      	subs	r3, r5, r4
10005c9e:	6831      	ldr	r1, [r6, #0]
10005ca0:	b29b      	uxth	r3, r3
10005ca2:	f3ca 020e 	ubfx	r2, sl, #0, #15
10005ca6:	429f      	cmp	r7, r3
10005ca8:	4692      	mov	sl, r2
10005caa:	fb02 1104 	mla	r1, r2, r4, r1
10005cae:	d923      	bls.n	10005cf8 <tu_fifo_read_n+0xac>
10005cb0:	fb13 f302 	smulbb	r3, r3, r2
10005cb4:	fa1f f983 	uxth.w	r9, r3
10005cb8:	464a      	mov	r2, r9
10005cba:	4640      	mov	r0, r8
10005cbc:	1b7d      	subs	r5, r7, r5
10005cbe:	f000 f9b9 	bl	10006034 <memcpy>
10005cc2:	1962      	adds	r2, r4, r5
10005cc4:	fb12 f20a 	smulbb	r2, r2, sl
10005cc8:	6831      	ldr	r1, [r6, #0]
10005cca:	eb08 0009 	add.w	r0, r8, r9
10005cce:	b292      	uxth	r2, r2
10005cd0:	f000 f9b0 	bl	10006034 <memcpy>
10005cd4:	8972      	ldrh	r2, [r6, #10]
10005cd6:	88b5      	ldrh	r5, [r6, #4]
10005cd8:	b292      	uxth	r2, r2
10005cda:	19d3      	adds	r3, r2, r7
10005cdc:	b29b      	uxth	r3, r3
10005cde:	429a      	cmp	r2, r3
10005ce0:	d91a      	bls.n	10005d18 <tu_fifo_read_n+0xcc>
10005ce2:	006a      	lsls	r2, r5, #1
10005ce4:	1a9b      	subs	r3, r3, r2
10005ce6:	b29b      	uxth	r3, r3
10005ce8:	6930      	ldr	r0, [r6, #16]
10005cea:	8173      	strh	r3, [r6, #10]
10005cec:	b108      	cbz	r0, 10005cf2 <tu_fifo_read_n+0xa6>
10005cee:	f000 fa57 	bl	100061a0 <__mutex_exit_veneer>
10005cf2:	4638      	mov	r0, r7
10005cf4:	e8bd 87f0 	ldmia.w	sp!, {r4, r5, r6, r7, r8, r9, sl, pc}
10005cf8:	4640      	mov	r0, r8
10005cfa:	fb07 f202 	mul.w	r2, r7, r2
10005cfe:	f000 f999 	bl	10006034 <memcpy>
10005d02:	e7e7      	b.n	10005cd4 <tu_fifo_read_n+0x88>
10005d04:	42ab      	cmp	r3, r5
10005d06:	bf2c      	ite	cs
10005d08:	1b5b      	subcs	r3, r3, r5
10005d0a:	195b      	addcc	r3, r3, r5
10005d0c:	b29c      	uxth	r4, r3
10005d0e:	462f      	mov	r7, r5
10005d10:	8174      	strh	r4, [r6, #10]
10005d12:	e7b6      	b.n	10005c82 <tu_fifo_read_n+0x36>
10005d14:	8973      	ldrh	r3, [r6, #10]
10005d16:	b29b      	uxth	r3, r3
10005d18:	ebb3 0f45 	cmp.w	r3, r5, lsl #1
10005d1c:	ea4f 0245 	mov.w	r2, r5, lsl #1
10005d20:	dbe2      	blt.n	10005ce8 <tu_fifo_read_n+0x9c>
10005d22:	e7df      	b.n	10005ce4 <tu_fifo_read_n+0x98>

10005d24 <tu_fifo_write>:
10005d24:	b5f8      	push	{r3, r4, r5, r6, r7, lr}
10005d26:	4604      	mov	r4, r0
10005d28:	68c0      	ldr	r0, [r0, #12]
10005d2a:	460e      	mov	r6, r1
10005d2c:	b118      	cbz	r0, 10005d36 <tu_fifo_write+0x12>
10005d2e:	f04f 31ff 	mov.w	r1, #4294967295
10005d32:	f000 fa25 	bl	10006180 <__mutex_enter_timeout_ms_veneer>
10005d36:	8925      	ldrh	r5, [r4, #8]
10005d38:	8923      	ldrh	r3, [r4, #8]
10005d3a:	8961      	ldrh	r1, [r4, #10]
10005d3c:	b29b      	uxth	r3, r3
10005d3e:	b289      	uxth	r1, r1
10005d40:	88a2      	ldrh	r2, [r4, #4]
10005d42:	428b      	cmp	r3, r1
10005d44:	bf36      	itet	cc
10005d46:	ebc1 0142 	rsbcc	r1, r1, r2, lsl #1
10005d4a:	1a5b      	subcs	r3, r3, r1
10005d4c:	185b      	addcc	r3, r3, r1
10005d4e:	b29b      	uxth	r3, r3
10005d50:	429a      	cmp	r2, r3
10005d52:	b2ad      	uxth	r5, r5
10005d54:	d808      	bhi.n	10005d68 <tu_fifo_write+0x44>
10005d56:	79e7      	ldrb	r7, [r4, #7]
10005d58:	09ff      	lsrs	r7, r7, #7
10005d5a:	d105      	bne.n	10005d68 <tu_fifo_write+0x44>
10005d5c:	68e0      	ldr	r0, [r4, #12]
10005d5e:	b108      	cbz	r0, 10005d64 <tu_fifo_write+0x40>
10005d60:	f000 fa1e 	bl	100061a0 <__mutex_exit_veneer>
10005d64:	4638      	mov	r0, r7
10005d66:	bdf8      	pop	{r3, r4, r5, r6, r7, pc}
10005d68:	4295      	cmp	r5, r2
10005d6a:	bf28      	it	cs
10005d6c:	462b      	movcs	r3, r5
10005d6e:	d318      	bcc.n	10005da2 <tu_fifo_write+0x7e>
10005d70:	1a9b      	subs	r3, r3, r2
10005d72:	b29b      	uxth	r3, r3
10005d74:	4293      	cmp	r3, r2
10005d76:	d2fb      	bcs.n	10005d70 <tu_fifo_write+0x4c>
10005d78:	88e2      	ldrh	r2, [r4, #6]
10005d7a:	6820      	ldr	r0, [r4, #0]
10005d7c:	f3c2 020e 	ubfx	r2, r2, #0, #15
10005d80:	fb02 0003 	mla	r0, r2, r3, r0
10005d84:	4631      	mov	r1, r6
10005d86:	f000 f955 	bl	10006034 <memcpy>
10005d8a:	1c6b      	adds	r3, r5, #1
10005d8c:	b29b      	uxth	r3, r3
10005d8e:	429d      	cmp	r5, r3
10005d90:	88a2      	ldrh	r2, [r4, #4]
10005d92:	d912      	bls.n	10005dba <tu_fifo_write+0x96>
10005d94:	2300      	movs	r3, #0
10005d96:	0051      	lsls	r1, r2, #1
10005d98:	1a5b      	subs	r3, r3, r1
10005d9a:	b29b      	uxth	r3, r3
10005d9c:	2701      	movs	r7, #1
10005d9e:	8123      	strh	r3, [r4, #8]
10005da0:	e7dc      	b.n	10005d5c <tu_fifo_write+0x38>
10005da2:	88e2      	ldrh	r2, [r4, #6]
10005da4:	6820      	ldr	r0, [r4, #0]
10005da6:	f3c2 020e 	ubfx	r2, r2, #0, #15
10005daa:	fb05 0002 	mla	r0, r5, r2, r0
10005dae:	4631      	mov	r1, r6
10005db0:	f000 f940 	bl	10006034 <memcpy>
10005db4:	3501      	adds	r5, #1
10005db6:	88a2      	ldrh	r2, [r4, #4]
10005db8:	b2ab      	uxth	r3, r5
10005dba:	ebb3 0f42 	cmp.w	r3, r2, lsl #1
10005dbe:	ea4f 0142 	mov.w	r1, r2, lsl #1
10005dc2:	dbeb      	blt.n	10005d9c <tu_fifo_write+0x78>
10005dc4:	e7e8      	b.n	10005d98 <tu_fifo_write+0x74>
10005dc6:	bf00      	nop

10005dc8 <tu_fifo_write_n>:
10005dc8:	e92d 4ff0 	stmdb	sp!, {r4, r5, r6, r7, r8, r9, sl, fp, lr}
10005dcc:	4617      	mov	r7, r2
10005dce:	b083      	sub	sp, #12
10005dd0:	2a00      	cmp	r2, #0
10005dd2:	d075      	beq.n	10005ec0 <tu_fifo_write_n+0xf8>
10005dd4:	4606      	mov	r6, r0
10005dd6:	68c0      	ldr	r0, [r0, #12]
10005dd8:	4689      	mov	r9, r1
10005dda:	b118      	cbz	r0, 10005de4 <tu_fifo_write_n+0x1c>
10005ddc:	f04f 31ff 	mov.w	r1, #4294967295
10005de0:	f000 f9ce 	bl	10006180 <__mutex_enter_timeout_ms_veneer>
10005de4:	79f3      	ldrb	r3, [r6, #7]
10005de6:	f8b6 8008 	ldrh.w	r8, [r6, #8]
10005dea:	8972      	ldrh	r2, [r6, #10]
10005dec:	09db      	lsrs	r3, r3, #7
10005dee:	88b5      	ldrh	r5, [r6, #4]
10005df0:	fa1f f888 	uxth.w	r8, r8
10005df4:	b292      	uxth	r2, r2
10005df6:	d13c      	bne.n	10005e72 <tu_fifo_write_n+0xaa>
10005df8:	4590      	cmp	r8, r2
10005dfa:	bf36      	itet	cc
10005dfc:	ebc2 0245 	rsbcc	r2, r2, r5, lsl #1
10005e00:	eba8 0202 	subcs.w	r2, r8, r2
10005e04:	4442      	addcc	r2, r8
10005e06:	b292      	uxth	r2, r2
10005e08:	42aa      	cmp	r2, r5
10005e0a:	d25e      	bcs.n	10005eca <tu_fifo_write_n+0x102>
10005e0c:	1aaa      	subs	r2, r5, r2
10005e0e:	b292      	uxth	r2, r2
10005e10:	42ba      	cmp	r2, r7
10005e12:	bf28      	it	cs
10005e14:	463a      	movcs	r2, r7
10005e16:	f8b6 b006 	ldrh.w	fp, [r6, #6]
10005e1a:	b297      	uxth	r7, r2
10005e1c:	1b7b      	subs	r3, r7, r5
10005e1e:	eb08 0a07 	add.w	sl, r8, r7
10005e22:	f3cb 0b0e 	ubfx	fp, fp, #0, #15
10005e26:	b29b      	uxth	r3, r3
10005e28:	fa1f fa8a 	uxth.w	sl, sl
10005e2c:	45a8      	cmp	r8, r5
10005e2e:	4644      	mov	r4, r8
10005e30:	d303      	bcc.n	10005e3a <tu_fifo_write_n+0x72>
10005e32:	1b64      	subs	r4, r4, r5
10005e34:	b2a4      	uxth	r4, r4
10005e36:	42ac      	cmp	r4, r5
10005e38:	d2fb      	bcs.n	10005e32 <tu_fifo_write_n+0x6a>
10005e3a:	1b2d      	subs	r5, r5, r4
10005e3c:	6830      	ldr	r0, [r6, #0]
10005e3e:	b2ad      	uxth	r5, r5
10005e40:	42bd      	cmp	r5, r7
10005e42:	fb0b 0004 	mla	r0, fp, r4, r0
10005e46:	d357      	bcc.n	10005ef8 <tu_fifo_write_n+0x130>
10005e48:	4649      	mov	r1, r9
10005e4a:	fb0b f207 	mul.w	r2, fp, r7
10005e4e:	f000 f8f1 	bl	10006034 <memcpy>
10005e52:	88b2      	ldrh	r2, [r6, #4]
10005e54:	45d0      	cmp	r8, sl
10005e56:	ea4f 0342 	mov.w	r3, r2, lsl #1
10005e5a:	d802      	bhi.n	10005e62 <tu_fifo_write_n+0x9a>
10005e5c:	ebba 0f42 	cmp.w	sl, r2, lsl #1
10005e60:	db03      	blt.n	10005e6a <tu_fifo_write_n+0xa2>
10005e62:	ebaa 0303 	sub.w	r3, sl, r3
10005e66:	fa1f fa83 	uxth.w	sl, r3
10005e6a:	463d      	mov	r5, r7
10005e6c:	f8a6 a008 	strh.w	sl, [r6, #8]
10005e70:	e02c      	b.n	10005ecc <tu_fifo_write_n+0x104>
10005e72:	f8b6 b006 	ldrh.w	fp, [r6, #6]
10005e76:	42af      	cmp	r7, r5
10005e78:	f3cb 0b0e 	ubfx	fp, fp, #0, #15
10005e7c:	d22f      	bcs.n	10005ede <tu_fifo_write_n+0x116>
10005e7e:	4590      	cmp	r8, r2
10005e80:	bf36      	itet	cc
10005e82:	ebc2 0145 	rsbcc	r1, r2, r5, lsl #1
10005e86:	eba8 0102 	subcs.w	r1, r8, r2
10005e8a:	4441      	addcc	r1, r8
10005e8c:	b289      	uxth	r1, r1
10005e8e:	0068      	lsls	r0, r5, #1
10005e90:	4439      	add	r1, r7
10005e92:	1b7b      	subs	r3, r7, r5
10005e94:	4281      	cmp	r1, r0
10005e96:	b29b      	uxth	r3, r3
10005e98:	db0d      	blt.n	10005eb6 <tu_fifo_write_n+0xee>
10005e9a:	eb02 0a05 	add.w	sl, r2, r5
10005e9e:	fa1f fa8a 	uxth.w	sl, sl
10005ea2:	ebaa 0807 	sub.w	r8, sl, r7
10005ea6:	fa1f f888 	uxth.w	r8, r8
10005eaa:	4542      	cmp	r2, r8
10005eac:	d937      	bls.n	10005f1e <tu_fifo_write_n+0x156>
10005eae:	eba8 0000 	sub.w	r0, r8, r0
10005eb2:	fa1f f880 	uxth.w	r8, r0
10005eb6:	eb07 0a08 	add.w	sl, r7, r8
10005eba:	fa1f fa8a 	uxth.w	sl, sl
10005ebe:	e7b5      	b.n	10005e2c <tu_fifo_write_n+0x64>
10005ec0:	4615      	mov	r5, r2
10005ec2:	4628      	mov	r0, r5
10005ec4:	b003      	add	sp, #12
10005ec6:	e8bd 8ff0 	ldmia.w	sp!, {r4, r5, r6, r7, r8, r9, sl, fp, pc}
10005eca:	2500      	movs	r5, #0
10005ecc:	68f0      	ldr	r0, [r6, #12]
10005ece:	2800      	cmp	r0, #0
10005ed0:	d0f7      	beq.n	10005ec2 <tu_fifo_write_n+0xfa>
10005ed2:	f000 f965 	bl	100061a0 <__mutex_exit_veneer>
10005ed6:	4628      	mov	r0, r5
10005ed8:	b003      	add	sp, #12
10005eda:	e8bd 8ff0 	ldmia.w	sp!, {r4, r5, r6, r7, r8, r9, sl, fp, pc}
10005ede:	2d00      	cmp	r5, #0
10005ee0:	d0f4      	beq.n	10005ecc <tu_fifo_write_n+0x104>
10005ee2:	1b7f      	subs	r7, r7, r5
10005ee4:	eb02 0a05 	add.w	sl, r2, r5
10005ee8:	fb0b 9907 	mla	r9, fp, r7, r9
10005eec:	4690      	mov	r8, r2
10005eee:	462f      	mov	r7, r5
10005ef0:	2300      	movs	r3, #0
10005ef2:	fa1f fa8a 	uxth.w	sl, sl
10005ef6:	e799      	b.n	10005e2c <tu_fifo_write_n+0x64>
10005ef8:	fb15 f50b 	smulbb	r5, r5, fp
10005efc:	b2ad      	uxth	r5, r5
10005efe:	462a      	mov	r2, r5
10005f00:	4649      	mov	r1, r9
10005f02:	9301      	str	r3, [sp, #4]
10005f04:	f000 f896 	bl	10006034 <memcpy>
10005f08:	9b01      	ldr	r3, [sp, #4]
10005f0a:	6830      	ldr	r0, [r6, #0]
10005f0c:	18e2      	adds	r2, r4, r3
10005f0e:	fb12 f20b 	smulbb	r2, r2, fp
10005f12:	eb09 0105 	add.w	r1, r9, r5
10005f16:	b292      	uxth	r2, r2
10005f18:	f000 f88c 	bl	10006034 <memcpy>
10005f1c:	e799      	b.n	10005e52 <tu_fifo_write_n+0x8a>
10005f1e:	4540      	cmp	r0, r8
10005f20:	dc84      	bgt.n	10005e2c <tu_fifo_write_n+0x64>
10005f22:	e7c4      	b.n	10005eae <tu_fifo_write_n+0xe6>

10005f24 <tu_fifo_clear>:
10005f24:	b510      	push	{r4, lr}
10005f26:	4604      	mov	r4, r0
10005f28:	68c0      	ldr	r0, [r0, #12]
10005f2a:	b118      	cbz	r0, 10005f34 <tu_fifo_clear+0x10>
10005f2c:	f04f 31ff 	mov.w	r1, #4294967295
10005f30:	f000 f926 	bl	10006180 <__mutex_enter_timeout_ms_veneer>
10005f34:	6920      	ldr	r0, [r4, #16]
10005f36:	b118      	cbz	r0, 10005f40 <tu_fifo_clear+0x1c>
10005f38:	f04f 31ff 	mov.w	r1, #4294967295
10005f3c:	f000 f920 	bl	10006180 <__mutex_enter_timeout_ms_veneer>
10005f40:	2300      	movs	r3, #0
10005f42:	68e0      	ldr	r0, [r4, #12]
10005f44:	8163      	strh	r3, [r4, #10]
10005f46:	8123      	strh	r3, [r4, #8]
10005f48:	b108      	cbz	r0, 10005f4e <tu_fifo_clear+0x2a>
10005f4a:	f000 f929 	bl	100061a0 <__mutex_exit_veneer>
10005f4e:	6920      	ldr	r0, [r4, #16]
10005f50:	b108      	cbz	r0, 10005f56 <tu_fifo_clear+0x32>
10005f52:	f000 f925 	bl	100061a0 <__mutex_exit_veneer>
10005f56:	2001      	movs	r0, #1
10005f58:	bd10      	pop	{r4, pc}
10005f5a:	bf00      	nop

10005f5c <tu_fifo_set_overwritable>:
10005f5c:	b538      	push	{r3, r4, r5, lr}
10005f5e:	4604      	mov	r4, r0
10005f60:	68c0      	ldr	r0, [r0, #12]
10005f62:	460d      	mov	r5, r1
10005f64:	b118      	cbz	r0, 10005f6e <tu_fifo_set_overwritable+0x12>
10005f66:	f04f 31ff 	mov.w	r1, #4294967295
10005f6a:	f000 f909 	bl	10006180 <__mutex_enter_timeout_ms_veneer>
10005f6e:	6920      	ldr	r0, [r4, #16]
10005f70:	b118      	cbz	r0, 10005f7a <tu_fifo_set_overwritable+0x1e>
10005f72:	f04f 31ff 	mov.w	r1, #4294967295
10005f76:	f000 f903 	bl	10006180 <__mutex_enter_timeout_ms_veneer>
10005f7a:	79e3      	ldrb	r3, [r4, #7]
10005f7c:	68e0      	ldr	r0, [r4, #12]
10005f7e:	f365 13c7 	bfi	r3, r5, #7, #1
10005f82:	71e3      	strb	r3, [r4, #7]
10005f84:	b108      	cbz	r0, 10005f8a <tu_fifo_set_overwritable+0x2e>
10005f86:	f000 f90b 	bl	100061a0 <__mutex_exit_veneer>
10005f8a:	6920      	ldr	r0, [r4, #16]
10005f8c:	b108      	cbz	r0, 10005f92 <tu_fifo_set_overwritable+0x36>
10005f8e:	f000 f907 	bl	100061a0 <__mutex_exit_veneer>
10005f92:	2001      	movs	r0, #1
10005f94:	bd38      	pop	{r3, r4, r5, pc}
10005f96:	bf00      	nop

10005f98 <memset>:
10005f98:	0783      	lsls	r3, r0, #30
10005f9a:	b530      	push	{r4, r5, lr}
10005f9c:	d046      	beq.n	1000602c <memset+0x94>
10005f9e:	1884      	adds	r4, r0, r2
10005fa0:	4684      	mov	ip, r0
10005fa2:	e004      	b.n	10005fae <memset+0x16>
10005fa4:	f803 1b01 	strb.w	r1, [r3], #1
10005fa8:	079d      	lsls	r5, r3, #30
10005faa:	d004      	beq.n	10005fb6 <memset+0x1e>
10005fac:	469c      	mov	ip, r3
10005fae:	45a4      	cmp	ip, r4
10005fb0:	4663      	mov	r3, ip
10005fb2:	d1f7      	bne.n	10005fa4 <memset+0xc>
10005fb4:	bd30      	pop	{r4, r5, pc}
10005fb6:	3a01      	subs	r2, #1
10005fb8:	4402      	add	r2, r0
10005fba:	eba2 020c 	sub.w	r2, r2, ip
10005fbe:	2a03      	cmp	r2, #3
10005fc0:	d929      	bls.n	10006016 <memset+0x7e>
10005fc2:	b2cc      	uxtb	r4, r1
10005fc4:	2a0f      	cmp	r2, #15
10005fc6:	eb04 2404 	add.w	r4, r4, r4, lsl #8
10005fca:	eb04 4404 	add.w	r4, r4, r4, lsl #16
10005fce:	d92f      	bls.n	10006030 <memset+0x98>
10005fd0:	f1a2 0c10 	sub.w	ip, r2, #16
10005fd4:	f103 0510 	add.w	r5, r3, #16
10005fd8:	f02c 0c0f 	bic.w	ip, ip, #15
10005fdc:	44ac      	add	ip, r5
10005fde:	e9c3 4400 	strd	r4, r4, [r3]
10005fe2:	e9c3 4402 	strd	r4, r4, [r3, #8]
10005fe6:	3310      	adds	r3, #16
10005fe8:	4563      	cmp	r3, ip
10005fea:	d1f8      	bne.n	10005fde <memset+0x46>
10005fec:	f012 0f0c 	tst.w	r2, #12
10005ff0:	f002 0e0f 	and.w	lr, r2, #15
10005ff4:	d018      	beq.n	10006028 <memset+0x90>
10005ff6:	f02e 0c03 	bic.w	ip, lr, #3
10005ffa:	f1ae 0504 	sub.w	r5, lr, #4
10005ffe:	461a      	mov	r2, r3
10006000:	449c      	add	ip, r3
10006002:	f842 4b04 	str.w	r4, [r2], #4
10006006:	4562      	cmp	r2, ip
10006008:	d1fb      	bne.n	10006002 <memset+0x6a>
1000600a:	f025 0403 	bic.w	r4, r5, #3
1000600e:	3304      	adds	r3, #4
10006010:	f00e 0203 	and.w	r2, lr, #3
10006014:	4423      	add	r3, r4
10006016:	2a00      	cmp	r2, #0
10006018:	d0cc      	beq.n	10005fb4 <memset+0x1c>
1000601a:	b2c9      	uxtb	r1, r1
1000601c:	441a      	add	r2, r3
1000601e:	f803 1b01 	strb.w	r1, [r3], #1
10006022:	4293      	cmp	r3, r2
10006024:	d1fb      	bne.n	1000601e <memset+0x86>
10006026:	bd30      	pop	{r4, r5, pc}
10006028:	4672      	mov	r2, lr
1000602a:	e7f4      	b.n	10006016 <memset+0x7e>
1000602c:	4603      	mov	r3, r0
1000602e:	e7c6      	b.n	10005fbe <memset+0x26>
10006030:	4696      	mov	lr, r2
10006032:	e7e0      	b.n	10005ff6 <memset+0x5e>

10006034 <memcpy>:
10006034:	4684      	mov	ip, r0
10006036:	ea41 0300 	orr.w	r3, r1, r0
1000603a:	f013 0303 	ands.w	r3, r3, #3
1000603e:	d149      	bne.n	100060d4 <memcpy+0xa0>
10006040:	3a40      	subs	r2, #64	@ 0x40
10006042:	d323      	bcc.n	1000608c <memcpy+0x58>
10006044:	680b      	ldr	r3, [r1, #0]
10006046:	6003      	str	r3, [r0, #0]
10006048:	684b      	ldr	r3, [r1, #4]
1000604a:	6043      	str	r3, [r0, #4]
1000604c:	688b      	ldr	r3, [r1, #8]
1000604e:	6083      	str	r3, [r0, #8]
10006050:	68cb      	ldr	r3, [r1, #12]
10006052:	60c3      	str	r3, [r0, #12]
10006054:	690b      	ldr	r3, [r1, #16]
10006056:	6103      	str	r3, [r0, #16]
10006058:	694b      	ldr	r3, [r1, #20]
1000605a:	6143      	str	r3, [r0, #20]
1000605c:	698b      	ldr	r3, [r1, #24]
1000605e:	6183      	str	r3, [r0, #24]
10006060:	69cb      	ldr	r3, [r1, #28]
10006062:	61c3      	str	r3, [r0, #28]
10006064:	6a0b      	ldr	r3, [r1, #32]
10006066:	6203      	str	r3, [r0, #32]
10006068:	6a4b      	ldr	r3, [r1, #36]	@ 0x24
1000606a:	6243      	str	r3, [r0, #36]	@ 0x24
1000606c:	6a8b      	ldr	r3, [r1, #40]	@ 0x28
1000606e:	6283      	str	r3, [r0, #40]	@ 0x28
10006070:	6acb      	ldr	r3, [r1, #44]	@ 0x2c
10006072:	62c3      	str	r3, [r0, #44]	@ 0x2c
10006074:	6b0b      	ldr	r3, [r1, #48]	@ 0x30
10006076:	6303      	str	r3, [r0, #48]	@ 0x30
10006078:	6b4b      	ldr	r3, [r1, #52]	@ 0x34
1000607a:	6343      	str	r3, [r0, #52]	@ 0x34
1000607c:	6b8b      	ldr	r3, [r1, #56]	@ 0x38
1000607e:	6383      	str	r3, [r0, #56]	@ 0x38
10006080:	6bcb      	ldr	r3, [r1, #60]	@ 0x3c
10006082:	63c3      	str	r3, [r0, #60]	@ 0x3c
10006084:	3040      	adds	r0, #64	@ 0x40
10006086:	3140      	adds	r1, #64	@ 0x40
10006088:	3a40      	subs	r2, #64	@ 0x40
1000608a:	d2db      	bcs.n	10006044 <memcpy+0x10>
1000608c:	3230      	adds	r2, #48	@ 0x30
1000608e:	d30b      	bcc.n	100060a8 <memcpy+0x74>
10006090:	680b      	ldr	r3, [r1, #0]
10006092:	6003      	str	r3, [r0, #0]
10006094:	684b      	ldr	r3, [r1, #4]
10006096:	6043      	str	r3, [r0, #4]
10006098:	688b      	ldr	r3, [r1, #8]
1000609a:	6083      	str	r3, [r0, #8]
1000609c:	68cb      	ldr	r3, [r1, #12]
1000609e:	60c3      	str	r3, [r0, #12]
100060a0:	3010      	adds	r0, #16
100060a2:	3110      	adds	r1, #16
100060a4:	3a10      	subs	r2, #16
100060a6:	d2f3      	bcs.n	10006090 <memcpy+0x5c>
100060a8:	320c      	adds	r2, #12
100060aa:	d305      	bcc.n	100060b8 <memcpy+0x84>
100060ac:	f851 3b04 	ldr.w	r3, [r1], #4
100060b0:	f840 3b04 	str.w	r3, [r0], #4
100060b4:	3a04      	subs	r2, #4
100060b6:	d2f9      	bcs.n	100060ac <memcpy+0x78>
100060b8:	3204      	adds	r2, #4
100060ba:	d008      	beq.n	100060ce <memcpy+0x9a>
100060bc:	07d2      	lsls	r2, r2, #31
100060be:	bf1c      	itt	ne
100060c0:	f811 3b01 	ldrbne.w	r3, [r1], #1
100060c4:	f800 3b01 	strbne.w	r3, [r0], #1
100060c8:	d301      	bcc.n	100060ce <memcpy+0x9a>
100060ca:	880b      	ldrh	r3, [r1, #0]
100060cc:	8003      	strh	r3, [r0, #0]
100060ce:	4660      	mov	r0, ip
100060d0:	4770      	bx	lr
100060d2:	bf00      	nop
100060d4:	2a08      	cmp	r2, #8
100060d6:	d313      	bcc.n	10006100 <memcpy+0xcc>
100060d8:	078b      	lsls	r3, r1, #30
100060da:	d0b1      	beq.n	10006040 <memcpy+0xc>
100060dc:	f010 0303 	ands.w	r3, r0, #3
100060e0:	d0ae      	beq.n	10006040 <memcpy+0xc>
100060e2:	f1c3 0304 	rsb	r3, r3, #4
100060e6:	1ad2      	subs	r2, r2, r3
100060e8:	07db      	lsls	r3, r3, #31
100060ea:	bf1c      	itt	ne
100060ec:	f811 3b01 	ldrbne.w	r3, [r1], #1
100060f0:	f800 3b01 	strbne.w	r3, [r0], #1
100060f4:	d3a4      	bcc.n	10006040 <memcpy+0xc>
100060f6:	f831 3b02 	ldrh.w	r3, [r1], #2
100060fa:	f820 3b02 	strh.w	r3, [r0], #2
100060fe:	e79f      	b.n	10006040 <memcpy+0xc>
10006100:	3a04      	subs	r2, #4
10006102:	d3d9      	bcc.n	100060b8 <memcpy+0x84>
10006104:	3a01      	subs	r2, #1
10006106:	f811 3b01 	ldrb.w	r3, [r1], #1
1000610a:	f800 3b01 	strb.w	r3, [r0], #1
1000610e:	d2f9      	bcs.n	10006104 <memcpy+0xd0>
10006110:	780b      	ldrb	r3, [r1, #0]
10006112:	7003      	strb	r3, [r0, #0]
10006114:	784b      	ldrb	r3, [r1, #1]
10006116:	7043      	strb	r3, [r0, #1]
10006118:	788b      	ldrb	r3, [r1, #2]
1000611a:	7083      	strb	r3, [r0, #2]
1000611c:	4660      	mov	r0, ip
1000611e:	4770      	bx	lr

10006120 <strlen>:
10006120:	f020 0103 	bic.w	r1, r0, #3
10006124:	f010 0003 	ands.w	r0, r0, #3
10006128:	f1c0 0000 	rsb	r0, r0, #0
1000612c:	f851 3b04 	ldr.w	r3, [r1], #4
10006130:	f100 0c04 	add.w	ip, r0, #4
10006134:	ea4f 0ccc 	mov.w	ip, ip, lsl #3
10006138:	f06f 0200 	mvn.w	r2, #0
1000613c:	bf1c      	itt	ne
1000613e:	fa22 f20c 	lsrne.w	r2, r2, ip
10006142:	4313      	orrne	r3, r2
10006144:	f04f 0c01 	mov.w	ip, #1
10006148:	ea4c 2c0c 	orr.w	ip, ip, ip, lsl #8
1000614c:	ea4c 4c0c 	orr.w	ip, ip, ip, lsl #16
10006150:	eba3 020c 	sub.w	r2, r3, ip
10006154:	ea22 0203 	bic.w	r2, r2, r3
10006158:	ea12 12cc 	ands.w	r2, r2, ip, lsl #7
1000615c:	bf04      	itt	eq
1000615e:	f851 3b04 	ldreq.w	r3, [r1], #4
10006162:	3004      	addeq	r0, #4
10006164:	d0f4      	beq.n	10006150 <strlen+0x30>
10006166:	f1c2 0100 	rsb	r1, r2, #0
1000616a:	ea02 0201 	and.w	r2, r2, r1
1000616e:	fab2 f282 	clz	r2, r2
10006172:	f1c2 021f 	rsb	r2, r2, #31
10006176:	eb00 00d2 	add.w	r0, r0, r2, lsr #3
1000617a:	4770      	bx	lr

1000617c <_fini>:
1000617c:	b5f8      	push	{r3, r4, r5, r6, r7, lr}
1000617e:	bf00      	nop

10006180 <__mutex_enter_timeout_ms_veneer>:
10006180:	f85f f000 	ldr.w	pc, [pc]	@ 10006184 <__mutex_enter_timeout_ms_veneer+0x4>
10006184:	20000235 	.word	0x20000235

10006188 <__e15_is_bulkin_ep_veneer>:
10006188:	f85f f000 	ldr.w	pc, [pc]	@ 1000618c <__e15_is_bulkin_ep_veneer+0x4>
1000618c:	20000a6d 	.word	0x20000a6d

10006190 <__hw_endpoint_start_next_buffer_veneer>:
10006190:	f85f f000 	ldr.w	pc, [pc]	@ 10006194 <__hw_endpoint_start_next_buffer_veneer+0x4>
10006194:	20000b0d 	.word	0x20000b0d

10006198 <____aeabi_uldivmod_veneer>:
10006198:	f85f f000 	ldr.w	pc, [pc]	@ 1000619c <____aeabi_uldivmod_veneer+0x4>
1000619c:	20000dd1 	.word	0x20000dd1

100061a0 <__mutex_exit_veneer>:
100061a0:	f85f f000 	ldr.w	pc, [pc]	@ 100061a4 <__mutex_exit_veneer+0x4>
100061a4:	2000026d 	.word	0x2000026d

100061a8 <___hw_endpoint_buffer_control_update32_veneer>:
100061a8:	f85f f000 	ldr.w	pc, [pc]	@ 100061ac <___hw_endpoint_buffer_control_update32_veneer+0x4>
100061ac:	20000ac9 	.word	0x20000ac9

100061b0 <__mutex_try_enter_block_until_veneer>:
100061b0:	f85f f000 	ldr.w	pc, [pc]	@ 100061b4 <__mutex_try_enter_block_until_veneer+0x4>
100061b4:	200001cd 	.word	0x200001cd

100061b8 <__reset_non_control_endpoints_veneer>:
100061b8:	f85f f000 	ldr.w	pc, [pc]	@ 100061bc <__reset_non_control_endpoints_veneer+0x4>
100061bc:	200002a9 	.word	0x200002a9

100061c0 <__mutex_try_enter_veneer>:
100061c0:	f85f f000 	ldr.w	pc, [pc]	@ 100061c4 <__mutex_try_enter_veneer+0x4>
100061c4:	20000111 	.word	0x20000111

100061c8 <__e15_is_critical_frame_period_veneer>:
100061c8:	f85f f000 	ldr.w	pc, [pc]	@ 100061cc <__e15_is_critical_frame_period_veneer+0x4>
100061cc:	20000a95 	.word	0x20000a95

100061d0 <__pre_init_runtime_init_bootrom_reset>:
100061d0:	10001979                                y...

100061d4 <__pre_init_runtime_init_early_resets>:
100061d4:	100018ed                                ....

100061d8 <__pre_init_runtime_init_usb_power_down>:
100061d8:	10001921                                !...

100061dc <__pre_init_runtime_init_clocks>:
100061dc:	10001a0d                                ....

100061e0 <__pre_init_runtime_init_post_clock_resets>:
100061e0:	10001959                                Y...

100061e4 <__pre_init_runtime_init_boot_locks_reset>:
100061e4:	10001871                                q...

100061e8 <__pre_init_runtime_init_spin_locks_reset>:
100061e8:	100019a1                                ....

100061ec <__pre_init_runtime_init_bootrom_locking_enable>:
100061ec:	1000185d                                ]...

100061f0 <__pre_init_runtime_init_mutex>:
100061f0:	10000cd1                                ....

100061f4 <__pre_init_runtime_init_install_ram_vector_table>:
100061f4:	100019a5                                ....

100061f8 <__pre_init_runtime_init_default_alarm_pool>:
100061f8:	10001091                                ....

100061fc <__pre_init_first_per_core_initializer>:
100061fc:	100018bd                                ....

10006200 <__pre_init_runtime_init_per_core_bootrom_reset>:
10006200:	1000198d                                ....

10006204 <__pre_init_runtime_init_per_core_enable_coprocessors>:
10006204:	1000193d                                =...

10006208 <__pre_init_spinlock_set_extexclall>:
10006208:	100008ad                                ....

1000620c <__pre_init_runtime_init_per_core_irq_priorities>:
1000620c:	100008d5                                ....

10006210 <__init_array_start>:
10006210:	10003e2d 	.word	0x10003e2d

10006214 <__frame_dummy_init_array_entry>:
10006214:	10000211                                ....

Disassembly of section .data:

20000110 <mutex_try_enter>:
20000110:	4603      	mov	r3, r0
20000112:	b500      	push	{lr}
20000114:	6802      	ldr	r2, [r0, #0]
20000116:	f3ef 8c10 	mrs	ip, PRIMASK
2000011a:	b672      	cpsid	i
2000011c:	e8d2 efcf 	ldaexb	lr, [r2]
20000120:	2001      	movs	r0, #1
20000122:	f1be 0f00 	cmp.w	lr, #0
20000126:	d1f9      	bne.n	2000011c <mutex_try_enter+0xc>
20000128:	e8c2 0f4e 	strexb	lr, r0, [r2]
2000012c:	f1be 0f00 	cmp.w	lr, #0
20000130:	d1f4      	bne.n	2000011c <mutex_try_enter+0xc>
20000132:	f3bf 8f5f 	dmb	sy
20000136:	f993 2004 	ldrsb.w	r2, [r3, #4]
2000013a:	2a00      	cmp	r2, #0
2000013c:	db0a      	blt.n	20000154 <mutex_try_enter+0x44>
2000013e:	b101      	cbz	r1, 20000142 <mutex_try_enter+0x32>
20000140:	600a      	str	r2, [r1, #0]
20000142:	2000      	movs	r0, #0
20000144:	2200      	movs	r2, #0
20000146:	681b      	ldr	r3, [r3, #0]
20000148:	e8c3 2f8f 	stlb	r2, [r3]
2000014c:	f38c 8810 	msr	PRIMASK, ip
20000150:	f85d fb04 	ldr.w	pc, [sp], #4
20000154:	f04f 4250 	mov.w	r2, #3489660928	@ 0xd0000000
20000158:	6812      	ldr	r2, [r2, #0]
2000015a:	2001      	movs	r0, #1
2000015c:	711a      	strb	r2, [r3, #4]
2000015e:	e7f1      	b.n	20000144 <mutex_try_enter+0x34>

20000160 <mutex_enter_block_until>:
20000160:	f04f 4150 	mov.w	r1, #3489660928	@ 0xd0000000
20000164:	e92d 41f0 	stmdb	sp!, {r4, r5, r6, r7, r8, lr}
20000168:	2700      	movs	r7, #0
2000016a:	4604      	mov	r4, r0
2000016c:	4616      	mov	r6, r2
2000016e:	461d      	mov	r5, r3
20000170:	f8d1 8000 	ldr.w	r8, [r1]
20000174:	e008      	b.n	20000188 <mutex_enter_block_until+0x28>
20000176:	e8c1 7f8f 	stlb	r7, [r1]
2000017a:	f38c 8810 	msr	PRIMASK, ip
2000017e:	4630      	mov	r0, r6
20000180:	4629      	mov	r1, r5
20000182:	f000 fff1 	bl	20001168 <__best_effort_wfe_or_timeout_veneer>
20000186:	b9e8      	cbnz	r0, 200001c4 <mutex_enter_block_until+0x64>
20000188:	6821      	ldr	r1, [r4, #0]
2000018a:	f3ef 8c10 	mrs	ip, PRIMASK
2000018e:	b672      	cpsid	i
20000190:	e8d1 2fcf 	ldaexb	r2, [r1]
20000194:	2301      	movs	r3, #1
20000196:	2a00      	cmp	r2, #0
20000198:	d1fa      	bne.n	20000190 <mutex_enter_block_until+0x30>
2000019a:	e8c1 3f42 	strexb	r2, r3, [r1]
2000019e:	2a00      	cmp	r2, #0
200001a0:	d1f6      	bne.n	20000190 <mutex_enter_block_until+0x30>
200001a2:	f3bf 8f5f 	dmb	sy
200001a6:	f994 3004 	ldrsb.w	r3, [r4, #4]
200001aa:	6821      	ldr	r1, [r4, #0]
200001ac:	2b00      	cmp	r3, #0
200001ae:	dae2      	bge.n	20000176 <mutex_enter_block_until+0x16>
200001b0:	2300      	movs	r3, #0
200001b2:	f884 8004 	strb.w	r8, [r4, #4]
200001b6:	e8c1 3f8f 	stlb	r3, [r1]
200001ba:	f38c 8810 	msr	PRIMASK, ip
200001be:	2001      	movs	r0, #1
200001c0:	e8bd 81f0 	ldmia.w	sp!, {r4, r5, r6, r7, r8, pc}
200001c4:	2000      	movs	r0, #0
200001c6:	e8bd 81f0 	ldmia.w	sp!, {r4, r5, r6, r7, r8, pc}
200001ca:	bf00      	nop

200001cc <mutex_try_enter_block_until>:
200001cc:	b530      	push	{r4, r5, lr}
200001ce:	6804      	ldr	r4, [r0, #0]
200001d0:	f3ef 8c10 	mrs	ip, PRIMASK
200001d4:	b672      	cpsid	i
200001d6:	e8d4 efcf 	ldaexb	lr, [r4]
200001da:	2501      	movs	r5, #1
200001dc:	f1be 0f00 	cmp.w	lr, #0
200001e0:	d1f9      	bne.n	200001d6 <mutex_try_enter_block_until+0xa>
200001e2:	e8c4 5f4e 	strexb	lr, r5, [r4]
200001e6:	f1be 0f00 	cmp.w	lr, #0
200001ea:	d1f4      	bne.n	200001d6 <mutex_try_enter_block_until+0xa>
200001ec:	f3bf 8f5f 	dmb	sy
200001f0:	f990 4004 	ldrsb.w	r4, [r0, #4]
200001f4:	6805      	ldr	r5, [r0, #0]
200001f6:	2c00      	cmp	r4, #0
200001f8:	db10      	blt.n	2000021c <mutex_try_enter_block_until+0x50>
200001fa:	2100      	movs	r1, #0
200001fc:	e8c5 1f8f 	stlb	r1, [r5]
20000200:	f38c 8810 	msr	PRIMASK, ip
20000204:	f04f 4550 	mov.w	r5, #3489660928	@ 0xd0000000
20000208:	f995 5000 	ldrsb.w	r5, [r5]
2000020c:	42a5      	cmp	r5, r4
2000020e:	d101      	bne.n	20000214 <mutex_try_enter_block_until+0x48>
20000210:	4608      	mov	r0, r1
20000212:	bd30      	pop	{r4, r5, pc}
20000214:	e8bd 4030 	ldmia.w	sp!, {r4, r5, lr}
20000218:	f7ff bfa2 	b.w	20000160 <mutex_enter_block_until>
2000021c:	f04f 4250 	mov.w	r2, #3489660928	@ 0xd0000000
20000220:	6812      	ldr	r2, [r2, #0]
20000222:	2300      	movs	r3, #0
20000224:	7102      	strb	r2, [r0, #4]
20000226:	e8c5 3f8f 	stlb	r3, [r5]
2000022a:	f38c 8810 	msr	PRIMASK, ip
2000022e:	2001      	movs	r0, #1
20000230:	bd30      	pop	{r4, r5, pc}
20000232:	bf00      	nop

20000234 <mutex_enter_timeout_ms>:
20000234:	b570      	push	{r4, r5, r6, lr}
20000236:	4605      	mov	r5, r0
20000238:	460c      	mov	r4, r1
2000023a:	f000 ff89 	bl	20001150 <__time_us_64_veneer>
2000023e:	4602      	mov	r2, r0
20000240:	460b      	mov	r3, r1
20000242:	f44f 707a 	mov.w	r0, #1000	@ 0x3e8
20000246:	f04f 3eff 	mov.w	lr, #4294967295
2000024a:	f06f 4c00 	mvn.w	ip, #2147483648	@ 0x80000000
2000024e:	fbe4 2300 	umlal	r2, r3, r4, r0
20000252:	4596      	cmp	lr, r2
20000254:	eb7c 0103 	sbcs.w	r1, ip, r3
20000258:	bf38      	it	cc
2000025a:	4672      	movcc	r2, lr
2000025c:	4628      	mov	r0, r5
2000025e:	e8bd 4070 	ldmia.w	sp!, {r4, r5, r6, lr}
20000262:	bf38      	it	cc
20000264:	4663      	movcc	r3, ip
20000266:	f7ff bf7b 	b.w	20000160 <mutex_enter_block_until>
2000026a:	bf00      	nop

2000026c <mutex_exit>:
2000026c:	6803      	ldr	r3, [r0, #0]
2000026e:	f3ef 8210 	mrs	r2, PRIMASK
20000272:	b672      	cpsid	i
20000274:	e8d3 cfcf 	ldaexb	ip, [r3]
20000278:	2101      	movs	r1, #1
2000027a:	f1bc 0f00 	cmp.w	ip, #0
2000027e:	d1f9      	bne.n	20000274 <mutex_exit+0x8>
20000280:	e8c3 1f4c 	strexb	ip, r1, [r3]
20000284:	f1bc 0f00 	cmp.w	ip, #0
20000288:	d1f4      	bne.n	20000274 <mutex_exit+0x8>
2000028a:	f3bf 8f5f 	dmb	sy
2000028e:	f04f 0cff 	mov.w	ip, #255	@ 0xff
20000292:	2300      	movs	r3, #0
20000294:	6801      	ldr	r1, [r0, #0]
20000296:	f880 c004 	strb.w	ip, [r0, #4]
2000029a:	e8c1 3f8f 	stlb	r3, [r1]
2000029e:	f382 8810 	msr	PRIMASK, r2
200002a2:	bf40      	sev
200002a4:	4770      	bx	lr
200002a6:	bf00      	nop

200002a8 <reset_non_control_endpoints>:
200002a8:	2100      	movs	r1, #0
200002aa:	b508      	push	{r3, lr}
200002ac:	4b13      	ldr	r3, [pc, #76]	@ (200002fc <reset_non_control_endpoints+0x54>)
200002ae:	f44f 7270 	mov.w	r2, #960	@ 0x3c0
200002b2:	6099      	str	r1, [r3, #8]
200002b4:	4812      	ldr	r0, [pc, #72]	@ (20000300 <reset_non_control_endpoints+0x58>)
200002b6:	60d9      	str	r1, [r3, #12]
200002b8:	6119      	str	r1, [r3, #16]
200002ba:	6159      	str	r1, [r3, #20]
200002bc:	6199      	str	r1, [r3, #24]
200002be:	61d9      	str	r1, [r3, #28]
200002c0:	6219      	str	r1, [r3, #32]
200002c2:	6259      	str	r1, [r3, #36]	@ 0x24
200002c4:	6299      	str	r1, [r3, #40]	@ 0x28
200002c6:	62d9      	str	r1, [r3, #44]	@ 0x2c
200002c8:	6319      	str	r1, [r3, #48]	@ 0x30
200002ca:	6359      	str	r1, [r3, #52]	@ 0x34
200002cc:	6399      	str	r1, [r3, #56]	@ 0x38
200002ce:	63d9      	str	r1, [r3, #60]	@ 0x3c
200002d0:	6419      	str	r1, [r3, #64]	@ 0x40
200002d2:	6459      	str	r1, [r3, #68]	@ 0x44
200002d4:	6499      	str	r1, [r3, #72]	@ 0x48
200002d6:	64d9      	str	r1, [r3, #76]	@ 0x4c
200002d8:	6519      	str	r1, [r3, #80]	@ 0x50
200002da:	6559      	str	r1, [r3, #84]	@ 0x54
200002dc:	6599      	str	r1, [r3, #88]	@ 0x58
200002de:	65d9      	str	r1, [r3, #92]	@ 0x5c
200002e0:	6619      	str	r1, [r3, #96]	@ 0x60
200002e2:	6659      	str	r1, [r3, #100]	@ 0x64
200002e4:	6699      	str	r1, [r3, #104]	@ 0x68
200002e6:	66d9      	str	r1, [r3, #108]	@ 0x6c
200002e8:	6719      	str	r1, [r3, #112]	@ 0x70
200002ea:	6759      	str	r1, [r3, #116]	@ 0x74
200002ec:	6799      	str	r1, [r3, #120]	@ 0x78
200002ee:	67d9      	str	r1, [r3, #124]	@ 0x7c
200002f0:	f000 ff36 	bl	20001160 <__memset_veneer>
200002f4:	4b03      	ldr	r3, [pc, #12]	@ (20000304 <reset_non_control_endpoints+0x5c>)
200002f6:	4a04      	ldr	r2, [pc, #16]	@ (20000308 <reset_non_control_endpoints+0x60>)
200002f8:	601a      	str	r2, [r3, #0]
200002fa:	bd08      	pop	{r3, pc}
200002fc:	50100000 	.word	0x50100000
20000300:	20001a14 	.word	0x20001a14
20000304:	20001ddc 	.word	0x20001ddc
20000308:	50100180 	.word	0x50100180

2000030c <hw_handle_buff_status>:
2000030c:	e92d 4ff0 	stmdb	sp!, {r4, r5, r6, r7, r8, r9, sl, fp, lr}
20000310:	4b1f      	ldr	r3, [pc, #124]	@ (20000390 <hw_handle_buff_status+0x84>)
20000312:	b085      	sub	sp, #20
20000314:	f8d3 a058 	ldr.w	sl, [r3, #88]	@ 0x58
20000318:	f1ba 0f00 	cmp.w	sl, #0
2000031c:	d022      	beq.n	20000364 <hw_handle_buff_status+0x58>
2000031e:	2400      	movs	r4, #0
20000320:	2501      	movs	r5, #1
20000322:	f44f 69e0 	mov.w	r9, #1792	@ 0x700
20000326:	f8df 8070 	ldr.w	r8, [pc, #112]	@ 20000398 <hw_handle_buff_status+0x8c>
2000032a:	4f1a      	ldr	r7, [pc, #104]	@ (20000394 <hw_handle_buff_status+0x88>)
2000032c:	e001      	b.n	20000332 <hw_handle_buff_status+0x26>
2000032e:	2c20      	cmp	r4, #32
20000330:	d018      	beq.n	20000364 <hw_handle_buff_status+0x58>
20000332:	ea0a 0205 	and.w	r2, sl, r5
20000336:	1c61      	adds	r1, r4, #1
20000338:	4623      	mov	r3, r4
2000033a:	46ab      	mov	fp, r5
2000033c:	b2cc      	uxtb	r4, r1
2000033e:	006d      	lsls	r5, r5, #1
20000340:	2a00      	cmp	r2, #0
20000342:	d0f4      	beq.n	2000032e <hw_handle_buff_status+0x22>
20000344:	f004 0201 	and.w	r2, r4, #1
20000348:	f003 06fe 	and.w	r6, r3, #254	@ 0xfe
2000034c:	4416      	add	r6, r2
2000034e:	eb07 1646 	add.w	r6, r7, r6, lsl #5
20000352:	4630      	mov	r0, r6
20000354:	f8c8 b058 	str.w	fp, [r8, #88]	@ 0x58
20000358:	f000 fc0a 	bl	20000b70 <hw_endpoint_xfer_continue>
2000035c:	b928      	cbnz	r0, 2000036a <hw_handle_buff_status+0x5e>
2000035e:	ea3a 0a0b 	bics.w	sl, sl, fp
20000362:	d1e4      	bne.n	2000032e <hw_handle_buff_status+0x22>
20000364:	b005      	add	sp, #20
20000366:	e8bd 8ff0 	ldmia.w	sp!, {r4, r5, r6, r7, r8, r9, sl, fp, pc}
2000036a:	2300      	movs	r3, #0
2000036c:	f88d 3009 	strb.w	r3, [sp, #9]
20000370:	78b3      	ldrb	r3, [r6, #2]
20000372:	a801      	add	r0, sp, #4
20000374:	f88d 3008 	strb.w	r3, [sp, #8]
20000378:	8af3      	ldrh	r3, [r6, #22]
2000037a:	2101      	movs	r1, #1
2000037c:	f8ad 9004 	strh.w	r9, [sp, #4]
20000380:	9303      	str	r3, [sp, #12]
20000382:	f000 fc13 	bl	20000bac <dcd_event_handler>
20000386:	4630      	mov	r0, r6
20000388:	f000 fb98 	bl	20000abc <hw_endpoint_reset_transfer>
2000038c:	e7e7      	b.n	2000035e <hw_handle_buff_status+0x52>
2000038e:	bf00      	nop
20000390:	50110000 	.word	0x50110000
20000394:	200019d4 	.word	0x200019d4
20000398:	50113000 	.word	0x50113000

2000039c <dcd_rp2040_irq>:
2000039c:	b5f0      	push	{r4, r5, r6, r7, lr}
2000039e:	4bbb      	ldr	r3, [pc, #748]	@ (2000068c <dcd_rp2040_irq+0x2f0>)
200003a0:	b085      	sub	sp, #20
200003a2:	f8d3 5098 	ldr.w	r5, [r3, #152]	@ 0x98
200003a6:	f415 3600 	ands.w	r6, r5, #131072	@ 0x20000
200003aa:	d074      	beq.n	20000496 <dcd_rp2040_irq+0xfa>
200003ac:	4bb8      	ldr	r3, [pc, #736]	@ (20000690 <dcd_rp2040_irq+0x2f4>)
200003ae:	4cb9      	ldr	r4, [pc, #740]	@ (20000694 <dcd_rp2040_irq+0x2f8>)
200003b0:	6a99      	ldr	r1, [r3, #40]	@ 0x28
200003b2:	f894 303b 	ldrb.w	r3, [r4, #59]	@ 0x3b
200003b6:	4ab8      	ldr	r2, [pc, #736]	@ (20000698 <dcd_rp2040_irq+0x2fc>)
200003b8:	2b02      	cmp	r3, #2
200003ba:	6011      	str	r1, [r2, #0]
200003bc:	f000 80d4 	beq.w	20000568 <dcd_rp2040_irq+0x1cc>
200003c0:	2600      	movs	r6, #0
200003c2:	f894 307b 	ldrb.w	r3, [r4, #123]	@ 0x7b
200003c6:	2b02      	cmp	r3, #2
200003c8:	f000 813b 	beq.w	20000642 <dcd_rp2040_irq+0x2a6>
200003cc:	f894 30bb 	ldrb.w	r3, [r4, #187]	@ 0xbb
200003d0:	2b02      	cmp	r3, #2
200003d2:	f000 817d 	beq.w	200006d0 <dcd_rp2040_irq+0x334>
200003d6:	f894 30fb 	ldrb.w	r3, [r4, #251]	@ 0xfb
200003da:	2b02      	cmp	r3, #2
200003dc:	f000 816c 	beq.w	200006b8 <dcd_rp2040_irq+0x31c>
200003e0:	f894 313b 	ldrb.w	r3, [r4, #315]	@ 0x13b
200003e4:	2b02      	cmp	r3, #2
200003e6:	f000 8144 	beq.w	20000672 <dcd_rp2040_irq+0x2d6>
200003ea:	f894 317b 	ldrb.w	r3, [r4, #379]	@ 0x17b
200003ee:	2b02      	cmp	r3, #2
200003f0:	f000 8133 	beq.w	2000065a <dcd_rp2040_irq+0x2be>
200003f4:	f894 31bb 	ldrb.w	r3, [r4, #443]	@ 0x1bb
200003f8:	2b02      	cmp	r3, #2
200003fa:	f000 81b6 	beq.w	2000076a <dcd_rp2040_irq+0x3ce>
200003fe:	f894 31fb 	ldrb.w	r3, [r4, #507]	@ 0x1fb
20000402:	2b02      	cmp	r3, #2
20000404:	f000 81a6 	beq.w	20000754 <dcd_rp2040_irq+0x3b8>
20000408:	f894 323b 	ldrb.w	r3, [r4, #571]	@ 0x23b
2000040c:	2b02      	cmp	r3, #2
2000040e:	f000 8196 	beq.w	2000073e <dcd_rp2040_irq+0x3a2>
20000412:	f894 327b 	ldrb.w	r3, [r4, #635]	@ 0x27b
20000416:	2b02      	cmp	r3, #2
20000418:	f000 8186 	beq.w	20000728 <dcd_rp2040_irq+0x38c>
2000041c:	f894 32bb 	ldrb.w	r3, [r4, #699]	@ 0x2bb
20000420:	2b02      	cmp	r3, #2
20000422:	f000 8176 	beq.w	20000712 <dcd_rp2040_irq+0x376>
20000426:	f894 32fb 	ldrb.w	r3, [r4, #763]	@ 0x2fb
2000042a:	2b02      	cmp	r3, #2
2000042c:	f000 8166 	beq.w	200006fc <dcd_rp2040_irq+0x360>
20000430:	f894 333b 	ldrb.w	r3, [r4, #827]	@ 0x33b
20000434:	2b02      	cmp	r3, #2
20000436:	f000 8156 	beq.w	200006e6 <dcd_rp2040_irq+0x34a>
2000043a:	f894 337b 	ldrb.w	r3, [r4, #891]	@ 0x37b
2000043e:	2b02      	cmp	r3, #2
20000440:	f000 80a4 	beq.w	2000058c <dcd_rp2040_irq+0x1f0>
20000444:	f894 33bb 	ldrb.w	r3, [r4, #955]	@ 0x3bb
20000448:	2b02      	cmp	r3, #2
2000044a:	f000 8199 	beq.w	20000780 <dcd_rp2040_irq+0x3e4>
2000044e:	f894 33fb 	ldrb.w	r3, [r4, #1019]	@ 0x3fb
20000452:	2b02      	cmp	r3, #2
20000454:	f000 80b4 	beq.w	200005c0 <dcd_rp2040_irq+0x224>
20000458:	b93e      	cbnz	r6, 2000046a <dcd_rp2040_irq+0xce>
2000045a:	4b90      	ldr	r3, [pc, #576]	@ (2000069c <dcd_rp2040_irq+0x300>)
2000045c:	781b      	ldrb	r3, [r3, #0]
2000045e:	b923      	cbnz	r3, 2000046a <dcd_rp2040_irq+0xce>
20000460:	f44f 3200 	mov.w	r2, #131072	@ 0x20000
20000464:	4b8e      	ldr	r3, [pc, #568]	@ (200006a0 <dcd_rp2040_irq+0x304>)
20000466:	f8c3 2090 	str.w	r2, [r3, #144]	@ 0x90
2000046a:	f44f 7240 	mov.w	r2, #768	@ 0x300
2000046e:	4b87      	ldr	r3, [pc, #540]	@ (2000068c <dcd_rp2040_irq+0x2f0>)
20000470:	2101      	movs	r1, #1
20000472:	6c9b      	ldr	r3, [r3, #72]	@ 0x48
20000474:	a801      	add	r0, sp, #4
20000476:	f3c3 030a 	ubfx	r3, r3, #0, #11
2000047a:	f8ad 2004 	strh.w	r2, [sp, #4]
2000047e:	9302      	str	r3, [sp, #8]
20000480:	f000 fb94 	bl	20000bac <dcd_event_handler>
20000484:	06ea      	lsls	r2, r5, #27
20000486:	f44f 3600 	mov.w	r6, #131072	@ 0x20000
2000048a:	4c86      	ldr	r4, [pc, #536]	@ (200006a4 <dcd_rp2040_irq+0x308>)
2000048c:	d507      	bpl.n	2000049e <dcd_rp2040_irq+0x102>
2000048e:	f7ff ff3d 	bl	2000030c <hw_handle_buff_status>
20000492:	4626      	mov	r6, r4
20000494:	e003      	b.n	2000049e <dcd_rp2040_irq+0x102>
20000496:	06ea      	lsls	r2, r5, #27
20000498:	f04f 0410 	mov.w	r4, #16
2000049c:	d4f7      	bmi.n	2000048e <dcd_rp2040_irq+0xf2>
2000049e:	03eb      	lsls	r3, r5, #15
200004a0:	d522      	bpl.n	200004e8 <dcd_rp2040_irq+0x14c>
200004a2:	4c7c      	ldr	r4, [pc, #496]	@ (20000694 <dcd_rp2040_irq+0x2f8>)
200004a4:	f446 3680 	orr.w	r6, r6, #65536	@ 0x10000
200004a8:	7ea3      	ldrb	r3, [r4, #26]
200004aa:	2b00      	cmp	r3, #0
200004ac:	f040 8099 	bne.w	200005e2 <dcd_rp2040_irq+0x246>
200004b0:	2301      	movs	r3, #1
200004b2:	f894 203a 	ldrb.w	r2, [r4, #58]	@ 0x3a
200004b6:	70e3      	strb	r3, [r4, #3]
200004b8:	2a00      	cmp	r2, #0
200004ba:	f040 80ad 	bne.w	20000618 <dcd_rp2040_irq+0x27c>
200004be:	2301      	movs	r3, #1
200004c0:	f44f 61c0 	mov.w	r1, #1536	@ 0x600
200004c4:	4a78      	ldr	r2, [pc, #480]	@ (200006a8 <dcd_rp2040_irq+0x30c>)
200004c6:	f884 3023 	strb.w	r3, [r4, #35]	@ 0x23
200004ca:	f8ad 1004 	strh.w	r1, [sp, #4]
200004ce:	e892 0003 	ldmia.w	r2, {r0, r1}
200004d2:	aa04      	add	r2, sp, #16
200004d4:	e902 0003 	stmdb	r2, {r0, r1}
200004d8:	4619      	mov	r1, r3
200004da:	a801      	add	r0, sp, #4
200004dc:	f000 fb66 	bl	20000bac <dcd_event_handler>
200004e0:	f44f 3200 	mov.w	r2, #131072	@ 0x20000
200004e4:	4b6e      	ldr	r3, [pc, #440]	@ (200006a0 <dcd_rp2040_irq+0x304>)
200004e6:	651a      	str	r2, [r3, #80]	@ 0x50
200004e8:	04e9      	lsls	r1, r5, #19
200004ea:	d408      	bmi.n	200004fe <dcd_rp2040_irq+0x162>
200004ec:	046a      	lsls	r2, r5, #17
200004ee:	d41d      	bmi.n	2000052c <dcd_rp2040_irq+0x190>
200004f0:	042b      	lsls	r3, r5, #16
200004f2:	d42a      	bmi.n	2000054a <dcd_rp2040_irq+0x1ae>
200004f4:	42ae      	cmp	r6, r5
200004f6:	f040 81c5 	bne.w	20000884 <dcd_rp2040_irq+0x4e8>
200004fa:	b005      	add	sp, #20
200004fc:	bdf0      	pop	{r4, r5, r6, r7, pc}
200004fe:	2400      	movs	r4, #0
20000500:	4b62      	ldr	r3, [pc, #392]	@ (2000068c <dcd_rp2040_irq+0x2f0>)
20000502:	f446 5680 	orr.w	r6, r6, #4096	@ 0x1000
20000506:	601c      	str	r4, [r3, #0]
20000508:	f7ff fece 	bl	200002a8 <reset_non_control_endpoints>
2000050c:	f44f 7380 	mov.w	r3, #256	@ 0x100
20000510:	2101      	movs	r1, #1
20000512:	a801      	add	r0, sp, #4
20000514:	f8ad 3004 	strh.w	r3, [sp, #4]
20000518:	f88d 4008 	strb.w	r4, [sp, #8]
2000051c:	f000 fb46 	bl	20000bac <dcd_event_handler>
20000520:	f44f 2200 	mov.w	r2, #524288	@ 0x80000
20000524:	4b5e      	ldr	r3, [pc, #376]	@ (200006a0 <dcd_rp2040_irq+0x304>)
20000526:	651a      	str	r2, [r3, #80]	@ 0x50
20000528:	046a      	lsls	r2, r5, #17
2000052a:	d5e1      	bpl.n	200004f0 <dcd_rp2040_irq+0x154>
2000052c:	f44f 6380 	mov.w	r3, #1024	@ 0x400
20000530:	2101      	movs	r1, #1
20000532:	a801      	add	r0, sp, #4
20000534:	f8ad 3004 	strh.w	r3, [sp, #4]
20000538:	f000 fb38 	bl	20000bac <dcd_event_handler>
2000053c:	2210      	movs	r2, #16
2000053e:	4b58      	ldr	r3, [pc, #352]	@ (200006a0 <dcd_rp2040_irq+0x304>)
20000540:	f446 4680 	orr.w	r6, r6, #16384	@ 0x4000
20000544:	651a      	str	r2, [r3, #80]	@ 0x50
20000546:	042b      	lsls	r3, r5, #16
20000548:	d5d4      	bpl.n	200004f4 <dcd_rp2040_irq+0x158>
2000054a:	f44f 63a0 	mov.w	r3, #1280	@ 0x500
2000054e:	2101      	movs	r1, #1
20000550:	a801      	add	r0, sp, #4
20000552:	f8ad 3004 	strh.w	r3, [sp, #4]
20000556:	f000 fb29 	bl	20000bac <dcd_event_handler>
2000055a:	f44f 6200 	mov.w	r2, #2048	@ 0x800
2000055e:	4b50      	ldr	r3, [pc, #320]	@ (200006a0 <dcd_rp2040_irq+0x304>)
20000560:	f446 4600 	orr.w	r6, r6, #32768	@ 0x8000
20000564:	651a      	str	r2, [r3, #80]	@ 0x50
20000566:	e7c5      	b.n	200004f4 <dcd_rp2040_irq+0x158>
20000568:	f894 603a 	ldrb.w	r6, [r4, #58]	@ 0x3a
2000056c:	2e00      	cmp	r6, #0
2000056e:	f43f af28 	beq.w	200003c2 <dcd_rp2040_irq+0x26>
20000572:	f894 303c 	ldrb.w	r3, [r4, #60]	@ 0x3c
20000576:	2b00      	cmp	r3, #0
20000578:	f43f af23 	beq.w	200003c2 <dcd_rp2040_irq+0x26>
2000057c:	2300      	movs	r3, #0
2000057e:	f104 0020 	add.w	r0, r4, #32
20000582:	f884 303c 	strb.w	r3, [r4, #60]	@ 0x3c
20000586:	f000 fac1 	bl	20000b0c <hw_endpoint_start_next_buffer>
2000058a:	e71a      	b.n	200003c2 <dcd_rp2040_irq+0x26>
2000058c:	f894 737a 	ldrb.w	r7, [r4, #890]	@ 0x37a
20000590:	2f00      	cmp	r7, #0
20000592:	f43f af57 	beq.w	20000444 <dcd_rp2040_irq+0xa8>
20000596:	f894 337c 	ldrb.w	r3, [r4, #892]	@ 0x37c
2000059a:	2b00      	cmp	r3, #0
2000059c:	f040 8164 	bne.w	20000868 <dcd_rp2040_irq+0x4cc>
200005a0:	f894 33bb 	ldrb.w	r3, [r4, #955]	@ 0x3bb
200005a4:	2b02      	cmp	r3, #2
200005a6:	f040 80f4 	bne.w	20000792 <dcd_rp2040_irq+0x3f6>
200005aa:	f894 33ba 	ldrb.w	r3, [r4, #954]	@ 0x3ba
200005ae:	2b00      	cmp	r3, #0
200005b0:	f040 80eb 	bne.w	2000078a <dcd_rp2040_irq+0x3ee>
200005b4:	f894 33fb 	ldrb.w	r3, [r4, #1019]	@ 0x3fb
200005b8:	2b02      	cmp	r3, #2
200005ba:	f47f af56 	bne.w	2000046a <dcd_rp2040_irq+0xce>
200005be:	463e      	mov	r6, r7
200005c0:	f894 33fa 	ldrb.w	r3, [r4, #1018]	@ 0x3fa
200005c4:	2b00      	cmp	r3, #0
200005c6:	f43f af47 	beq.w	20000458 <dcd_rp2040_irq+0xbc>
200005ca:	f894 33fc 	ldrb.w	r3, [r4, #1020]	@ 0x3fc
200005ce:	2b00      	cmp	r3, #0
200005d0:	f43f af4b 	beq.w	2000046a <dcd_rp2040_irq+0xce>
200005d4:	2300      	movs	r3, #0
200005d6:	4835      	ldr	r0, [pc, #212]	@ (200006ac <dcd_rp2040_irq+0x310>)
200005d8:	f884 33fc 	strb.w	r3, [r4, #1020]	@ 0x3fc
200005dc:	f000 fa96 	bl	20000b0c <hw_endpoint_start_next_buffer>
200005e0:	e743      	b.n	2000046a <dcd_rp2040_irq+0xce>
200005e2:	2102      	movs	r1, #2
200005e4:	4b32      	ldr	r3, [pc, #200]	@ (200006b0 <dcd_rp2040_irq+0x314>)
200005e6:	4a29      	ldr	r2, [pc, #164]	@ (2000068c <dcd_rp2040_irq+0x2f0>)
200005e8:	6619      	str	r1, [r3, #96]	@ 0x60
200005ea:	6e53      	ldr	r3, [r2, #100]	@ 0x64
200005ec:	079f      	lsls	r7, r3, #30
200005ee:	d5fc      	bpl.n	200005ea <dcd_rp2040_irq+0x24e>
200005f0:	f44f 5240 	mov.w	r2, #12288	@ 0x3000
200005f4:	2100      	movs	r1, #0
200005f6:	4827      	ldr	r0, [pc, #156]	@ (20000694 <dcd_rp2040_irq+0x2f8>)
200005f8:	f000 fa66 	bl	20000ac8 <_hw_endpoint_buffer_control_update32>
200005fc:	4825      	ldr	r0, [pc, #148]	@ (20000694 <dcd_rp2040_irq+0x2f8>)
200005fe:	f000 fa5d 	bl	20000abc <hw_endpoint_reset_transfer>
20000602:	2202      	movs	r2, #2
20000604:	4b26      	ldr	r3, [pc, #152]	@ (200006a0 <dcd_rp2040_irq+0x304>)
20000606:	665a      	str	r2, [r3, #100]	@ 0x64
20000608:	661a      	str	r2, [r3, #96]	@ 0x60
2000060a:	2301      	movs	r3, #1
2000060c:	f894 203a 	ldrb.w	r2, [r4, #58]	@ 0x3a
20000610:	70e3      	strb	r3, [r4, #3]
20000612:	2a00      	cmp	r2, #0
20000614:	f43f af53 	beq.w	200004be <dcd_rp2040_irq+0x122>
20000618:	4a25      	ldr	r2, [pc, #148]	@ (200006b0 <dcd_rp2040_irq+0x314>)
2000061a:	6613      	str	r3, [r2, #96]	@ 0x60
2000061c:	f5a2 5200 	sub.w	r2, r2, #8192	@ 0x2000
20000620:	6e53      	ldr	r3, [r2, #100]	@ 0x64
20000622:	07d8      	lsls	r0, r3, #31
20000624:	d5fc      	bpl.n	20000620 <dcd_rp2040_irq+0x284>
20000626:	f44f 5240 	mov.w	r2, #12288	@ 0x3000
2000062a:	2100      	movs	r1, #0
2000062c:	4821      	ldr	r0, [pc, #132]	@ (200006b4 <dcd_rp2040_irq+0x318>)
2000062e:	f000 fa4b 	bl	20000ac8 <_hw_endpoint_buffer_control_update32>
20000632:	4820      	ldr	r0, [pc, #128]	@ (200006b4 <dcd_rp2040_irq+0x318>)
20000634:	f000 fa42 	bl	20000abc <hw_endpoint_reset_transfer>
20000638:	2201      	movs	r2, #1
2000063a:	4b19      	ldr	r3, [pc, #100]	@ (200006a0 <dcd_rp2040_irq+0x304>)
2000063c:	665a      	str	r2, [r3, #100]	@ 0x64
2000063e:	661a      	str	r2, [r3, #96]	@ 0x60
20000640:	e73d      	b.n	200004be <dcd_rp2040_irq+0x122>
20000642:	f894 707a 	ldrb.w	r7, [r4, #122]	@ 0x7a
20000646:	2f00      	cmp	r7, #0
20000648:	f43f aec0 	beq.w	200003cc <dcd_rp2040_irq+0x30>
2000064c:	f894 307c 	ldrb.w	r3, [r4, #124]	@ 0x7c
20000650:	2b00      	cmp	r3, #0
20000652:	f040 8101 	bne.w	20000858 <dcd_rp2040_irq+0x4bc>
20000656:	463e      	mov	r6, r7
20000658:	e6b8      	b.n	200003cc <dcd_rp2040_irq+0x30>
2000065a:	f894 717a 	ldrb.w	r7, [r4, #378]	@ 0x17a
2000065e:	2f00      	cmp	r7, #0
20000660:	f43f aec8 	beq.w	200003f4 <dcd_rp2040_irq+0x58>
20000664:	f894 317c 	ldrb.w	r3, [r4, #380]	@ 0x17c
20000668:	2b00      	cmp	r3, #0
2000066a:	f040 80ed 	bne.w	20000848 <dcd_rp2040_irq+0x4ac>
2000066e:	463e      	mov	r6, r7
20000670:	e6c0      	b.n	200003f4 <dcd_rp2040_irq+0x58>
20000672:	f894 713a 	ldrb.w	r7, [r4, #314]	@ 0x13a
20000676:	2f00      	cmp	r7, #0
20000678:	f43f aeb7 	beq.w	200003ea <dcd_rp2040_irq+0x4e>
2000067c:	f894 313c 	ldrb.w	r3, [r4, #316]	@ 0x13c
20000680:	2b00      	cmp	r3, #0
20000682:	f040 80d9 	bne.w	20000838 <dcd_rp2040_irq+0x49c>
20000686:	463e      	mov	r6, r7
20000688:	e6af      	b.n	200003ea <dcd_rp2040_irq+0x4e>
2000068a:	bf00      	nop
2000068c:	50110000 	.word	0x50110000
20000690:	400b0000 	.word	0x400b0000
20000694:	200019d4 	.word	0x200019d4
20000698:	200019cc 	.word	0x200019cc
2000069c:	20001e46 	.word	0x20001e46
200006a0:	50113000 	.word	0x50113000
200006a4:	00020010 	.word	0x00020010
200006a8:	50100000 	.word	0x50100000
200006ac:	20001db4 	.word	0x20001db4
200006b0:	50112000 	.word	0x50112000
200006b4:	200019f4 	.word	0x200019f4
200006b8:	f894 70fa 	ldrb.w	r7, [r4, #250]	@ 0xfa
200006bc:	2f00      	cmp	r7, #0
200006be:	f43f ae8f 	beq.w	200003e0 <dcd_rp2040_irq+0x44>
200006c2:	f894 30fc 	ldrb.w	r3, [r4, #252]	@ 0xfc
200006c6:	2b00      	cmp	r3, #0
200006c8:	f040 808e 	bne.w	200007e8 <dcd_rp2040_irq+0x44c>
200006cc:	463e      	mov	r6, r7
200006ce:	e687      	b.n	200003e0 <dcd_rp2040_irq+0x44>
200006d0:	f894 70ba 	ldrb.w	r7, [r4, #186]	@ 0xba
200006d4:	2f00      	cmp	r7, #0
200006d6:	f43f ae7e 	beq.w	200003d6 <dcd_rp2040_irq+0x3a>
200006da:	f894 30bc 	ldrb.w	r3, [r4, #188]	@ 0xbc
200006de:	2b00      	cmp	r3, #0
200006e0:	d17a      	bne.n	200007d8 <dcd_rp2040_irq+0x43c>
200006e2:	463e      	mov	r6, r7
200006e4:	e677      	b.n	200003d6 <dcd_rp2040_irq+0x3a>
200006e6:	f894 733a 	ldrb.w	r7, [r4, #826]	@ 0x33a
200006ea:	2f00      	cmp	r7, #0
200006ec:	f43f aea5 	beq.w	2000043a <dcd_rp2040_irq+0x9e>
200006f0:	f894 333c 	ldrb.w	r3, [r4, #828]	@ 0x33c
200006f4:	2b00      	cmp	r3, #0
200006f6:	d157      	bne.n	200007a8 <dcd_rp2040_irq+0x40c>
200006f8:	463e      	mov	r6, r7
200006fa:	e69e      	b.n	2000043a <dcd_rp2040_irq+0x9e>
200006fc:	f894 72fa 	ldrb.w	r7, [r4, #762]	@ 0x2fa
20000700:	2f00      	cmp	r7, #0
20000702:	f43f ae95 	beq.w	20000430 <dcd_rp2040_irq+0x94>
20000706:	f894 32fc 	ldrb.w	r3, [r4, #764]	@ 0x2fc
2000070a:	2b00      	cmp	r3, #0
2000070c:	d15c      	bne.n	200007c8 <dcd_rp2040_irq+0x42c>
2000070e:	463e      	mov	r6, r7
20000710:	e68e      	b.n	20000430 <dcd_rp2040_irq+0x94>
20000712:	f894 72ba 	ldrb.w	r7, [r4, #698]	@ 0x2ba
20000716:	2f00      	cmp	r7, #0
20000718:	f43f ae85 	beq.w	20000426 <dcd_rp2040_irq+0x8a>
2000071c:	f894 32bc 	ldrb.w	r3, [r4, #700]	@ 0x2bc
20000720:	2b00      	cmp	r3, #0
20000722:	d149      	bne.n	200007b8 <dcd_rp2040_irq+0x41c>
20000724:	463e      	mov	r6, r7
20000726:	e67e      	b.n	20000426 <dcd_rp2040_irq+0x8a>
20000728:	f894 727a 	ldrb.w	r7, [r4, #634]	@ 0x27a
2000072c:	2f00      	cmp	r7, #0
2000072e:	f43f ae75 	beq.w	2000041c <dcd_rp2040_irq+0x80>
20000732:	f894 327c 	ldrb.w	r3, [r4, #636]	@ 0x27c
20000736:	2b00      	cmp	r3, #0
20000738:	d176      	bne.n	20000828 <dcd_rp2040_irq+0x48c>
2000073a:	463e      	mov	r6, r7
2000073c:	e66e      	b.n	2000041c <dcd_rp2040_irq+0x80>
2000073e:	f894 723a 	ldrb.w	r7, [r4, #570]	@ 0x23a
20000742:	2f00      	cmp	r7, #0
20000744:	f43f ae65 	beq.w	20000412 <dcd_rp2040_irq+0x76>
20000748:	f894 323c 	ldrb.w	r3, [r4, #572]	@ 0x23c
2000074c:	2b00      	cmp	r3, #0
2000074e:	d163      	bne.n	20000818 <dcd_rp2040_irq+0x47c>
20000750:	463e      	mov	r6, r7
20000752:	e65e      	b.n	20000412 <dcd_rp2040_irq+0x76>
20000754:	f894 71fa 	ldrb.w	r7, [r4, #506]	@ 0x1fa
20000758:	2f00      	cmp	r7, #0
2000075a:	f43f ae55 	beq.w	20000408 <dcd_rp2040_irq+0x6c>
2000075e:	f894 31fc 	ldrb.w	r3, [r4, #508]	@ 0x1fc
20000762:	2b00      	cmp	r3, #0
20000764:	d150      	bne.n	20000808 <dcd_rp2040_irq+0x46c>
20000766:	463e      	mov	r6, r7
20000768:	e64e      	b.n	20000408 <dcd_rp2040_irq+0x6c>
2000076a:	f894 71ba 	ldrb.w	r7, [r4, #442]	@ 0x1ba
2000076e:	2f00      	cmp	r7, #0
20000770:	f43f ae45 	beq.w	200003fe <dcd_rp2040_irq+0x62>
20000774:	f894 31bc 	ldrb.w	r3, [r4, #444]	@ 0x1bc
20000778:	2b00      	cmp	r3, #0
2000077a:	d13d      	bne.n	200007f8 <dcd_rp2040_irq+0x45c>
2000077c:	463e      	mov	r6, r7
2000077e:	e63e      	b.n	200003fe <dcd_rp2040_irq+0x62>
20000780:	f894 33ba 	ldrb.w	r3, [r4, #954]	@ 0x3ba
20000784:	2b00      	cmp	r3, #0
20000786:	f43f ae62 	beq.w	2000044e <dcd_rp2040_irq+0xb2>
2000078a:	f894 33bc 	ldrb.w	r3, [r4, #956]	@ 0x3bc
2000078e:	2b00      	cmp	r3, #0
20000790:	d171      	bne.n	20000876 <dcd_rp2040_irq+0x4da>
20000792:	f894 33fb 	ldrb.w	r3, [r4, #1019]	@ 0x3fb
20000796:	2b02      	cmp	r3, #2
20000798:	f47f ae67 	bne.w	2000046a <dcd_rp2040_irq+0xce>
2000079c:	f894 33fa 	ldrb.w	r3, [r4, #1018]	@ 0x3fa
200007a0:	2b00      	cmp	r3, #0
200007a2:	f43f ae62 	beq.w	2000046a <dcd_rp2040_irq+0xce>
200007a6:	e710      	b.n	200005ca <dcd_rp2040_irq+0x22e>
200007a8:	2300      	movs	r3, #0
200007aa:	4839      	ldr	r0, [pc, #228]	@ (20000890 <dcd_rp2040_irq+0x4f4>)
200007ac:	f884 333c 	strb.w	r3, [r4, #828]	@ 0x33c
200007b0:	463e      	mov	r6, r7
200007b2:	f000 f9ab 	bl	20000b0c <hw_endpoint_start_next_buffer>
200007b6:	e640      	b.n	2000043a <dcd_rp2040_irq+0x9e>
200007b8:	2300      	movs	r3, #0
200007ba:	4836      	ldr	r0, [pc, #216]	@ (20000894 <dcd_rp2040_irq+0x4f8>)
200007bc:	f884 32bc 	strb.w	r3, [r4, #700]	@ 0x2bc
200007c0:	463e      	mov	r6, r7
200007c2:	f000 f9a3 	bl	20000b0c <hw_endpoint_start_next_buffer>
200007c6:	e62e      	b.n	20000426 <dcd_rp2040_irq+0x8a>
200007c8:	2300      	movs	r3, #0
200007ca:	4833      	ldr	r0, [pc, #204]	@ (20000898 <dcd_rp2040_irq+0x4fc>)
200007cc:	f884 32fc 	strb.w	r3, [r4, #764]	@ 0x2fc
200007d0:	463e      	mov	r6, r7
200007d2:	f000 f99b 	bl	20000b0c <hw_endpoint_start_next_buffer>
200007d6:	e62b      	b.n	20000430 <dcd_rp2040_irq+0x94>
200007d8:	2300      	movs	r3, #0
200007da:	4830      	ldr	r0, [pc, #192]	@ (2000089c <dcd_rp2040_irq+0x500>)
200007dc:	f884 30bc 	strb.w	r3, [r4, #188]	@ 0xbc
200007e0:	463e      	mov	r6, r7
200007e2:	f000 f993 	bl	20000b0c <hw_endpoint_start_next_buffer>
200007e6:	e5f6      	b.n	200003d6 <dcd_rp2040_irq+0x3a>
200007e8:	2300      	movs	r3, #0
200007ea:	482d      	ldr	r0, [pc, #180]	@ (200008a0 <dcd_rp2040_irq+0x504>)
200007ec:	f884 30fc 	strb.w	r3, [r4, #252]	@ 0xfc
200007f0:	463e      	mov	r6, r7
200007f2:	f000 f98b 	bl	20000b0c <hw_endpoint_start_next_buffer>
200007f6:	e5f3      	b.n	200003e0 <dcd_rp2040_irq+0x44>
200007f8:	2300      	movs	r3, #0
200007fa:	482a      	ldr	r0, [pc, #168]	@ (200008a4 <dcd_rp2040_irq+0x508>)
200007fc:	f884 31bc 	strb.w	r3, [r4, #444]	@ 0x1bc
20000800:	463e      	mov	r6, r7
20000802:	f000 f983 	bl	20000b0c <hw_endpoint_start_next_buffer>
20000806:	e5fa      	b.n	200003fe <dcd_rp2040_irq+0x62>
20000808:	2300      	movs	r3, #0
2000080a:	4827      	ldr	r0, [pc, #156]	@ (200008a8 <dcd_rp2040_irq+0x50c>)
2000080c:	f884 31fc 	strb.w	r3, [r4, #508]	@ 0x1fc
20000810:	463e      	mov	r6, r7
20000812:	f000 f97b 	bl	20000b0c <hw_endpoint_start_next_buffer>
20000816:	e5f7      	b.n	20000408 <dcd_rp2040_irq+0x6c>
20000818:	2300      	movs	r3, #0
2000081a:	4824      	ldr	r0, [pc, #144]	@ (200008ac <dcd_rp2040_irq+0x510>)
2000081c:	f884 323c 	strb.w	r3, [r4, #572]	@ 0x23c
20000820:	463e      	mov	r6, r7
20000822:	f000 f973 	bl	20000b0c <hw_endpoint_start_next_buffer>
20000826:	e5f4      	b.n	20000412 <dcd_rp2040_irq+0x76>
20000828:	2300      	movs	r3, #0
2000082a:	4821      	ldr	r0, [pc, #132]	@ (200008b0 <dcd_rp2040_irq+0x514>)
2000082c:	f884 327c 	strb.w	r3, [r4, #636]	@ 0x27c
20000830:	463e      	mov	r6, r7
20000832:	f000 f96b 	bl	20000b0c <hw_endpoint_start_next_buffer>
20000836:	e5f1      	b.n	2000041c <dcd_rp2040_irq+0x80>
20000838:	2300      	movs	r3, #0
2000083a:	481e      	ldr	r0, [pc, #120]	@ (200008b4 <dcd_rp2040_irq+0x518>)
2000083c:	f884 313c 	strb.w	r3, [r4, #316]	@ 0x13c
20000840:	463e      	mov	r6, r7
20000842:	f000 f963 	bl	20000b0c <hw_endpoint_start_next_buffer>
20000846:	e5d0      	b.n	200003ea <dcd_rp2040_irq+0x4e>
20000848:	2300      	movs	r3, #0
2000084a:	481b      	ldr	r0, [pc, #108]	@ (200008b8 <dcd_rp2040_irq+0x51c>)
2000084c:	f884 317c 	strb.w	r3, [r4, #380]	@ 0x17c
20000850:	463e      	mov	r6, r7
20000852:	f000 f95b 	bl	20000b0c <hw_endpoint_start_next_buffer>
20000856:	e5cd      	b.n	200003f4 <dcd_rp2040_irq+0x58>
20000858:	2300      	movs	r3, #0
2000085a:	4818      	ldr	r0, [pc, #96]	@ (200008bc <dcd_rp2040_irq+0x520>)
2000085c:	f884 307c 	strb.w	r3, [r4, #124]	@ 0x7c
20000860:	463e      	mov	r6, r7
20000862:	f000 f953 	bl	20000b0c <hw_endpoint_start_next_buffer>
20000866:	e5b1      	b.n	200003cc <dcd_rp2040_irq+0x30>
20000868:	2300      	movs	r3, #0
2000086a:	4815      	ldr	r0, [pc, #84]	@ (200008c0 <dcd_rp2040_irq+0x524>)
2000086c:	f884 337c 	strb.w	r3, [r4, #892]	@ 0x37c
20000870:	f000 f94c 	bl	20000b0c <hw_endpoint_start_next_buffer>
20000874:	e694      	b.n	200005a0 <dcd_rp2040_irq+0x204>
20000876:	2300      	movs	r3, #0
20000878:	4812      	ldr	r0, [pc, #72]	@ (200008c4 <dcd_rp2040_irq+0x528>)
2000087a:	f884 33bc 	strb.w	r3, [r4, #956]	@ 0x3bc
2000087e:	f000 f945 	bl	20000b0c <hw_endpoint_start_next_buffer>
20000882:	e786      	b.n	20000792 <dcd_rp2040_irq+0x3f6>
20000884:	4810      	ldr	r0, [pc, #64]	@ (200008c8 <dcd_rp2040_irq+0x52c>)
20000886:	ea86 0105 	eor.w	r1, r6, r5
2000088a:	f000 fc71 	bl	20001170 <__panic_veneer>
2000088e:	bf00      	nop
20000890:	20001cf4 	.word	0x20001cf4
20000894:	20001c74 	.word	0x20001c74
20000898:	20001cb4 	.word	0x20001cb4
2000089c:	20001a74 	.word	0x20001a74
200008a0:	20001ab4 	.word	0x20001ab4
200008a4:	20001b74 	.word	0x20001b74
200008a8:	20001bb4 	.word	0x20001bb4
200008ac:	20001bf4 	.word	0x20001bf4
200008b0:	20001c34 	.word	0x20001c34
200008b4:	20001af4 	.word	0x20001af4
200008b8:	20001b34 	.word	0x20001b34
200008bc:	20001a34 	.word	0x20001a34
200008c0:	20001d34 	.word	0x20001d34
200008c4:	20001d74 	.word	0x20001d74
200008c8:	100063d8 	.word	0x100063d8

200008cc <prepare_ep_buffer>:
200008cc:	e92d 47f0 	stmdb	sp!, {r4, r5, r6, r7, r8, r9, sl, lr}
200008d0:	8a84      	ldrh	r4, [r0, #20]
200008d2:	8b05      	ldrh	r5, [r0, #24]
200008d4:	78c2      	ldrb	r2, [r0, #3]
200008d6:	42a5      	cmp	r5, r4
200008d8:	bf28      	it	cs
200008da:	4625      	movcs	r5, r4
200008dc:	1e17      	subs	r7, r2, #0
200008de:	bf18      	it	ne
200008e0:	2701      	movne	r7, #1
200008e2:	1b64      	subs	r4, r4, r5
200008e4:	7846      	ldrb	r6, [r0, #1]
200008e6:	f082 0201 	eor.w	r2, r2, #1
200008ea:	b2a4      	uxth	r4, r4
200008ec:	4603      	mov	r3, r0
200008ee:	70c2      	strb	r2, [r0, #3]
200008f0:	8284      	strh	r4, [r0, #20]
200008f2:	f445 6080 	orr.w	r0, r5, #1024	@ 0x400
200008f6:	ea40 3047 	orr.w	r0, r0, r7, lsl #13
200008fa:	bba6      	cbnz	r6, 20000966 <prepare_ep_buffer+0x9a>
200008fc:	e9d3 2603 	ldrd	r2, r6, [r3, #12]
20000900:	1e6f      	subs	r7, r5, #1
20000902:	eb02 1e81 	add.w	lr, r2, r1, lsl #6
20000906:	b355      	cbz	r5, 2000095e <prepare_ep_buffer+0x92>
20000908:	2f05      	cmp	r7, #5
2000090a:	bf98      	it	ls
2000090c:	1c72      	addls	r2, r6, #1
2000090e:	d931      	bls.n	20000974 <prepare_ep_buffer+0xa8>
20000910:	eb02 1c81 	add.w	ip, r2, r1, lsl #6
20000914:	1c72      	adds	r2, r6, #1
20000916:	ebac 0402 	sub.w	r4, ip, r2
2000091a:	2c02      	cmp	r4, #2
2000091c:	d92a      	bls.n	20000974 <prepare_ep_buffer+0xa8>
2000091e:	4632      	mov	r2, r6
20000920:	ea4f 0995 	mov.w	r9, r5, lsr #2
20000924:	ea4f 0a89 	mov.w	sl, r9, lsl #2
20000928:	eb06 0889 	add.w	r8, r6, r9, lsl #2
2000092c:	f852 4b04 	ldr.w	r4, [r2], #4
20000930:	4542      	cmp	r2, r8
20000932:	f84c 4b04 	str.w	r4, [ip], #4
20000936:	d1f9      	bne.n	2000092c <prepare_ep_buffer+0x60>
20000938:	4555      	cmp	r5, sl
2000093a:	eba7 070a 	sub.w	r7, r7, sl
2000093e:	eb0e 040a 	add.w	r4, lr, sl
20000942:	d00a      	beq.n	2000095a <prepare_ep_buffer+0x8e>
20000944:	f816 6029 	ldrb.w	r6, [r6, r9, lsl #2]
20000948:	f80e 6029 	strb.w	r6, [lr, r9, lsl #2]
2000094c:	b12f      	cbz	r7, 2000095a <prepare_ep_buffer+0x8e>
2000094e:	7856      	ldrb	r6, [r2, #1]
20000950:	2f01      	cmp	r7, #1
20000952:	7066      	strb	r6, [r4, #1]
20000954:	d001      	beq.n	2000095a <prepare_ep_buffer+0x8e>
20000956:	7892      	ldrb	r2, [r2, #2]
20000958:	70a2      	strb	r2, [r4, #2]
2000095a:	691e      	ldr	r6, [r3, #16]
2000095c:	8a9c      	ldrh	r4, [r3, #20]
2000095e:	442e      	add	r6, r5
20000960:	611e      	str	r6, [r3, #16]
20000962:	f440 4000 	orr.w	r0, r0, #32768	@ 0x8000
20000966:	b90c      	cbnz	r4, 2000096c <prepare_ep_buffer+0xa0>
20000968:	f440 4080 	orr.w	r0, r0, #16384	@ 0x4000
2000096c:	b101      	cbz	r1, 20000970 <prepare_ep_buffer+0xa4>
2000096e:	0400      	lsls	r0, r0, #16
20000970:	e8bd 87f0 	ldmia.w	sp!, {r4, r5, r6, r7, r8, r9, sl, pc}
20000974:	f10e 3eff 	add.w	lr, lr, #4294967295
20000978:	442e      	add	r6, r5
2000097a:	e000      	b.n	2000097e <prepare_ep_buffer+0xb2>
2000097c:	3201      	adds	r2, #1
2000097e:	f812 4c01 	ldrb.w	r4, [r2, #-1]
20000982:	42b2      	cmp	r2, r6
20000984:	f80e 4f01 	strb.w	r4, [lr, #1]!
20000988:	d1f8      	bne.n	2000097c <prepare_ep_buffer+0xb0>
2000098a:	e7e6      	b.n	2000095a <prepare_ep_buffer+0x8e>

2000098c <sync_ep_buffer>:
2000098c:	6883      	ldr	r3, [r0, #8]
2000098e:	4602      	mov	r2, r0
20000990:	6818      	ldr	r0, [r3, #0]
20000992:	b101      	cbz	r1, 20000996 <sync_ep_buffer+0xa>
20000994:	0c00      	lsrs	r0, r0, #16
20000996:	7853      	ldrb	r3, [r2, #1]
20000998:	f3c0 0009 	ubfx	r0, r0, #0, #10
2000099c:	2b00      	cmp	r3, #0
2000099e:	d03c      	beq.n	20000a1a <sync_ep_buffer+0x8e>
200009a0:	e92d 41f0 	stmdb	sp!, {r4, r5, r6, r7, r8, lr}
200009a4:	e9d2 3403 	ldrd	r3, r4, [r2, #12]
200009a8:	1e46      	subs	r6, r0, #1
200009aa:	eb03 1e81 	add.w	lr, r3, r1, lsl #6
200009ae:	b340      	cbz	r0, 20000a02 <sync_ep_buffer+0x76>
200009b0:	2e05      	cmp	r6, #5
200009b2:	d93b      	bls.n	20000a2c <sync_ep_buffer+0xa0>
200009b4:	0189      	lsls	r1, r1, #6
200009b6:	1c4d      	adds	r5, r1, #1
200009b8:	441d      	add	r5, r3
200009ba:	1b65      	subs	r5, r4, r5
200009bc:	2d02      	cmp	r5, #2
200009be:	d935      	bls.n	20000a2c <sync_ep_buffer+0xa0>
200009c0:	4673      	mov	r3, lr
200009c2:	4621      	mov	r1, r4
200009c4:	f400 777f 	and.w	r7, r0, #1020	@ 0x3fc
200009c8:	ea4f 0890 	mov.w	r8, r0, lsr #2
200009cc:	18fd      	adds	r5, r7, r3
200009ce:	f853 cb04 	ldr.w	ip, [r3], #4
200009d2:	42ab      	cmp	r3, r5
200009d4:	f841 cb04 	str.w	ip, [r1], #4
200009d8:	d1f9      	bne.n	200009ce <sync_ep_buffer+0x42>
200009da:	42b8      	cmp	r0, r7
200009dc:	eba6 0607 	sub.w	r6, r6, r7
200009e0:	eb04 0307 	add.w	r3, r4, r7
200009e4:	eb0e 0107 	add.w	r1, lr, r7
200009e8:	d00a      	beq.n	20000a00 <sync_ep_buffer+0x74>
200009ea:	f81e 5028 	ldrb.w	r5, [lr, r8, lsl #2]
200009ee:	f804 5028 	strb.w	r5, [r4, r8, lsl #2]
200009f2:	b12e      	cbz	r6, 20000a00 <sync_ep_buffer+0x74>
200009f4:	784c      	ldrb	r4, [r1, #1]
200009f6:	2e01      	cmp	r6, #1
200009f8:	705c      	strb	r4, [r3, #1]
200009fa:	d001      	beq.n	20000a00 <sync_ep_buffer+0x74>
200009fc:	7889      	ldrb	r1, [r1, #2]
200009fe:	7099      	strb	r1, [r3, #2]
20000a00:	6914      	ldr	r4, [r2, #16]
20000a02:	8ad3      	ldrh	r3, [r2, #22]
20000a04:	4404      	add	r4, r0
20000a06:	4403      	add	r3, r0
20000a08:	82d3      	strh	r3, [r2, #22]
20000a0a:	8b13      	ldrh	r3, [r2, #24]
20000a0c:	6114      	str	r4, [r2, #16]
20000a0e:	4283      	cmp	r3, r0
20000a10:	bf84      	itt	hi
20000a12:	2300      	movhi	r3, #0
20000a14:	8293      	strhhi	r3, [r2, #20]
20000a16:	e8bd 81f0 	ldmia.w	sp!, {r4, r5, r6, r7, r8, pc}
20000a1a:	8ad3      	ldrh	r3, [r2, #22]
20000a1c:	4403      	add	r3, r0
20000a1e:	82d3      	strh	r3, [r2, #22]
20000a20:	8b13      	ldrh	r3, [r2, #24]
20000a22:	4283      	cmp	r3, r0
20000a24:	bf84      	itt	hi
20000a26:	2300      	movhi	r3, #0
20000a28:	8293      	strhhi	r3, [r2, #20]
20000a2a:	4770      	bx	lr
20000a2c:	3c01      	subs	r4, #1
20000a2e:	eb0e 0100 	add.w	r1, lr, r0
20000a32:	f81e 3b01 	ldrb.w	r3, [lr], #1
20000a36:	4571      	cmp	r1, lr
20000a38:	f804 3f01 	strb.w	r3, [r4, #1]!
20000a3c:	d1f9      	bne.n	20000a32 <sync_ep_buffer+0xa6>
20000a3e:	e7df      	b.n	20000a00 <sync_ep_buffer+0x74>

20000a40 <_hw_endpoint_xfer_sync>:
20000a40:	b510      	push	{r4, lr}
20000a42:	4604      	mov	r4, r0
20000a44:	6883      	ldr	r3, [r0, #8]
20000a46:	2100      	movs	r1, #0
20000a48:	681b      	ldr	r3, [r3, #0]
20000a4a:	f7ff ff9f 	bl	2000098c <sync_ep_buffer>
20000a4e:	6863      	ldr	r3, [r4, #4]
20000a50:	681b      	ldr	r3, [r3, #0]
20000a52:	005b      	lsls	r3, r3, #1
20000a54:	d502      	bpl.n	20000a5c <_hw_endpoint_xfer_sync+0x1c>
20000a56:	8b23      	ldrh	r3, [r4, #24]
20000a58:	4283      	cmp	r3, r0
20000a5a:	d000      	beq.n	20000a5e <_hw_endpoint_xfer_sync+0x1e>
20000a5c:	bd10      	pop	{r4, pc}
20000a5e:	4620      	mov	r0, r4
20000a60:	e8bd 4010 	ldmia.w	sp!, {r4, lr}
20000a64:	2101      	movs	r1, #1
20000a66:	f7ff bf91 	b.w	2000098c <sync_ep_buffer>
20000a6a:	bf00      	nop

20000a6c <e15_is_bulkin_ep>:
20000a6c:	4b08      	ldr	r3, [pc, #32]	@ (20000a90 <e15_is_bulkin_ep+0x24>)
20000a6e:	6c1b      	ldr	r3, [r3, #64]	@ 0x40
20000a70:	f013 0302 	ands.w	r3, r3, #2
20000a74:	d102      	bne.n	20000a7c <e15_is_bulkin_ep+0x10>
20000a76:	7882      	ldrb	r2, [r0, #2]
20000a78:	09d2      	lsrs	r2, r2, #7
20000a7a:	d101      	bne.n	20000a80 <e15_is_bulkin_ep+0x14>
20000a7c:	2000      	movs	r0, #0
20000a7e:	4770      	bx	lr
20000a80:	7ec0      	ldrb	r0, [r0, #27]
20000a82:	f1a0 0002 	sub.w	r0, r0, #2
20000a86:	fab0 f080 	clz	r0, r0
20000a8a:	0940      	lsrs	r0, r0, #5
20000a8c:	4770      	bx	lr
20000a8e:	bf00      	nop
20000a90:	50110000 	.word	0x50110000

20000a94 <e15_is_critical_frame_period>:
20000a94:	b508      	push	{r3, lr}
20000a96:	f7ff ffe9 	bl	20000a6c <e15_is_bulkin_ep>
20000a9a:	b150      	cbz	r0, 20000ab2 <e15_is_critical_frame_period+0x1e>
20000a9c:	4a05      	ldr	r2, [pc, #20]	@ (20000ab4 <e15_is_critical_frame_period+0x20>)
20000a9e:	4b06      	ldr	r3, [pc, #24]	@ (20000ab8 <e15_is_critical_frame_period+0x24>)
20000aa0:	6a90      	ldr	r0, [r2, #40]	@ 0x28
20000aa2:	681b      	ldr	r3, [r3, #0]
20000aa4:	f5a0 7048 	sub.w	r0, r0, #800	@ 0x320
20000aa8:	1ac0      	subs	r0, r0, r3
20000aaa:	28c6      	cmp	r0, #198	@ 0xc6
20000aac:	bf8c      	ite	hi
20000aae:	2000      	movhi	r0, #0
20000ab0:	2001      	movls	r0, #1
20000ab2:	bd08      	pop	{r3, pc}
20000ab4:	400b0000 	.word	0x400b0000
20000ab8:	200019cc 	.word	0x200019cc

20000abc <hw_endpoint_reset_transfer>:
20000abc:	2300      	movs	r3, #0
20000abe:	e9c0 3304 	strd	r3, r3, [r0, #16]
20000ac2:	7683      	strb	r3, [r0, #26]
20000ac4:	4770      	bx	lr
20000ac6:	bf00      	nop

20000ac8 <_hw_endpoint_buffer_control_update32>:
20000ac8:	b510      	push	{r4, lr}
20000aca:	6883      	ldr	r3, [r0, #8]
20000acc:	b109      	cbz	r1, 20000ad2 <_hw_endpoint_buffer_control_update32+0xa>
20000ace:	681c      	ldr	r4, [r3, #0]
20000ad0:	4021      	ands	r1, r4
20000ad2:	b182      	cbz	r2, 20000af6 <_hw_endpoint_buffer_control_update32+0x2e>
20000ad4:	4311      	orrs	r1, r2
20000ad6:	0552      	lsls	r2, r2, #21
20000ad8:	d50d      	bpl.n	20000af6 <_hw_endpoint_buffer_control_update32+0x2e>
20000ada:	681a      	ldr	r2, [r3, #0]
20000adc:	0554      	lsls	r4, r2, #21
20000ade:	d40c      	bmi.n	20000afa <_hw_endpoint_buffer_control_update32+0x32>
20000ae0:	4a08      	ldr	r2, [pc, #32]	@ (20000b04 <_hw_endpoint_buffer_control_update32+0x3c>)
20000ae2:	f421 6480 	bic.w	r4, r1, #1024	@ 0x400
20000ae6:	601c      	str	r4, [r3, #0]
20000ae8:	6c12      	ldr	r2, [r2, #64]	@ 0x40
20000aea:	0792      	lsls	r2, r2, #30
20000aec:	d403      	bmi.n	20000af6 <_hw_endpoint_buffer_control_update32+0x2e>
20000aee:	230c      	movs	r3, #12
20000af0:	3b03      	subs	r3, #3
20000af2:	d2fd      	bcs.n	20000af0 <_hw_endpoint_buffer_control_update32+0x28>
20000af4:	6883      	ldr	r3, [r0, #8]
20000af6:	6019      	str	r1, [r3, #0]
20000af8:	bd10      	pop	{r4, pc}
20000afa:	7881      	ldrb	r1, [r0, #2]
20000afc:	4802      	ldr	r0, [pc, #8]	@ (20000b08 <_hw_endpoint_buffer_control_update32+0x40>)
20000afe:	f000 fb37 	bl	20001170 <__panic_veneer>
20000b02:	bf00      	nop
20000b04:	50110000 	.word	0x50110000
20000b08:	100063ec 	.word	0x100063ec

20000b0c <hw_endpoint_start_next_buffer>:
20000b0c:	b530      	push	{r4, r5, lr}
20000b0e:	6843      	ldr	r3, [r0, #4]
20000b10:	2100      	movs	r1, #0
20000b12:	b083      	sub	sp, #12
20000b14:	4604      	mov	r4, r0
20000b16:	681d      	ldr	r5, [r3, #0]
20000b18:	f7ff fed8 	bl	200008cc <prepare_ep_buffer>
20000b1c:	4b13      	ldr	r3, [pc, #76]	@ (20000b6c <hw_endpoint_start_next_buffer+0x60>)
20000b1e:	f440 5280 	orr.w	r2, r0, #4096	@ 0x1000
20000b22:	6c19      	ldr	r1, [r3, #64]	@ 0x40
20000b24:	78a3      	ldrb	r3, [r4, #2]
20000b26:	0789      	lsls	r1, r1, #30
20000b28:	d50e      	bpl.n	20000b48 <hw_endpoint_start_next_buffer+0x3c>
20000b2a:	065b      	lsls	r3, r3, #25
20000b2c:	d00e      	beq.n	20000b4c <hw_endpoint_start_next_buffer+0x40>
20000b2e:	f025 45a0 	bic.w	r5, r5, #1342177280	@ 0x50000000
20000b32:	f045 5500 	orr.w	r5, r5, #536870912	@ 0x20000000
20000b36:	2100      	movs	r1, #0
20000b38:	4620      	mov	r0, r4
20000b3a:	6863      	ldr	r3, [r4, #4]
20000b3c:	601d      	str	r5, [r3, #0]
20000b3e:	b003      	add	sp, #12
20000b40:	e8bd 4030 	ldmia.w	sp!, {r4, r5, lr}
20000b44:	f7ff bfc0 	b.w	20000ac8 <_hw_endpoint_buffer_control_update32>
20000b48:	09db      	lsrs	r3, r3, #7
20000b4a:	d0f0      	beq.n	20000b2e <hw_endpoint_start_next_buffer+0x22>
20000b4c:	8aa3      	ldrh	r3, [r4, #20]
20000b4e:	2b00      	cmp	r3, #0
20000b50:	d0ed      	beq.n	20000b2e <hw_endpoint_start_next_buffer+0x22>
20000b52:	2101      	movs	r1, #1
20000b54:	4620      	mov	r0, r4
20000b56:	9201      	str	r2, [sp, #4]
20000b58:	f7ff feb8 	bl	200008cc <prepare_ep_buffer>
20000b5c:	9a01      	ldr	r2, [sp, #4]
20000b5e:	f025 5500 	bic.w	r5, r5, #536870912	@ 0x20000000
20000b62:	4302      	orrs	r2, r0
20000b64:	f045 45a0 	orr.w	r5, r5, #1342177280	@ 0x50000000
20000b68:	e7e5      	b.n	20000b36 <hw_endpoint_start_next_buffer+0x2a>
20000b6a:	bf00      	nop
20000b6c:	50110000 	.word	0x50110000

20000b70 <hw_endpoint_xfer_continue>:
20000b70:	b538      	push	{r3, r4, r5, lr}
20000b72:	7e85      	ldrb	r5, [r0, #26]
20000b74:	4604      	mov	r4, r0
20000b76:	b195      	cbz	r5, 20000b9e <hw_endpoint_xfer_continue+0x2e>
20000b78:	f7ff ff62 	bl	20000a40 <_hw_endpoint_xfer_sync>
20000b7c:	8aa3      	ldrh	r3, [r4, #20]
20000b7e:	b90b      	cbnz	r3, 20000b84 <hw_endpoint_xfer_continue+0x14>
20000b80:	4628      	mov	r0, r5
20000b82:	bd38      	pop	{r3, r4, r5, pc}
20000b84:	4620      	mov	r0, r4
20000b86:	f7ff ff85 	bl	20000a94 <e15_is_critical_frame_period>
20000b8a:	b120      	cbz	r0, 20000b96 <hw_endpoint_xfer_continue+0x26>
20000b8c:	2301      	movs	r3, #1
20000b8e:	7723      	strb	r3, [r4, #28]
20000b90:	2500      	movs	r5, #0
20000b92:	4628      	mov	r0, r5
20000b94:	bd38      	pop	{r3, r4, r5, pc}
20000b96:	4620      	mov	r0, r4
20000b98:	f7ff ffb8 	bl	20000b0c <hw_endpoint_start_next_buffer>
20000b9c:	e7f8      	b.n	20000b90 <hw_endpoint_xfer_continue+0x20>
20000b9e:	7881      	ldrb	r1, [r0, #2]
20000ba0:	4801      	ldr	r0, [pc, #4]	@ (20000ba8 <hw_endpoint_xfer_continue+0x38>)
20000ba2:	f000 fae5 	bl	20001170 <__panic_veneer>
20000ba6:	bf00      	nop
20000ba8:	1000640c 	.word	0x1000640c

20000bac <dcd_event_handler>:
20000bac:	e92d 43f0 	stmdb	sp!, {r4, r5, r6, r7, r8, r9, lr}
20000bb0:	7843      	ldrb	r3, [r0, #1]
20000bb2:	4681      	mov	r9, r0
20000bb4:	3b02      	subs	r3, #2
20000bb6:	460d      	mov	r5, r1
20000bb8:	b085      	sub	sp, #20
20000bba:	2b04      	cmp	r3, #4
20000bbc:	d813      	bhi.n	20000be6 <dcd_event_handler+0x3a>
20000bbe:	e8df f003 	tbb	[pc, r3]
20000bc2:	4a03      	.short	0x4a03
20000bc4:	736a      	.short	0x736a
20000bc6:	44          	.byte	0x44
20000bc7:	00          	.byte	0x00
20000bc8:	2100      	movs	r1, #0
20000bca:	4b7b      	ldr	r3, [pc, #492]	@ (20000db8 <dcd_event_handler+0x20c>)
20000bcc:	781a      	ldrb	r2, [r3, #0]
20000bce:	f022 0201 	bic.w	r2, r2, #1
20000bd2:	701a      	strb	r2, [r3, #0]
20000bd4:	781a      	ldrb	r2, [r3, #0]
20000bd6:	f022 0202 	bic.w	r2, r2, #2
20000bda:	701a      	strb	r2, [r3, #0]
20000bdc:	7059      	strb	r1, [r3, #1]
20000bde:	781a      	ldrb	r2, [r3, #0]
20000be0:	f361 0282 	bfi	r2, r1, #2, #1
20000be4:	701a      	strb	r2, [r3, #0]
20000be6:	4b75      	ldr	r3, [pc, #468]	@ (20000dbc <dcd_event_handler+0x210>)
20000be8:	681c      	ldr	r4, [r3, #0]
20000bea:	6963      	ldr	r3, [r4, #20]
20000bec:	f3ef 8210 	mrs	r2, PRIMASK
20000bf0:	b672      	cpsid	i
20000bf2:	e8d3 0fcf 	ldaexb	r0, [r3]
20000bf6:	2101      	movs	r1, #1
20000bf8:	2800      	cmp	r0, #0
20000bfa:	d1fa      	bne.n	20000bf2 <dcd_event_handler+0x46>
20000bfc:	e8c3 1f40 	strexb	r0, r1, [r3]
20000c00:	2800      	cmp	r0, #0
20000c02:	d1f6      	bne.n	20000bf2 <dcd_event_handler+0x46>
20000c04:	f3bf 8f5f 	dmb	sy
20000c08:	61a2      	str	r2, [r4, #24]
20000c0a:	4649      	mov	r1, r9
20000c0c:	4620      	mov	r0, r4
20000c0e:	f000 fab3 	bl	20001178 <__tu_fifo_write_veneer>
20000c12:	2300      	movs	r3, #0
20000c14:	6962      	ldr	r2, [r4, #20]
20000c16:	e8c2 3f8f 	stlb	r3, [r2]
20000c1a:	69a3      	ldr	r3, [r4, #24]
20000c1c:	f383 8810 	msr	PRIMASK, r3
20000c20:	b948      	cbnz	r0, 20000c36 <dcd_event_handler+0x8a>
20000c22:	f04f 23e0 	mov.w	r3, #3758153728	@ 0xe000e000
20000c26:	f8d3 3df0 	ldr.w	r3, [r3, #3568]	@ 0xdf0
20000c2a:	07db      	lsls	r3, r3, #31
20000c2c:	d50a      	bpl.n	20000c44 <dcd_event_handler+0x98>
20000c2e:	be00      	bkpt	0x0000
20000c30:	b005      	add	sp, #20
20000c32:	e8bd 83f0 	ldmia.w	sp!, {r4, r5, r6, r7, r8, r9, pc}
20000c36:	462a      	mov	r2, r5
20000c38:	f899 1001 	ldrb.w	r1, [r9, #1]
20000c3c:	f899 0000 	ldrb.w	r0, [r9]
20000c40:	f000 fa8a 	bl	20001158 <__tud_event_hook_cb_veneer>
20000c44:	b005      	add	sp, #20
20000c46:	e8bd 83f0 	ldmia.w	sp!, {r4, r5, r6, r7, r8, r9, pc}
20000c4a:	4a5d      	ldr	r2, [pc, #372]	@ (20000dc0 <dcd_event_handler+0x214>)
20000c4c:	7813      	ldrb	r3, [r2, #0]
20000c4e:	3301      	adds	r3, #1
20000c50:	b2db      	uxtb	r3, r3
20000c52:	7013      	strb	r3, [r2, #0]
20000c54:	e7c7      	b.n	20000be6 <dcd_event_handler+0x3a>
20000c56:	2400      	movs	r4, #0
20000c58:	4e5a      	ldr	r6, [pc, #360]	@ (20000dc4 <dcd_event_handler+0x218>)
20000c5a:	4623      	mov	r3, r4
20000c5c:	7831      	ldrb	r1, [r6, #0]
20000c5e:	f8df 816c 	ldr.w	r8, [pc, #364]	@ 20000dcc <dcd_event_handler+0x220>
20000c62:	4f59      	ldr	r7, [pc, #356]	@ (20000dc8 <dcd_event_handler+0x21c>)
20000c64:	e011      	b.n	20000c8a <dcd_event_handler+0xde>
20000c66:	683b      	ldr	r3, [r7, #0]
20000c68:	eb13 1344 	adds.w	r3, r3, r4, lsl #5
20000c6c:	d007      	beq.n	20000c7e <dcd_event_handler+0xd2>
20000c6e:	69db      	ldr	r3, [r3, #28]
20000c70:	b12b      	cbz	r3, 20000c7e <dcd_event_handler+0xd2>
20000c72:	f8d9 1004 	ldr.w	r1, [r9, #4]
20000c76:	f899 0000 	ldrb.w	r0, [r9]
20000c7a:	4798      	blx	r3
20000c7c:	7831      	ldrb	r1, [r6, #0]
20000c7e:	3401      	adds	r4, #1
20000c80:	b2e4      	uxtb	r4, r4
20000c82:	1c4a      	adds	r2, r1, #1
20000c84:	42a2      	cmp	r2, r4
20000c86:	4623      	mov	r3, r4
20000c88:	db17      	blt.n	20000cba <dcd_event_handler+0x10e>
20000c8a:	42a1      	cmp	r1, r4
20000c8c:	d8eb      	bhi.n	20000c66 <dcd_event_handler+0xba>
20000c8e:	1a5b      	subs	r3, r3, r1
20000c90:	eb08 1343 	add.w	r3, r8, r3, lsl #5
20000c94:	e7eb      	b.n	20000c6e <dcd_event_handler+0xc2>
20000c96:	4b48      	ldr	r3, [pc, #288]	@ (20000db8 <dcd_event_handler+0x20c>)
20000c98:	781a      	ldrb	r2, [r3, #0]
20000c9a:	07d6      	lsls	r6, r2, #31
20000c9c:	d5d2      	bpl.n	20000c44 <dcd_event_handler+0x98>
20000c9e:	781a      	ldrb	r2, [r3, #0]
20000ca0:	f042 0204 	orr.w	r2, r2, #4
20000ca4:	701a      	strb	r2, [r3, #0]
20000ca6:	e79e      	b.n	20000be6 <dcd_event_handler+0x3a>
20000ca8:	4b43      	ldr	r3, [pc, #268]	@ (20000db8 <dcd_event_handler+0x20c>)
20000caa:	781a      	ldrb	r2, [r3, #0]
20000cac:	07d4      	lsls	r4, r2, #31
20000cae:	d5c9      	bpl.n	20000c44 <dcd_event_handler+0x98>
20000cb0:	781a      	ldrb	r2, [r3, #0]
20000cb2:	f022 0204 	bic.w	r2, r2, #4
20000cb6:	701a      	strb	r2, [r3, #0]
20000cb8:	e795      	b.n	20000be6 <dcd_event_handler+0x3a>
20000cba:	4c3f      	ldr	r4, [pc, #252]	@ (20000db8 <dcd_event_handler+0x20c>)
20000cbc:	7823      	ldrb	r3, [r4, #0]
20000cbe:	0758      	lsls	r0, r3, #29
20000cc0:	d43a      	bmi.n	20000d38 <dcd_event_handler+0x18c>
20000cc2:	78e3      	ldrb	r3, [r4, #3]
20000cc4:	07da      	lsls	r2, r3, #31
20000cc6:	d5bd      	bpl.n	20000c44 <dcd_event_handler+0x98>
20000cc8:	2303      	movs	r3, #3
20000cca:	2600      	movs	r6, #0
20000ccc:	4a3b      	ldr	r2, [pc, #236]	@ (20000dbc <dcd_event_handler+0x210>)
20000cce:	f899 1000 	ldrb.w	r1, [r9]
20000cd2:	6814      	ldr	r4, [r2, #0]
20000cd4:	f8d9 2004 	ldr.w	r2, [r9, #4]
20000cd8:	f88d 1004 	strb.w	r1, [sp, #4]
20000cdc:	f88d 3005 	strb.w	r3, [sp, #5]
20000ce0:	6963      	ldr	r3, [r4, #20]
20000ce2:	f8cd 6006 	str.w	r6, [sp, #6]
20000ce6:	f8cd 600a 	str.w	r6, [sp, #10]
20000cea:	f8ad 600e 	strh.w	r6, [sp, #14]
20000cee:	9202      	str	r2, [sp, #8]
20000cf0:	f3ef 8210 	mrs	r2, PRIMASK
20000cf4:	b672      	cpsid	i
20000cf6:	e8d3 0fcf 	ldaexb	r0, [r3]
20000cfa:	2101      	movs	r1, #1
20000cfc:	2800      	cmp	r0, #0
20000cfe:	d1fa      	bne.n	20000cf6 <dcd_event_handler+0x14a>
20000d00:	e8c3 1f40 	strexb	r0, r1, [r3]
20000d04:	2800      	cmp	r0, #0
20000d06:	d1f6      	bne.n	20000cf6 <dcd_event_handler+0x14a>
20000d08:	f3bf 8f5f 	dmb	sy
20000d0c:	4620      	mov	r0, r4
20000d0e:	61a2      	str	r2, [r4, #24]
20000d10:	a901      	add	r1, sp, #4
20000d12:	f000 fa31 	bl	20001178 <__tu_fifo_write_veneer>
20000d16:	6963      	ldr	r3, [r4, #20]
20000d18:	e8c3 6f8f 	stlb	r6, [r3]
20000d1c:	69a3      	ldr	r3, [r4, #24]
20000d1e:	f383 8810 	msr	PRIMASK, r3
20000d22:	2800      	cmp	r0, #0
20000d24:	f43f af7d 	beq.w	20000c22 <dcd_event_handler+0x76>
20000d28:	462a      	mov	r2, r5
20000d2a:	f89d 1005 	ldrb.w	r1, [sp, #5]
20000d2e:	f89d 0004 	ldrb.w	r0, [sp, #4]
20000d32:	f000 fa11 	bl	20001158 <__tud_event_hook_cb_veneer>
20000d36:	e785      	b.n	20000c44 <dcd_event_handler+0x98>
20000d38:	7823      	ldrb	r3, [r4, #0]
20000d3a:	2700      	movs	r7, #0
20000d3c:	f023 0304 	bic.w	r3, r3, #4
20000d40:	7023      	strb	r3, [r4, #0]
20000d42:	2305      	movs	r3, #5
20000d44:	4a1d      	ldr	r2, [pc, #116]	@ (20000dbc <dcd_event_handler+0x210>)
20000d46:	f88d 3005 	strb.w	r3, [sp, #5]
20000d4a:	6816      	ldr	r6, [r2, #0]
20000d4c:	f899 2000 	ldrb.w	r2, [r9]
20000d50:	f8ad 700e 	strh.w	r7, [sp, #14]
20000d54:	f88d 2004 	strb.w	r2, [sp, #4]
20000d58:	6973      	ldr	r3, [r6, #20]
20000d5a:	f8cd 7006 	str.w	r7, [sp, #6]
20000d5e:	f8cd 700a 	str.w	r7, [sp, #10]
20000d62:	f3ef 8210 	mrs	r2, PRIMASK
20000d66:	b672      	cpsid	i
20000d68:	e8d3 0fcf 	ldaexb	r0, [r3]
20000d6c:	2101      	movs	r1, #1
20000d6e:	2800      	cmp	r0, #0
20000d70:	d1fa      	bne.n	20000d68 <dcd_event_handler+0x1bc>
20000d72:	e8c3 1f40 	strexb	r0, r1, [r3]
20000d76:	2800      	cmp	r0, #0
20000d78:	d1f6      	bne.n	20000d68 <dcd_event_handler+0x1bc>
20000d7a:	f3bf 8f5f 	dmb	sy
20000d7e:	4630      	mov	r0, r6
20000d80:	61b2      	str	r2, [r6, #24]
20000d82:	a901      	add	r1, sp, #4
20000d84:	f000 f9f8 	bl	20001178 <__tu_fifo_write_veneer>
20000d88:	6973      	ldr	r3, [r6, #20]
20000d8a:	e8c3 7f8f 	stlb	r7, [r3]
20000d8e:	69b3      	ldr	r3, [r6, #24]
20000d90:	f383 8810 	msr	PRIMASK, r3
20000d94:	b938      	cbnz	r0, 20000da6 <dcd_event_handler+0x1fa>
20000d96:	f04f 23e0 	mov.w	r3, #3758153728	@ 0xe000e000
20000d9a:	f8d3 3df0 	ldr.w	r3, [r3, #3568]	@ 0xdf0
20000d9e:	07d9      	lsls	r1, r3, #31
20000da0:	d58f      	bpl.n	20000cc2 <dcd_event_handler+0x116>
20000da2:	be00      	bkpt	0x0000
20000da4:	e78d      	b.n	20000cc2 <dcd_event_handler+0x116>
20000da6:	462a      	mov	r2, r5
20000da8:	f89d 1005 	ldrb.w	r1, [sp, #5]
20000dac:	f89d 0004 	ldrb.w	r0, [sp, #4]
20000db0:	f000 f9d2 	bl	20001158 <__tud_event_hook_cb_veneer>
20000db4:	e785      	b.n	20000cc2 <dcd_event_handler+0x116>
20000db6:	bf00      	nop
20000db8:	20001580 	.word	0x20001580
20000dbc:	200015d8 	.word	0x200015d8
20000dc0:	20001e47 	.word	0x20001e47
20000dc4:	20001e45 	.word	0x20001e45
20000dc8:	200013b0 	.word	0x200013b0
20000dcc:	10006654 	.word	0x10006654

20000dd0 <__aeabi_uldivmod>:
20000dd0:	b953      	cbnz	r3, 20000de8 <__aeabi_uldivmod+0x18>
20000dd2:	b94a      	cbnz	r2, 20000de8 <__aeabi_uldivmod+0x18>
20000dd4:	2900      	cmp	r1, #0
20000dd6:	bf08      	it	eq
20000dd8:	2800      	cmpeq	r0, #0
20000dda:	bf1c      	itt	ne
20000ddc:	f04f 31ff 	movne.w	r1, #4294967295
20000de0:	f04f 30ff 	movne.w	r0, #4294967295
20000de4:	f000 b9b2 	b.w	2000114c <__aeabi_idiv0>
20000de8:	f1ad 0c08 	sub.w	ip, sp, #8
20000dec:	e96d ce04 	strd	ip, lr, [sp, #-16]!
20000df0:	f000 f806 	bl	20000e00 <__udivmoddi4>
20000df4:	f8dd e004 	ldr.w	lr, [sp, #4]
20000df8:	e9dd 2302 	ldrd	r2, r3, [sp, #8]
20000dfc:	b004      	add	sp, #16
20000dfe:	4770      	bx	lr

20000e00 <__udivmoddi4>:
20000e00:	e92d 4ff0 	stmdb	sp!, {r4, r5, r6, r7, r8, r9, sl, fp, lr}
20000e04:	468c      	mov	ip, r1
20000e06:	9e09      	ldr	r6, [sp, #36]	@ 0x24
20000e08:	4604      	mov	r4, r0
20000e0a:	460f      	mov	r7, r1
20000e0c:	2b00      	cmp	r3, #0
20000e0e:	d148      	bne.n	20000ea2 <__udivmoddi4+0xa2>
20000e10:	428a      	cmp	r2, r1
20000e12:	4615      	mov	r5, r2
20000e14:	d95e      	bls.n	20000ed4 <__udivmoddi4+0xd4>
20000e16:	fab2 f382 	clz	r3, r2
20000e1a:	b13b      	cbz	r3, 20000e2c <__udivmoddi4+0x2c>
20000e1c:	f1c3 0220 	rsb	r2, r3, #32
20000e20:	409f      	lsls	r7, r3
20000e22:	409d      	lsls	r5, r3
20000e24:	409c      	lsls	r4, r3
20000e26:	fa20 f202 	lsr.w	r2, r0, r2
20000e2a:	4317      	orrs	r7, r2
20000e2c:	ea4f 4e15 	mov.w	lr, r5, lsr #16
20000e30:	fa1f fc85 	uxth.w	ip, r5
20000e34:	0c22      	lsrs	r2, r4, #16
20000e36:	fbb7 f1fe 	udiv	r1, r7, lr
20000e3a:	fb0e 7711 	mls	r7, lr, r1, r7
20000e3e:	fb01 f00c 	mul.w	r0, r1, ip
20000e42:	ea42 4207 	orr.w	r2, r2, r7, lsl #16
20000e46:	4290      	cmp	r0, r2
20000e48:	d907      	bls.n	20000e5a <__udivmoddi4+0x5a>
20000e4a:	18aa      	adds	r2, r5, r2
20000e4c:	f101 37ff 	add.w	r7, r1, #4294967295
20000e50:	d202      	bcs.n	20000e58 <__udivmoddi4+0x58>
20000e52:	4290      	cmp	r0, r2
20000e54:	f200 8158 	bhi.w	20001108 <__udivmoddi4+0x308>
20000e58:	4639      	mov	r1, r7
20000e5a:	1a12      	subs	r2, r2, r0
20000e5c:	b2a4      	uxth	r4, r4
20000e5e:	fbb2 f0fe 	udiv	r0, r2, lr
20000e62:	fb0e 2210 	mls	r2, lr, r0, r2
20000e66:	fb00 fc0c 	mul.w	ip, r0, ip
20000e6a:	ea44 4402 	orr.w	r4, r4, r2, lsl #16
20000e6e:	45a4      	cmp	ip, r4
20000e70:	d90b      	bls.n	20000e8a <__udivmoddi4+0x8a>
20000e72:	192c      	adds	r4, r5, r4
20000e74:	f100 32ff 	add.w	r2, r0, #4294967295
20000e78:	bf2c      	ite	cs
20000e7a:	2701      	movcs	r7, #1
20000e7c:	2700      	movcc	r7, #0
20000e7e:	45a4      	cmp	ip, r4
20000e80:	d902      	bls.n	20000e88 <__udivmoddi4+0x88>
20000e82:	2f00      	cmp	r7, #0
20000e84:	f000 8143 	beq.w	2000110e <__udivmoddi4+0x30e>
20000e88:	4610      	mov	r0, r2
20000e8a:	ea40 4001 	orr.w	r0, r0, r1, lsl #16
20000e8e:	eba4 040c 	sub.w	r4, r4, ip
20000e92:	2100      	movs	r1, #0
20000e94:	b11e      	cbz	r6, 20000e9e <__udivmoddi4+0x9e>
20000e96:	40dc      	lsrs	r4, r3
20000e98:	2300      	movs	r3, #0
20000e9a:	e9c6 4300 	strd	r4, r3, [r6]
20000e9e:	e8bd 8ff0 	ldmia.w	sp!, {r4, r5, r6, r7, r8, r9, sl, fp, pc}
20000ea2:	428b      	cmp	r3, r1
20000ea4:	d906      	bls.n	20000eb4 <__udivmoddi4+0xb4>
20000ea6:	b10e      	cbz	r6, 20000eac <__udivmoddi4+0xac>
20000ea8:	e9c6 0100 	strd	r0, r1, [r6]
20000eac:	2100      	movs	r1, #0
20000eae:	4608      	mov	r0, r1
20000eb0:	e8bd 8ff0 	ldmia.w	sp!, {r4, r5, r6, r7, r8, r9, sl, fp, pc}
20000eb4:	fab3 f183 	clz	r1, r3
20000eb8:	2900      	cmp	r1, #0
20000eba:	d151      	bne.n	20000f60 <__udivmoddi4+0x160>
20000ebc:	4563      	cmp	r3, ip
20000ebe:	f0c0 8116 	bcc.w	200010ee <__udivmoddi4+0x2ee>
20000ec2:	4282      	cmp	r2, r0
20000ec4:	f240 8113 	bls.w	200010ee <__udivmoddi4+0x2ee>
20000ec8:	4608      	mov	r0, r1
20000eca:	2e00      	cmp	r6, #0
20000ecc:	d0e7      	beq.n	20000e9e <__udivmoddi4+0x9e>
20000ece:	e9c6 4700 	strd	r4, r7, [r6]
20000ed2:	e7e4      	b.n	20000e9e <__udivmoddi4+0x9e>
20000ed4:	2a00      	cmp	r2, #0
20000ed6:	f000 80af 	beq.w	20001038 <__udivmoddi4+0x238>
20000eda:	fab2 f382 	clz	r3, r2
20000ede:	2b00      	cmp	r3, #0
20000ee0:	f040 80c2 	bne.w	20001068 <__udivmoddi4+0x268>
20000ee4:	1a8a      	subs	r2, r1, r2
20000ee6:	ea4f 4e15 	mov.w	lr, r5, lsr #16
20000eea:	b2af      	uxth	r7, r5
20000eec:	2101      	movs	r1, #1
20000eee:	0c20      	lsrs	r0, r4, #16
20000ef0:	fbb2 fcfe 	udiv	ip, r2, lr
20000ef4:	fb0e 221c 	mls	r2, lr, ip, r2
20000ef8:	ea40 4202 	orr.w	r2, r0, r2, lsl #16
20000efc:	fb07 f00c 	mul.w	r0, r7, ip
20000f00:	4290      	cmp	r0, r2
20000f02:	d90e      	bls.n	20000f22 <__udivmoddi4+0x122>
20000f04:	18aa      	adds	r2, r5, r2
20000f06:	f10c 38ff 	add.w	r8, ip, #4294967295
20000f0a:	bf2c      	ite	cs
20000f0c:	f04f 0901 	movcs.w	r9, #1
20000f10:	f04f 0900 	movcc.w	r9, #0
20000f14:	4290      	cmp	r0, r2
20000f16:	d903      	bls.n	20000f20 <__udivmoddi4+0x120>
20000f18:	f1b9 0f00 	cmp.w	r9, #0
20000f1c:	f000 80f0 	beq.w	20001100 <__udivmoddi4+0x300>
20000f20:	46c4      	mov	ip, r8
20000f22:	1a12      	subs	r2, r2, r0
20000f24:	b2a4      	uxth	r4, r4
20000f26:	fbb2 f0fe 	udiv	r0, r2, lr
20000f2a:	fb0e 2210 	mls	r2, lr, r0, r2
20000f2e:	fb00 f707 	mul.w	r7, r0, r7
20000f32:	ea44 4402 	orr.w	r4, r4, r2, lsl #16
20000f36:	42a7      	cmp	r7, r4
20000f38:	d90e      	bls.n	20000f58 <__udivmoddi4+0x158>
20000f3a:	192c      	adds	r4, r5, r4
20000f3c:	f100 32ff 	add.w	r2, r0, #4294967295
20000f40:	bf2c      	ite	cs
20000f42:	f04f 0e01 	movcs.w	lr, #1
20000f46:	f04f 0e00 	movcc.w	lr, #0
20000f4a:	42a7      	cmp	r7, r4
20000f4c:	d903      	bls.n	20000f56 <__udivmoddi4+0x156>
20000f4e:	f1be 0f00 	cmp.w	lr, #0
20000f52:	f000 80d2 	beq.w	200010fa <__udivmoddi4+0x2fa>
20000f56:	4610      	mov	r0, r2
20000f58:	1be4      	subs	r4, r4, r7
20000f5a:	ea40 400c 	orr.w	r0, r0, ip, lsl #16
20000f5e:	e799      	b.n	20000e94 <__udivmoddi4+0x94>
20000f60:	f1c1 0520 	rsb	r5, r1, #32
20000f64:	408b      	lsls	r3, r1
20000f66:	fa0c f401 	lsl.w	r4, ip, r1
20000f6a:	fa00 f901 	lsl.w	r9, r0, r1
20000f6e:	fa22 f705 	lsr.w	r7, r2, r5
20000f72:	fa2c fc05 	lsr.w	ip, ip, r5
20000f76:	408a      	lsls	r2, r1
20000f78:	431f      	orrs	r7, r3
20000f7a:	fa20 f305 	lsr.w	r3, r0, r5
20000f7e:	0c38      	lsrs	r0, r7, #16
20000f80:	4323      	orrs	r3, r4
20000f82:	fa1f fe87 	uxth.w	lr, r7
20000f86:	0c1c      	lsrs	r4, r3, #16
20000f88:	fbbc f8f0 	udiv	r8, ip, r0
20000f8c:	fb00 cc18 	mls	ip, r0, r8, ip
20000f90:	ea44 440c 	orr.w	r4, r4, ip, lsl #16
20000f94:	fb08 fc0e 	mul.w	ip, r8, lr
20000f98:	45a4      	cmp	ip, r4
20000f9a:	d90e      	bls.n	20000fba <__udivmoddi4+0x1ba>
20000f9c:	193c      	adds	r4, r7, r4
20000f9e:	f108 3aff 	add.w	sl, r8, #4294967295
20000fa2:	bf2c      	ite	cs
20000fa4:	f04f 0b01 	movcs.w	fp, #1
20000fa8:	f04f 0b00 	movcc.w	fp, #0
20000fac:	45a4      	cmp	ip, r4
20000fae:	d903      	bls.n	20000fb8 <__udivmoddi4+0x1b8>
20000fb0:	f1bb 0f00 	cmp.w	fp, #0
20000fb4:	f000 80b8 	beq.w	20001128 <__udivmoddi4+0x328>
20000fb8:	46d0      	mov	r8, sl
20000fba:	eba4 040c 	sub.w	r4, r4, ip
20000fbe:	fa1f fc83 	uxth.w	ip, r3
20000fc2:	fbb4 f3f0 	udiv	r3, r4, r0
20000fc6:	fb00 4413 	mls	r4, r0, r3, r4
20000fca:	fb03 fe0e 	mul.w	lr, r3, lr
20000fce:	ea4c 4404 	orr.w	r4, ip, r4, lsl #16
20000fd2:	45a6      	cmp	lr, r4
20000fd4:	d90e      	bls.n	20000ff4 <__udivmoddi4+0x1f4>
20000fd6:	193c      	adds	r4, r7, r4
20000fd8:	f103 30ff 	add.w	r0, r3, #4294967295
20000fdc:	bf2c      	ite	cs
20000fde:	f04f 0c01 	movcs.w	ip, #1
20000fe2:	f04f 0c00 	movcc.w	ip, #0
20000fe6:	45a6      	cmp	lr, r4
20000fe8:	d903      	bls.n	20000ff2 <__udivmoddi4+0x1f2>
20000fea:	f1bc 0f00 	cmp.w	ip, #0
20000fee:	f000 809f 	beq.w	20001130 <__udivmoddi4+0x330>
20000ff2:	4603      	mov	r3, r0
20000ff4:	ea43 4008 	orr.w	r0, r3, r8, lsl #16
20000ff8:	eba4 040e 	sub.w	r4, r4, lr
20000ffc:	fba0 ec02 	umull	lr, ip, r0, r2
20001000:	4564      	cmp	r4, ip
20001002:	4673      	mov	r3, lr
20001004:	46e0      	mov	r8, ip
20001006:	d302      	bcc.n	2000100e <__udivmoddi4+0x20e>
20001008:	d107      	bne.n	2000101a <__udivmoddi4+0x21a>
2000100a:	45f1      	cmp	r9, lr
2000100c:	d205      	bcs.n	2000101a <__udivmoddi4+0x21a>
2000100e:	ebbe 0302 	subs.w	r3, lr, r2
20001012:	eb6c 0c07 	sbc.w	ip, ip, r7
20001016:	3801      	subs	r0, #1
20001018:	46e0      	mov	r8, ip
2000101a:	b15e      	cbz	r6, 20001034 <__udivmoddi4+0x234>
2000101c:	ebb9 0203 	subs.w	r2, r9, r3
20001020:	eb64 0408 	sbc.w	r4, r4, r8
20001024:	fa04 f505 	lsl.w	r5, r4, r5
20001028:	fa22 f301 	lsr.w	r3, r2, r1
2000102c:	40cc      	lsrs	r4, r1
2000102e:	431d      	orrs	r5, r3
20001030:	e9c6 5400 	strd	r5, r4, [r6]
20001034:	2100      	movs	r1, #0
20001036:	e732      	b.n	20000e9e <__udivmoddi4+0x9e>
20001038:	0842      	lsrs	r2, r0, #1
2000103a:	462f      	mov	r7, r5
2000103c:	084b      	lsrs	r3, r1, #1
2000103e:	46ac      	mov	ip, r5
20001040:	ea42 72c1 	orr.w	r2, r2, r1, lsl #31
20001044:	46ae      	mov	lr, r5
20001046:	07c4      	lsls	r4, r0, #31
20001048:	0c11      	lsrs	r1, r2, #16
2000104a:	b292      	uxth	r2, r2
2000104c:	ea41 4103 	orr.w	r1, r1, r3, lsl #16
20001050:	ea42 4201 	orr.w	r2, r2, r1, lsl #16
20001054:	fbb1 f1f5 	udiv	r1, r1, r5
20001058:	fbb3 f0f5 	udiv	r0, r3, r5
2000105c:	231f      	movs	r3, #31
2000105e:	eba2 020c 	sub.w	r2, r2, ip
20001062:	ea41 4100 	orr.w	r1, r1, r0, lsl #16
20001066:	e742      	b.n	20000eee <__udivmoddi4+0xee>
20001068:	409d      	lsls	r5, r3
2000106a:	f1c3 0220 	rsb	r2, r3, #32
2000106e:	4099      	lsls	r1, r3
20001070:	409c      	lsls	r4, r3
20001072:	fa2c fc02 	lsr.w	ip, ip, r2
20001076:	ea4f 4e15 	mov.w	lr, r5, lsr #16
2000107a:	fa20 f202 	lsr.w	r2, r0, r2
2000107e:	b2af      	uxth	r7, r5
20001080:	fbbc f8fe 	udiv	r8, ip, lr
20001084:	430a      	orrs	r2, r1
20001086:	fb0e cc18 	mls	ip, lr, r8, ip
2000108a:	0c11      	lsrs	r1, r2, #16
2000108c:	ea41 410c 	orr.w	r1, r1, ip, lsl #16
20001090:	fb08 fc07 	mul.w	ip, r8, r7
20001094:	458c      	cmp	ip, r1
20001096:	d950      	bls.n	2000113a <__udivmoddi4+0x33a>
20001098:	1869      	adds	r1, r5, r1
2000109a:	f108 30ff 	add.w	r0, r8, #4294967295
2000109e:	bf2c      	ite	cs
200010a0:	f04f 0901 	movcs.w	r9, #1
200010a4:	f04f 0900 	movcc.w	r9, #0
200010a8:	458c      	cmp	ip, r1
200010aa:	d902      	bls.n	200010b2 <__udivmoddi4+0x2b2>
200010ac:	f1b9 0f00 	cmp.w	r9, #0
200010b0:	d030      	beq.n	20001114 <__udivmoddi4+0x314>
200010b2:	eba1 010c 	sub.w	r1, r1, ip
200010b6:	fbb1 f8fe 	udiv	r8, r1, lr
200010ba:	fb08 fc07 	mul.w	ip, r8, r7
200010be:	fb0e 1118 	mls	r1, lr, r8, r1
200010c2:	b292      	uxth	r2, r2
200010c4:	ea42 4201 	orr.w	r2, r2, r1, lsl #16
200010c8:	4562      	cmp	r2, ip
200010ca:	d234      	bcs.n	20001136 <__udivmoddi4+0x336>
200010cc:	18aa      	adds	r2, r5, r2
200010ce:	f108 31ff 	add.w	r1, r8, #4294967295
200010d2:	bf2c      	ite	cs
200010d4:	f04f 0901 	movcs.w	r9, #1
200010d8:	f04f 0900 	movcc.w	r9, #0
200010dc:	4562      	cmp	r2, ip
200010de:	d2be      	bcs.n	2000105e <__udivmoddi4+0x25e>
200010e0:	f1b9 0f00 	cmp.w	r9, #0
200010e4:	d1bb      	bne.n	2000105e <__udivmoddi4+0x25e>
200010e6:	f1a8 0102 	sub.w	r1, r8, #2
200010ea:	442a      	add	r2, r5
200010ec:	e7b7      	b.n	2000105e <__udivmoddi4+0x25e>
200010ee:	1a84      	subs	r4, r0, r2
200010f0:	eb6c 0203 	sbc.w	r2, ip, r3
200010f4:	2001      	movs	r0, #1
200010f6:	4617      	mov	r7, r2
200010f8:	e6e7      	b.n	20000eca <__udivmoddi4+0xca>
200010fa:	442c      	add	r4, r5
200010fc:	3802      	subs	r0, #2
200010fe:	e72b      	b.n	20000f58 <__udivmoddi4+0x158>
20001100:	f1ac 0c02 	sub.w	ip, ip, #2
20001104:	442a      	add	r2, r5
20001106:	e70c      	b.n	20000f22 <__udivmoddi4+0x122>
20001108:	3902      	subs	r1, #2
2000110a:	442a      	add	r2, r5
2000110c:	e6a5      	b.n	20000e5a <__udivmoddi4+0x5a>
2000110e:	442c      	add	r4, r5
20001110:	3802      	subs	r0, #2
20001112:	e6ba      	b.n	20000e8a <__udivmoddi4+0x8a>
20001114:	eba5 0c0c 	sub.w	ip, r5, ip
20001118:	f1a8 0002 	sub.w	r0, r8, #2
2000111c:	4461      	add	r1, ip
2000111e:	fbb1 f8fe 	udiv	r8, r1, lr
20001122:	fb08 fc07 	mul.w	ip, r8, r7
20001126:	e7ca      	b.n	200010be <__udivmoddi4+0x2be>
20001128:	f1a8 0802 	sub.w	r8, r8, #2
2000112c:	443c      	add	r4, r7
2000112e:	e744      	b.n	20000fba <__udivmoddi4+0x1ba>
20001130:	3b02      	subs	r3, #2
20001132:	443c      	add	r4, r7
20001134:	e75e      	b.n	20000ff4 <__udivmoddi4+0x1f4>
20001136:	4641      	mov	r1, r8
20001138:	e791      	b.n	2000105e <__udivmoddi4+0x25e>
2000113a:	eba1 010c 	sub.w	r1, r1, ip
2000113e:	4640      	mov	r0, r8
20001140:	fbb1 f8fe 	udiv	r8, r1, lr
20001144:	fb08 fc07 	mul.w	ip, r8, r7
20001148:	e7b9      	b.n	200010be <__udivmoddi4+0x2be>
2000114a:	bf00      	nop

2000114c <__aeabi_idiv0>:
2000114c:	4770      	bx	lr
2000114e:	bf00      	nop

20001150 <__time_us_64_veneer>:
20001150:	f85f f000 	ldr.w	pc, [pc]	@ 20001154 <__time_us_64_veneer+0x4>
20001154:	100015a5 	.word	0x100015a5

20001158 <__tud_event_hook_cb_veneer>:
20001158:	f85f f000 	ldr.w	pc, [pc]	@ 2000115c <__tud_event_hook_cb_veneer+0x4>
2000115c:	1000434d 	.word	0x1000434d

20001160 <__memset_veneer>:
20001160:	f85f f000 	ldr.w	pc, [pc]	@ 20001164 <__memset_veneer+0x4>
20001164:	10005f99 	.word	0x10005f99

20001168 <__best_effort_wfe_or_timeout_veneer>:
20001168:	f85f f000 	ldr.w	pc, [pc]	@ 2000116c <__best_effort_wfe_or_timeout_veneer+0x4>
2000116c:	1000149d 	.word	0x1000149d

20001170 <__panic_veneer>:
20001170:	f85f f000 	ldr.w	pc, [pc]	@ 20001174 <__panic_veneer+0x4>
20001174:	1000076d 	.word	0x1000076d

20001178 <__tu_fifo_write_veneer>:
20001178:	f85f f000 	ldr.w	pc, [pc]	@ 2000117c <__tu_fifo_write_veneer+0x4>
2000117c:	10005d25 	.word	0x10005d25

20001180 <striped_spin_lock_num>:
20001180:	00000010                                ....

20001184 <irq_handler_chain_slots>:
20001184:	00000000 	.word	0x00000000
20001188:	00010000 	.word	0x00010000
	...
20001194:	00020000 	.word	0x00020000
	...
200011a0:	00030000 	.word	0x00030000
	...
200011ac:	00ff0000 	.word	0x00ff0000
200011b0:	00000000 	.word	0x00000000

200011b4 <irq_handler_chain_first_slot>:
200011b4:	b501      	push	{r0, lr}
200011b6:	6848      	ldr	r0, [r1, #4]
200011b8:	3101      	adds	r1, #1
200011ba:	468e      	mov	lr, r1
200011bc:	4700      	bx	r0

200011be <irq_handler_chain_remove_tail>:
200011be:	4670      	mov	r0, lr
200011c0:	3809      	subs	r0, #9
200011c2:	4901      	ldr	r1, [pc, #4]	@ (200011c8 <irq_handler_chain_remove_tail+0xa>)
200011c4:	4788      	blx	r1
200011c6:	bd01      	pop	{r0, pc}
200011c8:	10000be1 	.word	0x10000be1

200011cc <default_alarm_pool>:
	...
200011e0:	20001228                                (.. 

200011e4 <stdio_usb>:
200011e4:	10003af9 10003aa5 10003a1d 1000398d     .:...:...:...9..
200011f4:	00000000 00000100                       ........

200011fc <_usbd_qdef>:
200011fc:	200015dc 000c0010 00000000 00000000     ... ............
	...

20001218 <_usbd_rhport>:
20001218:	000000ff                                ....

2000121c <print_mutex>:
	...
