
C:/Users/User/ARINC_SPI/build/slave_spi.elf:     file format elf32-littlearm

Sections:
Idx Name          Size      VMA       LMA       File off  Algn
  0 .text         000062f0  10000000  10000000  00001000  2**3
                  CONTENTS, ALLOC, LOAD, READONLY, CODE
  1 .rodata       000004d4  100062f0  100062f0  000072f0  2**3
                  CONTENTS, ALLOC, LOAD, READONLY, DATA
  2 .ARM.exidx    00000008  100067c4  100067c4  000077c4  2**2
                  CONTENTS, ALLOC, LOAD, READONLY, DATA
  3 .binary_info  00000020  100067cc  100067cc  000077cc  2**2
                  CONTENTS, ALLOC, LOAD, READONLY, DATA
  4 .ram_vector_table 00000110  20000000  20000000  0000a000  2**2
                  ALLOC
  5 .uninitialized_data 00000000  20000110  20000110  00009914  2**0
                  CONTENTS
  6 .data         00001114  20000110  100067ec  00008110  2**3
                  CONTENTS, ALLOC, LOAD, READONLY, CODE
  7 .tdata        00000000  20001224  20001224  00009914  2**0
                  CONTENTS, ALLOC, LOAD, DATA, THREAD_LOCAL
  8 .tbss         00000000  20001224  20001224  00000000  2**0
                  ALLOC, THREAD_LOCAL
  9 .bss          00000c28  20001228  10007900  0000a228  2**3
                  ALLOC
 10 .heap         00000800  20001e50  10007900  00009e50  2**2
                  ALLOC, READONLY
 11 .scratch_x    00000000  20080000  20080000  00009914  2**0
                  CONTENTS
 12 .scratch_y    00000000  20081000  20081000  00009914  2**0
                  CONTENTS
 13 .stack_dummy  00000800  20081000  20081000  0000a000  2**5
                  ALLOC, READONLY
 14 .flash_end    00000014  10007900  10007900  00009900  2**2
                  CONTENTS, ALLOC, LOAD, READONLY, DATA
 15 .ARM.attributes 00000034  00000000  00000000  00009914  2**0
                  CONTENTS, READONLY
 16 .comment      00000045  00000000  00000000  00009948  2**0
                  CONTENTS, READONLY
 17 .debug_info   000361be  00000000  00000000  0000998d  2**0
                  CONTENTS, READONLY, DEBUGGING, OCTETS
 18 .debug_abbrev 00009191  00000000  00000000  0003fb4b  2**0
                  CONTENTS, READONLY, DEBUGGING, OCTETS
 19 .debug_loclists 0001ac2c  00000000  00000000  00048cdc  2**0
                  CONTENTS, READONLY, DEBUGGING, OCTETS
 20 .debug_aranges 00001350  00000000  00000000  00063908  2**3
                  CONTENTS, READONLY, DEBUGGING, OCTETS
 21 .debug_rnglists 000049de  00000000  00000000  00064c58  2**0
                  CONTENTS, READONLY, DEBUGGING, OCTETS
 22 .debug_line   000222fa  00000000  00000000  00069636  2**0
                  CONTENTS, READONLY, DEBUGGING, OCTETS
 23 .debug_str    0000912e  00000000  00000000  0008b930  2**0
                  CONTENTS, READONLY, DEBUGGING, OCTETS
 24 .debug_frame  00003360  00000000  00000000  00094a60  2**2
                  CONTENTS, READONLY, DEBUGGING, OCTETS
 25 .debug_line_str 00000274  00000000  00000000  00097dc0  2**0
                  CONTENTS, READONLY, DEBUGGING, OCTETS

C:/Users/User/ARINC_SPI/build/slave_spi.elf:     file format elf32-littlearm


Disassembly of section .text:

10000000 <__VECTOR_TABLE>:
10000000:	20082000 	.word	0x20082000
10000004:	1000015d 	.word	0x1000015d
10000008:	1000011b 	.word	0x1000011b
1000000c:	1000011d 	.word	0x1000011d
10000010:	10000111 	.word	0x10000111
10000014:	10000111 	.word	0x10000111
10000018:	10000111 	.word	0x10000111
1000001c:	10000111 	.word	0x10000111
10000020:	10000119 	.word	0x10000119
10000024:	10000119 	.word	0x10000119
10000028:	10000119 	.word	0x10000119
1000002c:	1000011f 	.word	0x1000011f
10000030:	10000111 	.word	0x10000111
10000034:	10000119 	.word	0x10000119
10000038:	10000121 	.word	0x10000121
1000003c:	10000123 	.word	0x10000123
10000040:	10000111 	.word	0x10000111
10000044:	10000111 	.word	0x10000111
10000048:	10000111 	.word	0x10000111
1000004c:	10000111 	.word	0x10000111
10000050:	10000111 	.word	0x10000111
10000054:	10000111 	.word	0x10000111
10000058:	10000111 	.word	0x10000111
1000005c:	10000111 	.word	0x10000111
10000060:	10000111 	.word	0x10000111
10000064:	10000111 	.word	0x10000111
10000068:	10000111 	.word	0x10000111
1000006c:	10000111 	.word	0x10000111
10000070:	10000111 	.word	0x10000111
10000074:	10000111 	.word	0x10000111
10000078:	10000111 	.word	0x10000111
1000007c:	10000111 	.word	0x10000111
10000080:	10000111 	.word	0x10000111
10000084:	10000111 	.word	0x10000111
10000088:	10000111 	.word	0x10000111
1000008c:	10000111 	.word	0x10000111
10000090:	10000111 	.word	0x10000111
10000094:	10000111 	.word	0x10000111
10000098:	10000111 	.word	0x10000111
1000009c:	10000111 	.word	0x10000111
100000a0:	10000111 	.word	0x10000111
100000a4:	10000111 	.word	0x10000111
100000a8:	10000111 	.word	0x10000111
100000ac:	10000111 	.word	0x10000111
100000b0:	10000111 	.word	0x10000111
100000b4:	10000111 	.word	0x10000111
100000b8:	10000111 	.word	0x10000111
100000bc:	10000111 	.word	0x10000111
100000c0:	10000111 	.word	0x10000111
100000c4:	10000111 	.word	0x10000111
100000c8:	10000111 	.word	0x10000111
100000cc:	10000111 	.word	0x10000111
100000d0:	10000111 	.word	0x10000111
100000d4:	10000111 	.word	0x10000111
100000d8:	10000111 	.word	0x10000111
100000dc:	10000111 	.word	0x10000111
100000e0:	10000111 	.word	0x10000111
100000e4:	10000111 	.word	0x10000111
100000e8:	10000111 	.word	0x10000111
100000ec:	10000111 	.word	0x10000111
100000f0:	10000111 	.word	0x10000111
100000f4:	10000111 	.word	0x10000111
100000f8:	10000111 	.word	0x10000111
100000fc:	10000111 	.word	0x10000111
10000100:	10000111 	.word	0x10000111
10000104:	10000111 	.word	0x10000111
10000108:	10000111 	.word	0x10000111
1000010c:	10000111 	.word	0x10000111

10000110 <__unhandled_user_irq>:
10000110:	f3ef 8005 	mrs	r0, IPSR
10000114:	3810      	subs	r0, #16

10000116 <unhandled_user_irq_num_in_r0>:
10000116:	be00      	bkpt	0x0000

10000118 <isr_invalid>:
10000118:	be00      	bkpt	0x0000

1000011a <isr_nmi>:
1000011a:	be00      	bkpt	0x0000

1000011c <isr_hardfault>:
1000011c:	be00      	bkpt	0x0000

1000011e <isr_svcall>:
1000011e:	be00      	bkpt	0x0000

10000120 <isr_pendsv>:
10000120:	be00      	bkpt	0x0000

10000122 <isr_systick>:
10000122:	be00      	bkpt	0x0000

10000124 <__default_isrs_end>:
10000124:	7188ebf2 	.word	0x7188ebf2
10000128:	100067cc 	.word	0x100067cc
1000012c:	100067ec 	.word	0x100067ec
10000130:	100001a0 	.word	0x100001a0
10000134:	e71aa390 	.word	0xe71aa390

10000138 <__binary_info_header_end>:
10000138:	ffffded3 	.word	0xffffded3
1000013c:	10210142 	.word	0x10210142
10000140:	000001ff 	.word	0x000001ff
10000144:	000077c8 	.word	0x000077c8
10000148:	ab123579 	.word	0xab123579

1000014c <_entry_point>:
1000014c:	f04f 0000 	mov.w	r0, #0

10000150 <_enter_vtable_in_r0>:
10000150:	491e      	ldr	r1, [pc, #120]	@ (100001cc <data_cpy_table+0x2c>)
10000152:	6008      	str	r0, [r1, #0]
10000154:	c806      	ldmia	r0!, {r1, r2}
10000156:	f381 8808 	msr	MSP, r1
1000015a:	4710      	bx	r2

1000015c <_reset_handler>:
1000015c:	f04f 4050 	mov.w	r0, #3489660928	@ 0xd0000000
10000160:	6800      	ldr	r0, [r0, #0]
10000162:	b110      	cbz	r0, 1000016a <hold_non_core0_in_bootrom+0x6>

10000164 <hold_non_core0_in_bootrom>:
10000164:	f04f 0000 	mov.w	r0, #0
10000168:	e7f2      	b.n	10000150 <_enter_vtable_in_r0>
1000016a:	a40d      	add	r4, pc, #52	@ (adr r4, 100001a0 <data_cpy_table>)
1000016c:	cc0e      	ldmia	r4!, {r1, r2, r3}
1000016e:	2900      	cmp	r1, #0
10000170:	d002      	beq.n	10000178 <hold_non_core0_in_bootrom+0x14>
10000172:	f000 f812 	bl	1000019a <data_cpy>
10000176:	e7f9      	b.n	1000016c <hold_non_core0_in_bootrom+0x8>
10000178:	4915      	ldr	r1, [pc, #84]	@ (100001d0 <data_cpy_table+0x30>)
1000017a:	4a16      	ldr	r2, [pc, #88]	@ (100001d4 <data_cpy_table+0x34>)
1000017c:	2000      	movs	r0, #0
1000017e:	e000      	b.n	10000182 <bss_fill_test>

10000180 <bss_fill_loop>:
10000180:	c101      	stmia	r1!, {r0}

10000182 <bss_fill_test>:
10000182:	4291      	cmp	r1, r2
10000184:	d1fc      	bne.n	10000180 <bss_fill_loop>

10000186 <platform_entry>:
10000186:	4914      	ldr	r1, [pc, #80]	@ (100001d8 <data_cpy_table+0x38>)
10000188:	4788      	blx	r1
1000018a:	4914      	ldr	r1, [pc, #80]	@ (100001dc <data_cpy_table+0x3c>)
1000018c:	4788      	blx	r1
1000018e:	4914      	ldr	r1, [pc, #80]	@ (100001e0 <data_cpy_table+0x40>)
10000190:	4788      	blx	r1
10000192:	be00      	bkpt	0x0000
10000194:	e7fd      	b.n	10000192 <platform_entry+0xc>

10000196 <data_cpy_loop>:
10000196:	c901      	ldmia	r1!, {r0}
10000198:	c201      	stmia	r2!, {r0}

1000019a <data_cpy>:
1000019a:	429a      	cmp	r2, r3
1000019c:	d3fb      	bcc.n	10000196 <data_cpy_loop>
1000019e:	4770      	bx	lr

100001a0 <data_cpy_table>:
100001a0:	100067ec 	.word	0x100067ec
100001a4:	20000110 	.word	0x20000110
100001a8:	20001224 	.word	0x20001224
100001ac:	10007900 	.word	0x10007900
100001b0:	20080000 	.word	0x20080000
100001b4:	20080000 	.word	0x20080000
100001b8:	10007900 	.word	0x10007900
100001bc:	20081000 	.word	0x20081000
100001c0:	20081000 	.word	0x20081000
100001c4:	00000000 	.word	0x00000000
100001c8:	4770      	bx	lr
100001ca:	0000      	.short	0x0000
100001cc:	e000ed08 	.word	0xe000ed08
100001d0:	20001224 	.word	0x20001224
100001d4:	20001e50 	.word	0x20001e50
100001d8:	1000358d 	.word	0x1000358d
100001dc:	10000235 	.word	0x10000235
100001e0:	10003585 	.word	0x10003585

100001e4 <_init>:
100001e4:	b5f8      	push	{r3, r4, r5, r6, r7, lr}
100001e6:	bf00      	nop

100001e8 <register_tm_clones>:
100001e8:	4b06      	ldr	r3, [pc, #24]	@ (10000204 <register_tm_clones+0x1c>)
100001ea:	4907      	ldr	r1, [pc, #28]	@ (10000208 <register_tm_clones+0x20>)
100001ec:	1ac9      	subs	r1, r1, r3
100001ee:	1089      	asrs	r1, r1, #2
100001f0:	bf48      	it	mi
100001f2:	3101      	addmi	r1, #1
100001f4:	1049      	asrs	r1, r1, #1
100001f6:	d003      	beq.n	10000200 <register_tm_clones+0x18>
100001f8:	4b04      	ldr	r3, [pc, #16]	@ (1000020c <register_tm_clones+0x24>)
100001fa:	b10b      	cbz	r3, 10000200 <register_tm_clones+0x18>
100001fc:	4801      	ldr	r0, [pc, #4]	@ (10000204 <register_tm_clones+0x1c>)
100001fe:	4718      	bx	r3
10000200:	4770      	bx	lr
10000202:	bf00      	nop
10000204:	20001224 	.word	0x20001224
10000208:	20001224 	.word	0x20001224
1000020c:	00000000 	.word	0x00000000

10000210 <frame_dummy>:
10000210:	b508      	push	{r3, lr}
10000212:	4b05      	ldr	r3, [pc, #20]	@ (10000228 <frame_dummy+0x18>)
10000214:	b11b      	cbz	r3, 1000021e <frame_dummy+0xe>
10000216:	4905      	ldr	r1, [pc, #20]	@ (1000022c <frame_dummy+0x1c>)
10000218:	4805      	ldr	r0, [pc, #20]	@ (10000230 <frame_dummy+0x20>)
1000021a:	f3af 8000 	nop.w
1000021e:	e8bd 4008 	ldmia.w	sp!, {r3, lr}
10000222:	f7ff bfe1 	b.w	100001e8 <register_tm_clones>
10000226:	bf00      	nop
10000228:	00000000 	.word	0x00000000
1000022c:	20001de0 	.word	0x20001de0
10000230:	100062f0 	.word	0x100062f0

10000234 <main>:
10000234:	b5f0      	push	{r4, r5, r6, r7, lr}
10000236:	b087      	sub	sp, #28
10000238:	f003 fad0 	bl	100037dc <stdio_init_all>
1000023c:	f44f 6096 	mov.w	r0, #1200	@ 0x4b0
10000240:	f001 f92a 	bl	10001498 <sleep_ms>
10000244:	f000 f912 	bl	1000046c <bus_init>
10000248:	f000 f92a 	bl	100004a0 <bus_set_rx_mode>
1000024c:	f04f 4350 	mov.w	r3, #3489660928	@ 0xd0000000
10000250:	685a      	ldr	r2, [r3, #4]
10000252:	685b      	ldr	r3, [r3, #4]
10000254:	0752      	lsls	r2, r2, #29
10000256:	f003 0308 	and.w	r3, r3, #8
1000025a:	d513      	bpl.n	10000284 <main+0x50>
1000025c:	b9a3      	cbnz	r3, 10000288 <main+0x54>
1000025e:	2400      	movs	r4, #0
10000260:	207d      	movs	r0, #125	@ 0x7d
10000262:	f001 f919 	bl	10001498 <sleep_ms>
10000266:	f10d 0009 	add.w	r0, sp, #9
1000026a:	f88d 4009 	strb.w	r4, [sp, #9]
1000026e:	f000 f95f 	bl	10000530 <bus_read_byte>
10000272:	f89d 1009 	ldrb.w	r1, [sp, #9]
10000276:	b108      	cbz	r0, 1000027c <main+0x48>
10000278:	29f0      	cmp	r1, #240	@ 0xf0
1000027a:	d009      	beq.n	10000290 <main+0x5c>
1000027c:	485a      	ldr	r0, [pc, #360]	@ (100003e8 <main+0x1b4>)
1000027e:	f003 fb71 	bl	10003964 <__wrap_printf>
10000282:	e7e3      	b.n	1000024c <main+0x18>
10000284:	2b00      	cmp	r3, #0
10000286:	d1ea      	bne.n	1000025e <main+0x2a>
10000288:	200a      	movs	r0, #10
1000028a:	f001 f905 	bl	10001498 <sleep_ms>
1000028e:	e7dd      	b.n	1000024c <main+0x18>
10000290:	4856      	ldr	r0, [pc, #344]	@ (100003ec <main+0x1b8>)
10000292:	f003 fae7 	bl	10003864 <__wrap_puts>
10000296:	f10d 000a 	add.w	r0, sp, #10
1000029a:	f8ad 400a 	strh.w	r4, [sp, #10]
1000029e:	f000 fa0b 	bl	100006b8 <bus_read_word16_parity>
100002a2:	2800      	cmp	r0, #0
100002a4:	d04f      	beq.n	10000346 <main+0x112>
100002a6:	f8bd 000a 	ldrh.w	r0, [sp, #10]
100002aa:	a903      	add	r1, sp, #12
100002ac:	9403      	str	r4, [sp, #12]
100002ae:	f000 f8b3 	bl	10000418 <mil1553_decode_command>
100002b2:	4605      	mov	r5, r0
100002b4:	2800      	cmp	r0, #0
100002b6:	d04a      	beq.n	1000034e <main+0x11a>
100002b8:	f8bd 100a 	ldrh.w	r1, [sp, #10]
100002bc:	484c      	ldr	r0, [pc, #304]	@ (100003f0 <main+0x1bc>)
100002be:	f003 fb51 	bl	10003964 <__wrap_printf>
100002c2:	f89d 300f 	ldrb.w	r3, [sp, #15]
100002c6:	484b      	ldr	r0, [pc, #300]	@ (100003f4 <main+0x1c0>)
100002c8:	9300      	str	r3, [sp, #0]
100002ca:	f89d 200d 	ldrb.w	r2, [sp, #13]
100002ce:	f89d 300e 	ldrb.w	r3, [sp, #14]
100002d2:	f89d 100c 	ldrb.w	r1, [sp, #12]
100002d6:	f003 fb45 	bl	10003964 <__wrap_printf>
100002da:	f89d 300c 	ldrb.w	r3, [sp, #12]
100002de:	2b03      	cmp	r3, #3
100002e0:	d039      	beq.n	10000356 <main+0x122>
100002e2:	4845      	ldr	r0, [pc, #276]	@ (100003f8 <main+0x1c4>)
100002e4:	f003 fabe 	bl	10003864 <__wrap_puts>
100002e8:	f89d 700d 	ldrb.w	r7, [sp, #13]
100002ec:	2f00      	cmp	r7, #0
100002ee:	d059      	beq.n	100003a4 <main+0x170>
100002f0:	2300      	movs	r3, #0
100002f2:	2203      	movs	r2, #3
100002f4:	a804      	add	r0, sp, #16
100002f6:	f8ad 3012 	strh.w	r3, [sp, #18]
100002fa:	f88d 3014 	strb.w	r3, [sp, #20]
100002fe:	f88d 2010 	strb.w	r2, [sp, #16]
10000302:	f88d 5011 	strb.w	r5, [sp, #17]
10000306:	f000 f89d 	bl	10000444 <mil1553_build_status>
1000030a:	4605      	mov	r5, r0
1000030c:	f000 f8be 	bl	1000048c <bus_set_tx_mode>
10000310:	f000 f8d0 	bl	100004b4 <bus_idle>
10000314:	20fa      	movs	r0, #250	@ 0xfa
10000316:	f001 f8bf 	bl	10001498 <sleep_ms>
1000031a:	20f0      	movs	r0, #240	@ 0xf0
1000031c:	f000 f8d4 	bl	100004c8 <bus_send_byte>
10000320:	f89d 300d 	ldrb.w	r3, [sp, #13]
10000324:	bb3b      	cbnz	r3, 10000376 <main+0x142>
10000326:	4628      	mov	r0, r5
10000328:	f000 f944 	bl	100005b4 <bus_send_word16_parity>
1000032c:	4629      	mov	r1, r5
1000032e:	4833      	ldr	r0, [pc, #204]	@ (100003fc <main+0x1c8>)
10000330:	f003 fb18 	bl	10003964 <__wrap_printf>
10000334:	f000 f8be 	bl	100004b4 <bus_idle>
10000338:	f44f 707a 	mov.w	r0, #1000	@ 0x3e8
1000033c:	f001 f8ac 	bl	10001498 <sleep_ms>
10000340:	f000 f8ae 	bl	100004a0 <bus_set_rx_mode>
10000344:	e782      	b.n	1000024c <main+0x18>
10000346:	482e      	ldr	r0, [pc, #184]	@ (10000400 <main+0x1cc>)
10000348:	f003 fa8c 	bl	10003864 <__wrap_puts>
1000034c:	e77e      	b.n	1000024c <main+0x18>
1000034e:	482d      	ldr	r0, [pc, #180]	@ (10000404 <main+0x1d0>)
10000350:	f003 fa88 	bl	10003864 <__wrap_puts>
10000354:	e77a      	b.n	1000024c <main+0x18>
10000356:	f89d 300e 	ldrb.w	r3, [sp, #14]
1000035a:	2b01      	cmp	r3, #1
1000035c:	d1c1      	bne.n	100002e2 <main+0xae>
1000035e:	f89d 300f 	ldrb.w	r3, [sp, #15]
10000362:	2b00      	cmp	r3, #0
10000364:	d0bd      	beq.n	100002e2 <main+0xae>
10000366:	4828      	ldr	r0, [pc, #160]	@ (10000408 <main+0x1d4>)
10000368:	f003 fa7c 	bl	10003864 <__wrap_puts>
1000036c:	f89d 300d 	ldrb.w	r3, [sp, #13]
10000370:	b1bb      	cbz	r3, 100003a2 <main+0x16e>
10000372:	4625      	mov	r5, r4
10000374:	e7bc      	b.n	100002f0 <main+0xbc>
10000376:	f89d 300f 	ldrb.w	r3, [sp, #15]
1000037a:	2b00      	cmp	r3, #0
1000037c:	d0d3      	beq.n	10000326 <main+0xf2>
1000037e:	f44f 5480 	mov.w	r4, #4096	@ 0x1000
10000382:	b2a0      	uxth	r0, r4
10000384:	f000 f916 	bl	100005b4 <bus_send_word16_parity>
10000388:	4622      	mov	r2, r4
1000038a:	f5a4 5180 	sub.w	r1, r4, #4096	@ 0x1000
1000038e:	481f      	ldr	r0, [pc, #124]	@ (1000040c <main+0x1d8>)
10000390:	f003 fae8 	bl	10003964 <__wrap_printf>
10000394:	3401      	adds	r4, #1
10000396:	f89d 200f 	ldrb.w	r2, [sp, #15]
1000039a:	b2e3      	uxtb	r3, r4
1000039c:	429a      	cmp	r2, r3
1000039e:	d8f0      	bhi.n	10000382 <main+0x14e>
100003a0:	e7c1      	b.n	10000326 <main+0xf2>
100003a2:	462f      	mov	r7, r5
100003a4:	f89d 300f 	ldrb.w	r3, [sp, #15]
100003a8:	b1cb      	cbz	r3, 100003de <main+0x1aa>
100003aa:	2400      	movs	r4, #0
100003ac:	4626      	mov	r6, r4
100003ae:	e00b      	b.n	100003c8 <main+0x194>
100003b0:	4621      	mov	r1, r4
100003b2:	f8bd 2010 	ldrh.w	r2, [sp, #16]
100003b6:	4816      	ldr	r0, [pc, #88]	@ (10000410 <main+0x1dc>)
100003b8:	f003 fad4 	bl	10003964 <__wrap_printf>
100003bc:	3401      	adds	r4, #1
100003be:	f89d 200f 	ldrb.w	r2, [sp, #15]
100003c2:	b2e3      	uxtb	r3, r4
100003c4:	429a      	cmp	r2, r3
100003c6:	d90a      	bls.n	100003de <main+0x1aa>
100003c8:	a804      	add	r0, sp, #16
100003ca:	f8ad 6010 	strh.w	r6, [sp, #16]
100003ce:	f000 f973 	bl	100006b8 <bus_read_word16_parity>
100003d2:	2800      	cmp	r0, #0
100003d4:	d1ec      	bne.n	100003b0 <main+0x17c>
100003d6:	480f      	ldr	r0, [pc, #60]	@ (10000414 <main+0x1e0>)
100003d8:	f003 fa44 	bl	10003864 <__wrap_puts>
100003dc:	e788      	b.n	100002f0 <main+0xbc>
100003de:	f087 0701 	eor.w	r7, r7, #1
100003e2:	b2fd      	uxtb	r5, r7
100003e4:	e784      	b.n	100002f0 <main+0xbc>
100003e6:	bf00      	nop
100003e8:	100062f0 	.word	0x100062f0
100003ec:	10006308 	.word	0x10006308
100003f0:	1000634c 	.word	0x1000634c
100003f4:	10006358 	.word	0x10006358
100003f8:	1000638c 	.word	0x1000638c
100003fc:	100063c8 	.word	0x100063c8
10000400:	1000631c 	.word	0x1000631c
10000404:	10006338 	.word	0x10006338
10000408:	10006380 	.word	0x10006380
1000040c:	100063dc 	.word	0x100063dc
10000410:	100063b4 	.word	0x100063b4
10000414:	10006398 	.word	0x10006398

10000418 <mil1553_decode_command>:
10000418:	b189      	cbz	r1, 1000043e <mil1553_decode_command+0x26>
1000041a:	b500      	push	{lr}
1000041c:	f3c0 2c80 	ubfx	ip, r0, #10, #1
10000420:	ea4f 2ed0 	mov.w	lr, r0, lsr #11
10000424:	f3c0 1244 	ubfx	r2, r0, #5, #5
10000428:	f000 031f 	and.w	r3, r0, #31
1000042c:	f881 e000 	strb.w	lr, [r1]
10000430:	2001      	movs	r0, #1
10000432:	f881 c001 	strb.w	ip, [r1, #1]
10000436:	708a      	strb	r2, [r1, #2]
10000438:	70cb      	strb	r3, [r1, #3]
1000043a:	f85d fb04 	ldr.w	pc, [sp], #4
1000043e:	4608      	mov	r0, r1
10000440:	4770      	bx	lr
10000442:	bf00      	nop

10000444 <mil1553_build_status>:
10000444:	b178      	cbz	r0, 10000466 <mil1553_build_status+0x22>
10000446:	7843      	ldrb	r3, [r0, #1]
10000448:	7882      	ldrb	r2, [r0, #2]
1000044a:	f890 c000 	ldrb.w	ip, [r0]
1000044e:	029b      	lsls	r3, r3, #10
10000450:	78c1      	ldrb	r1, [r0, #3]
10000452:	ea43 2302 	orr.w	r3, r3, r2, lsl #8
10000456:	ea43 23cc 	orr.w	r3, r3, ip, lsl #11
1000045a:	7902      	ldrb	r2, [r0, #4]
1000045c:	ea43 1301 	orr.w	r3, r3, r1, lsl #4
10000460:	ea43 0342 	orr.w	r3, r3, r2, lsl #1
10000464:	b218      	sxth	r0, r3
10000466:	b280      	uxth	r0, r0
10000468:	4770      	bx	lr
1000046a:	bf00      	nop

1000046c <bus_init>:
1000046c:	b508      	push	{r3, lr}
1000046e:	2002      	movs	r0, #2
10000470:	f000 f9c2 	bl	100007f8 <gpio_init>
10000474:	2003      	movs	r0, #3
10000476:	f000 f9bf 	bl	100007f8 <gpio_init>
1000047a:	2202      	movs	r2, #2
1000047c:	f04f 0300 	mov.w	r3, #0
10000480:	ec43 2044 	gpioc_bit_oe_put r2, r3
10000484:	2203      	movs	r2, #3
10000486:	ec43 2044 	gpioc_bit_oe_put r2, r3
1000048a:	bd08      	pop	{r3, pc}

1000048c <bus_set_tx_mode>:
1000048c:	2202      	movs	r2, #2
1000048e:	f04f 0301 	mov.w	r3, #1
10000492:	ec43 2044 	gpioc_bit_oe_put r2, r3
10000496:	2203      	movs	r2, #3
10000498:	ec43 2044 	gpioc_bit_oe_put r2, r3
1000049c:	4770      	bx	lr
1000049e:	bf00      	nop

100004a0 <bus_set_rx_mode>:
100004a0:	2202      	movs	r2, #2
100004a2:	f04f 0300 	mov.w	r3, #0
100004a6:	ec43 2044 	gpioc_bit_oe_put r2, r3
100004aa:	2203      	movs	r2, #3
100004ac:	ec43 2044 	gpioc_bit_oe_put r2, r3
100004b0:	4770      	bx	lr
100004b2:	bf00      	nop

100004b4 <bus_idle>:
100004b4:	2202      	movs	r2, #2
100004b6:	f04f 0300 	mov.w	r3, #0
100004ba:	ec43 2040 	gpioc_bit_out_put r2, r3
100004be:	2203      	movs	r2, #3
100004c0:	ec43 2040 	gpioc_bit_out_put r2, r3
100004c4:	4770      	bx	lr
100004c6:	bf00      	nop

100004c8 <bus_send_byte>:
100004c8:	e92d 43f8 	stmdb	sp!, {r3, r4, r5, r6, r7, r8, r9, lr}
100004cc:	2407      	movs	r4, #7
100004ce:	2702      	movs	r7, #2
100004d0:	f04f 0600 	mov.w	r6, #0
100004d4:	f04f 0501 	mov.w	r5, #1
100004d8:	4681      	mov	r9, r0
100004da:	e011      	b.n	10000500 <bus_send_byte+0x38>
100004dc:	ec45 7040 	gpioc_bit_out_put r7, r5
100004e0:	f04f 0803 	mov.w	r8, #3
100004e4:	ec46 8040 	gpioc_bit_out_put r8, r6
100004e8:	20fa      	movs	r0, #250	@ 0xfa
100004ea:	f000 ffd5 	bl	10001498 <sleep_ms>
100004ee:	ec46 7040 	gpioc_bit_out_put r7, r6
100004f2:	ec45 8040 	gpioc_bit_out_put r8, r5
100004f6:	20fa      	movs	r0, #250	@ 0xfa
100004f8:	f000 ffce 	bl	10001498 <sleep_ms>
100004fc:	3c01      	subs	r4, #1
100004fe:	d315      	bcc.n	1000052c <bus_send_byte+0x64>
10000500:	fa49 f304 	asr.w	r3, r9, r4
10000504:	07db      	lsls	r3, r3, #31
10000506:	d4e9      	bmi.n	100004dc <bus_send_byte+0x14>
10000508:	ec46 7040 	gpioc_bit_out_put r7, r6
1000050c:	f04f 0803 	mov.w	r8, #3
10000510:	ec45 8040 	gpioc_bit_out_put r8, r5
10000514:	20fa      	movs	r0, #250	@ 0xfa
10000516:	f000 ffbf 	bl	10001498 <sleep_ms>
1000051a:	ec45 7040 	gpioc_bit_out_put r7, r5
1000051e:	ec46 8040 	gpioc_bit_out_put r8, r6
10000522:	20fa      	movs	r0, #250	@ 0xfa
10000524:	f000 ffb8 	bl	10001498 <sleep_ms>
10000528:	3c01      	subs	r4, #1
1000052a:	d2e9      	bcs.n	10000500 <bus_send_byte+0x38>
1000052c:	e8bd 83f8 	ldmia.w	sp!, {r3, r4, r5, r6, r7, r8, r9, pc}

10000530 <bus_read_byte>:
10000530:	b380      	cbz	r0, 10000594 <bus_read_byte+0x64>
10000532:	e92d 41f0 	stmdb	sp!, {r4, r5, r6, r7, r8, lr}
10000536:	4607      	mov	r7, r0
10000538:	2508      	movs	r5, #8
1000053a:	2600      	movs	r6, #0
1000053c:	f04f 4850 	mov.w	r8, #3489660928	@ 0xd0000000
10000540:	f8d8 3004 	ldr.w	r3, [r8, #4]
10000544:	f8d8 2004 	ldr.w	r2, [r8, #4]
10000548:	f013 0304 	ands.w	r3, r3, #4
1000054c:	f002 0208 	and.w	r2, r2, #8
10000550:	d003      	beq.n	1000055a <bus_read_byte+0x2a>
10000552:	b30a      	cbz	r2, 10000598 <bus_read_byte+0x68>
10000554:	2000      	movs	r0, #0
10000556:	e8bd 81f0 	ldmia.w	sp!, {r4, r5, r6, r7, r8, pc}
1000055a:	2a00      	cmp	r2, #0
1000055c:	d0fa      	beq.n	10000554 <bus_read_byte+0x24>
1000055e:	461c      	mov	r4, r3
10000560:	20fa      	movs	r0, #250	@ 0xfa
10000562:	f000 ff99 	bl	10001498 <sleep_ms>
10000566:	f8d8 2004 	ldr.w	r2, [r8, #4]
1000056a:	f8d8 3004 	ldr.w	r3, [r8, #4]
1000056e:	0752      	lsls	r2, r2, #29
10000570:	f003 0308 	and.w	r3, r3, #8
10000574:	d512      	bpl.n	1000059c <bus_read_byte+0x6c>
10000576:	2b00      	cmp	r3, #0
10000578:	d1ec      	bne.n	10000554 <bus_read_byte+0x24>
1000057a:	2c00      	cmp	r4, #0
1000057c:	d1ea      	bne.n	10000554 <bus_read_byte+0x24>
1000057e:	20fa      	movs	r0, #250	@ 0xfa
10000580:	f000 ff8a 	bl	10001498 <sleep_ms>
10000584:	0076      	lsls	r6, r6, #1
10000586:	b2f6      	uxtb	r6, r6
10000588:	3d01      	subs	r5, #1
1000058a:	d1d9      	bne.n	10000540 <bus_read_byte+0x10>
1000058c:	703e      	strb	r6, [r7, #0]
1000058e:	2001      	movs	r0, #1
10000590:	e8bd 81f0 	ldmia.w	sp!, {r4, r5, r6, r7, r8, pc}
10000594:	2000      	movs	r0, #0
10000596:	4770      	bx	lr
10000598:	2401      	movs	r4, #1
1000059a:	e7e1      	b.n	10000560 <bus_read_byte+0x30>
1000059c:	2b00      	cmp	r3, #0
1000059e:	d0d9      	beq.n	10000554 <bus_read_byte+0x24>
100005a0:	2c00      	cmp	r4, #0
100005a2:	d0d7      	beq.n	10000554 <bus_read_byte+0x24>
100005a4:	0076      	lsls	r6, r6, #1
100005a6:	20fa      	movs	r0, #250	@ 0xfa
100005a8:	f046 0601 	orr.w	r6, r6, #1
100005ac:	f000 ff74 	bl	10001498 <sleep_ms>
100005b0:	b2f6      	uxtb	r6, r6
100005b2:	e7e9      	b.n	10000588 <bus_read_byte+0x58>

100005b4 <bus_send_word16_parity>:
100005b4:	e92d 47f0 	stmdb	sp!, {r4, r5, r6, r7, r8, r9, sl, lr}
100005b8:	240f      	movs	r4, #15
100005ba:	f04f 0802 	mov.w	r8, #2
100005be:	f04f 0700 	mov.w	r7, #0
100005c2:	f04f 0601 	mov.w	r6, #1
100005c6:	4682      	mov	sl, r0
100005c8:	e011      	b.n	100005ee <bus_send_word16_parity+0x3a>
100005ca:	ec46 8040 	gpioc_bit_out_put r8, r6
100005ce:	f04f 0903 	mov.w	r9, #3
100005d2:	ec47 9040 	gpioc_bit_out_put r9, r7
100005d6:	20fa      	movs	r0, #250	@ 0xfa
100005d8:	f000 ff5e 	bl	10001498 <sleep_ms>
100005dc:	ec47 8040 	gpioc_bit_out_put r8, r7
100005e0:	ec46 9040 	gpioc_bit_out_put r9, r6
100005e4:	20fa      	movs	r0, #250	@ 0xfa
100005e6:	f000 ff57 	bl	10001498 <sleep_ms>
100005ea:	3c01      	subs	r4, #1
100005ec:	d315      	bcc.n	1000061a <bus_send_word16_parity+0x66>
100005ee:	fa4a f504 	asr.w	r5, sl, r4
100005f2:	07eb      	lsls	r3, r5, #31
100005f4:	d4e9      	bmi.n	100005ca <bus_send_word16_parity+0x16>
100005f6:	ec47 8040 	gpioc_bit_out_put r8, r7
100005fa:	f04f 0903 	mov.w	r9, #3
100005fe:	ec46 9040 	gpioc_bit_out_put r9, r6
10000602:	20fa      	movs	r0, #250	@ 0xfa
10000604:	f000 ff48 	bl	10001498 <sleep_ms>
10000608:	ec46 8040 	gpioc_bit_out_put r8, r6
1000060c:	ec47 9040 	gpioc_bit_out_put r9, r7
10000610:	20fa      	movs	r0, #250	@ 0xfa
10000612:	f000 ff41 	bl	10001498 <sleep_ms>
10000616:	3c01      	subs	r4, #1
10000618:	d2e9      	bcs.n	100005ee <bus_send_word16_parity+0x3a>
1000061a:	ea85 0365 	eor.w	r3, r5, r5, asr #1
1000061e:	ea83 0395 	eor.w	r3, r3, r5, lsr #2
10000622:	ea83 03d5 	eor.w	r3, r3, r5, lsr #3
10000626:	ea83 1315 	eor.w	r3, r3, r5, lsr #4
1000062a:	ea83 1355 	eor.w	r3, r3, r5, lsr #5
1000062e:	ea83 1395 	eor.w	r3, r3, r5, lsr #6
10000632:	ea83 13d5 	eor.w	r3, r3, r5, lsr #7
10000636:	ea83 2315 	eor.w	r3, r3, r5, lsr #8
1000063a:	ea83 2355 	eor.w	r3, r3, r5, lsr #9
1000063e:	ea83 2395 	eor.w	r3, r3, r5, lsr #10
10000642:	ea83 23d5 	eor.w	r3, r3, r5, lsr #11
10000646:	ea83 3315 	eor.w	r3, r3, r5, lsr #12
1000064a:	ea83 3355 	eor.w	r3, r3, r5, lsr #13
1000064e:	ea83 3395 	eor.w	r3, r3, r5, lsr #14
10000652:	f003 0301 	and.w	r3, r3, #1
10000656:	ea83 33e5 	eor.w	r3, r3, r5, asr #15
1000065a:	b2db      	uxtb	r3, r3
1000065c:	2b01      	cmp	r3, #1
1000065e:	d015      	beq.n	1000068c <bus_send_word16_parity+0xd8>
10000660:	2602      	movs	r6, #2
10000662:	f04f 0501 	mov.w	r5, #1
10000666:	ec45 6040 	gpioc_bit_out_put r6, r5
1000066a:	2403      	movs	r4, #3
1000066c:	f04f 0700 	mov.w	r7, #0
10000670:	ec47 4040 	gpioc_bit_out_put r4, r7
10000674:	20fa      	movs	r0, #250	@ 0xfa
10000676:	f000 ff0f 	bl	10001498 <sleep_ms>
1000067a:	ec47 6040 	gpioc_bit_out_put r6, r7
1000067e:	ec45 4040 	gpioc_bit_out_put r4, r5
10000682:	e8bd 47f0 	ldmia.w	sp!, {r4, r5, r6, r7, r8, r9, sl, lr}
10000686:	20fa      	movs	r0, #250	@ 0xfa
10000688:	f000 bf06 	b.w	10001498 <sleep_ms>
1000068c:	2702      	movs	r7, #2
1000068e:	f04f 0600 	mov.w	r6, #0
10000692:	ec46 7040 	gpioc_bit_out_put r7, r6
10000696:	2503      	movs	r5, #3
10000698:	461c      	mov	r4, r3
1000069a:	ec43 5040 	gpioc_bit_out_put r5, r3
1000069e:	20fa      	movs	r0, #250	@ 0xfa
100006a0:	f000 fefa 	bl	10001498 <sleep_ms>
100006a4:	ec44 7040 	gpioc_bit_out_put r7, r4
100006a8:	ec46 5040 	gpioc_bit_out_put r5, r6
100006ac:	e8bd 47f0 	ldmia.w	sp!, {r4, r5, r6, r7, r8, r9, sl, lr}
100006b0:	20fa      	movs	r0, #250	@ 0xfa
100006b2:	f000 bef1 	b.w	10001498 <sleep_ms>
100006b6:	bf00      	nop

100006b8 <bus_read_word16_parity>:
100006b8:	2800      	cmp	r0, #0
100006ba:	d058      	beq.n	1000076e <bus_read_word16_parity+0xb6>
100006bc:	e92d 41f0 	stmdb	sp!, {r4, r5, r6, r7, r8, lr}
100006c0:	4607      	mov	r7, r0
100006c2:	2510      	movs	r5, #16
100006c4:	2600      	movs	r6, #0
100006c6:	f04f 4850 	mov.w	r8, #3489660928	@ 0xd0000000
100006ca:	f8d8 3004 	ldr.w	r3, [r8, #4]
100006ce:	f8d8 2004 	ldr.w	r2, [r8, #4]
100006d2:	f013 0304 	ands.w	r3, r3, #4
100006d6:	f002 0208 	and.w	r2, r2, #8
100006da:	d004      	beq.n	100006e6 <bus_read_word16_parity+0x2e>
100006dc:	2a00      	cmp	r2, #0
100006de:	d038      	beq.n	10000752 <bus_read_word16_parity+0x9a>
100006e0:	2000      	movs	r0, #0
100006e2:	e8bd 81f0 	ldmia.w	sp!, {r4, r5, r6, r7, r8, pc}
100006e6:	2a00      	cmp	r2, #0
100006e8:	d0fa      	beq.n	100006e0 <bus_read_word16_parity+0x28>
100006ea:	461c      	mov	r4, r3
100006ec:	20fa      	movs	r0, #250	@ 0xfa
100006ee:	f000 fed3 	bl	10001498 <sleep_ms>
100006f2:	f8d8 2004 	ldr.w	r2, [r8, #4]
100006f6:	f8d8 3004 	ldr.w	r3, [r8, #4]
100006fa:	0751      	lsls	r1, r2, #29
100006fc:	f003 0308 	and.w	r3, r3, #8
10000700:	d529      	bpl.n	10000756 <bus_read_word16_parity+0x9e>
10000702:	2b00      	cmp	r3, #0
10000704:	d1ec      	bne.n	100006e0 <bus_read_word16_parity+0x28>
10000706:	2c00      	cmp	r4, #0
10000708:	d1ea      	bne.n	100006e0 <bus_read_word16_parity+0x28>
1000070a:	20fa      	movs	r0, #250	@ 0xfa
1000070c:	f000 fec4 	bl	10001498 <sleep_ms>
10000710:	0076      	lsls	r6, r6, #1
10000712:	b2b6      	uxth	r6, r6
10000714:	3d01      	subs	r5, #1
10000716:	d1d8      	bne.n	100006ca <bus_read_word16_parity+0x12>
10000718:	f04f 4350 	mov.w	r3, #3489660928	@ 0xd0000000
1000071c:	685a      	ldr	r2, [r3, #4]
1000071e:	685b      	ldr	r3, [r3, #4]
10000720:	0752      	lsls	r2, r2, #29
10000722:	f003 0308 	and.w	r3, r3, #8
10000726:	d424      	bmi.n	10000772 <bus_read_word16_parity+0xba>
10000728:	2b00      	cmp	r3, #0
1000072a:	d0d9      	beq.n	100006e0 <bus_read_word16_parity+0x28>
1000072c:	20fa      	movs	r0, #250	@ 0xfa
1000072e:	f000 feb3 	bl	10001498 <sleep_ms>
10000732:	f04f 4350 	mov.w	r3, #3489660928	@ 0xd0000000
10000736:	685a      	ldr	r2, [r3, #4]
10000738:	685c      	ldr	r4, [r3, #4]
1000073a:	0753      	lsls	r3, r2, #29
1000073c:	f004 0408 	and.w	r4, r4, #8
10000740:	d51b      	bpl.n	1000077a <bus_read_word16_parity+0xc2>
10000742:	2c00      	cmp	r4, #0
10000744:	d1cc      	bne.n	100006e0 <bus_read_word16_parity+0x28>
10000746:	2d00      	cmp	r5, #0
10000748:	d1ca      	bne.n	100006e0 <bus_read_word16_parity+0x28>
1000074a:	20fa      	movs	r0, #250	@ 0xfa
1000074c:	f000 fea4 	bl	10001498 <sleep_ms>
10000750:	e01b      	b.n	1000078a <bus_read_word16_parity+0xd2>
10000752:	2401      	movs	r4, #1
10000754:	e7ca      	b.n	100006ec <bus_read_word16_parity+0x34>
10000756:	2b00      	cmp	r3, #0
10000758:	d0c2      	beq.n	100006e0 <bus_read_word16_parity+0x28>
1000075a:	2c00      	cmp	r4, #0
1000075c:	d0c0      	beq.n	100006e0 <bus_read_word16_parity+0x28>
1000075e:	0076      	lsls	r6, r6, #1
10000760:	20fa      	movs	r0, #250	@ 0xfa
10000762:	f046 0601 	orr.w	r6, r6, #1
10000766:	f000 fe97 	bl	10001498 <sleep_ms>
1000076a:	b2b6      	uxth	r6, r6
1000076c:	e7d2      	b.n	10000714 <bus_read_word16_parity+0x5c>
1000076e:	2000      	movs	r0, #0
10000770:	4770      	bx	lr
10000772:	2b00      	cmp	r3, #0
10000774:	d1b4      	bne.n	100006e0 <bus_read_word16_parity+0x28>
10000776:	2501      	movs	r5, #1
10000778:	e7d8      	b.n	1000072c <bus_read_word16_parity+0x74>
1000077a:	2c00      	cmp	r4, #0
1000077c:	d0b0      	beq.n	100006e0 <bus_read_word16_parity+0x28>
1000077e:	2d00      	cmp	r5, #0
10000780:	d0ae      	beq.n	100006e0 <bus_read_word16_parity+0x28>
10000782:	20fa      	movs	r0, #250	@ 0xfa
10000784:	f000 fe88 	bl	10001498 <sleep_ms>
10000788:	462c      	mov	r4, r5
1000078a:	ea86 0356 	eor.w	r3, r6, r6, lsr #1
1000078e:	f003 0301 	and.w	r3, r3, #1
10000792:	f3c6 0280 	ubfx	r2, r6, #2, #1
10000796:	ea83 33d6 	eor.w	r3, r3, r6, lsr #15
1000079a:	4053      	eors	r3, r2
1000079c:	f3c6 02c0 	ubfx	r2, r6, #3, #1
100007a0:	4053      	eors	r3, r2
100007a2:	f3c6 1200 	ubfx	r2, r6, #4, #1
100007a6:	4053      	eors	r3, r2
100007a8:	f3c6 1240 	ubfx	r2, r6, #5, #1
100007ac:	4053      	eors	r3, r2
100007ae:	f3c6 1280 	ubfx	r2, r6, #6, #1
100007b2:	4053      	eors	r3, r2
100007b4:	f3c6 12c0 	ubfx	r2, r6, #7, #1
100007b8:	4053      	eors	r3, r2
100007ba:	f3c6 2200 	ubfx	r2, r6, #8, #1
100007be:	4053      	eors	r3, r2
100007c0:	f3c6 2240 	ubfx	r2, r6, #9, #1
100007c4:	4053      	eors	r3, r2
100007c6:	f3c6 2280 	ubfx	r2, r6, #10, #1
100007ca:	4053      	eors	r3, r2
100007cc:	f3c6 22c0 	ubfx	r2, r6, #11, #1
100007d0:	4053      	eors	r3, r2
100007d2:	f3c6 3200 	ubfx	r2, r6, #12, #1
100007d6:	4053      	eors	r3, r2
100007d8:	f3c6 3240 	ubfx	r2, r6, #13, #1
100007dc:	4053      	eors	r3, r2
100007de:	b2db      	uxtb	r3, r3
100007e0:	f3c6 3280 	ubfx	r2, r6, #14, #1
100007e4:	4053      	eors	r3, r2
100007e6:	f083 0301 	eor.w	r3, r3, #1
100007ea:	42a3      	cmp	r3, r4
100007ec:	f47f af78 	bne.w	100006e0 <bus_read_word16_parity+0x28>
100007f0:	2001      	movs	r0, #1
100007f2:	803e      	strh	r6, [r7, #0]
100007f4:	e8bd 81f0 	ldmia.w	sp!, {r4, r5, r6, r7, r8, pc}

100007f8 <gpio_init>:
100007f8:	b430      	push	{r4, r5}
100007fa:	f04f 0300 	mov.w	r3, #0
100007fe:	ec43 0044 	gpioc_bit_oe_put r0, r3
10000802:	ec43 0040 	gpioc_bit_out_put r0, r3
10000806:	2505      	movs	r5, #5
10000808:	f44f 7480 	mov.w	r4, #256	@ 0x100
1000080c:	4b0b      	ldr	r3, [pc, #44]	@ (1000083c <gpio_init+0x44>)
1000080e:	00c2      	lsls	r2, r0, #3
10000810:	f853 1020 	ldr.w	r1, [r3, r0, lsl #2]
10000814:	eb03 0080 	add.w	r0, r3, r0, lsl #2
10000818:	f081 0140 	eor.w	r1, r1, #64	@ 0x40
1000081c:	f102 4380 	add.w	r3, r2, #1073741824	@ 0x40000000
10000820:	f503 3320 	add.w	r3, r3, #163840	@ 0x28000
10000824:	f001 02c0 	and.w	r2, r1, #192	@ 0xc0
10000828:	f500 5180 	add.w	r1, r0, #4096	@ 0x1000
1000082c:	f500 5040 	add.w	r0, r0, #12288	@ 0x3000
10000830:	600a      	str	r2, [r1, #0]
10000832:	605d      	str	r5, [r3, #4]
10000834:	6004      	str	r4, [r0, #0]
10000836:	bc30      	pop	{r4, r5}
10000838:	4770      	bx	lr
1000083a:	bf00      	nop
1000083c:	40038004 	.word	0x40038004

10000840 <panic>:
10000840:	b40f      	push	{r0, r1, r2, r3}
10000842:	b500      	push	{lr}
10000844:	b083      	sub	sp, #12
10000846:	9c04      	ldr	r4, [sp, #16]
10000848:	4807      	ldr	r0, [pc, #28]	@ (10000868 <panic+0x28>)
1000084a:	f003 f80b 	bl	10003864 <__wrap_puts>
1000084e:	b13c      	cbz	r4, 10000860 <panic+0x20>
10000850:	a905      	add	r1, sp, #20
10000852:	4620      	mov	r0, r4
10000854:	9101      	str	r1, [sp, #4]
10000856:	f002 fe7b 	bl	10003550 <weak_raw_vprintf>
1000085a:	4804      	ldr	r0, [pc, #16]	@ (1000086c <panic+0x2c>)
1000085c:	f003 f802 	bl	10003864 <__wrap_puts>
10000860:	2001      	movs	r0, #1
10000862:	f002 fe8d 	bl	10003580 <_exit>
10000866:	bf00      	nop
10000868:	100063f0 	.word	0x100063f0
1000086c:	10006400 	.word	0x10006400

10000870 <hw_claim_or_assert>:
10000870:	b570      	push	{r4, r5, r6, lr}
10000872:	4686      	mov	lr, r0
10000874:	f3ef 8510 	mrs	r5, PRIMASK
10000878:	b672      	cpsid	i
1000087a:	4c12      	ldr	r4, [pc, #72]	@ (100008c4 <hw_claim_or_assert+0x54>)
1000087c:	e8d4 6fcf 	ldaexb	r6, [r4]
10000880:	2001      	movs	r0, #1
10000882:	2e00      	cmp	r6, #0
10000884:	d1fa      	bne.n	1000087c <hw_claim_or_assert+0xc>
10000886:	e8c4 0f46 	strexb	r6, r0, [r4]
1000088a:	2e00      	cmp	r6, #0
1000088c:	d1f6      	bne.n	1000087c <hw_claim_or_assert+0xc>
1000088e:	f3bf 8f5f 	dmb	sy
10000892:	f04f 0c01 	mov.w	ip, #1
10000896:	08c8      	lsrs	r0, r1, #3
10000898:	f001 0307 	and.w	r3, r1, #7
1000089c:	fa0c f303 	lsl.w	r3, ip, r3
100008a0:	f81e c000 	ldrb.w	ip, [lr, r0]
100008a4:	ea1c 0603 	ands.w	r6, ip, r3
100008a8:	d108      	bne.n	100008bc <hw_claim_or_assert+0x4c>
100008aa:	ea4c 0c03 	orr.w	ip, ip, r3
100008ae:	f80e c000 	strb.w	ip, [lr, r0]
100008b2:	e8c4 6f8f 	stlb	r6, [r4]
100008b6:	f385 8810 	msr	PRIMASK, r5
100008ba:	bd70      	pop	{r4, r5, r6, pc}
100008bc:	4610      	mov	r0, r2
100008be:	f7ff ffbf 	bl	10000840 <panic>
100008c2:	bf00      	nop
100008c4:	2000155f 	.word	0x2000155f

100008c8 <hw_claim_unused_from_range>:
100008c8:	b5f8      	push	{r3, r4, r5, r6, r7, lr}
100008ca:	f3ef 8710 	mrs	r7, PRIMASK
100008ce:	b672      	cpsid	i
100008d0:	4e1c      	ldr	r6, [pc, #112]	@ (10000944 <hw_claim_unused_from_range+0x7c>)
100008d2:	e8d6 5fcf 	ldaexb	r5, [r6]
100008d6:	2401      	movs	r4, #1
100008d8:	2d00      	cmp	r5, #0
100008da:	d1fa      	bne.n	100008d2 <hw_claim_unused_from_range+0xa>
100008dc:	e8c6 4f45 	strexb	r5, r4, [r6]
100008e0:	2d00      	cmp	r5, #0
100008e2:	d1f6      	bne.n	100008d2 <hw_claim_unused_from_range+0xa>
100008e4:	f3bf 8f5f 	dmb	sy
100008e8:	429a      	cmp	r2, r3
100008ea:	d81b      	bhi.n	10000924 <hw_claim_unused_from_range+0x5c>
100008ec:	2501      	movs	r5, #1
100008ee:	e002      	b.n	100008f6 <hw_claim_unused_from_range+0x2e>
100008f0:	3201      	adds	r2, #1
100008f2:	4293      	cmp	r3, r2
100008f4:	d322      	bcc.n	1000093c <hw_claim_unused_from_range+0x74>
100008f6:	08d4      	lsrs	r4, r2, #3
100008f8:	f810 e004 	ldrb.w	lr, [r0, r4]
100008fc:	f002 0c07 	and.w	ip, r2, #7
10000900:	fa05 fc0c 	lsl.w	ip, r5, ip
10000904:	ea1e 0f0c 	tst.w	lr, ip
10000908:	d1f2      	bne.n	100008f0 <hw_claim_unused_from_range+0x28>
1000090a:	ea4e 0e0c 	orr.w	lr, lr, ip
1000090e:	f800 e004 	strb.w	lr, [r0, r4]
10000912:	4610      	mov	r0, r2
10000914:	2300      	movs	r3, #0
10000916:	e8c6 3f8f 	stlb	r3, [r6]
1000091a:	f387 8810 	msr	PRIMASK, r7
1000091e:	4298      	cmp	r0, r3
10000920:	db07      	blt.n	10000932 <hw_claim_unused_from_range+0x6a>
10000922:	bdf8      	pop	{r3, r4, r5, r6, r7, pc}
10000924:	2300      	movs	r3, #0
10000926:	e8c6 3f8f 	stlb	r3, [r6]
1000092a:	f387 8810 	msr	PRIMASK, r7
1000092e:	f04f 30ff 	mov.w	r0, #4294967295
10000932:	2900      	cmp	r1, #0
10000934:	d0f5      	beq.n	10000922 <hw_claim_unused_from_range+0x5a>
10000936:	9806      	ldr	r0, [sp, #24]
10000938:	f7ff ff82 	bl	10000840 <panic>
1000093c:	f04f 30ff 	mov.w	r0, #4294967295
10000940:	e7e8      	b.n	10000914 <hw_claim_unused_from_range+0x4c>
10000942:	bf00      	nop
10000944:	2000155f 	.word	0x2000155f

10000948 <next_striped_spin_lock_num>:
10000948:	4a04      	ldr	r2, [pc, #16]	@ (1000095c <next_striped_spin_lock_num+0x14>)
1000094a:	7810      	ldrb	r0, [r2, #0]
1000094c:	1c43      	adds	r3, r0, #1
1000094e:	b2db      	uxtb	r3, r3
10000950:	2b18      	cmp	r3, #24
10000952:	bf28      	it	cs
10000954:	2310      	movcs	r3, #16
10000956:	7013      	strb	r3, [r2, #0]
10000958:	4770      	bx	lr
1000095a:	bf00      	nop
1000095c:	20001180 	.word	0x20001180

10000960 <spin_lock_claim_unused>:
10000960:	b510      	push	{r4, lr}
10000962:	4c05      	ldr	r4, [pc, #20]	@ (10000978 <spin_lock_claim_unused+0x18>)
10000964:	b082      	sub	sp, #8
10000966:	4601      	mov	r1, r0
10000968:	231f      	movs	r3, #31
1000096a:	2218      	movs	r2, #24
1000096c:	9400      	str	r4, [sp, #0]
1000096e:	4803      	ldr	r0, [pc, #12]	@ (1000097c <spin_lock_claim_unused+0x1c>)
10000970:	f7ff ffaa 	bl	100008c8 <hw_claim_unused_from_range>
10000974:	b002      	add	sp, #8
10000976:	bd10      	pop	{r4, pc}
10000978:	10006404 	.word	0x10006404
1000097c:	20001970 	.word	0x20001970

10000980 <spinlock_set_extexclall>:
10000980:	f04f 22e0 	mov.w	r2, #3758153728	@ 0xe000e000
10000984:	6893      	ldr	r3, [r2, #8]
10000986:	f043 5300 	orr.w	r3, r3, #536870912	@ 0x20000000
1000098a:	6093      	str	r3, [r2, #8]
1000098c:	4770      	bx	lr
1000098e:	bf00      	nop

10000990 <spin_locks_reset>:
10000990:	2100      	movs	r1, #0
10000992:	4b04      	ldr	r3, [pc, #16]	@ (100009a4 <spin_locks_reset+0x14>)
10000994:	f103 0220 	add.w	r2, r3, #32
10000998:	e8c3 1f8f 	stlb	r1, [r3]
1000099c:	3301      	adds	r3, #1
1000099e:	4293      	cmp	r3, r2
100009a0:	d1fa      	bne.n	10000998 <spin_locks_reset+0x8>
100009a2:	4770      	bx	lr
100009a4:	20001554 	.word	0x20001554

100009a8 <runtime_init_per_core_irq_priorities>:
100009a8:	f04f 23e0 	mov.w	r3, #3758153728	@ 0xe000e000
100009ac:	f04f 3280 	mov.w	r2, #2155905152	@ 0x80808080
100009b0:	f8c3 2400 	str.w	r2, [r3, #1024]	@ 0x400
100009b4:	f8c3 2404 	str.w	r2, [r3, #1028]	@ 0x404
100009b8:	f8c3 2408 	str.w	r2, [r3, #1032]	@ 0x408
100009bc:	f8c3 240c 	str.w	r2, [r3, #1036]	@ 0x40c
100009c0:	f8c3 2410 	str.w	r2, [r3, #1040]	@ 0x410
100009c4:	f8c3 2414 	str.w	r2, [r3, #1044]	@ 0x414
100009c8:	f8c3 2418 	str.w	r2, [r3, #1048]	@ 0x418
100009cc:	f8c3 241c 	str.w	r2, [r3, #1052]	@ 0x41c
100009d0:	f8c3 2420 	str.w	r2, [r3, #1056]	@ 0x420
100009d4:	f8c3 2424 	str.w	r2, [r3, #1060]	@ 0x424
100009d8:	f8c3 2428 	str.w	r2, [r3, #1064]	@ 0x428
100009dc:	f8c3 242c 	str.w	r2, [r3, #1068]	@ 0x42c
100009e0:	f8c3 2430 	str.w	r2, [r3, #1072]	@ 0x430
100009e4:	b662      	cpsie	i
100009e6:	4770      	bx	lr

100009e8 <irq_set_enabled>:
100009e8:	2301      	movs	r3, #1
100009ea:	f000 021f 	and.w	r2, r0, #31
100009ee:	4093      	lsls	r3, r2
100009f0:	0940      	lsrs	r0, r0, #5
100009f2:	b141      	cbz	r1, 10000a06 <irq_set_enabled+0x1e>
100009f4:	0080      	lsls	r0, r0, #2
100009f6:	f100 4060 	add.w	r0, r0, #3758096384	@ 0xe0000000
100009fa:	f500 4061 	add.w	r0, r0, #57600	@ 0xe100
100009fe:	f8c0 3180 	str.w	r3, [r0, #384]	@ 0x180
10000a02:	6003      	str	r3, [r0, #0]
10000a04:	4770      	bx	lr
10000a06:	4a02      	ldr	r2, [pc, #8]	@ (10000a10 <irq_set_enabled+0x28>)
10000a08:	3020      	adds	r0, #32
10000a0a:	f842 3020 	str.w	r3, [r2, r0, lsl #2]
10000a0e:	4770      	bx	lr
10000a10:	e000e100 	.word	0xe000e100

10000a14 <irq_is_enabled>:
10000a14:	2301      	movs	r3, #1
10000a16:	4a06      	ldr	r2, [pc, #24]	@ (10000a30 <irq_is_enabled+0x1c>)
10000a18:	0941      	lsrs	r1, r0, #5
10000a1a:	f852 2021 	ldr.w	r2, [r2, r1, lsl #2]
10000a1e:	f000 001f 	and.w	r0, r0, #31
10000a22:	fa03 f000 	lsl.w	r0, r3, r0
10000a26:	4010      	ands	r0, r2
10000a28:	3800      	subs	r0, #0
10000a2a:	bf18      	it	ne
10000a2c:	2001      	movne	r0, #1
10000a2e:	4770      	bx	lr
10000a30:	e000e100 	.word	0xe000e100

10000a34 <irq_set_pending>:
10000a34:	2201      	movs	r2, #1
10000a36:	0943      	lsrs	r3, r0, #5
10000a38:	4903      	ldr	r1, [pc, #12]	@ (10000a48 <irq_set_pending+0x14>)
10000a3a:	f000 001f 	and.w	r0, r0, #31
10000a3e:	4082      	lsls	r2, r0
10000a40:	3340      	adds	r3, #64	@ 0x40
10000a42:	f841 2023 	str.w	r2, [r1, r3, lsl #2]
10000a46:	4770      	bx	lr
10000a48:	e000e100 	.word	0xe000e100

10000a4c <irq_has_shared_handler>:
10000a4c:	4a05      	ldr	r2, [pc, #20]	@ (10000a64 <irq_has_shared_handler+0x18>)
10000a4e:	3010      	adds	r0, #16
10000a50:	6892      	ldr	r2, [r2, #8]
10000a52:	4b05      	ldr	r3, [pc, #20]	@ (10000a68 <irq_has_shared_handler+0x1c>)
10000a54:	f852 0020 	ldr.w	r0, [r2, r0, lsl #2]
10000a58:	1ac0      	subs	r0, r0, r3
10000a5a:	282f      	cmp	r0, #47	@ 0x2f
10000a5c:	bf8c      	ite	hi
10000a5e:	2000      	movhi	r0, #0
10000a60:	2001      	movls	r0, #1
10000a62:	4770      	bx	lr
10000a64:	e000ed00 	.word	0xe000ed00
10000a68:	20001184 	.word	0x20001184

10000a6c <irq_set_exclusive_handler>:
10000a6c:	b5f8      	push	{r3, r4, r5, r6, r7, lr}
10000a6e:	460d      	mov	r5, r1
10000a70:	f3ef 8710 	mrs	r7, PRIMASK
10000a74:	b672      	cpsid	i
10000a76:	4e12      	ldr	r6, [pc, #72]	@ (10000ac0 <irq_set_exclusive_handler+0x54>)
10000a78:	e8d6 2fcf 	ldaexb	r2, [r6]
10000a7c:	2301      	movs	r3, #1
10000a7e:	2a00      	cmp	r2, #0
10000a80:	d1fa      	bne.n	10000a78 <irq_set_exclusive_handler+0xc>
10000a82:	e8c6 3f42 	strexb	r2, r3, [r6]
10000a86:	2a00      	cmp	r2, #0
10000a88:	d1f6      	bne.n	10000a78 <irq_set_exclusive_handler+0xc>
10000a8a:	f3bf 8f5f 	dmb	sy
10000a8e:	4b0d      	ldr	r3, [pc, #52]	@ (10000ac4 <irq_set_exclusive_handler+0x58>)
10000a90:	f100 0410 	add.w	r4, r0, #16
10000a94:	689b      	ldr	r3, [r3, #8]
10000a96:	4a0c      	ldr	r2, [pc, #48]	@ (10000ac8 <irq_set_exclusive_handler+0x5c>)
10000a98:	f853 3024 	ldr.w	r3, [r3, r4, lsl #2]
10000a9c:	4293      	cmp	r3, r2
10000a9e:	d003      	beq.n	10000aa8 <irq_set_exclusive_handler+0x3c>
10000aa0:	4299      	cmp	r1, r3
10000aa2:	d001      	beq.n	10000aa8 <irq_set_exclusive_handler+0x3c>
10000aa4:	f000 ff78 	bl	10001998 <hard_assertion_failure>
10000aa8:	4b06      	ldr	r3, [pc, #24]	@ (10000ac4 <irq_set_exclusive_handler+0x58>)
10000aaa:	689b      	ldr	r3, [r3, #8]
10000aac:	f843 5024 	str.w	r5, [r3, r4, lsl #2]
10000ab0:	f3bf 8f5f 	dmb	sy
10000ab4:	2300      	movs	r3, #0
10000ab6:	e8c6 3f8f 	stlb	r3, [r6]
10000aba:	f387 8810 	msr	PRIMASK, r7
10000abe:	bdf8      	pop	{r3, r4, r5, r6, r7, pc}
10000ac0:	2000155d 	.word	0x2000155d
10000ac4:	e000ed00 	.word	0xe000ed00
10000ac8:	10000111 	.word	0x10000111

10000acc <irq_add_shared_handler>:
10000acc:	e92d 4ff0 	stmdb	sp!, {r4, r5, r6, r7, r8, r9, sl, fp, lr}
10000ad0:	4681      	mov	r9, r0
10000ad2:	468b      	mov	fp, r1
10000ad4:	4616      	mov	r6, r2
10000ad6:	b083      	sub	sp, #12
10000ad8:	f3ef 8310 	mrs	r3, PRIMASK
10000adc:	b672      	cpsid	i
10000ade:	f8df a1d0 	ldr.w	sl, [pc, #464]	@ 10000cb0 <irq_add_shared_handler+0x1e4>
10000ae2:	9300      	str	r3, [sp, #0]
10000ae4:	e8da 1fcf 	ldaexb	r1, [sl]
10000ae8:	2301      	movs	r3, #1
10000aea:	2900      	cmp	r1, #0
10000aec:	d1fa      	bne.n	10000ae4 <irq_add_shared_handler+0x18>
10000aee:	e8ca 3f41 	strexb	r1, r3, [sl]
10000af2:	2900      	cmp	r1, #0
10000af4:	d1f6      	bne.n	10000ae4 <irq_add_shared_handler+0x18>
10000af6:	f3bf 8f5f 	dmb	sy
10000afa:	4b66      	ldr	r3, [pc, #408]	@ (10000c94 <irq_add_shared_handler+0x1c8>)
10000afc:	f993 4000 	ldrsb.w	r4, [r3]
10000b00:	2c00      	cmp	r4, #0
10000b02:	f2c0 80a0 	blt.w	10000c46 <irq_add_shared_handler+0x17a>
10000b06:	4d64      	ldr	r5, [pc, #400]	@ (10000c98 <irq_add_shared_handler+0x1cc>)
10000b08:	eb04 0744 	add.w	r7, r4, r4, lsl #1
10000b0c:	eb05 0887 	add.w	r8, r5, r7, lsl #2
10000b10:	f898 1006 	ldrb.w	r1, [r8, #6]
10000b14:	f109 0910 	add.w	r9, r9, #16
10000b18:	7019      	strb	r1, [r3, #0]
10000b1a:	4b60      	ldr	r3, [pc, #384]	@ (10000c9c <irq_add_shared_handler+0x1d0>)
10000b1c:	00bf      	lsls	r7, r7, #2
10000b1e:	689b      	ldr	r3, [r3, #8]
10000b20:	f853 0029 	ldr.w	r0, [r3, r9, lsl #2]
10000b24:	0063      	lsls	r3, r4, #1
10000b26:	1b41      	subs	r1, r0, r5
10000b28:	292f      	cmp	r1, #47	@ 0x2f
10000b2a:	d92f      	bls.n	10000b8c <irq_add_shared_handler+0xc0>
10000b2c:	495c      	ldr	r1, [pc, #368]	@ (10000ca0 <irq_add_shared_handler+0x1d4>)
10000b2e:	4288      	cmp	r0, r1
10000b30:	f040 80a4 	bne.w	10000c7c <irq_add_shared_handler+0x1b0>
10000b34:	441c      	add	r4, r3
10000b36:	4b5b      	ldr	r3, [pc, #364]	@ (10000ca4 <irq_add_shared_handler+0x1d8>)
10000b38:	3702      	adds	r7, #2
10000b3a:	442f      	add	r7, r5
10000b3c:	3b04      	subs	r3, #4
10000b3e:	1bdb      	subs	r3, r3, r7
10000b40:	f3c3 034a 	ubfx	r3, r3, #1, #11
10000b44:	ea6f 43c3 	mvn.w	r3, r3, lsl #19
10000b48:	f44f 4121 	mov.w	r1, #41216	@ 0xa100
10000b4c:	ea6f 43d3 	mvn.w	r3, r3, lsr #19
10000b50:	f825 1024 	strh.w	r1, [r5, r4, lsl #2]
10000b54:	eb05 0484 	add.w	r4, r5, r4, lsl #2
10000b58:	8063      	strh	r3, [r4, #2]
10000b5a:	f64b 5301 	movw	r3, #48385	@ 0xbd01
10000b5e:	80a3      	strh	r3, [r4, #4]
10000b60:	23ff      	movs	r3, #255	@ 0xff
10000b62:	f048 0001 	orr.w	r0, r8, #1
10000b66:	71e6      	strb	r6, [r4, #7]
10000b68:	f8c4 b008 	str.w	fp, [r4, #8]
10000b6c:	71a3      	strb	r3, [r4, #6]
10000b6e:	4b4b      	ldr	r3, [pc, #300]	@ (10000c9c <irq_add_shared_handler+0x1d0>)
10000b70:	689b      	ldr	r3, [r3, #8]
10000b72:	f843 0029 	str.w	r0, [r3, r9, lsl #2]
10000b76:	f3bf 8f5f 	dmb	sy
10000b7a:	2300      	movs	r3, #0
10000b7c:	e8ca 3f8f 	stlb	r3, [sl]
10000b80:	9b00      	ldr	r3, [sp, #0]
10000b82:	f383 8810 	msr	PRIMASK, r3
10000b86:	b003      	add	sp, #12
10000b88:	e8bd 8ff0 	ldmia.w	sp!, {r4, r5, r6, r7, r8, r9, sl, fp, pc}
10000b8c:	f020 0e01 	bic.w	lr, r0, #1
10000b90:	f89e 1007 	ldrb.w	r1, [lr, #7]
10000b94:	42b1      	cmp	r1, r6
10000b96:	d82e      	bhi.n	10000bf6 <irq_add_shared_handler+0x12a>
10000b98:	f44f 4321 	mov.w	r3, #41216	@ 0xa100
10000b9c:	53eb      	strh	r3, [r5, r7]
10000b9e:	4b41      	ldr	r3, [pc, #260]	@ (10000ca4 <irq_add_shared_handler+0x1d8>)
10000ba0:	1cb9      	adds	r1, r7, #2
10000ba2:	4429      	add	r1, r5
10000ba4:	3b04      	subs	r3, #4
10000ba6:	3704      	adds	r7, #4
10000ba8:	1a5b      	subs	r3, r3, r1
10000baa:	442f      	add	r7, r5
10000bac:	f1ae 0104 	sub.w	r1, lr, #4
10000bb0:	1bc9      	subs	r1, r1, r7
10000bb2:	f3c1 044a 	ubfx	r4, r1, #1, #11
10000bb6:	493c      	ldr	r1, [pc, #240]	@ (10000ca8 <irq_add_shared_handler+0x1dc>)
10000bb8:	f3c3 034a 	ubfx	r3, r3, #1, #11
10000bbc:	430b      	orrs	r3, r1
10000bbe:	4321      	orrs	r1, r4
10000bc0:	f8a8 1004 	strh.w	r1, [r8, #4]
10000bc4:	4939      	ldr	r1, [pc, #228]	@ (10000cac <irq_add_shared_handler+0x1e0>)
10000bc6:	f8a8 3002 	strh.w	r3, [r8, #2]
10000bca:	f64a 20aa 	movw	r0, #43690	@ 0xaaaa
10000bce:	4673      	mov	r3, lr
10000bd0:	1b5b      	subs	r3, r3, r5
10000bd2:	415b      	adcs	r3, r3
10000bd4:	4358      	muls	r0, r3
10000bd6:	0d00      	lsrs	r0, r0, #20
10000bd8:	f888 6007 	strb.w	r6, [r8, #7]
10000bdc:	f888 0006 	strb.w	r0, [r8, #6]
10000be0:	f8c8 b008 	str.w	fp, [r8, #8]
10000be4:	f048 0001 	orr.w	r0, r8, #1
10000be8:	f8ce 1000 	str.w	r1, [lr]
10000bec:	e7bf      	b.n	10000b6e <irq_add_shared_handler+0xa2>
10000bee:	79d1      	ldrb	r1, [r2, #7]
10000bf0:	42b1      	cmp	r1, r6
10000bf2:	d92e      	bls.n	10000c52 <irq_add_shared_handler+0x186>
10000bf4:	4696      	mov	lr, r2
10000bf6:	f99e c006 	ldrsb.w	ip, [lr, #6]
10000bfa:	eb0c 024c 	add.w	r2, ip, ip, lsl #1
10000bfe:	f1bc 0f00 	cmp.w	ip, #0
10000c02:	eb05 0282 	add.w	r2, r5, r2, lsl #2
10000c06:	daf2      	bge.n	10000bee <irq_add_shared_handler+0x122>
10000c08:	f64b 5101 	movw	r1, #48385	@ 0xbd01
10000c0c:	f10e 0204 	add.w	r2, lr, #4
10000c10:	f1a8 0704 	sub.w	r7, r8, #4
10000c14:	1abf      	subs	r7, r7, r2
10000c16:	f3c7 074a 	ubfx	r7, r7, #1, #11
10000c1a:	ea6f 47c7 	mvn.w	r7, r7, lsl #19
10000c1e:	ea6f 47d7 	mvn.w	r7, r7, lsr #19
10000c22:	f88e 4006 	strb.w	r4, [lr, #6]
10000c26:	eb03 0804 	add.w	r8, r3, r4
10000c2a:	4c20      	ldr	r4, [pc, #128]	@ (10000cac <irq_add_shared_handler+0x1e0>)
10000c2c:	eb05 0388 	add.w	r3, r5, r8, lsl #2
10000c30:	f8ae 7004 	strh.w	r7, [lr, #4]
10000c34:	f845 4028 	str.w	r4, [r5, r8, lsl #2]
10000c38:	8099      	strh	r1, [r3, #4]
10000c3a:	f883 c006 	strb.w	ip, [r3, #6]
10000c3e:	71de      	strb	r6, [r3, #7]
10000c40:	f8c3 b008 	str.w	fp, [r3, #8]
10000c44:	e793      	b.n	10000b6e <irq_add_shared_handler+0xa2>
10000c46:	f000 fea7 	bl	10001998 <hard_assertion_failure>
10000c4a:	4b12      	ldr	r3, [pc, #72]	@ (10000c94 <irq_add_shared_handler+0x1c8>)
10000c4c:	f993 4000 	ldrsb.w	r4, [r3]
10000c50:	e759      	b.n	10000b06 <irq_add_shared_handler+0x3a>
10000c52:	4672      	mov	r2, lr
10000c54:	f832 1f04 	ldrh.w	r1, [r2, #4]!
10000c58:	0549      	lsls	r1, r1, #21
10000c5a:	d414      	bmi.n	10000c86 <irq_add_shared_handler+0x1ba>
10000c5c:	1549      	asrs	r1, r1, #21
10000c5e:	3102      	adds	r1, #2
10000c60:	eb02 0141 	add.w	r1, r2, r1, lsl #1
10000c64:	9101      	str	r1, [sp, #4]
10000c66:	f06f 0107 	mvn.w	r1, #7
10000c6a:	1bc9      	subs	r1, r1, r7
10000c6c:	9f01      	ldr	r7, [sp, #4]
10000c6e:	1b49      	subs	r1, r1, r5
10000c70:	4439      	add	r1, r7
10000c72:	f3c1 014a 	ubfx	r1, r1, #1, #11
10000c76:	f441 4160 	orr.w	r1, r1, #57344	@ 0xe000
10000c7a:	e7c9      	b.n	10000c10 <irq_add_shared_handler+0x144>
10000c7c:	9301      	str	r3, [sp, #4]
10000c7e:	f000 fe8b 	bl	10001998 <hard_assertion_failure>
10000c82:	9b01      	ldr	r3, [sp, #4]
10000c84:	e756      	b.n	10000b34 <irq_add_shared_handler+0x68>
10000c86:	f501 11ff 	add.w	r1, r1, #2088960	@ 0x1fe000
10000c8a:	f501 51ff 	add.w	r1, r1, #8160	@ 0x1fe0
10000c8e:	311f      	adds	r1, #31
10000c90:	e7e4      	b.n	10000c5c <irq_add_shared_handler+0x190>
10000c92:	bf00      	nop
10000c94:	20001e48 	.word	0x20001e48
10000c98:	20001184 	.word	0x20001184
10000c9c:	e000ed00 	.word	0xe000ed00
10000ca0:	10000111 	.word	0x10000111
10000ca4:	200011b4 	.word	0x200011b4
10000ca8:	ffffe000 	.word	0xffffe000
10000cac:	47804801 	.word	0x47804801
10000cb0:	2000155d 	.word	0x2000155d

10000cb4 <irq_add_tail_to_free_list>:
10000cb4:	b5f0      	push	{r4, r5, r6, r7, lr}
10000cb6:	f3ef 8505 	mrs	r5, IPSR
10000cba:	b2ed      	uxtb	r5, r5
10000cbc:	f3ef 8c10 	mrs	ip, PRIMASK
10000cc0:	b672      	cpsid	i
10000cc2:	4926      	ldr	r1, [pc, #152]	@ (10000d5c <irq_add_tail_to_free_list+0xa8>)
10000cc4:	e8d1 2fcf 	ldaexb	r2, [r1]
10000cc8:	2301      	movs	r3, #1
10000cca:	2a00      	cmp	r2, #0
10000ccc:	d1fa      	bne.n	10000cc4 <irq_add_tail_to_free_list+0x10>
10000cce:	e8c1 3f42 	strexb	r2, r3, [r1]
10000cd2:	2a00      	cmp	r2, #0
10000cd4:	d1f6      	bne.n	10000cc4 <irq_add_tail_to_free_list+0x10>
10000cd6:	f3bf 8f5f 	dmb	sy
10000cda:	4e21      	ldr	r6, [pc, #132]	@ (10000d60 <irq_add_tail_to_free_list+0xac>)
10000cdc:	f040 0e01 	orr.w	lr, r0, #1
10000ce0:	68b4      	ldr	r4, [r6, #8]
10000ce2:	f64a 23aa 	movw	r3, #43690	@ 0xaaaa
10000ce6:	f854 7025 	ldr.w	r7, [r4, r5, lsl #2]
10000cea:	4a1e      	ldr	r2, [pc, #120]	@ (10000d64 <irq_add_tail_to_free_list+0xb0>)
10000cec:	4604      	mov	r4, r0
10000cee:	1aa4      	subs	r4, r4, r2
10000cf0:	4164      	adcs	r4, r4
10000cf2:	4363      	muls	r3, r4
10000cf4:	0d1b      	lsrs	r3, r3, #20
10000cf6:	4577      	cmp	r7, lr
10000cf8:	b25b      	sxtb	r3, r3
10000cfa:	d01b      	beq.n	10000d34 <irq_add_tail_to_free_list+0x80>
10000cfc:	f992 4006 	ldrsb.w	r4, [r2, #6]
10000d00:	429c      	cmp	r4, r3
10000d02:	d01c      	beq.n	10000d3e <irq_add_tail_to_free_list+0x8a>
10000d04:	f992 4012 	ldrsb.w	r4, [r2, #18]
10000d08:	429c      	cmp	r4, r3
10000d0a:	d023      	beq.n	10000d54 <irq_add_tail_to_free_list+0xa0>
10000d0c:	f992 401e 	ldrsb.w	r4, [r2, #30]
10000d10:	429c      	cmp	r4, r3
10000d12:	d021      	beq.n	10000d58 <irq_add_tail_to_free_list+0xa4>
10000d14:	f992 402a 	ldrsb.w	r4, [r2, #42]	@ 0x2a
10000d18:	429c      	cmp	r4, r3
10000d1a:	bf08      	it	eq
10000d1c:	2403      	moveq	r4, #3
10000d1e:	d00f      	beq.n	10000d40 <irq_add_tail_to_free_list+0x8c>
10000d20:	4a11      	ldr	r2, [pc, #68]	@ (10000d68 <irq_add_tail_to_free_list+0xb4>)
10000d22:	2400      	movs	r4, #0
10000d24:	7815      	ldrb	r5, [r2, #0]
10000d26:	7013      	strb	r3, [r2, #0]
10000d28:	7185      	strb	r5, [r0, #6]
10000d2a:	e8c1 4f8f 	stlb	r4, [r1]
10000d2e:	f38c 8810 	msr	PRIMASK, ip
10000d32:	bdf0      	pop	{r4, r5, r6, r7, pc}
10000d34:	68b2      	ldr	r2, [r6, #8]
10000d36:	4c0d      	ldr	r4, [pc, #52]	@ (10000d6c <irq_add_tail_to_free_list+0xb8>)
10000d38:	f842 4025 	str.w	r4, [r2, r5, lsl #2]
10000d3c:	e7f0      	b.n	10000d20 <irq_add_tail_to_free_list+0x6c>
10000d3e:	2400      	movs	r4, #0
10000d40:	eb04 0444 	add.w	r4, r4, r4, lsl #1
10000d44:	eb02 0284 	add.w	r2, r2, r4, lsl #2
10000d48:	24ff      	movs	r4, #255	@ 0xff
10000d4a:	7194      	strb	r4, [r2, #6]
10000d4c:	f64b 5401 	movw	r4, #48385	@ 0xbd01
10000d50:	8094      	strh	r4, [r2, #4]
10000d52:	e7e5      	b.n	10000d20 <irq_add_tail_to_free_list+0x6c>
10000d54:	2401      	movs	r4, #1
10000d56:	e7f3      	b.n	10000d40 <irq_add_tail_to_free_list+0x8c>
10000d58:	2402      	movs	r4, #2
10000d5a:	e7f1      	b.n	10000d40 <irq_add_tail_to_free_list+0x8c>
10000d5c:	2000155d 	.word	0x2000155d
10000d60:	e000ed00 	.word	0xe000ed00
10000d64:	20001184 	.word	0x20001184
10000d68:	20001e48 	.word	0x20001e48
10000d6c:	10000111 	.word	0x10000111

10000d70 <user_irq_claim_unused>:
10000d70:	b510      	push	{r4, lr}
10000d72:	4c07      	ldr	r4, [pc, #28]	@ (10000d90 <user_irq_claim_unused+0x20>)
10000d74:	b082      	sub	sp, #8
10000d76:	4601      	mov	r1, r0
10000d78:	2305      	movs	r3, #5
10000d7a:	2200      	movs	r2, #0
10000d7c:	9400      	str	r4, [sp, #0]
10000d7e:	4805      	ldr	r0, [pc, #20]	@ (10000d94 <user_irq_claim_unused+0x24>)
10000d80:	f7ff fda2 	bl	100008c8 <hw_claim_unused_from_range>
10000d84:	2800      	cmp	r0, #0
10000d86:	bfa8      	it	ge
10000d88:	f1c0 0033 	rsbge	r0, r0, #51	@ 0x33
10000d8c:	b002      	add	sp, #8
10000d8e:	bd10      	pop	{r4, pc}
10000d90:	10006420 	.word	0x10006420
10000d94:	20001e4c 	.word	0x20001e4c

10000d98 <lock_init>:
10000d98:	4b01      	ldr	r3, [pc, #4]	@ (10000da0 <lock_init+0x8>)
10000d9a:	440b      	add	r3, r1
10000d9c:	6003      	str	r3, [r0, #0]
10000d9e:	4770      	bx	lr
10000da0:	20001554 	.word	0x20001554

10000da4 <runtime_init_mutex>:
10000da4:	b570      	push	{r4, r5, r6, lr}
10000da6:	4c10      	ldr	r4, [pc, #64]	@ (10000de8 <runtime_init_mutex+0x44>)
10000da8:	4d10      	ldr	r5, [pc, #64]	@ (10000dec <runtime_init_mutex+0x48>)
10000daa:	42ac      	cmp	r4, r5
10000dac:	d20e      	bcs.n	10000dcc <runtime_init_mutex+0x28>
10000dae:	26ff      	movs	r6, #255	@ 0xff
10000db0:	6823      	ldr	r3, [r4, #0]
10000db2:	b163      	cbz	r3, 10000dce <runtime_init_mutex+0x2a>
10000db4:	f7ff fdc8 	bl	10000948 <next_striped_spin_lock_num>
10000db8:	4601      	mov	r1, r0
10000dba:	4620      	mov	r0, r4
10000dbc:	f7ff ffec 	bl	10000d98 <lock_init>
10000dc0:	80a6      	strh	r6, [r4, #4]
10000dc2:	f3bf 8f5f 	dmb	sy
10000dc6:	3408      	adds	r4, #8
10000dc8:	42ac      	cmp	r4, r5
10000dca:	d3f1      	bcc.n	10000db0 <runtime_init_mutex+0xc>
10000dcc:	bd70      	pop	{r4, r5, r6, pc}
10000dce:	f7ff fdbb 	bl	10000948 <next_striped_spin_lock_num>
10000dd2:	4601      	mov	r1, r0
10000dd4:	4620      	mov	r0, r4
10000dd6:	f7ff ffdf 	bl	10000d98 <lock_init>
10000dda:	7126      	strb	r6, [r4, #4]
10000ddc:	f3bf 8f5f 	dmb	sy
10000de0:	3408      	adds	r4, #8
10000de2:	42ac      	cmp	r4, r5
10000de4:	d3e4      	bcc.n	10000db0 <runtime_init_mutex+0xc>
10000de6:	bd70      	pop	{r4, r5, r6, pc}
10000de8:	2000121c 	.word	0x2000121c
10000dec:	20001224 	.word	0x20001224

10000df0 <mutex_init>:
10000df0:	b510      	push	{r4, lr}
10000df2:	4604      	mov	r4, r0
10000df4:	f7ff fda8 	bl	10000948 <next_striped_spin_lock_num>
10000df8:	4601      	mov	r1, r0
10000dfa:	4620      	mov	r0, r4
10000dfc:	f7ff ffcc 	bl	10000d98 <lock_init>
10000e00:	23ff      	movs	r3, #255	@ 0xff
10000e02:	7123      	strb	r3, [r4, #4]
10000e04:	f3bf 8f5f 	dmb	sy
10000e08:	bd10      	pop	{r4, pc}
10000e0a:	bf00      	nop

10000e0c <critical_section_init>:
10000e0c:	b510      	push	{r4, lr}
10000e0e:	4604      	mov	r4, r0
10000e10:	2001      	movs	r0, #1
10000e12:	f7ff fda5 	bl	10000960 <spin_lock_claim_unused>
10000e16:	4b03      	ldr	r3, [pc, #12]	@ (10000e24 <critical_section_init+0x18>)
10000e18:	4403      	add	r3, r0
10000e1a:	6023      	str	r3, [r4, #0]
10000e1c:	f3bf 8f5f 	dmb	sy
10000e20:	bd10      	pop	{r4, pc}
10000e22:	bf00      	nop
10000e24:	20001554 	.word	0x20001554

10000e28 <critical_section_init_with_lock_num>:
10000e28:	4b02      	ldr	r3, [pc, #8]	@ (10000e34 <critical_section_init_with_lock_num+0xc>)
10000e2a:	440b      	add	r3, r1
10000e2c:	6003      	str	r3, [r0, #0]
10000e2e:	f3bf 8f5f 	dmb	sy
10000e32:	4770      	bx	lr
10000e34:	20001554 	.word	0x20001554

10000e38 <sleep_until_callback>:
10000e38:	4b0d      	ldr	r3, [pc, #52]	@ (10000e70 <sleep_until_callback+0x38>)
10000e3a:	681a      	ldr	r2, [r3, #0]
10000e3c:	f3ef 8110 	mrs	r1, PRIMASK
10000e40:	b672      	cpsid	i
10000e42:	e8d2 cfcf 	ldaexb	ip, [r2]
10000e46:	2001      	movs	r0, #1
10000e48:	f1bc 0f00 	cmp.w	ip, #0
10000e4c:	d1f9      	bne.n	10000e42 <sleep_until_callback+0xa>
10000e4e:	e8c2 0f4c 	strexb	ip, r0, [r2]
10000e52:	f1bc 0f00 	cmp.w	ip, #0
10000e56:	d1f4      	bne.n	10000e42 <sleep_until_callback+0xa>
10000e58:	f3bf 8f5f 	dmb	sy
10000e5c:	2200      	movs	r2, #0
10000e5e:	681b      	ldr	r3, [r3, #0]
10000e60:	e8c3 2f8f 	stlb	r2, [r3]
10000e64:	f381 8810 	msr	PRIMASK, r1
10000e68:	bf40      	sev
10000e6a:	2000      	movs	r0, #0
10000e6c:	2100      	movs	r1, #0
10000e6e:	4770      	bx	lr
10000e70:	20001e28 	.word	0x20001e28
10000e74:	00000000 	.word	0x00000000

10000e78 <alarm_pool_irq_handler>:
10000e78:	e92d 4ff0 	stmdb	sp!, {r4, r5, r6, r7, r8, r9, sl, fp, lr}
10000e7c:	ed2d 8b02 	vpush	{d8}
10000e80:	b085      	sub	sp, #20
10000e82:	f3ef 8305 	mrs	r3, IPSR
10000e86:	b2db      	uxtb	r3, r3
10000e88:	3b10      	subs	r3, #16
10000e8a:	089a      	lsrs	r2, r3, #2
10000e8c:	bf18      	it	ne
10000e8e:	2201      	movne	r2, #1
10000e90:	f04f 0101 	mov.w	r1, #1
10000e94:	f003 0b03 	and.w	fp, r3, #3
10000e98:	bf18      	it	ne
10000e9a:	4daf      	ldrne	r5, [pc, #700]	@ (10001158 <alarm_pool_irq_handler+0x2e0>)
10000e9c:	4baf      	ldr	r3, [pc, #700]	@ (1000115c <alarm_pool_irq_handler+0x2e4>)
10000e9e:	bf08      	it	eq
10000ea0:	4daf      	ldreq	r5, [pc, #700]	@ (10001160 <alarm_pool_irq_handler+0x2e8>)
10000ea2:	eb0b 0282 	add.w	r2, fp, r2, lsl #2
10000ea6:	f853 6022 	ldr.w	r6, [r3, r2, lsl #2]
10000eaa:	fa01 f20b 	lsl.w	r2, r1, fp
10000eae:	f505 5341 	add.w	r3, r5, #12352	@ 0x3040
10000eb2:	ed9f 8ba7 	vldr	d8, [pc, #668]	@ 10001150 <alarm_pool_irq_handler+0x2d8>
10000eb6:	9201      	str	r2, [sp, #4]
10000eb8:	605a      	str	r2, [r3, #4]
10000eba:	e02f      	b.n	10000f1c <alarm_pool_irq_handler+0xa4>
10000ebc:	88b3      	ldrh	r3, [r6, #4]
10000ebe:	041c      	lsls	r4, r3, #16
10000ec0:	f140 8093 	bpl.w	10000fea <alarm_pool_irq_handler+0x172>
10000ec4:	79b3      	ldrb	r3, [r6, #6]
10000ec6:	2b00      	cmp	r3, #0
10000ec8:	f040 80dd 	bne.w	10001086 <alarm_pool_irq_handler+0x20e>
10000ecc:	f9b6 2008 	ldrsh.w	r2, [r6, #8]
10000ed0:	2a00      	cmp	r2, #0
10000ed2:	f2c0 811e 	blt.w	10001112 <alarm_pool_irq_handler+0x29a>
10000ed6:	6973      	ldr	r3, [r6, #20]
10000ed8:	eb02 0242 	add.w	r2, r2, r2, lsl #1
10000edc:	eb03 03c2 	add.w	r3, r3, r2, lsl #3
10000ee0:	e9d3 4702 	ldrd	r4, r7, [r3, #8]
10000ee4:	f1b7 3fff 	cmp.w	r7, #4294967295
10000ee8:	bf08      	it	eq
10000eea:	f1b4 3fff 	cmpeq.w	r4, #4294967295
10000eee:	d00e      	beq.n	10000f0e <alarm_pool_irq_handler+0x96>
10000ef0:	eb05 018b 	add.w	r1, r5, fp, lsl #2
10000ef4:	6aab      	ldr	r3, [r5, #40]	@ 0x28
10000ef6:	690a      	ldr	r2, [r1, #16]
10000ef8:	1ad2      	subs	r2, r2, r3
10000efa:	1ae3      	subs	r3, r4, r3
10000efc:	4293      	cmp	r3, r2
10000efe:	d305      	bcc.n	10000f0c <alarm_pool_irq_handler+0x94>
10000f00:	2301      	movs	r3, #1
10000f02:	6a2a      	ldr	r2, [r5, #32]
10000f04:	fa03 f30b 	lsl.w	r3, r3, fp
10000f08:	4213      	tst	r3, r2
10000f0a:	d100      	bne.n	10000f0e <alarm_pool_irq_handler+0x96>
10000f0c:	610c      	str	r4, [r1, #16]
10000f0e:	4628      	mov	r0, r5
10000f10:	f000 fbac 	bl	1000166c <timer_time_us_64>
10000f14:	42a0      	cmp	r0, r4
10000f16:	41b9      	sbcs	r1, r7
10000f18:	f2c0 80fb 	blt.w	10001112 <alarm_pool_irq_handler+0x29a>
10000f1c:	f9b6 3008 	ldrsh.w	r3, [r6, #8]
10000f20:	9a01      	ldr	r2, [sp, #4]
10000f22:	2b00      	cmp	r3, #0
10000f24:	9300      	str	r3, [sp, #0]
10000f26:	63ea      	str	r2, [r5, #60]	@ 0x3c
10000f28:	dbc8      	blt.n	10000ebc <alarm_pool_irq_handler+0x44>
10000f2a:	f8d6 8014 	ldr.w	r8, [r6, #20]
10000f2e:	eb03 0943 	add.w	r9, r3, r3, lsl #1
10000f32:	4628      	mov	r0, r5
10000f34:	eb08 07c9 	add.w	r7, r8, r9, lsl #3
10000f38:	e9d7 4a02 	ldrd	r4, sl, [r7, #8]
10000f3c:	f000 fb96 	bl	1000166c <timer_time_us_64>
10000f40:	42a0      	cmp	r0, r4
10000f42:	eb71 010a 	sbcs.w	r1, r1, sl
10000f46:	dbb9      	blt.n	10000ebc <alarm_pool_irq_handler+0x44>
10000f48:	f1ba 0f00 	cmp.w	sl, #0
10000f4c:	f2c0 80c3 	blt.w	100010d6 <alarm_pool_irq_handler+0x25e>
10000f50:	e9d7 3104 	ldrd	r3, r1, [r7, #16]
10000f54:	4a83      	ldr	r2, [pc, #524]	@ (10001164 <alarm_pool_irq_handler+0x2ec>)
10000f56:	4293      	cmp	r3, r2
10000f58:	f000 80ed 	beq.w	10001136 <alarm_pool_irq_handler+0x2be>
10000f5c:	887a      	ldrh	r2, [r7, #2]
10000f5e:	f9b6 0008 	ldrsh.w	r0, [r6, #8]
10000f62:	b292      	uxth	r2, r2
10000f64:	ea42 4000 	orr.w	r0, r2, r0, lsl #16
10000f68:	4798      	blx	r3
10000f6a:	4602      	mov	r2, r0
10000f6c:	460b      	mov	r3, r1
10000f6e:	ea52 0103 	orrs.w	r1, r2, r3
10000f72:	f000 80b0 	beq.w	100010d6 <alarm_pool_irq_handler+0x25e>
10000f76:	2b00      	cmp	r3, #0
10000f78:	f280 80d1 	bge.w	1000111e <alarm_pool_irq_handler+0x2a6>
10000f7c:	ebb4 0e02 	subs.w	lr, r4, r2
10000f80:	eb6a 0a03 	sbc.w	sl, sl, r3
10000f84:	f938 3039 	ldrsh.w	r3, [r8, r9, lsl #3]
10000f88:	e9c7 ea02 	strd	lr, sl, [r7, #8]
10000f8c:	2b00      	cmp	r3, #0
10000f8e:	db95      	blt.n	10000ebc <alarm_pool_irq_handler+0x44>
10000f90:	6971      	ldr	r1, [r6, #20]
10000f92:	eb03 0243 	add.w	r2, r3, r3, lsl #1
10000f96:	eb01 02c2 	add.w	r2, r1, r2, lsl #3
10000f9a:	e9d2 7002 	ldrd	r7, r0, [r2, #8]
10000f9e:	45be      	cmp	lr, r7
10000fa0:	eb7a 0c00 	sbcs.w	ip, sl, r0
10000fa4:	ea4f 0243 	mov.w	r2, r3, lsl #1
10000fa8:	db88      	blt.n	10000ebc <alarm_pool_irq_handler+0x44>
10000faa:	46b4      	mov	ip, r6
10000fac:	f82c 3f08 	strh.w	r3, [ip, #8]!
10000fb0:	e006      	b.n	10000fc0 <alarm_pool_irq_handler+0x148>
10000fb2:	eb03 0043 	add.w	r0, r3, r3, lsl #1
10000fb6:	eb01 00c0 	add.w	r0, r1, r0, lsl #3
10000fba:	005a      	lsls	r2, r3, #1
10000fbc:	e9d0 7002 	ldrd	r7, r0, [r0, #8]
10000fc0:	45be      	cmp	lr, r7
10000fc2:	441a      	add	r2, r3
10000fc4:	eb7a 0000 	sbcs.w	r0, sl, r0
10000fc8:	eb01 04c2 	add.w	r4, r1, r2, lsl #3
10000fcc:	db04      	blt.n	10000fd8 <alarm_pool_irq_handler+0x160>
10000fce:	f931 3032 	ldrsh.w	r3, [r1, r2, lsl #3]
10000fd2:	46a4      	mov	ip, r4
10000fd4:	2b00      	cmp	r3, #0
10000fd6:	daec      	bge.n	10000fb2 <alarm_pool_irq_handler+0x13a>
10000fd8:	f828 3039 	strh.w	r3, [r8, r9, lsl #3]
10000fdc:	9b00      	ldr	r3, [sp, #0]
10000fde:	f8ac 3000 	strh.w	r3, [ip]
10000fe2:	88b3      	ldrh	r3, [r6, #4]
10000fe4:	041c      	lsls	r4, r3, #16
10000fe6:	f53f af6d 	bmi.w	10000ec4 <alarm_pool_irq_handler+0x4c>
10000fea:	6933      	ldr	r3, [r6, #16]
10000fec:	f3ef 8210 	mrs	r2, PRIMASK
10000ff0:	b672      	cpsid	i
10000ff2:	e8d3 0fcf 	ldaexb	r0, [r3]
10000ff6:	2101      	movs	r1, #1
10000ff8:	2800      	cmp	r0, #0
10000ffa:	d1fa      	bne.n	10000ff2 <alarm_pool_irq_handler+0x17a>
10000ffc:	e8c3 1f40 	strexb	r0, r1, [r3]
10001000:	2800      	cmp	r0, #0
10001002:	d1f6      	bne.n	10000ff2 <alarm_pool_irq_handler+0x17a>
10001004:	f3bf 8f5f 	dmb	sy
10001008:	f64f 74ff 	movw	r4, #65535	@ 0xffff
1000100c:	88b0      	ldrh	r0, [r6, #4]
1000100e:	2300      	movs	r3, #0
10001010:	6931      	ldr	r1, [r6, #16]
10001012:	b200      	sxth	r0, r0
10001014:	80b4      	strh	r4, [r6, #4]
10001016:	e8c1 3f8f 	stlb	r3, [r1]
1000101a:	f382 8810 	msr	PRIMASK, r2
1000101e:	4298      	cmp	r0, r3
10001020:	f6ff af50 	blt.w	10000ec4 <alarm_pool_irq_handler+0x4c>
10001024:	4607      	mov	r7, r0
10001026:	46a9      	mov	r9, r5
10001028:	6974      	ldr	r4, [r6, #20]
1000102a:	f106 0808 	add.w	r8, r6, #8
1000102e:	eb07 0e47 	add.w	lr, r7, r7, lsl #1
10001032:	eb04 03ce 	add.w	r3, r4, lr, lsl #3
10001036:	e9d3 5002 	ldrd	r5, r0, [r3, #8]
1000103a:	f9b6 3008 	ldrsh.w	r3, [r6, #8]
1000103e:	46c4      	mov	ip, r8
10001040:	2b00      	cmp	r3, #0
10001042:	db13      	blt.n	1000106c <alarm_pool_irq_handler+0x1f4>
10001044:	46b2      	mov	sl, r6
10001046:	9700      	str	r7, [sp, #0]
10001048:	e004      	b.n	10001054 <alarm_pool_irq_handler+0x1dc>
1000104a:	f934 3036 	ldrsh.w	r3, [r4, r6, lsl #3]
1000104e:	4694      	mov	ip, r2
10001050:	2b00      	cmp	r3, #0
10001052:	db09      	blt.n	10001068 <alarm_pool_irq_handler+0x1f0>
10001054:	eb03 0643 	add.w	r6, r3, r3, lsl #1
10001058:	eb04 02c6 	add.w	r2, r4, r6, lsl #3
1000105c:	e9d2 7102 	ldrd	r7, r1, [r2, #8]
10001060:	42bd      	cmp	r5, r7
10001062:	eb70 0101 	sbcs.w	r1, r0, r1
10001066:	daf0      	bge.n	1000104a <alarm_pool_irq_handler+0x1d2>
10001068:	4656      	mov	r6, sl
1000106a:	9f00      	ldr	r7, [sp, #0]
1000106c:	f8ac 7000 	strh.w	r7, [ip]
10001070:	f934 703e 	ldrsh.w	r7, [r4, lr, lsl #3]
10001074:	f824 303e 	strh.w	r3, [r4, lr, lsl #3]
10001078:	2f00      	cmp	r7, #0
1000107a:	dad8      	bge.n	1000102e <alarm_pool_irq_handler+0x1b6>
1000107c:	79b3      	ldrb	r3, [r6, #6]
1000107e:	464d      	mov	r5, r9
10001080:	2b00      	cmp	r3, #0
10001082:	f43f af23 	beq.w	10000ecc <alarm_pool_irq_handler+0x54>
10001086:	2300      	movs	r3, #0
10001088:	71b3      	strb	r3, [r6, #6]
1000108a:	f9b6 3008 	ldrsh.w	r3, [r6, #8]
1000108e:	f106 0808 	add.w	r8, r6, #8
10001092:	1c58      	adds	r0, r3, #1
10001094:	d03d      	beq.n	10001112 <alarm_pool_irq_handler+0x29a>
10001096:	461a      	mov	r2, r3
10001098:	6977      	ldr	r7, [r6, #20]
1000109a:	e003      	b.n	100010a4 <alarm_pool_irq_handler+0x22c>
1000109c:	4680      	mov	r8, r0
1000109e:	1c59      	adds	r1, r3, #1
100010a0:	f43f af16 	beq.w	10000ed0 <alarm_pool_irq_handler+0x58>
100010a4:	eb03 0143 	add.w	r1, r3, r3, lsl #1
100010a8:	eb07 00c1 	add.w	r0, r7, r1, lsl #3
100010ac:	f8b0 c002 	ldrh.w	ip, [r0, #2]
100010b0:	461c      	mov	r4, r3
100010b2:	f41c 4f00 	tst.w	ip, #32768	@ 0x8000
100010b6:	469e      	mov	lr, r3
100010b8:	f937 3031 	ldrsh.w	r3, [r7, r1, lsl #3]
100010bc:	d0ee      	beq.n	1000109c <alarm_pool_irq_handler+0x224>
100010be:	4294      	cmp	r4, r2
100010c0:	ed80 8b02 	vstr	d8, [r0, #8]
100010c4:	d005      	beq.n	100010d2 <alarm_pool_irq_handler+0x25a>
100010c6:	f8a8 3000 	strh.w	r3, [r8]
100010ca:	8932      	ldrh	r2, [r6, #8]
100010cc:	f827 2031 	strh.w	r2, [r7, r1, lsl #3]
100010d0:	8134      	strh	r4, [r6, #8]
100010d2:	4672      	mov	r2, lr
100010d4:	e7e3      	b.n	1000109e <alarm_pool_irq_handler+0x226>
100010d6:	f838 3039 	ldrh.w	r3, [r8, r9, lsl #3]
100010da:	8133      	strh	r3, [r6, #8]
100010dc:	6933      	ldr	r3, [r6, #16]
100010de:	f3ef 8210 	mrs	r2, PRIMASK
100010e2:	b672      	cpsid	i
100010e4:	e8d3 0fcf 	ldaexb	r0, [r3]
100010e8:	2101      	movs	r1, #1
100010ea:	2800      	cmp	r0, #0
100010ec:	d1fa      	bne.n	100010e4 <alarm_pool_irq_handler+0x26c>
100010ee:	e8c3 1f40 	strexb	r0, r1, [r3]
100010f2:	2800      	cmp	r0, #0
100010f4:	d1f6      	bne.n	100010e4 <alarm_pool_irq_handler+0x26c>
100010f6:	f3bf 8f5f 	dmb	sy
100010fa:	8873      	ldrh	r3, [r6, #2]
100010fc:	6931      	ldr	r1, [r6, #16]
100010fe:	f828 3039 	strh.w	r3, [r8, r9, lsl #3]
10001102:	9b00      	ldr	r3, [sp, #0]
10001104:	8073      	strh	r3, [r6, #2]
10001106:	2300      	movs	r3, #0
10001108:	e8c1 3f8f 	stlb	r3, [r1]
1000110c:	f382 8810 	msr	PRIMASK, r2
10001110:	e6d4      	b.n	10000ebc <alarm_pool_irq_handler+0x44>
10001112:	bf40      	sev
10001114:	b005      	add	sp, #20
10001116:	ecbd 8b02 	vpop	{d8}
1000111a:	e8bd 8ff0 	ldmia.w	sp!, {r4, r5, r6, r7, r8, r9, sl, fp, pc}
1000111e:	4628      	mov	r0, r5
10001120:	e9cd 2302 	strd	r2, r3, [sp, #8]
10001124:	f000 faa2 	bl	1000166c <timer_time_us_64>
10001128:	9a02      	ldr	r2, [sp, #8]
1000112a:	9b03      	ldr	r3, [sp, #12]
1000112c:	eb10 0e02 	adds.w	lr, r0, r2
10001130:	eb43 0a01 	adc.w	sl, r3, r1
10001134:	e726      	b.n	10000f84 <alarm_pool_irq_handler+0x10c>
10001136:	4608      	mov	r0, r1
10001138:	690b      	ldr	r3, [r1, #16]
1000113a:	9102      	str	r1, [sp, #8]
1000113c:	4798      	blx	r3
1000113e:	2800      	cmp	r0, #0
10001140:	d0c9      	beq.n	100010d6 <alarm_pool_irq_handler+0x25e>
10001142:	9902      	ldr	r1, [sp, #8]
10001144:	e9d1 2300 	ldrd	r2, r3, [r1]
10001148:	e711      	b.n	10000f6e <alarm_pool_irq_handler+0xf6>
1000114a:	bf00      	nop
1000114c:	f3af 8000 	nop.w
10001150:	ffffffff 	.word	0xffffffff
10001154:	ffffffff 	.word	0xffffffff
10001158:	400b8000 	.word	0x400b8000
1000115c:	20001e00 	.word	0x20001e00
10001160:	400b0000 	.word	0x400b0000
10001164:	10000e79 	.word	0x10000e79

10001168 <runtime_init_default_alarm_pool>:
10001168:	e92d 4ff8 	stmdb	sp!, {r3, r4, r5, r6, r7, r8, r9, sl, fp, lr}
1000116c:	4c36      	ldr	r4, [pc, #216]	@ (10001248 <runtime_init_default_alarm_pool+0xe0>)
1000116e:	6925      	ldr	r5, [r4, #16]
10001170:	b12d      	cbz	r5, 1000117e <runtime_init_default_alarm_pool+0x16>
10001172:	e8bd 4ff8 	ldmia.w	sp!, {r3, r4, r5, r6, r7, r8, r9, sl, fp, lr}
10001176:	210a      	movs	r1, #10
10001178:	4834      	ldr	r0, [pc, #208]	@ (1000124c <runtime_init_default_alarm_pool+0xe4>)
1000117a:	f7ff be0d 	b.w	10000d98 <lock_init>
1000117e:	f8df 80e4 	ldr.w	r8, [pc, #228]	@ 10001264 <runtime_init_default_alarm_pool+0xfc>
10001182:	2103      	movs	r1, #3
10001184:	4640      	mov	r0, r8
10001186:	f000 fa5f 	bl	10001648 <timer_hardware_alarm_claim>
1000118a:	2603      	movs	r6, #3
1000118c:	f8c4 800c 	str.w	r8, [r4, #12]
10001190:	f7ff fbda 	bl	10000948 <next_striped_spin_lock_num>
10001194:	f04f 4c50 	mov.w	ip, #3489660928	@ 0xd0000000
10001198:	4b2d      	ldr	r3, [pc, #180]	@ (10001250 <runtime_init_default_alarm_pool+0xe8>)
1000119a:	7026      	strb	r6, [r4, #0]
1000119c:	4403      	add	r3, r0
1000119e:	6123      	str	r3, [r4, #16]
100011a0:	f8dc 3000 	ldr.w	r3, [ip]
100011a4:	210f      	movs	r1, #15
100011a6:	7063      	strb	r3, [r4, #1]
100011a8:	6963      	ldr	r3, [r4, #20]
100011aa:	8061      	strh	r1, [r4, #2]
100011ac:	831d      	strh	r5, [r3, #24]
100011ae:	f04f 0504 	mov.w	r5, #4
100011b2:	f8a3 5078 	strh.w	r5, [r3, #120]	@ 0x78
100011b6:	f04f 0505 	mov.w	r5, #5
100011ba:	f8a3 5090 	strh.w	r5, [r3, #144]	@ 0x90
100011be:	f04f 0506 	mov.w	r5, #6
100011c2:	f8a3 50a8 	strh.w	r5, [r3, #168]	@ 0xa8
100011c6:	f04f 0507 	mov.w	r5, #7
100011ca:	210e      	movs	r1, #14
100011cc:	f64f 72ff 	movw	r2, #65535	@ 0xffff
100011d0:	2708      	movs	r7, #8
100011d2:	f04f 0e0a 	mov.w	lr, #10
100011d6:	f8a3 50c0 	strh.w	r5, [r3, #192]	@ 0xc0
100011da:	f04f 0901 	mov.w	r9, #1
100011de:	f04f 0c0c 	mov.w	ip, #12
100011e2:	f04f 0b02 	mov.w	fp, #2
100011e6:	f04f 0a09 	mov.w	sl, #9
100011ea:	200d      	movs	r0, #13
100011ec:	f04f 050b 	mov.w	r5, #11
100011f0:	f8a3 1168 	strh.w	r1, [r3, #360]	@ 0x168
100011f4:	4917      	ldr	r1, [pc, #92]	@ (10001254 <runtime_init_default_alarm_pool+0xec>)
100011f6:	80a2      	strh	r2, [r4, #4]
100011f8:	f8a3 e108 	strh.w	lr, [r3, #264]	@ 0x108
100011fc:	60a1      	str	r1, [r4, #8]
100011fe:	f8a3 b048 	strh.w	fp, [r3, #72]	@ 0x48
10001202:	f8a3 a0f0 	strh.w	sl, [r3, #240]	@ 0xf0
10001206:	f8a3 5120 	strh.w	r5, [r3, #288]	@ 0x120
1000120a:	f8a3 c138 	strh.w	ip, [r3, #312]	@ 0x138
1000120e:	f8a3 0150 	strh.w	r0, [r3, #336]	@ 0x150
10001212:	f8a3 9030 	strh.w	r9, [r3, #48]	@ 0x30
10001216:	f8a3 6060 	strh.w	r6, [r3, #96]	@ 0x60
1000121a:	f8a3 70d8 	strh.w	r7, [r3, #216]	@ 0xd8
1000121e:	801a      	strh	r2, [r3, #0]
10001220:	4b0d      	ldr	r3, [pc, #52]	@ (10001258 <runtime_init_default_alarm_pool+0xf0>)
10001222:	4630      	mov	r0, r6
10001224:	f8c8 7020 	str.w	r7, [r8, #32]
10001228:	490c      	ldr	r1, [pc, #48]	@ (1000125c <runtime_init_default_alarm_pool+0xf4>)
1000122a:	60dc      	str	r4, [r3, #12]
1000122c:	f7ff fc1e 	bl	10000a6c <irq_set_exclusive_handler>
10001230:	4649      	mov	r1, r9
10001232:	4630      	mov	r0, r6
10001234:	f7ff fbd8 	bl	100009e8 <irq_set_enabled>
10001238:	4b09      	ldr	r3, [pc, #36]	@ (10001260 <runtime_init_default_alarm_pool+0xf8>)
1000123a:	210a      	movs	r1, #10
1000123c:	641f      	str	r7, [r3, #64]	@ 0x40
1000123e:	4803      	ldr	r0, [pc, #12]	@ (1000124c <runtime_init_default_alarm_pool+0xe4>)
10001240:	e8bd 4ff8 	ldmia.w	sp!, {r3, r4, r5, r6, r7, r8, r9, sl, fp, lr}
10001244:	f7ff bda8 	b.w	10000d98 <lock_init>
10001248:	200011cc 	.word	0x200011cc
1000124c:	20001e28 	.word	0x20001e28
10001250:	20001554 	.word	0x20001554
10001254:	0010ffff 	.word	0x0010ffff
10001258:	20001e00 	.word	0x20001e00
1000125c:	10000e79 	.word	0x10000e79
10001260:	400b2000 	.word	0x400b2000
10001264:	400b0000 	.word	0x400b0000

10001268 <alarm_pool_get_default>:
10001268:	4800      	ldr	r0, [pc, #0]	@ (1000126c <alarm_pool_get_default+0x4>)
1000126a:	4770      	bx	lr
1000126c:	200011cc 	.word	0x200011cc

10001270 <alarm_pool_add_alarm_at>:
10001270:	b5f8      	push	{r3, r4, r5, r6, r7, lr}
10001272:	f89d 5020 	ldrb.w	r5, [sp, #32]
10001276:	4604      	mov	r4, r0
10001278:	4617      	mov	r7, r2
1000127a:	461e      	mov	r6, r3
1000127c:	b935      	cbnz	r5, 1000128c <alarm_pool_add_alarm_at+0x1c>
1000127e:	f000 f9fd 	bl	1000167c <time_us_64>
10001282:	4287      	cmp	r7, r0
10001284:	eb66 0101 	sbc.w	r1, r6, r1
10001288:	2900      	cmp	r1, #0
1000128a:	db5c      	blt.n	10001346 <alarm_pool_add_alarm_at+0xd6>
1000128c:	6921      	ldr	r1, [r4, #16]
1000128e:	f3ef 8310 	mrs	r3, PRIMASK
10001292:	b672      	cpsid	i
10001294:	e8d1 0fcf 	ldaexb	r0, [r1]
10001298:	2201      	movs	r2, #1
1000129a:	2800      	cmp	r0, #0
1000129c:	d1fa      	bne.n	10001294 <alarm_pool_add_alarm_at+0x24>
1000129e:	e8c1 2f40 	strexb	r0, r2, [r1]
100012a2:	2800      	cmp	r0, #0
100012a4:	d1f6      	bne.n	10001294 <alarm_pool_add_alarm_at+0x24>
100012a6:	f3bf 8f5f 	dmb	sy
100012aa:	f9b4 2002 	ldrsh.w	r2, [r4, #2]
100012ae:	6965      	ldr	r5, [r4, #20]
100012b0:	eb02 0142 	add.w	r1, r2, r2, lsl #1
100012b4:	2a00      	cmp	r2, #0
100012b6:	ea4f 0cc1 	mov.w	ip, r1, lsl #3
100012ba:	6920      	ldr	r0, [r4, #16]
100012bc:	eb05 01c1 	add.w	r1, r5, r1, lsl #3
100012c0:	db39      	blt.n	10001336 <alarm_pool_add_alarm_at+0xc6>
100012c2:	f835 e00c 	ldrh.w	lr, [r5, ip]
100012c6:	f8a4 e002 	strh.w	lr, [r4, #2]
100012ca:	f04f 0e00 	mov.w	lr, #0
100012ce:	e8c0 ef8f 	stlb	lr, [r0]
100012d2:	f383 8810 	msr	PRIMASK, r3
100012d6:	8848      	ldrh	r0, [r1, #2]
100012d8:	9b06      	ldr	r3, [sp, #24]
100012da:	3001      	adds	r0, #1
100012dc:	f3c0 000e 	ubfx	r0, r0, #0, #15
100012e0:	2801      	cmp	r0, #1
100012e2:	bf38      	it	cc
100012e4:	2001      	movcc	r0, #1
100012e6:	610b      	str	r3, [r1, #16]
100012e8:	9b07      	ldr	r3, [sp, #28]
100012ea:	8048      	strh	r0, [r1, #2]
100012ec:	614b      	str	r3, [r1, #20]
100012ee:	e9c1 7602 	strd	r7, r6, [r1, #8]
100012f2:	ea40 4002 	orr.w	r0, r0, r2, lsl #16
100012f6:	6923      	ldr	r3, [r4, #16]
100012f8:	f3ef 8110 	mrs	r1, PRIMASK
100012fc:	b672      	cpsid	i
100012fe:	e8d3 7fcf 	ldaexb	r7, [r3]
10001302:	2601      	movs	r6, #1
10001304:	2f00      	cmp	r7, #0
10001306:	d1fa      	bne.n	100012fe <alarm_pool_add_alarm_at+0x8e>
10001308:	e8c3 6f47 	strexb	r7, r6, [r3]
1000130c:	2f00      	cmp	r7, #0
1000130e:	d1f6      	bne.n	100012fe <alarm_pool_add_alarm_at+0x8e>
10001310:	f3bf 8f5f 	dmb	sy
10001314:	88a3      	ldrh	r3, [r4, #4]
10001316:	f825 300c 	strh.w	r3, [r5, ip]
1000131a:	80a2      	strh	r2, [r4, #4]
1000131c:	6923      	ldr	r3, [r4, #16]
1000131e:	e8c3 ef8f 	stlb	lr, [r3]
10001322:	f381 8810 	msr	PRIMASK, r1
10001326:	2201      	movs	r2, #1
10001328:	68e3      	ldr	r3, [r4, #12]
1000132a:	7821      	ldrb	r1, [r4, #0]
1000132c:	f503 5301 	add.w	r3, r3, #8256	@ 0x2040
10001330:	408a      	lsls	r2, r1
10001332:	605a      	str	r2, [r3, #4]
10001334:	bdf8      	pop	{r3, r4, r5, r6, r7, pc}
10001336:	2200      	movs	r2, #0
10001338:	e8c0 2f8f 	stlb	r2, [r0]
1000133c:	f383 8810 	msr	PRIMASK, r3
10001340:	f04f 30ff 	mov.w	r0, #4294967295
10001344:	bdf8      	pop	{r3, r4, r5, r6, r7, pc}
10001346:	4628      	mov	r0, r5
10001348:	bdf8      	pop	{r3, r4, r5, r6, r7, pc}
1000134a:	bf00      	nop

1000134c <alarm_pool_add_alarm_at_force_in_context>:
1000134c:	4601      	mov	r1, r0
1000134e:	b5f0      	push	{r4, r5, r6, r7, lr}
10001350:	6900      	ldr	r0, [r0, #16]
10001352:	f3ef 8710 	mrs	r7, PRIMASK
10001356:	b672      	cpsid	i
10001358:	e8d0 5fcf 	ldaexb	r5, [r0]
1000135c:	2401      	movs	r4, #1
1000135e:	2d00      	cmp	r5, #0
10001360:	d1fa      	bne.n	10001358 <alarm_pool_add_alarm_at_force_in_context+0xc>
10001362:	e8c0 4f45 	strexb	r5, r4, [r0]
10001366:	2d00      	cmp	r5, #0
10001368:	d1f6      	bne.n	10001358 <alarm_pool_add_alarm_at_force_in_context+0xc>
1000136a:	f3bf 8f5f 	dmb	sy
1000136e:	f9b1 e002 	ldrsh.w	lr, [r1, #2]
10001372:	694c      	ldr	r4, [r1, #20]
10001374:	eb0e 0c4e 	add.w	ip, lr, lr, lsl #1
10001378:	f1be 0f00 	cmp.w	lr, #0
1000137c:	ea4f 05cc 	mov.w	r5, ip, lsl #3
10001380:	6908      	ldr	r0, [r1, #16]
10001382:	eb04 0ccc 	add.w	ip, r4, ip, lsl #3
10001386:	db3c      	blt.n	10001402 <alarm_pool_add_alarm_at_force_in_context+0xb6>
10001388:	5b66      	ldrh	r6, [r4, r5]
1000138a:	804e      	strh	r6, [r1, #2]
1000138c:	2600      	movs	r6, #0
1000138e:	e8c0 6f8f 	stlb	r6, [r0]
10001392:	f387 8810 	msr	PRIMASK, r7
10001396:	f8bc 0002 	ldrh.w	r0, [ip, #2]
1000139a:	e9cc 2302 	strd	r2, r3, [ip, #8]
1000139e:	3001      	adds	r0, #1
100013a0:	f3c0 000e 	ubfx	r0, r0, #0, #15
100013a4:	2801      	cmp	r0, #1
100013a6:	bf38      	it	cc
100013a8:	2001      	movcc	r0, #1
100013aa:	9b05      	ldr	r3, [sp, #20]
100013ac:	f8ac 0002 	strh.w	r0, [ip, #2]
100013b0:	f8cc 3010 	str.w	r3, [ip, #16]
100013b4:	9b06      	ldr	r3, [sp, #24]
100013b6:	ea40 400e 	orr.w	r0, r0, lr, lsl #16
100013ba:	f8cc 3014 	str.w	r3, [ip, #20]
100013be:	690b      	ldr	r3, [r1, #16]
100013c0:	f3ef 8210 	mrs	r2, PRIMASK
100013c4:	b672      	cpsid	i
100013c6:	e8d3 cfcf 	ldaexb	ip, [r3]
100013ca:	2701      	movs	r7, #1
100013cc:	f1bc 0f00 	cmp.w	ip, #0
100013d0:	d1f9      	bne.n	100013c6 <alarm_pool_add_alarm_at_force_in_context+0x7a>
100013d2:	e8c3 7f4c 	strexb	ip, r7, [r3]
100013d6:	f1bc 0f00 	cmp.w	ip, #0
100013da:	d1f4      	bne.n	100013c6 <alarm_pool_add_alarm_at_force_in_context+0x7a>
100013dc:	f3bf 8f5f 	dmb	sy
100013e0:	888b      	ldrh	r3, [r1, #4]
100013e2:	5363      	strh	r3, [r4, r5]
100013e4:	f8a1 e004 	strh.w	lr, [r1, #4]
100013e8:	690b      	ldr	r3, [r1, #16]
100013ea:	e8c3 6f8f 	stlb	r6, [r3]
100013ee:	f382 8810 	msr	PRIMASK, r2
100013f2:	2201      	movs	r2, #1
100013f4:	68cb      	ldr	r3, [r1, #12]
100013f6:	7809      	ldrb	r1, [r1, #0]
100013f8:	f503 5301 	add.w	r3, r3, #8256	@ 0x2040
100013fc:	408a      	lsls	r2, r1
100013fe:	605a      	str	r2, [r3, #4]
10001400:	bdf0      	pop	{r4, r5, r6, r7, pc}
10001402:	2300      	movs	r3, #0
10001404:	e8c0 3f8f 	stlb	r3, [r0]
10001408:	f387 8810 	msr	PRIMASK, r7
1000140c:	f04f 30ff 	mov.w	r0, #4294967295
10001410:	bdf0      	pop	{r4, r5, r6, r7, pc}
10001412:	bf00      	nop

10001414 <alarm_pool_cancel_alarm>:
10001414:	4603      	mov	r3, r0
10001416:	8940      	ldrh	r0, [r0, #10]
10001418:	ebb0 4f21 	cmp.w	r0, r1, asr #16
1000141c:	dd37      	ble.n	1000148e <alarm_pool_cancel_alarm+0x7a>
1000141e:	6958      	ldr	r0, [r3, #20]
10001420:	140a      	asrs	r2, r1, #16
10001422:	eb02 0242 	add.w	r2, r2, r2, lsl #1
10001426:	b510      	push	{r4, lr}
10001428:	eb00 00c2 	add.w	r0, r0, r2, lsl #3
1000142c:	691c      	ldr	r4, [r3, #16]
1000142e:	f3ef 8c10 	mrs	ip, PRIMASK
10001432:	b672      	cpsid	i
10001434:	e8d4 efcf 	ldaexb	lr, [r4]
10001438:	2201      	movs	r2, #1
1000143a:	f1be 0f00 	cmp.w	lr, #0
1000143e:	d1f9      	bne.n	10001434 <alarm_pool_cancel_alarm+0x20>
10001440:	e8c4 2f4e 	strexb	lr, r2, [r4]
10001444:	f1be 0f00 	cmp.w	lr, #0
10001448:	d1f4      	bne.n	10001434 <alarm_pool_cancel_alarm+0x20>
1000144a:	f3bf 8f5f 	dmb	sy
1000144e:	8842      	ldrh	r2, [r0, #2]
10001450:	b289      	uxth	r1, r1
10001452:	b292      	uxth	r2, r2
10001454:	428a      	cmp	r2, r1
10001456:	d007      	beq.n	10001468 <alarm_pool_cancel_alarm+0x54>
10001458:	2200      	movs	r2, #0
1000145a:	691b      	ldr	r3, [r3, #16]
1000145c:	e8c3 2f8f 	stlb	r2, [r3]
10001460:	f38c 8810 	msr	PRIMASK, ip
10001464:	2000      	movs	r0, #0
10001466:	bd10      	pop	{r4, pc}
10001468:	f442 4200 	orr.w	r2, r2, #32768	@ 0x8000
1000146c:	8042      	strh	r2, [r0, #2]
1000146e:	2101      	movs	r1, #1
10001470:	2200      	movs	r2, #0
10001472:	6918      	ldr	r0, [r3, #16]
10001474:	7199      	strb	r1, [r3, #6]
10001476:	e8c0 2f8f 	stlb	r2, [r0]
1000147a:	f38c 8810 	msr	PRIMASK, ip
1000147e:	781c      	ldrb	r4, [r3, #0]
10001480:	68da      	ldr	r2, [r3, #12]
10001482:	4608      	mov	r0, r1
10001484:	f502 5301 	add.w	r3, r2, #8256	@ 0x2040
10001488:	40a1      	lsls	r1, r4
1000148a:	6059      	str	r1, [r3, #4]
1000148c:	bd10      	pop	{r4, pc}
1000148e:	2000      	movs	r0, #0
10001490:	4770      	bx	lr
10001492:	bf00      	nop

10001494 <alarm_pool_core_num>:
10001494:	7840      	ldrb	r0, [r0, #1]
10001496:	4770      	bx	lr

10001498 <sleep_ms>:
10001498:	e92d 41f0 	stmdb	sp!, {r4, r5, r6, r7, r8, lr}
1000149c:	b082      	sub	sp, #8
1000149e:	4606      	mov	r6, r0
100014a0:	f000 f8ec 	bl	1000167c <time_us_64>
100014a4:	f44f 737a 	mov.w	r3, #1000	@ 0x3e8
100014a8:	4604      	mov	r4, r0
100014aa:	f04f 30ff 	mov.w	r0, #4294967295
100014ae:	f06f 4200 	mvn.w	r2, #2147483648	@ 0x80000000
100014b2:	fbe6 4103 	umlal	r4, r1, r6, r3
100014b6:	42a0      	cmp	r0, r4
100014b8:	eb72 0301 	sbcs.w	r3, r2, r1
100014bc:	bf3a      	itte	cc
100014be:	4604      	movcc	r4, r0
100014c0:	4615      	movcc	r5, r2
100014c2:	460d      	movcs	r5, r1
100014c4:	1fa6      	subs	r6, r4, #6
100014c6:	f145 37ff 	adc.w	r7, r5, #4294967295
100014ca:	42b4      	cmp	r4, r6
100014cc:	eb75 0307 	sbcs.w	r3, r5, r7
100014d0:	bf3c      	itt	cc
100014d2:	2600      	movcc	r6, #0
100014d4:	4637      	movcc	r7, r6
100014d6:	f000 f8d1 	bl	1000167c <time_us_64>
100014da:	1a30      	subs	r0, r6, r0
100014dc:	eb67 0101 	sbc.w	r1, r7, r1
100014e0:	2801      	cmp	r0, #1
100014e2:	f171 0100 	sbcs.w	r1, r1, #0
100014e6:	da06      	bge.n	100014f6 <sleep_ms+0x5e>
100014e8:	4620      	mov	r0, r4
100014ea:	4629      	mov	r1, r5
100014ec:	b002      	add	sp, #8
100014ee:	e8bd 41f0 	ldmia.w	sp!, {r4, r5, r6, r7, r8, lr}
100014f2:	f000 b8cd 	b.w	10001690 <busy_wait_until>
100014f6:	f000 f8c1 	bl	1000167c <time_us_64>
100014fa:	4286      	cmp	r6, r0
100014fc:	eb67 0101 	sbc.w	r1, r7, r1
10001500:	2900      	cmp	r1, #0
10001502:	db0a      	blt.n	1000151a <sleep_ms+0x82>
10001504:	2100      	movs	r1, #0
10001506:	4b17      	ldr	r3, [pc, #92]	@ (10001564 <sleep_ms+0xcc>)
10001508:	4632      	mov	r2, r6
1000150a:	9300      	str	r3, [sp, #0]
1000150c:	4816      	ldr	r0, [pc, #88]	@ (10001568 <sleep_ms+0xd0>)
1000150e:	463b      	mov	r3, r7
10001510:	9101      	str	r1, [sp, #4]
10001512:	f7ff ff1b 	bl	1000134c <alarm_pool_add_alarm_at_force_in_context>
10001516:	3001      	adds	r0, #1
10001518:	d0e6      	beq.n	100014e8 <sleep_ms+0x50>
1000151a:	f04f 0c00 	mov.w	ip, #0
1000151e:	4a13      	ldr	r2, [pc, #76]	@ (1000156c <sleep_ms+0xd4>)
10001520:	4913      	ldr	r1, [pc, #76]	@ (10001570 <sleep_ms+0xd8>)
10001522:	6a53      	ldr	r3, [r2, #36]	@ 0x24
10001524:	429f      	cmp	r7, r3
10001526:	d804      	bhi.n	10001532 <sleep_ms+0x9a>
10001528:	6a90      	ldr	r0, [r2, #40]	@ 0x28
1000152a:	42b0      	cmp	r0, r6
1000152c:	d2dc      	bcs.n	100014e8 <sleep_ms+0x50>
1000152e:	429f      	cmp	r7, r3
10001530:	d1da      	bne.n	100014e8 <sleep_ms+0x50>
10001532:	680b      	ldr	r3, [r1, #0]
10001534:	f3ef 8010 	mrs	r0, PRIMASK
10001538:	b672      	cpsid	i
1000153a:	e8d3 8fcf 	ldaexb	r8, [r3]
1000153e:	f05f 0e01 	movs.w	lr, #1
10001542:	f1b8 0f00 	cmp.w	r8, #0
10001546:	d1f8      	bne.n	1000153a <sleep_ms+0xa2>
10001548:	e8c3 ef48 	strexb	r8, lr, [r3]
1000154c:	f1b8 0f00 	cmp.w	r8, #0
10001550:	d1f3      	bne.n	1000153a <sleep_ms+0xa2>
10001552:	f3bf 8f5f 	dmb	sy
10001556:	680b      	ldr	r3, [r1, #0]
10001558:	e8c3 cf8f 	stlb	ip, [r3]
1000155c:	f380 8810 	msr	PRIMASK, r0
10001560:	bf20      	wfe
10001562:	e7de      	b.n	10001522 <sleep_ms+0x8a>
10001564:	10000e39 	.word	0x10000e39
10001568:	200011cc 	.word	0x200011cc
1000156c:	400b0000 	.word	0x400b0000
10001570:	20001e28 	.word	0x20001e28

10001574 <best_effort_wfe_or_timeout>:
10001574:	e92d 43f0 	stmdb	sp!, {r4, r5, r6, r7, r8, r9, lr}
10001578:	4606      	mov	r6, r0
1000157a:	460d      	mov	r5, r1
1000157c:	b083      	sub	sp, #12
1000157e:	f3ef 8405 	mrs	r4, IPSR
10001582:	b2e4      	uxtb	r4, r4
10001584:	b13c      	cbz	r4, 10001596 <best_effort_wfe_or_timeout+0x22>
10001586:	4b2d      	ldr	r3, [pc, #180]	@ (1000163c <best_effort_wfe_or_timeout+0xc8>)
10001588:	6a5a      	ldr	r2, [r3, #36]	@ 0x24
1000158a:	42aa      	cmp	r2, r5
1000158c:	d21c      	bcs.n	100015c8 <best_effort_wfe_or_timeout+0x54>
1000158e:	2000      	movs	r0, #0
10001590:	b003      	add	sp, #12
10001592:	e8bd 83f0 	ldmia.w	sp!, {r4, r5, r6, r7, r8, r9, pc}
10001596:	4f2a      	ldr	r7, [pc, #168]	@ (10001640 <best_effort_wfe_or_timeout+0xcc>)
10001598:	f8d7 900c 	ldr.w	r9, [r7, #12]
1000159c:	f897 8000 	ldrb.w	r8, [r7]
100015a0:	4648      	mov	r0, r9
100015a2:	f000 f863 	bl	1000166c <timer_time_us_64>
100015a6:	f108 0804 	add.w	r8, r8, #4
100015aa:	f859 3028 	ldr.w	r3, [r9, r8, lsl #2]
100015ae:	1a1b      	subs	r3, r3, r0
100015b0:	1a30      	subs	r0, r6, r0
100015b2:	eb65 0101 	sbc.w	r1, r5, r1
100015b6:	4298      	cmp	r0, r3
100015b8:	f171 0100 	sbcs.w	r1, r1, #0
100015bc:	db10      	blt.n	100015e0 <best_effort_wfe_or_timeout+0x6c>
100015be:	bf20      	wfe
100015c0:	4b1e      	ldr	r3, [pc, #120]	@ (1000163c <best_effort_wfe_or_timeout+0xc8>)
100015c2:	6a5a      	ldr	r2, [r3, #36]	@ 0x24
100015c4:	42aa      	cmp	r2, r5
100015c6:	d3e2      	bcc.n	1000158e <best_effort_wfe_or_timeout+0x1a>
100015c8:	bf14      	ite	ne
100015ca:	2401      	movne	r4, #1
100015cc:	2400      	moveq	r4, #0
100015ce:	6a9b      	ldr	r3, [r3, #40]	@ 0x28
100015d0:	42b3      	cmp	r3, r6
100015d2:	bf34      	ite	cc
100015d4:	4620      	movcc	r0, r4
100015d6:	f044 0001 	orrcs.w	r0, r4, #1
100015da:	b003      	add	sp, #12
100015dc:	e8bd 83f0 	ldmia.w	sp!, {r4, r5, r6, r7, r8, r9, pc}
100015e0:	f000 f84c 	bl	1000167c <time_us_64>
100015e4:	4286      	cmp	r6, r0
100015e6:	eb65 0101 	sbc.w	r1, r5, r1
100015ea:	2900      	cmp	r1, #0
100015ec:	db14      	blt.n	10001618 <best_effort_wfe_or_timeout+0xa4>
100015ee:	4b15      	ldr	r3, [pc, #84]	@ (10001644 <best_effort_wfe_or_timeout+0xd0>)
100015f0:	4638      	mov	r0, r7
100015f2:	e9cd 3400 	strd	r3, r4, [sp]
100015f6:	4632      	mov	r2, r6
100015f8:	462b      	mov	r3, r5
100015fa:	f7ff fea7 	bl	1000134c <alarm_pool_add_alarm_at_force_in_context>
100015fe:	1e01      	subs	r1, r0, #0
10001600:	dd0a      	ble.n	10001618 <best_effort_wfe_or_timeout+0xa4>
10001602:	4b0e      	ldr	r3, [pc, #56]	@ (1000163c <best_effort_wfe_or_timeout+0xc8>)
10001604:	6a5a      	ldr	r2, [r3, #36]	@ 0x24
10001606:	42aa      	cmp	r2, r5
10001608:	d316      	bcc.n	10001638 <best_effort_wfe_or_timeout+0xc4>
1000160a:	6a9b      	ldr	r3, [r3, #40]	@ 0x28
1000160c:	42b3      	cmp	r3, r6
1000160e:	d311      	bcc.n	10001634 <best_effort_wfe_or_timeout+0xc0>
10001610:	480b      	ldr	r0, [pc, #44]	@ (10001640 <best_effort_wfe_or_timeout+0xcc>)
10001612:	f7ff feff 	bl	10001414 <alarm_pool_cancel_alarm>
10001616:	e7b6      	b.n	10001586 <best_effort_wfe_or_timeout+0x12>
10001618:	4b08      	ldr	r3, [pc, #32]	@ (1000163c <best_effort_wfe_or_timeout+0xc8>)
1000161a:	6a5c      	ldr	r4, [r3, #36]	@ 0x24
1000161c:	42ac      	cmp	r4, r5
1000161e:	d3b6      	bcc.n	1000158e <best_effort_wfe_or_timeout+0x1a>
10001620:	1b64      	subs	r4, r4, r5
10001622:	bf18      	it	ne
10001624:	2401      	movne	r4, #1
10001626:	6a9b      	ldr	r3, [r3, #40]	@ 0x28
10001628:	42b3      	cmp	r3, r6
1000162a:	bf34      	ite	cc
1000162c:	4620      	movcc	r0, r4
1000162e:	f044 0001 	orrcs.w	r0, r4, #1
10001632:	e7ad      	b.n	10001590 <best_effort_wfe_or_timeout+0x1c>
10001634:	42aa      	cmp	r2, r5
10001636:	d1eb      	bne.n	10001610 <best_effort_wfe_or_timeout+0x9c>
10001638:	bf20      	wfe
1000163a:	e7e9      	b.n	10001610 <best_effort_wfe_or_timeout+0x9c>
1000163c:	400b0000 	.word	0x400b0000
10001640:	200011cc 	.word	0x200011cc
10001644:	10000e39 	.word	0x10000e39

10001648 <timer_hardware_alarm_claim>:
10001648:	b410      	push	{r4}
1000164a:	4b05      	ldr	r3, [pc, #20]	@ (10001660 <timer_hardware_alarm_claim+0x18>)
1000164c:	4c05      	ldr	r4, [pc, #20]	@ (10001664 <timer_hardware_alarm_claim+0x1c>)
1000164e:	4a06      	ldr	r2, [pc, #24]	@ (10001668 <timer_hardware_alarm_claim+0x20>)
10001650:	42a0      	cmp	r0, r4
10001652:	bf14      	ite	ne
10001654:	4618      	movne	r0, r3
10001656:	1c58      	addeq	r0, r3, #1
10001658:	f85d 4b04 	ldr.w	r4, [sp], #4
1000165c:	f7ff b908 	b.w	10000870 <hw_claim_or_assert>
10001660:	20001974 	.word	0x20001974
10001664:	400b8000 	.word	0x400b8000
10001668:	1000643c 	.word	0x1000643c

1000166c <timer_time_us_64>:
1000166c:	4603      	mov	r3, r0
1000166e:	6a41      	ldr	r1, [r0, #36]	@ 0x24
10001670:	460a      	mov	r2, r1
10001672:	6a98      	ldr	r0, [r3, #40]	@ 0x28
10001674:	6a59      	ldr	r1, [r3, #36]	@ 0x24
10001676:	428a      	cmp	r2, r1
10001678:	d1fa      	bne.n	10001670 <timer_time_us_64+0x4>
1000167a:	4770      	bx	lr

1000167c <time_us_64>:
1000167c:	4b03      	ldr	r3, [pc, #12]	@ (1000168c <time_us_64+0x10>)
1000167e:	6a59      	ldr	r1, [r3, #36]	@ 0x24
10001680:	460a      	mov	r2, r1
10001682:	6a98      	ldr	r0, [r3, #40]	@ 0x28
10001684:	6a59      	ldr	r1, [r3, #36]	@ 0x24
10001686:	4291      	cmp	r1, r2
10001688:	d1fa      	bne.n	10001680 <time_us_64+0x4>
1000168a:	4770      	bx	lr
1000168c:	400b0000 	.word	0x400b0000

10001690 <busy_wait_until>:
10001690:	4a07      	ldr	r2, [pc, #28]	@ (100016b0 <busy_wait_until+0x20>)
10001692:	6a53      	ldr	r3, [r2, #36]	@ 0x24
10001694:	4299      	cmp	r1, r3
10001696:	d8fc      	bhi.n	10001692 <busy_wait_until+0x2>
10001698:	4299      	cmp	r1, r3
1000169a:	d107      	bne.n	100016ac <busy_wait_until+0x1c>
1000169c:	4b04      	ldr	r3, [pc, #16]	@ (100016b0 <busy_wait_until+0x20>)
1000169e:	e002      	b.n	100016a6 <busy_wait_until+0x16>
100016a0:	6a5a      	ldr	r2, [r3, #36]	@ 0x24
100016a2:	4291      	cmp	r1, r2
100016a4:	d102      	bne.n	100016ac <busy_wait_until+0x1c>
100016a6:	6a9a      	ldr	r2, [r3, #40]	@ 0x28
100016a8:	4290      	cmp	r0, r2
100016aa:	d8f9      	bhi.n	100016a0 <busy_wait_until+0x10>
100016ac:	4770      	bx	lr
100016ae:	bf00      	nop
100016b0:	400b0000 	.word	0x400b0000

100016b4 <clock_configure_undivided>:
100016b4:	eb00 0c40 	add.w	ip, r0, r0, lsl #1
100016b8:	ea4f 0c8c 	mov.w	ip, ip, lsl #2
100016bc:	f10c 4c80 	add.w	ip, ip, #1073741824	@ 0x40000000
100016c0:	f50c 3c80 	add.w	ip, ip, #65536	@ 0x10000
100016c4:	b5f0      	push	{r4, r5, r6, r7, lr}
100016c6:	4616      	mov	r6, r2
100016c8:	f8dc 2004 	ldr.w	r2, [ip, #4]
100016cc:	1f05      	subs	r5, r0, #4
100016ce:	f5b2 3f80 	cmp.w	r2, #65536	@ 0x10000
100016d2:	bf38      	it	cc
100016d4:	f44f 3280 	movcc.w	r2, #65536	@ 0x10000
100016d8:	b2ed      	uxtb	r5, r5
100016da:	bf38      	it	cc
100016dc:	f8cc 2004 	strcc.w	r2, [ip, #4]
100016e0:	2d01      	cmp	r5, #1
100016e2:	d92a      	bls.n	1000173a <clock_configure_undivided+0x86>
100016e4:	f44f 6700 	mov.w	r7, #2048	@ 0x800
100016e8:	4c25      	ldr	r4, [pc, #148]	@ (10001780 <clock_configure_undivided+0xcc>)
100016ea:	f50c 5240 	add.w	r2, ip, #12288	@ 0x3000
100016ee:	6017      	str	r7, [r2, #0]
100016f0:	f854 2020 	ldr.w	r2, [r4, r0, lsl #2]
100016f4:	b9b2      	cbnz	r2, 10001724 <clock_configure_undivided+0x70>
100016f6:	f8dc 2000 	ldr.w	r2, [ip]
100016fa:	2d01      	cmp	r5, #1
100016fc:	ea82 1246 	eor.w	r2, r2, r6, lsl #5
10001700:	f002 02e0 	and.w	r2, r2, #224	@ 0xe0
10001704:	f50c 5680 	add.w	r6, ip, #4096	@ 0x1000
10001708:	6032      	str	r2, [r6, #0]
1000170a:	d92a      	bls.n	10001762 <clock_configure_undivided+0xae>
1000170c:	f44f 6100 	mov.w	r1, #2048	@ 0x800
10001710:	f844 3020 	str.w	r3, [r4, r0, lsl #2]
10001714:	f44f 3380 	mov.w	r3, #65536	@ 0x10000
10001718:	f50c 5200 	add.w	r2, ip, #8192	@ 0x2000
1000171c:	6011      	str	r1, [r2, #0]
1000171e:	f8cc 3004 	str.w	r3, [ip, #4]
10001722:	bdf0      	pop	{r4, r5, r6, r7, pc}
10001724:	6967      	ldr	r7, [r4, #20]
10001726:	fbb7 fef2 	udiv	lr, r7, r2
1000172a:	f10e 0e01 	add.w	lr, lr, #1
1000172e:	eb0e 0e4e 	add.w	lr, lr, lr, lsl #1
10001732:	f1be 0e03 	subs.w	lr, lr, #3
10001736:	d2fc      	bcs.n	10001732 <clock_configure_undivided+0x7e>
10001738:	e7dd      	b.n	100016f6 <clock_configure_undivided+0x42>
1000173a:	2901      	cmp	r1, #1
1000173c:	d1d2      	bne.n	100016e4 <clock_configure_undivided+0x30>
1000173e:	2403      	movs	r4, #3
10001740:	f50c 5240 	add.w	r2, ip, #12288	@ 0x3000
10001744:	6014      	str	r4, [r2, #0]
10001746:	f8dc 2008 	ldr.w	r2, [ip, #8]
1000174a:	07d2      	lsls	r2, r2, #31
1000174c:	d5fb      	bpl.n	10001746 <clock_configure_undivided+0x92>
1000174e:	f8dc 2000 	ldr.w	r2, [ip]
10001752:	4c0b      	ldr	r4, [pc, #44]	@ (10001780 <clock_configure_undivided+0xcc>)
10001754:	ea82 1246 	eor.w	r2, r2, r6, lsl #5
10001758:	f002 02e0 	and.w	r2, r2, #224	@ 0xe0
1000175c:	f50c 5680 	add.w	r6, ip, #4096	@ 0x1000
10001760:	6032      	str	r2, [r6, #0]
10001762:	2201      	movs	r2, #1
10001764:	f8dc 5000 	ldr.w	r5, [ip]
10001768:	404d      	eors	r5, r1
1000176a:	f005 0503 	and.w	r5, r5, #3
1000176e:	6035      	str	r5, [r6, #0]
10001770:	fa02 f101 	lsl.w	r1, r2, r1
10001774:	f8dc 2008 	ldr.w	r2, [ip, #8]
10001778:	420a      	tst	r2, r1
1000177a:	d0fb      	beq.n	10001774 <clock_configure_undivided+0xc0>
1000177c:	e7c6      	b.n	1000170c <clock_configure_undivided+0x58>
1000177e:	bf00      	nop
10001780:	20001978 	.word	0x20001978

10001784 <clock_get_hz>:
10001784:	4b01      	ldr	r3, [pc, #4]	@ (1000178c <clock_get_hz+0x8>)
10001786:	f853 0020 	ldr.w	r0, [r3, r0, lsl #2]
1000178a:	4770      	bx	lr
1000178c:	20001978 	.word	0x20001978

10001790 <pll_init>:
10001790:	b470      	push	{r4, r5, r6}
10001792:	9d03      	ldr	r5, [sp, #12]
10001794:	6804      	ldr	r4, [r0, #0]
10001796:	032d      	lsls	r5, r5, #12
10001798:	ea45 4503 	orr.w	r5, r5, r3, lsl #16
1000179c:	4b1b      	ldr	r3, [pc, #108]	@ (1000180c <pll_init+0x7c>)
1000179e:	2c00      	cmp	r4, #0
100017a0:	fbb3 f3f1 	udiv	r3, r3, r1
100017a4:	fbb2 f6f3 	udiv	r6, r2, r3
100017a8:	db1f      	blt.n	100017ea <pll_init+0x5a>
100017aa:	4a19      	ldr	r2, [pc, #100]	@ (10001810 <pll_init+0x80>)
100017ac:	4b19      	ldr	r3, [pc, #100]	@ (10001814 <pll_init+0x84>)
100017ae:	4290      	cmp	r0, r2
100017b0:	bf14      	ite	ne
100017b2:	f44f 4280 	movne.w	r2, #16384	@ 0x4000
100017b6:	f44f 4200 	moveq.w	r2, #32768	@ 0x8000
100017ba:	4c17      	ldr	r4, [pc, #92]	@ (10001818 <pll_init+0x88>)
100017bc:	601a      	str	r2, [r3, #0]
100017be:	f503 5380 	add.w	r3, r3, #4096	@ 0x1000
100017c2:	601a      	str	r2, [r3, #0]
100017c4:	68a3      	ldr	r3, [r4, #8]
100017c6:	ea32 0303 	bics.w	r3, r2, r3
100017ca:	d1fb      	bne.n	100017c4 <pll_init+0x34>
100017cc:	2221      	movs	r2, #33	@ 0x21
100017ce:	f500 5340 	add.w	r3, r0, #12288	@ 0x3000
100017d2:	3304      	adds	r3, #4
100017d4:	6001      	str	r1, [r0, #0]
100017d6:	6086      	str	r6, [r0, #8]
100017d8:	601a      	str	r2, [r3, #0]
100017da:	6802      	ldr	r2, [r0, #0]
100017dc:	2a00      	cmp	r2, #0
100017de:	dafc      	bge.n	100017da <pll_init+0x4a>
100017e0:	2208      	movs	r2, #8
100017e2:	60c5      	str	r5, [r0, #12]
100017e4:	601a      	str	r2, [r3, #0]
100017e6:	bc70      	pop	{r4, r5, r6}
100017e8:	4770      	bx	lr
100017ea:	6803      	ldr	r3, [r0, #0]
100017ec:	f003 033f 	and.w	r3, r3, #63	@ 0x3f
100017f0:	428b      	cmp	r3, r1
100017f2:	d1da      	bne.n	100017aa <pll_init+0x1a>
100017f4:	6883      	ldr	r3, [r0, #8]
100017f6:	f3c3 030b 	ubfx	r3, r3, #0, #12
100017fa:	42b3      	cmp	r3, r6
100017fc:	d1d5      	bne.n	100017aa <pll_init+0x1a>
100017fe:	68c3      	ldr	r3, [r0, #12]
10001800:	f403 23ee 	and.w	r3, r3, #487424	@ 0x77000
10001804:	42ab      	cmp	r3, r5
10001806:	d1d0      	bne.n	100017aa <pll_init+0x1a>
10001808:	e7ed      	b.n	100017e6 <pll_init+0x56>
1000180a:	bf00      	nop
1000180c:	00b71b00 	.word	0x00b71b00
10001810:	40058000 	.word	0x40058000
10001814:	40022000 	.word	0x40022000
10001818:	40020000 	.word	0x40020000

1000181c <watchdog_reboot>:
1000181c:	b430      	push	{r4, r5}
1000181e:	f04f 4480 	mov.w	r4, #1073741824	@ 0x40000000
10001822:	4b1c      	ldr	r3, [pc, #112]	@ (10001894 <watchdog_reboot+0x78>)
10001824:	601c      	str	r4, [r3, #0]
10001826:	b1e0      	cbz	r0, 10001862 <watchdog_reboot+0x46>
10001828:	4c1b      	ldr	r4, [pc, #108]	@ (10001898 <watchdog_reboot+0x7c>)
1000182a:	f5a3 5340 	sub.w	r3, r3, #12288	@ 0x3000
1000182e:	61dc      	str	r4, [r3, #28]
10001830:	4c1a      	ldr	r4, [pc, #104]	@ (1000189c <watchdog_reboot+0x80>)
10001832:	f040 0001 	orr.w	r0, r0, #1
10001836:	4044      	eors	r4, r0
10001838:	621c      	str	r4, [r3, #32]
1000183a:	6259      	str	r1, [r3, #36]	@ 0x24
1000183c:	6298      	str	r0, [r3, #40]	@ 0x28
1000183e:	f04f 4580 	mov.w	r5, #1073741824	@ 0x40000000
10001842:	f04f 61e0 	mov.w	r1, #117440512	@ 0x7000000
10001846:	4b13      	ldr	r3, [pc, #76]	@ (10001894 <watchdog_reboot+0x78>)
10001848:	4815      	ldr	r0, [pc, #84]	@ (100018a0 <watchdog_reboot+0x84>)
1000184a:	4c16      	ldr	r4, [pc, #88]	@ (100018a4 <watchdog_reboot+0x88>)
1000184c:	601d      	str	r5, [r3, #0]
1000184e:	6084      	str	r4, [r0, #8]
10001850:	6019      	str	r1, [r3, #0]
10001852:	b94a      	cbnz	r2, 10001868 <watchdog_reboot+0x4c>
10001854:	bc30      	pop	{r4, r5}
10001856:	f04f 4200 	mov.w	r2, #2147483648	@ 0x80000000
1000185a:	f5a3 5380 	sub.w	r3, r3, #4096	@ 0x1000
1000185e:	601a      	str	r2, [r3, #0]
10001860:	4770      	bx	lr
10001862:	4b11      	ldr	r3, [pc, #68]	@ (100018a8 <watchdog_reboot+0x8c>)
10001864:	61d8      	str	r0, [r3, #28]
10001866:	e7ea      	b.n	1000183e <watchdog_reboot+0x22>
10001868:	f44f 737a 	mov.w	r3, #1000	@ 0x3e8
1000186c:	fb03 f202 	mul.w	r2, r3, r2
10001870:	f1b2 7f80 	cmp.w	r2, #16777216	@ 0x1000000
10001874:	bf2a      	itet	cs
10001876:	f06f 437f 	mvncs.w	r3, #4278190080	@ 0xff000000
1000187a:	4613      	movcc	r3, r2
1000187c:	461a      	movcs	r2, r3
1000187e:	f04f 4180 	mov.w	r1, #1073741824	@ 0x40000000
10001882:	4c0a      	ldr	r4, [pc, #40]	@ (100018ac <watchdog_reboot+0x90>)
10001884:	4808      	ldr	r0, [pc, #32]	@ (100018a8 <watchdog_reboot+0x8c>)
10001886:	6023      	str	r3, [r4, #0]
10001888:	4b09      	ldr	r3, [pc, #36]	@ (100018b0 <watchdog_reboot+0x94>)
1000188a:	6042      	str	r2, [r0, #4]
1000188c:	bc30      	pop	{r4, r5}
1000188e:	6019      	str	r1, [r3, #0]
10001890:	4770      	bx	lr
10001892:	bf00      	nop
10001894:	400db000 	.word	0x400db000
10001898:	b007c0d3 	.word	0xb007c0d3
1000189c:	4ff83f2d 	.word	0x4ff83f2d
100018a0:	4001a000 	.word	0x4001a000
100018a4:	01fffff3 	.word	0x01fffff3
100018a8:	400d8000 	.word	0x400d8000
100018ac:	20001dd8 	.word	0x20001dd8
100018b0:	400da000 	.word	0x400da000

100018b4 <tick_start>:
100018b4:	2301      	movs	r3, #1
100018b6:	eb00 0040 	add.w	r0, r0, r0, lsl #1
100018ba:	0080      	lsls	r0, r0, #2
100018bc:	f100 4080 	add.w	r0, r0, #1073741824	@ 0x40000000
100018c0:	f500 1084 	add.w	r0, r0, #1081344	@ 0x108000
100018c4:	6041      	str	r1, [r0, #4]
100018c6:	6003      	str	r3, [r0, #0]
100018c8:	4770      	bx	lr
100018ca:	bf00      	nop

100018cc <rom_reboot.constprop.0.isra.0>:
100018cc:	2300      	movs	r3, #0
100018ce:	b570      	push	{r4, r5, r6, lr}
100018d0:	8adb      	ldrh	r3, [r3, #22]
100018d2:	4604      	mov	r4, r0
100018d4:	460d      	mov	r5, r1
100018d6:	2200      	movs	r2, #0
100018d8:	e842 f200 	tt	r2, r2
100018dc:	0252      	lsls	r2, r2, #9
100018de:	bf54      	ite	pl
100018e0:	2110      	movpl	r1, #16
100018e2:	2104      	movmi	r1, #4
100018e4:	f244 2052 	movw	r0, #16978	@ 0x4252
100018e8:	4798      	blx	r3
100018ea:	4686      	mov	lr, r0
100018ec:	462b      	mov	r3, r5
100018ee:	4622      	mov	r2, r4
100018f0:	46f4      	mov	ip, lr
100018f2:	e8bd 4070 	ldmia.w	sp!, {r4, r5, r6, lr}
100018f6:	210a      	movs	r1, #10
100018f8:	f44f 7081 	mov.w	r0, #258	@ 0x102
100018fc:	4760      	bx	ip
100018fe:	bf00      	nop

10001900 <rom_func_lookup>:
10001900:	2300      	movs	r3, #0
10001902:	8adb      	ldrh	r3, [r3, #22]
10001904:	2200      	movs	r2, #0
10001906:	e842 f200 	tt	r2, r2
1000190a:	0252      	lsls	r2, r2, #9
1000190c:	d401      	bmi.n	10001912 <rom_func_lookup+0x12>
1000190e:	2110      	movs	r1, #16
10001910:	4718      	bx	r3
10001912:	2104      	movs	r1, #4
10001914:	4718      	bx	r3
10001916:	bf00      	nop

10001918 <rom_reset_usb_boot_extra>:
10001918:	b508      	push	{r3, lr}
1000191a:	4603      	mov	r3, r0
1000191c:	4608      	mov	r0, r1
1000191e:	1e19      	subs	r1, r3, #0
10001920:	db02      	blt.n	10001928 <rom_reset_usb_boot_extra+0x10>
10001922:	b11a      	cbz	r2, 1000192c <rom_reset_usb_boot_extra+0x14>
10001924:	f040 0030 	orr.w	r0, r0, #48	@ 0x30
10001928:	f7ff ffd0 	bl	100018cc <rom_reboot.constprop.0.isra.0>
1000192c:	f040 0020 	orr.w	r0, r0, #32
10001930:	e7fa      	b.n	10001928 <rom_reset_usb_boot_extra+0x10>
10001932:	bf00      	nop

10001934 <runtime_init_bootrom_locking_enable>:
10001934:	4a03      	ldr	r2, [pc, #12]	@ (10001944 <runtime_init_bootrom_locking_enable+0x10>)
10001936:	f8d2 3828 	ldr.w	r3, [r2, #2088]	@ 0x828
1000193a:	2b00      	cmp	r3, #0
1000193c:	d0fb      	beq.n	10001936 <runtime_init_bootrom_locking_enable+0x2>
1000193e:	f3bf 8f5f 	dmb	sy
10001942:	4770      	bx	lr
10001944:	400e0000 	.word	0x400e0000

10001948 <runtime_init_boot_locks_reset>:
10001948:	2100      	movs	r1, #0
1000194a:	4b04      	ldr	r3, [pc, #16]	@ (1000195c <runtime_init_boot_locks_reset+0x14>)
1000194c:	4a04      	ldr	r2, [pc, #16]	@ (10001960 <runtime_init_boot_locks_reset+0x18>)
1000194e:	f3bf 8f5f 	dmb	sy
10001952:	f843 1b04 	str.w	r1, [r3], #4
10001956:	4293      	cmp	r3, r2
10001958:	d1f9      	bne.n	1000194e <runtime_init_boot_locks_reset+0x6>
1000195a:	4770      	bx	lr
1000195c:	400e080c 	.word	0x400e080c
10001960:	400e082c 	.word	0x400e082c

10001964 <xosc_init>:
10001964:	b410      	push	{r4}
10001966:	f44f 708d 	mov.w	r0, #282	@ 0x11a
1000196a:	f44f 642a 	mov.w	r4, #2720	@ 0xaa0
1000196e:	4a06      	ldr	r2, [pc, #24]	@ (10001988 <xosc_init+0x24>)
10001970:	4b06      	ldr	r3, [pc, #24]	@ (1000198c <xosc_init+0x28>)
10001972:	4907      	ldr	r1, [pc, #28]	@ (10001990 <xosc_init+0x2c>)
10001974:	6014      	str	r4, [r2, #0]
10001976:	60d0      	str	r0, [r2, #12]
10001978:	6019      	str	r1, [r3, #0]
1000197a:	6853      	ldr	r3, [r2, #4]
1000197c:	2b00      	cmp	r3, #0
1000197e:	dafc      	bge.n	1000197a <xosc_init+0x16>
10001980:	f85d 4b04 	ldr.w	r4, [sp], #4
10001984:	4770      	bx	lr
10001986:	bf00      	nop
10001988:	40048000 	.word	0x40048000
1000198c:	4004a000 	.word	0x4004a000
10001990:	00fab000 	.word	0x00fab000

10001994 <first_per_core_initializer>:
10001994:	4770      	bx	lr
10001996:	bf00      	nop

10001998 <hard_assertion_failure>:
10001998:	b508      	push	{r3, lr}
1000199a:	4801      	ldr	r0, [pc, #4]	@ (100019a0 <hard_assertion_failure+0x8>)
1000199c:	f7fe ff50 	bl	10000840 <panic>
100019a0:	10006460 	.word	0x10006460

100019a4 <runtime_run_initializers>:
100019a4:	b538      	push	{r3, r4, r5, lr}
100019a6:	4c05      	ldr	r4, [pc, #20]	@ (100019bc <runtime_run_initializers+0x18>)
100019a8:	4d05      	ldr	r5, [pc, #20]	@ (100019c0 <runtime_run_initializers+0x1c>)
100019aa:	42ac      	cmp	r4, r5
100019ac:	d204      	bcs.n	100019b8 <runtime_run_initializers+0x14>
100019ae:	f854 3b04 	ldr.w	r3, [r4], #4
100019b2:	4798      	blx	r3
100019b4:	42ac      	cmp	r4, r5
100019b6:	d3fa      	bcc.n	100019ae <runtime_run_initializers+0xa>
100019b8:	bd38      	pop	{r3, r4, r5, pc}
100019ba:	bf00      	nop
100019bc:	100062a8 	.word	0x100062a8
100019c0:	100062e8 	.word	0x100062e8

100019c4 <runtime_init_early_resets>:
100019c4:	b410      	push	{r4}
100019c6:	4807      	ldr	r0, [pc, #28]	@ (100019e4 <runtime_init_early_resets+0x20>)
100019c8:	4c07      	ldr	r4, [pc, #28]	@ (100019e8 <runtime_init_early_resets+0x24>)
100019ca:	4b08      	ldr	r3, [pc, #32]	@ (100019ec <runtime_init_early_resets+0x28>)
100019cc:	4a08      	ldr	r2, [pc, #32]	@ (100019f0 <runtime_init_early_resets+0x2c>)
100019ce:	4909      	ldr	r1, [pc, #36]	@ (100019f4 <runtime_init_early_resets+0x30>)
100019d0:	6004      	str	r4, [r0, #0]
100019d2:	601a      	str	r2, [r3, #0]
100019d4:	688b      	ldr	r3, [r1, #8]
100019d6:	ea32 0303 	bics.w	r3, r2, r3
100019da:	d1fb      	bne.n	100019d4 <runtime_init_early_resets+0x10>
100019dc:	f85d 4b04 	ldr.w	r4, [sp], #4
100019e0:	4770      	bx	lr
100019e2:	bf00      	nop
100019e4:	40022000 	.word	0x40022000
100019e8:	efef3b7f 	.word	0xefef3b7f
100019ec:	40023000 	.word	0x40023000
100019f0:	03f3fff6 	.word	0x03f3fff6
100019f4:	40020000 	.word	0x40020000

100019f8 <runtime_init_usb_power_down>:
100019f8:	4b04      	ldr	r3, [pc, #16]	@ (10001a0c <runtime_init_usb_power_down+0x14>)
100019fa:	6cdb      	ldr	r3, [r3, #76]	@ 0x4c
100019fc:	f5b3 4f00 	cmp.w	r3, #32768	@ 0x8000
10001a00:	d103      	bne.n	10001a0a <runtime_init_usb_power_down+0x12>
10001a02:	f44f 2280 	mov.w	r2, #262144	@ 0x40000
10001a06:	4b02      	ldr	r3, [pc, #8]	@ (10001a10 <runtime_init_usb_power_down+0x18>)
10001a08:	64da      	str	r2, [r3, #76]	@ 0x4c
10001a0a:	4770      	bx	lr
10001a0c:	50110000 	.word	0x50110000
10001a10:	50112000 	.word	0x50112000

10001a14 <runtime_init_per_core_enable_coprocessors>:
10001a14:	f04f 22e0 	mov.w	r2, #3758153728	@ 0xe000e000
10001a18:	4b04      	ldr	r3, [pc, #16]	@ (10001a2c <runtime_init_per_core_enable_coprocessors+0x18>)
10001a1a:	f8d2 1d88 	ldr.w	r1, [r2, #3464]	@ 0xd88
10001a1e:	430b      	orrs	r3, r1
10001a20:	f8c2 3d88 	str.w	r3, [r2, #3464]	@ 0xd88
10001a24:	ee10 0430 			dcp_rcmp r0
10001a28:	4770      	bx	lr
10001a2a:	bf00      	nop
10001a2c:	00300303 	.word	0x00300303

10001a30 <runtime_init_post_clock_resets>:
10001a30:	f06f 4160 	mvn.w	r1, #3758096384	@ 0xe0000000
10001a34:	4b04      	ldr	r3, [pc, #16]	@ (10001a48 <runtime_init_post_clock_resets+0x18>)
10001a36:	4a05      	ldr	r2, [pc, #20]	@ (10001a4c <runtime_init_post_clock_resets+0x1c>)
10001a38:	6019      	str	r1, [r3, #0]
10001a3a:	6893      	ldr	r3, [r2, #8]
10001a3c:	43db      	mvns	r3, r3
10001a3e:	f033 4360 	bics.w	r3, r3, #3758096384	@ 0xe0000000
10001a42:	d1fa      	bne.n	10001a3a <runtime_init_post_clock_resets+0xa>
10001a44:	4770      	bx	lr
10001a46:	bf00      	nop
10001a48:	40023000 	.word	0x40023000
10001a4c:	40020000 	.word	0x40020000

10001a50 <runtime_init_bootrom_reset>:
10001a50:	b510      	push	{r4, lr}
10001a52:	f245 2053 	movw	r0, #21075	@ 0x5253
10001a56:	f7ff ff53 	bl	10001900 <rom_func_lookup>
10001a5a:	e8bd 4010 	ldmia.w	sp!, {r4, lr}
10001a5e:	4603      	mov	r3, r0
10001a60:	2004      	movs	r0, #4
10001a62:	4718      	bx	r3

10001a64 <runtime_init_per_core_bootrom_reset>:
10001a64:	b510      	push	{r4, lr}
10001a66:	f245 2053 	movw	r0, #21075	@ 0x5253
10001a6a:	f7ff ff49 	bl	10001900 <rom_func_lookup>
10001a6e:	e8bd 4010 	ldmia.w	sp!, {r4, lr}
10001a72:	4603      	mov	r3, r0
10001a74:	2001      	movs	r0, #1
10001a76:	4718      	bx	r3

10001a78 <runtime_init_spin_locks_reset>:
10001a78:	f7fe bf8a 	b.w	10000990 <spin_locks_reset>

10001a7c <runtime_init_install_ram_vector_table>:
10001a7c:	4914      	ldr	r1, [pc, #80]	@ (10001ad0 <runtime_init_install_ram_vector_table+0x54>)
10001a7e:	4b15      	ldr	r3, [pc, #84]	@ (10001ad4 <runtime_init_install_ram_vector_table+0x58>)
10001a80:	b570      	push	{r4, r5, r6, lr}
10001a82:	1a5c      	subs	r4, r3, r1
10001a84:	10a6      	asrs	r6, r4, #2
10001a86:	2e44      	cmp	r6, #68	@ 0x44
10001a88:	4632      	mov	r2, r6
10001a8a:	bf28      	it	cs
10001a8c:	2244      	movcs	r2, #68	@ 0x44
10001a8e:	4d12      	ldr	r5, [pc, #72]	@ (10001ad8 <runtime_init_install_ram_vector_table+0x5c>)
10001a90:	0092      	lsls	r2, r2, #2
10001a92:	4628      	mov	r0, r5
10001a94:	f004 fb3a 	bl	1000610c <memcpy>
10001a98:	f5b4 7f86 	cmp.w	r4, #268	@ 0x10c
10001a9c:	d813      	bhi.n	10001ac6 <runtime_init_install_ram_vector_table+0x4a>
10001a9e:	4a0f      	ldr	r2, [pc, #60]	@ (10001adc <runtime_init_install_ram_vector_table+0x60>)
10001aa0:	f1c6 0044 	rsb	r0, r6, #68	@ 0x44
10001aa4:	d012      	beq.n	10001acc <runtime_init_install_ram_vector_table+0x50>
10001aa6:	192b      	adds	r3, r5, r4
10001aa8:	0841      	lsrs	r1, r0, #1
10001aaa:	eb03 01c1 	add.w	r1, r3, r1, lsl #3
10001aae:	e9c3 2200 	strd	r2, r2, [r3]
10001ab2:	3308      	adds	r3, #8
10001ab4:	428b      	cmp	r3, r1
10001ab6:	d1fa      	bne.n	10001aae <runtime_init_install_ram_vector_table+0x32>
10001ab8:	07c3      	lsls	r3, r0, #31
10001aba:	d504      	bpl.n	10001ac6 <runtime_init_install_ram_vector_table+0x4a>
10001abc:	f020 0001 	bic.w	r0, r0, #1
10001ac0:	4430      	add	r0, r6
10001ac2:	f845 2020 	str.w	r2, [r5, r0, lsl #2]
10001ac6:	4b06      	ldr	r3, [pc, #24]	@ (10001ae0 <runtime_init_install_ram_vector_table+0x64>)
10001ac8:	609d      	str	r5, [r3, #8]
10001aca:	bd70      	pop	{r4, r5, r6, pc}
10001acc:	2043      	movs	r0, #67	@ 0x43
10001ace:	e7f8      	b.n	10001ac2 <runtime_init_install_ram_vector_table+0x46>
10001ad0:	10000000 	.word	0x10000000
10001ad4:	10000110 	.word	0x10000110
10001ad8:	20000000 	.word	0x20000000
10001adc:	10000111 	.word	0x10000111
10001ae0:	e000ed00 	.word	0xe000ed00

10001ae4 <runtime_init_clocks>:
10001ae4:	2300      	movs	r3, #0
10001ae6:	b570      	push	{r4, r5, r6, lr}
10001ae8:	4c2b      	ldr	r4, [pc, #172]	@ (10001b98 <runtime_init_clocks+0xb4>)
10001aea:	b082      	sub	sp, #8
10001aec:	f8c4 3084 	str.w	r3, [r4, #132]	@ 0x84
10001af0:	f7ff ff38 	bl	10001964 <xosc_init>
10001af4:	2201      	movs	r2, #1
10001af6:	4b29      	ldr	r3, [pc, #164]	@ (10001b9c <runtime_init_clocks+0xb8>)
10001af8:	63da      	str	r2, [r3, #60]	@ 0x3c
10001afa:	6c63      	ldr	r3, [r4, #68]	@ 0x44
10001afc:	2b01      	cmp	r3, #1
10001afe:	d1fc      	bne.n	10001afa <runtime_init_clocks+0x16>
10001b00:	2103      	movs	r1, #3
10001b02:	4a26      	ldr	r2, [pc, #152]	@ (10001b9c <runtime_init_clocks+0xb8>)
10001b04:	4b24      	ldr	r3, [pc, #144]	@ (10001b98 <runtime_init_clocks+0xb4>)
10001b06:	6311      	str	r1, [r2, #48]	@ 0x30
10001b08:	6b9c      	ldr	r4, [r3, #56]	@ 0x38
10001b0a:	2c01      	cmp	r4, #1
10001b0c:	d1fc      	bne.n	10001b08 <runtime_init_clocks+0x24>
10001b0e:	2602      	movs	r6, #2
10001b10:	2505      	movs	r5, #5
10001b12:	4621      	mov	r1, r4
10001b14:	2305      	movs	r3, #5
10001b16:	4a22      	ldr	r2, [pc, #136]	@ (10001ba0 <runtime_init_clocks+0xbc>)
10001b18:	4822      	ldr	r0, [pc, #136]	@ (10001ba4 <runtime_init_clocks+0xc0>)
10001b1a:	9600      	str	r6, [sp, #0]
10001b1c:	f7ff fe38 	bl	10001790 <pll_init>
10001b20:	4621      	mov	r1, r4
10001b22:	462b      	mov	r3, r5
10001b24:	4a20      	ldr	r2, [pc, #128]	@ (10001ba8 <runtime_init_clocks+0xc4>)
10001b26:	4821      	ldr	r0, [pc, #132]	@ (10001bac <runtime_init_clocks+0xc8>)
10001b28:	9500      	str	r5, [sp, #0]
10001b2a:	f7ff fe31 	bl	10001790 <pll_init>
10001b2e:	2200      	movs	r2, #0
10001b30:	2004      	movs	r0, #4
10001b32:	4631      	mov	r1, r6
10001b34:	4b1e      	ldr	r3, [pc, #120]	@ (10001bb0 <runtime_init_clocks+0xcc>)
10001b36:	f7ff fdbd 	bl	100016b4 <clock_configure_undivided>
10001b3a:	4621      	mov	r1, r4
10001b3c:	4628      	mov	r0, r5
10001b3e:	2200      	movs	r2, #0
10001b40:	4b1c      	ldr	r3, [pc, #112]	@ (10001bb4 <runtime_init_clocks+0xd0>)
10001b42:	f7ff fdb7 	bl	100016b4 <clock_configure_undivided>
10001b46:	2200      	movs	r2, #0
10001b48:	2008      	movs	r0, #8
10001b4a:	4611      	mov	r1, r2
10001b4c:	4b1a      	ldr	r3, [pc, #104]	@ (10001bb8 <runtime_init_clocks+0xd4>)
10001b4e:	f7ff fdb1 	bl	100016b4 <clock_configure_undivided>
10001b52:	2200      	movs	r2, #0
10001b54:	2009      	movs	r0, #9
10001b56:	4611      	mov	r1, r2
10001b58:	4b17      	ldr	r3, [pc, #92]	@ (10001bb8 <runtime_init_clocks+0xd4>)
10001b5a:	f7ff fdab 	bl	100016b4 <clock_configure_undivided>
10001b5e:	2200      	movs	r2, #0
10001b60:	2006      	movs	r0, #6
10001b62:	4611      	mov	r1, r2
10001b64:	4b13      	ldr	r3, [pc, #76]	@ (10001bb4 <runtime_init_clocks+0xd0>)
10001b66:	f7ff fda5 	bl	100016b4 <clock_configure_undivided>
10001b6a:	2200      	movs	r2, #0
10001b6c:	4b11      	ldr	r3, [pc, #68]	@ (10001bb4 <runtime_init_clocks+0xd0>)
10001b6e:	2007      	movs	r0, #7
10001b70:	4611      	mov	r1, r2
10001b72:	f7ff fd9f 	bl	100016b4 <clock_configure_undivided>
10001b76:	2004      	movs	r0, #4
10001b78:	f7ff fe04 	bl	10001784 <clock_get_hz>
10001b7c:	2400      	movs	r4, #0
10001b7e:	4b0f      	ldr	r3, [pc, #60]	@ (10001bbc <runtime_init_clocks+0xd8>)
10001b80:	fba3 3500 	umull	r3, r5, r3, r0
10001b84:	0cad      	lsrs	r5, r5, #18
10001b86:	b2e0      	uxtb	r0, r4
10001b88:	4629      	mov	r1, r5
10001b8a:	3401      	adds	r4, #1
10001b8c:	f7ff fe92 	bl	100018b4 <tick_start>
10001b90:	2c06      	cmp	r4, #6
10001b92:	d1f8      	bne.n	10001b86 <runtime_init_clocks+0xa2>
10001b94:	b002      	add	sp, #8
10001b96:	bd70      	pop	{r4, r5, r6, pc}
10001b98:	40010000 	.word	0x40010000
10001b9c:	40013000 	.word	0x40013000
10001ba0:	59682f00 	.word	0x59682f00
10001ba4:	40050000 	.word	0x40050000
10001ba8:	47868c00 	.word	0x47868c00
10001bac:	40058000 	.word	0x40058000
10001bb0:	00b71b00 	.word	0x00b71b00
10001bb4:	08f0d180 	.word	0x08f0d180
10001bb8:	02dc6c00 	.word	0x02dc6c00
10001bbc:	431bde83 	.word	0x431bde83

10001bc0 <generic_save_state>:
10001bc0:	b086      	sub	sp, #24
10001bc2:	b403      	push	{r0, r1}
10001bc4:	fc51 0408 	dcp_pxmd r0, r1
10001bc8:	e9cd 0102 	strd	r0, r1, [sp, #8]
10001bcc:	fc51 0409 	dcp_pymd r0, r1
10001bd0:	e9cd 0104 	strd	r0, r1, [sp, #16]
10001bd4:	ec51 040a 	dcp_refd r0, r1
10001bd8:	e9cd 0106 	strd	r0, r1, [sp, #24]
10001bdc:	bc03      	pop	{r0, r1}
10001bde:	47f0      	blx	lr

10001be0 <generic_restore_state>:
10001be0:	e8bd 5000 	ldmia.w	sp!, {ip, lr}
10001be4:	ec4e c400 	dcp_wxmd ip, lr
10001be8:	e8bd 5000 	ldmia.w	sp!, {ip, lr}
10001bec:	ec4e c401 	dcp_wymd ip, lr
10001bf0:	e8bd 5000 	ldmia.w	sp!, {ip, lr}
10001bf4:	ec4e c402 	dcp_wefd ip, lr
10001bf8:	bd00      	pop	{pc}
10001bfa:	0000      	movs	r0, r0
10001bfc:	b500      	push	{lr}
10001bfe:	f7ff ffdf 	bl	10001bc0 <generic_save_state>
10001c02:	e002      	b.n	10001c0a <__wrap___aeabi_dadd+0x6>

10001c04 <__wrap___aeabi_dadd>:
10001c04:	fe10 f430 	dcp_pcmp APSR_nzcv
10001c08:	d4f8      	bmi.n	10001bfc <generic_restore_state+0x1c>
10001c0a:	ec41 0410 	dcp_wxup r0, r1
10001c0e:	ec43 2411 	dcp_wyup r2, r3
10001c12:	ee00 0401 			dcp_add0
10001c16:	ee10 0401 			dcp_add1
10001c1a:	ee80 0420 			dcp_nrdd
10001c1e:	ec51 0410 	dcp_rdda r0, r1
10001c22:	4770      	bx	lr
10001c24:	b500      	push	{lr}
10001c26:	f7ff ffcb 	bl	10001bc0 <generic_save_state>
10001c2a:	e002      	b.n	10001c32 <__wrap___aeabi_dsub+0x6>

10001c2c <__wrap___aeabi_dsub>:
10001c2c:	fe10 f430 	dcp_pcmp APSR_nzcv
10001c30:	d4f8      	bmi.n	10001c24 <__wrap___aeabi_dadd+0x20>
10001c32:	ec41 0410 	dcp_wxup r0, r1
10001c36:	ec43 2411 	dcp_wyup r2, r3
10001c3a:	ee00 0401 			dcp_add0
10001c3e:	ee10 0421 			dcp_sub1
10001c42:	ee80 0420 			dcp_nrdd
10001c46:	ec51 0430 	dcp_rdds r0, r1
10001c4a:	4770      	bx	lr
10001c4c:	b500      	push	{lr}
10001c4e:	f7ff ffb7 	bl	10001bc0 <generic_save_state>
10001c52:	e002      	b.n	10001c5a <__wrap___aeabi_dmul+0x6>

10001c54 <__wrap___aeabi_dmul>:
10001c54:	fe10 f430 	dcp_pcmp APSR_nzcv
10001c58:	d4f8      	bmi.n	10001c4c <__wrap___aeabi_dsub+0x20>
10001c5a:	b510      	push	{r4, lr}
10001c5c:	ec41 0410 	dcp_wxup r0, r1
10001c60:	ec43 2411 	dcp_wyup r2, r3
10001c64:	ec51 0404 	dcp_rxms r0, r1, #0x0
10001c68:	ec53 2405 	dcp_ryms r2, r3, #0x0
10001c6c:	fba0 4c02 	umull	r4, ip, r0, r2
10001c70:	f05f 0e00 	movs.w	lr, #0
10001c74:	fbe0 ce03 	umlal	ip, lr, r0, r3
10001c78:	fbe1 ce02 	umlal	ip, lr, r1, r2
10001c7c:	ec4c 4420 	dcp_wxms r4, ip
10001c80:	2400      	movs	r4, #0
10001c82:	fbe1 e403 	umlal	lr, r4, r1, r3
10001c86:	ec44 e430 	dcp_wxmo lr, r4
10001c8a:	ee80 0420 			dcp_nrdd
10001c8e:	ec51 0450 	dcp_rddm r0, r1
10001c92:	e8bd 4010 	ldmia.w	sp!, {r4, lr}
10001c96:	4770      	bx	lr
10001c98:	b500      	push	{lr}
10001c9a:	f7ff ff91 	bl	10001bc0 <generic_save_state>
10001c9e:	e002      	b.n	10001ca6 <__wrap___aeabi_ddiv+0x6>

10001ca0 <__wrap___aeabi_ddiv>:
10001ca0:	fe10 f430 	dcp_pcmp APSR_nzcv
10001ca4:	d4f8      	bmi.n	10001c98 <__wrap___aeabi_dmul+0x44>
10001ca6:	ec41 0410 	dcp_wxup r0, r1
10001caa:	ec43 2411 	dcp_wyup r2, r3
10001cae:	ec51 0421 	dcp_rymr r0, r1
10001cb2:	fba0 1201 	umull	r1, r2, r0, r1
10001cb6:	ea6f 0282 	mvn.w	r2, r2, lsl #2
10001cba:	fb52 0010 	smmlar	r0, r2, r0, r0
10001cbe:	fb52 f212 	smmulr	r2, r2, r2
10001cc2:	fb52 0010 	smmlar	r0, r2, r0, r0
10001cc6:	eba0 7cd0 	sub.w	ip, r0, r0, lsr #31
10001cca:	ec53 2404 	dcp_rxms r2, r3, #0x0
10001cce:	fb5c f113 	smmulr	r1, ip, r3
10001cd2:	ec53 2415 	dcp_ryms r2, r3, #0x1
10001cd6:	fba1 2002 	umull	r2, r0, r1, r2
10001cda:	fb01 0003 	mla	r0, r1, r3, r0
10001cde:	ec53 2444 	dcp_rxms r2, r3, #0x4
10001ce2:	eba2 0000 	sub.w	r0, r2, r0
10001ce6:	fb50 f21c 	smmulr	r2, r0, ip
10001cea:	ea4f 1311 	mov.w	r3, r1, lsr #4
10001cee:	eb12 7001 	adds.w	r0, r2, r1, lsl #28
10001cf2:	eb43 71e2 	adc.w	r1, r3, r2, asr #31
10001cf6:	ea40 5051 	orr.w	r0, r0, r1, lsr #21
10001cfa:	ea20 5091 	bic.w	r0, r0, r1, lsr #22
10001cfe:	f020 0007 	bic.w	r0, r0, #7
10001d02:	ec53 2475 	dcp_ryms r2, r3, #0x7
10001d06:	fba0 3c02 	umull	r3, ip, r0, r2
10001d0a:	ec53 2475 	dcp_ryms r2, r3, #0x7
10001d0e:	fb00 cc03 	mla	ip, r0, r3, ip
10001d12:	fb01 cc02 	mla	ip, r1, r2, ip
10001d16:	ec53 2404 	dcp_rxms r2, r3, #0x0
10001d1a:	ebac 4c82 	sub.w	ip, ip, r2, lsl #18
10001d1e:	ea40 705c 	orr.w	r0, r0, ip, lsr #29
10001d22:	f1a0 0001 	sub.w	r0, r0, #1
10001d26:	ec41 0440 	dcp_wxdd r0, r1
10001d2a:	ee80 0420 			dcp_nrdd
10001d2e:	ec51 0470 	dcp_rddd r0, r1
10001d32:	4770      	bx	lr
10001d34:	b500      	push	{lr}
10001d36:	f7ff ff43 	bl	10001bc0 <generic_save_state>
10001d3a:	e002      	b.n	10001d42 <__wrap___aeabi_i2d+0x6>

10001d3c <__wrap___aeabi_i2d>:
10001d3c:	fe10 f430 	dcp_pcmp APSR_nzcv
10001d40:	d4f8      	bmi.n	10001d34 <__wrap___aeabi_ddiv+0x94>
10001d42:	ec40 0470 	dcp_wxic r0, r0
10001d46:	ee00 0401 			dcp_add0
10001d4a:	ee10 0421 			dcp_sub1
10001d4e:	ee80 0420 			dcp_nrdd
10001d52:	ec51 0430 	dcp_rdds r0, r1
10001d56:	4770      	bx	lr
10001d58:	b500      	push	{lr}
10001d5a:	f7ff ff31 	bl	10001bc0 <generic_save_state>
10001d5e:	e002      	b.n	10001d66 <__wrap___aeabi_ui2d+0x6>

10001d60 <__wrap___aeabi_ui2d>:
10001d60:	fe10 f430 	dcp_pcmp APSR_nzcv
10001d64:	d4f8      	bmi.n	10001d58 <__wrap___aeabi_i2d+0x1c>
10001d66:	ec40 0460 	dcp_wxuc r0, r0
10001d6a:	ee00 0401 			dcp_add0
10001d6e:	ee10 0421 			dcp_sub1
10001d72:	ee80 0420 			dcp_nrdd
10001d76:	ec51 0430 	dcp_rdds r0, r1
10001d7a:	4770      	bx	lr
10001d7c:	b500      	push	{lr}
10001d7e:	f7ff ff1f 	bl	10001bc0 <generic_save_state>
10001d82:	e002      	b.n	10001d8a <double2int_z_entry>

10001d84 <__wrap___aeabi_d2iz>:
10001d84:	fe10 f430 	dcp_pcmp APSR_nzcv
10001d88:	d4f8      	bmi.n	10001d7c <__wrap___aeabi_ui2d+0x1c>

10001d8a <double2int_z_entry>:
10001d8a:	ec41 0480 	dcp_wxdc r0, r1
10001d8e:	ee00 0401 			dcp_add0
10001d92:	ee10 0401 			dcp_add1
10001d96:	ee80 0440 			dcp_ntdc
10001d9a:	ee10 0413 			dcp_rdic r0
10001d9e:	4770      	bx	lr
10001da0:	b500      	push	{lr}
10001da2:	f7ff ff0d 	bl	10001bc0 <generic_save_state>
10001da6:	e002      	b.n	10001dae <double2uint_z_entry>

10001da8 <__wrap___aeabi_d2uiz>:
10001da8:	fe10 f430 	dcp_pcmp APSR_nzcv
10001dac:	d4f8      	bmi.n	10001da0 <double2int_z_entry+0x16>

10001dae <double2uint_z_entry>:
10001dae:	ec41 0480 	dcp_wxdc r0, r1
10001db2:	ee00 0401 			dcp_add0
10001db6:	ee10 0401 			dcp_add1
10001dba:	ee80 0440 			dcp_ntdc
10001dbe:	ee10 0433 			dcp_rduc r0
10001dc2:	4770      	bx	lr
10001dc4:	b500      	push	{lr}
10001dc6:	f7ff fefb 	bl	10001bc0 <generic_save_state>
10001dca:	e002      	b.n	10001dd2 <__wrap___aeabi_dcmpun+0x6>

10001dcc <__wrap___aeabi_dcmpun>:
10001dcc:	fe10 f430 	dcp_pcmp APSR_nzcv
10001dd0:	d4f8      	bmi.n	10001dc4 <double2uint_z_entry+0x16>
10001dd2:	ec41 0410 	dcp_wxup r0, r1
10001dd6:	ec43 2411 	dcp_wyup r2, r3
10001dda:	ee00 0401 			dcp_add0
10001dde:	ee10 0430 			dcp_rcmp r0
10001de2:	f3c0 7000 	ubfx	r0, r0, #28, #1
10001de6:	4770      	bx	lr
10001de8:	b500      	push	{lr}
10001dea:	f7ff fee9 	bl	10001bc0 <generic_save_state>
10001dee:	e002      	b.n	10001df6 <__wrap___aeabi_dcmplt+0x6>

10001df0 <__wrap___aeabi_dcmplt>:
10001df0:	fe10 f430 	dcp_pcmp APSR_nzcv
10001df4:	d4f8      	bmi.n	10001de8 <__wrap___aeabi_dcmpun+0x1c>
10001df6:	ec43 2410 	dcp_wxup r2, r3
10001dfa:	ec41 0411 	dcp_wyup r0, r1
10001dfe:	ee00 0401 			dcp_add0
10001e02:	ee10 f430 			dcp_rcmp APSR_nzcv
10001e06:	bf8c      	ite	hi
10001e08:	2001      	movhi	r0, #1
10001e0a:	2000      	movls	r0, #0
10001e0c:	4770      	bx	lr
10001e0e:	bf00      	nop
10001e10:	b500      	push	{lr}
10001e12:	f7ff fed5 	bl	10001bc0 <generic_save_state>
10001e16:	e002      	b.n	10001e1e <__wrap___aeabi_dcmple+0x6>

10001e18 <__wrap___aeabi_dcmple>:
10001e18:	fe10 f430 	dcp_pcmp APSR_nzcv
10001e1c:	d4f8      	bmi.n	10001e10 <__wrap___aeabi_dcmplt+0x20>
10001e1e:	ec43 2410 	dcp_wxup r2, r3
10001e22:	ec41 0411 	dcp_wyup r0, r1
10001e26:	ee00 0401 			dcp_add0
10001e2a:	ee10 f430 			dcp_rcmp APSR_nzcv
10001e2e:	bf2c      	ite	cs
10001e30:	2001      	movcs	r0, #1
10001e32:	2000      	movcc	r0, #0
10001e34:	4770      	bx	lr
10001e36:	bf00      	nop
10001e38:	b500      	push	{lr}
10001e3a:	f7ff fec1 	bl	10001bc0 <generic_save_state>
10001e3e:	e002      	b.n	10001e46 <__wrap___aeabi_dcmpge+0x6>

10001e40 <__wrap___aeabi_dcmpge>:
10001e40:	fe10 f430 	dcp_pcmp APSR_nzcv
10001e44:	d4f8      	bmi.n	10001e38 <__wrap___aeabi_dcmple+0x20>
10001e46:	ec41 0410 	dcp_wxup r0, r1
10001e4a:	ec43 2411 	dcp_wyup r2, r3
10001e4e:	ee00 0401 			dcp_add0
10001e52:	ee10 f430 			dcp_rcmp APSR_nzcv
10001e56:	bf2c      	ite	cs
10001e58:	2001      	movcs	r0, #1
10001e5a:	2000      	movcc	r0, #0
10001e5c:	4770      	bx	lr
10001e5e:	bf00      	nop
10001e60:	b500      	push	{lr}
10001e62:	f7ff fead 	bl	10001bc0 <generic_save_state>
10001e66:	e002      	b.n	10001e6e <__wrap___aeabi_dcmpgt+0x6>

10001e68 <__wrap___aeabi_dcmpgt>:
10001e68:	fe10 f430 	dcp_pcmp APSR_nzcv
10001e6c:	d4f8      	bmi.n	10001e60 <__wrap___aeabi_dcmpge+0x20>
10001e6e:	ec41 0410 	dcp_wxup r0, r1
10001e72:	ec43 2411 	dcp_wyup r2, r3
10001e76:	ee00 0401 			dcp_add0
10001e7a:	ee10 f430 			dcp_rcmp APSR_nzcv
10001e7e:	bf8c      	ite	hi
10001e80:	2001      	movhi	r0, #1
10001e82:	2000      	movls	r0, #0
10001e84:	4770      	bx	lr
10001e86:	bf00      	nop

10001e88 <_out_null>:
10001e88:	4770      	bx	lr
10001e8a:	bf00      	nop

10001e8c <_out_rev>:
10001e8c:	e92d 4ff0 	stmdb	sp!, {r4, r5, r6, r7, r8, r9, sl, fp, lr}
10001e90:	b083      	sub	sp, #12
10001e92:	4699      	mov	r9, r3
10001e94:	e9dd ab0d 	ldrd	sl, fp, [sp, #52]	@ 0x34
10001e98:	9b0f      	ldr	r3, [sp, #60]	@ 0x3c
10001e9a:	4688      	mov	r8, r1
10001e9c:	4611      	mov	r1, r2
10001e9e:	079a      	lsls	r2, r3, #30
10001ea0:	4607      	mov	r7, r0
10001ea2:	d116      	bne.n	10001ed2 <_out_rev+0x46>
10001ea4:	45da      	cmp	sl, fp
10001ea6:	d23a      	bcs.n	10001f1e <_out_rev+0x92>
10001ea8:	460c      	mov	r4, r1
10001eaa:	460d      	mov	r5, r1
10001eac:	ebab 060a 	sub.w	r6, fp, sl
10001eb0:	440e      	add	r6, r1
10001eb2:	4622      	mov	r2, r4
10001eb4:	464b      	mov	r3, r9
10001eb6:	4641      	mov	r1, r8
10001eb8:	2020      	movs	r0, #32
10001eba:	3401      	adds	r4, #1
10001ebc:	47b8      	blx	r7
10001ebe:	42b4      	cmp	r4, r6
10001ec0:	d1f7      	bne.n	10001eb2 <_out_rev+0x26>
10001ec2:	4629      	mov	r1, r5
10001ec4:	f1ba 0f00 	cmp.w	sl, #0
10001ec8:	d108      	bne.n	10001edc <_out_rev+0x50>
10001eca:	4620      	mov	r0, r4
10001ecc:	b003      	add	sp, #12
10001ece:	e8bd 8ff0 	ldmia.w	sp!, {r4, r5, r6, r7, r8, r9, sl, fp, pc}
10001ed2:	460c      	mov	r4, r1
10001ed4:	f1ba 0f00 	cmp.w	sl, #0
10001ed8:	d010      	beq.n	10001efc <_out_rev+0x70>
10001eda:	460e      	mov	r6, r1
10001edc:	4655      	mov	r5, sl
10001ede:	9b0c      	ldr	r3, [sp, #48]	@ 0x30
10001ee0:	442e      	add	r6, r5
10001ee2:	449a      	add	sl, r3
10001ee4:	9101      	str	r1, [sp, #4]
10001ee6:	1b72      	subs	r2, r6, r5
10001ee8:	464b      	mov	r3, r9
10001eea:	3d01      	subs	r5, #1
10001eec:	4641      	mov	r1, r8
10001eee:	f81a 0d01 	ldrb.w	r0, [sl, #-1]!
10001ef2:	4634      	mov	r4, r6
10001ef4:	47b8      	blx	r7
10001ef6:	2d00      	cmp	r5, #0
10001ef8:	d1f5      	bne.n	10001ee6 <_out_rev+0x5a>
10001efa:	9901      	ldr	r1, [sp, #4]
10001efc:	9b0f      	ldr	r3, [sp, #60]	@ 0x3c
10001efe:	079b      	lsls	r3, r3, #30
10001f00:	d5e3      	bpl.n	10001eca <_out_rev+0x3e>
10001f02:	1a65      	subs	r5, r4, r1
10001f04:	45ab      	cmp	fp, r5
10001f06:	d9e0      	bls.n	10001eca <_out_rev+0x3e>
10001f08:	4622      	mov	r2, r4
10001f0a:	464b      	mov	r3, r9
10001f0c:	4641      	mov	r1, r8
10001f0e:	2020      	movs	r0, #32
10001f10:	3501      	adds	r5, #1
10001f12:	47b8      	blx	r7
10001f14:	455d      	cmp	r5, fp
10001f16:	f104 0401 	add.w	r4, r4, #1
10001f1a:	d3f5      	bcc.n	10001f08 <_out_rev+0x7c>
10001f1c:	e7d5      	b.n	10001eca <_out_rev+0x3e>
10001f1e:	460c      	mov	r4, r1
10001f20:	f1ba 0f00 	cmp.w	sl, #0
10001f24:	d1d9      	bne.n	10001eda <_out_rev+0x4e>
10001f26:	e7d0      	b.n	10001eca <_out_rev+0x3e>

10001f28 <_ntoa_format>:
10001f28:	e92d 4ff0 	stmdb	sp!, {r4, r5, r6, r7, r8, r9, sl, fp, lr}
10001f2c:	9f0f      	ldr	r7, [sp, #60]	@ 0x3c
10001f2e:	f8dd 8024 	ldr.w	r8, [sp, #36]	@ 0x24
10001f32:	f017 0f02 	tst.w	r7, #2
10001f36:	9c0a      	ldr	r4, [sp, #40]	@ 0x28
10001f38:	f89d a02c 	ldrb.w	sl, [sp, #44]	@ 0x2c
10001f3c:	9d0e      	ldr	r5, [sp, #56]	@ 0x38
10001f3e:	e9dd 960c 	ldrd	r9, r6, [sp, #48]	@ 0x30
10001f42:	d144      	bne.n	10001fce <_ntoa_format+0xa6>
10001f44:	bbf5      	cbnz	r5, 10001fc4 <_ntoa_format+0x9c>
10001f46:	42b4      	cmp	r4, r6
10001f48:	d241      	bcs.n	10001fce <_ntoa_format+0xa6>
10001f4a:	f007 0b01 	and.w	fp, r7, #1
10001f4e:	f104 3cff 	add.w	ip, r4, #4294967295
10001f52:	f04f 0e30 	mov.w	lr, #48	@ 0x30
10001f56:	44c4      	add	ip, r8
10001f58:	e004      	b.n	10001f64 <_ntoa_format+0x3c>
10001f5a:	3401      	adds	r4, #1
10001f5c:	42a6      	cmp	r6, r4
10001f5e:	f80c ef01 	strb.w	lr, [ip, #1]!
10001f62:	d901      	bls.n	10001f68 <_ntoa_format+0x40>
10001f64:	2c20      	cmp	r4, #32
10001f66:	d1f8      	bne.n	10001f5a <_ntoa_format+0x32>
10001f68:	f1bb 0f00 	cmp.w	fp, #0
10001f6c:	f000 8088 	beq.w	10002080 <_ntoa_format+0x158>
10001f70:	42a5      	cmp	r5, r4
10001f72:	d92c      	bls.n	10001fce <_ntoa_format+0xa6>
10001f74:	f104 3cff 	add.w	ip, r4, #4294967295
10001f78:	f04f 0e30 	mov.w	lr, #48	@ 0x30
10001f7c:	44c4      	add	ip, r8
10001f7e:	e004      	b.n	10001f8a <_ntoa_format+0x62>
10001f80:	3401      	adds	r4, #1
10001f82:	42ac      	cmp	r4, r5
10001f84:	f80c ef01 	strb.w	lr, [ip, #1]!
10001f88:	d021      	beq.n	10001fce <_ntoa_format+0xa6>
10001f8a:	2c20      	cmp	r4, #32
10001f8c:	d1f8      	bne.n	10001f80 <_ntoa_format+0x58>
10001f8e:	f017 0f10 	tst.w	r7, #16
10001f92:	d00e      	beq.n	10001fb2 <_ntoa_format+0x8a>
10001f94:	f417 6f80 	tst.w	r7, #1024	@ 0x400
10001f98:	d154      	bne.n	10002044 <_ntoa_format+0x11c>
10001f9a:	42a6      	cmp	r6, r4
10001f9c:	d063      	beq.n	10002066 <_ntoa_format+0x13e>
10001f9e:	42a5      	cmp	r5, r4
10001fa0:	d061      	beq.n	10002066 <_ntoa_format+0x13e>
10001fa2:	f1b9 0f10 	cmp.w	r9, #16
10001fa6:	d050      	beq.n	1000204a <_ntoa_format+0x122>
10001fa8:	f1b9 0f02 	cmp.w	r9, #2
10001fac:	d056      	beq.n	1000205c <_ntoa_format+0x134>
10001fae:	2c20      	cmp	r4, #32
10001fb0:	d129      	bne.n	10002006 <_ntoa_format+0xde>
10001fb2:	2420      	movs	r4, #32
10001fb4:	e9cd 570b 	strd	r5, r7, [sp, #44]	@ 0x2c
10001fb8:	e9cd 8409 	strd	r8, r4, [sp, #36]	@ 0x24
10001fbc:	e8bd 4ff0 	ldmia.w	sp!, {r4, r5, r6, r7, r8, r9, sl, fp, lr}
10001fc0:	f7ff bf64 	b.w	10001e8c <_out_rev>
10001fc4:	f017 0b01 	ands.w	fp, r7, #1
10001fc8:	d134      	bne.n	10002034 <_ntoa_format+0x10c>
10001fca:	42b4      	cmp	r4, r6
10001fcc:	d3bf      	bcc.n	10001f4e <_ntoa_format+0x26>
10001fce:	f017 0f10 	tst.w	r7, #16
10001fd2:	d01e      	beq.n	10002012 <_ntoa_format+0xea>
10001fd4:	f417 6f80 	tst.w	r7, #1024	@ 0x400
10001fd8:	d1e3      	bne.n	10001fa2 <_ntoa_format+0x7a>
10001fda:	2c00      	cmp	r4, #0
10001fdc:	d1dd      	bne.n	10001f9a <_ntoa_format+0x72>
10001fde:	f1b9 0f10 	cmp.w	r9, #16
10001fe2:	d063      	beq.n	100020ac <_ntoa_format+0x184>
10001fe4:	f1b9 0f02 	cmp.w	r9, #2
10001fe8:	d077      	beq.n	100020da <_ntoa_format+0x1b2>
10001fea:	2430      	movs	r4, #48	@ 0x30
10001fec:	f888 4000 	strb.w	r4, [r8]
10001ff0:	2401      	movs	r4, #1
10001ff2:	f1ba 0f00 	cmp.w	sl, #0
10001ff6:	d111      	bne.n	1000201c <_ntoa_format+0xf4>
10001ff8:	077e      	lsls	r6, r7, #29
10001ffa:	d548      	bpl.n	1000208e <_ntoa_format+0x166>
10001ffc:	262b      	movs	r6, #43	@ 0x2b
10001ffe:	f808 6004 	strb.w	r6, [r8, r4]
10002002:	3401      	adds	r4, #1
10002004:	e7d6      	b.n	10001fb4 <_ntoa_format+0x8c>
10002006:	4626      	mov	r6, r4
10002008:	3401      	adds	r4, #1
1000200a:	f04f 0c30 	mov.w	ip, #48	@ 0x30
1000200e:	f808 c006 	strb.w	ip, [r8, r6]
10002012:	2c20      	cmp	r4, #32
10002014:	d0cd      	beq.n	10001fb2 <_ntoa_format+0x8a>
10002016:	f1ba 0f00 	cmp.w	sl, #0
1000201a:	d0ed      	beq.n	10001ff8 <_ntoa_format+0xd0>
1000201c:	262d      	movs	r6, #45	@ 0x2d
1000201e:	f808 6004 	strb.w	r6, [r8, r4]
10002022:	3401      	adds	r4, #1
10002024:	e9cd 570b 	strd	r5, r7, [sp, #44]	@ 0x2c
10002028:	e9cd 8409 	strd	r8, r4, [sp, #36]	@ 0x24
1000202c:	e8bd 4ff0 	ldmia.w	sp!, {r4, r5, r6, r7, r8, r9, sl, fp, lr}
10002030:	f7ff bf2c 	b.w	10001e8c <_out_rev>
10002034:	f1ba 0f00 	cmp.w	sl, #0
10002038:	d030      	beq.n	1000209c <_ntoa_format+0x174>
1000203a:	42b4      	cmp	r4, r6
1000203c:	f105 35ff 	add.w	r5, r5, #4294967295
10002040:	d385      	bcc.n	10001f4e <_ntoa_format+0x26>
10002042:	e795      	b.n	10001f70 <_ntoa_format+0x48>
10002044:	f1b9 0f10 	cmp.w	r9, #16
10002048:	d1b3      	bne.n	10001fb2 <_ntoa_format+0x8a>
1000204a:	06be      	lsls	r6, r7, #26
1000204c:	d53b      	bpl.n	100020c6 <_ntoa_format+0x19e>
1000204e:	2c20      	cmp	r4, #32
10002050:	d0af      	beq.n	10001fb2 <_ntoa_format+0x8a>
10002052:	2658      	movs	r6, #88	@ 0x58
10002054:	f808 6004 	strb.w	r6, [r8, r4]
10002058:	3401      	adds	r4, #1
1000205a:	e7a8      	b.n	10001fae <_ntoa_format+0x86>
1000205c:	2c20      	cmp	r4, #32
1000205e:	d0a8      	beq.n	10001fb2 <_ntoa_format+0x8a>
10002060:	4626      	mov	r6, r4
10002062:	3401      	adds	r4, #1
10002064:	e007      	b.n	10002076 <_ntoa_format+0x14e>
10002066:	1e66      	subs	r6, r4, #1
10002068:	d0b9      	beq.n	10001fde <_ntoa_format+0xb6>
1000206a:	f1b9 0f10 	cmp.w	r9, #16
1000206e:	d036      	beq.n	100020de <_ntoa_format+0x1b6>
10002070:	f1b9 0f02 	cmp.w	r9, #2
10002074:	d1c9      	bne.n	1000200a <_ntoa_format+0xe2>
10002076:	f04f 0c62 	mov.w	ip, #98	@ 0x62
1000207a:	f808 c006 	strb.w	ip, [r8, r6]
1000207e:	e796      	b.n	10001fae <_ntoa_format+0x86>
10002080:	f017 0f10 	tst.w	r7, #16
10002084:	d0c5      	beq.n	10002012 <_ntoa_format+0xea>
10002086:	f417 6f80 	tst.w	r7, #1024	@ 0x400
1000208a:	d086      	beq.n	10001f9a <_ntoa_format+0x72>
1000208c:	e789      	b.n	10001fa2 <_ntoa_format+0x7a>
1000208e:	073e      	lsls	r6, r7, #28
10002090:	d590      	bpl.n	10001fb4 <_ntoa_format+0x8c>
10002092:	2620      	movs	r6, #32
10002094:	f808 6004 	strb.w	r6, [r8, r4]
10002098:	3401      	adds	r4, #1
1000209a:	e78b      	b.n	10001fb4 <_ntoa_format+0x8c>
1000209c:	f017 0f0c 	tst.w	r7, #12
100020a0:	d000      	beq.n	100020a4 <_ntoa_format+0x17c>
100020a2:	3d01      	subs	r5, #1
100020a4:	42b4      	cmp	r4, r6
100020a6:	f4ff af52 	bcc.w	10001f4e <_ntoa_format+0x26>
100020aa:	e761      	b.n	10001f70 <_ntoa_format+0x48>
100020ac:	06bc      	lsls	r4, r7, #26
100020ae:	d412      	bmi.n	100020d6 <_ntoa_format+0x1ae>
100020b0:	2478      	movs	r4, #120	@ 0x78
100020b2:	f888 4000 	strb.w	r4, [r8]
100020b6:	2430      	movs	r4, #48	@ 0x30
100020b8:	f888 4001 	strb.w	r4, [r8, #1]
100020bc:	2402      	movs	r4, #2
100020be:	f1ba 0f00 	cmp.w	sl, #0
100020c2:	d099      	beq.n	10001ff8 <_ntoa_format+0xd0>
100020c4:	e7aa      	b.n	1000201c <_ntoa_format+0xf4>
100020c6:	2c20      	cmp	r4, #32
100020c8:	f43f af73 	beq.w	10001fb2 <_ntoa_format+0x8a>
100020cc:	2678      	movs	r6, #120	@ 0x78
100020ce:	f808 6004 	strb.w	r6, [r8, r4]
100020d2:	3401      	adds	r4, #1
100020d4:	e76b      	b.n	10001fae <_ntoa_format+0x86>
100020d6:	2458      	movs	r4, #88	@ 0x58
100020d8:	e7eb      	b.n	100020b2 <_ntoa_format+0x18a>
100020da:	2462      	movs	r4, #98	@ 0x62
100020dc:	e7e9      	b.n	100020b2 <_ntoa_format+0x18a>
100020de:	f017 0f20 	tst.w	r7, #32
100020e2:	f1a4 0c02 	sub.w	ip, r4, #2
100020e6:	d004      	beq.n	100020f2 <_ntoa_format+0x1ca>
100020e8:	f04f 0e58 	mov.w	lr, #88	@ 0x58
100020ec:	f808 e00c 	strb.w	lr, [r8, ip]
100020f0:	e78b      	b.n	1000200a <_ntoa_format+0xe2>
100020f2:	f04f 0e78 	mov.w	lr, #120	@ 0x78
100020f6:	f808 e00c 	strb.w	lr, [r8, ip]
100020fa:	e786      	b.n	1000200a <_ntoa_format+0xe2>

100020fc <_out_char>:
100020fc:	b900      	cbnz	r0, 10002100 <_out_char+0x4>
100020fe:	4770      	bx	lr
10002100:	f001 bb6e 	b.w	100037e0 <__wrap_putchar>

10002104 <_out_fct>:
10002104:	b110      	cbz	r0, 1000210c <_out_fct+0x8>
10002106:	e9d1 3100 	ldrd	r3, r1, [r1]
1000210a:	4718      	bx	r3
1000210c:	4770      	bx	lr
1000210e:	bf00      	nop

10002110 <_ftoa>:
10002110:	e92d 4ff0 	stmdb	sp!, {r4, r5, r6, r7, r8, r9, sl, fp, lr}
10002114:	b097      	sub	sp, #92	@ 0x5c
10002116:	ed9d 7b20 	vldr	d7, [sp, #128]	@ 0x80
1000211a:	e9dd 5b22 	ldrd	r5, fp, [sp, #136]	@ 0x88
1000211e:	4607      	mov	r7, r0
10002120:	4688      	mov	r8, r1
10002122:	ec51 0b17 	vmov	r0, r1, d7
10002126:	9c24      	ldr	r4, [sp, #144]	@ 0x90
10002128:	4699      	mov	r9, r3
1000212a:	920c      	str	r2, [sp, #48]	@ 0x30
1000212c:	460b      	mov	r3, r1
1000212e:	4602      	mov	r2, r0
10002130:	ed8d 7b04 	vstr	d7, [sp, #16]
10002134:	9407      	str	r4, [sp, #28]
10002136:	f7ff fe49 	bl	10001dcc <__wrap___aeabi_dcmpun>
1000213a:	2800      	cmp	r0, #0
1000213c:	f040 81f4 	bne.w	10002528 <_ftoa+0x418>
10002140:	e9dd 0104 	ldrd	r0, r1, [sp, #16]
10002144:	f04f 32ff 	mov.w	r2, #4294967295
10002148:	f46f 1380 	mvn.w	r3, #1048576	@ 0x100000
1000214c:	f7ff fe50 	bl	10001df0 <__wrap___aeabi_dcmplt>
10002150:	2800      	cmp	r0, #0
10002152:	f040 811b 	bne.w	1000238c <_ftoa+0x27c>
10002156:	e9dd 0104 	ldrd	r0, r1, [sp, #16]
1000215a:	f04f 32ff 	mov.w	r2, #4294967295
1000215e:	4bac      	ldr	r3, [pc, #688]	@ (10002410 <_ftoa+0x300>)
10002160:	f7ff fe82 	bl	10001e68 <__wrap___aeabi_dcmpgt>
10002164:	2800      	cmp	r0, #0
10002166:	f040 80ee 	bne.w	10002346 <_ftoa+0x236>
1000216a:	e9dd 0104 	ldrd	r0, r1, [sp, #16]
1000216e:	a3a4      	add	r3, pc, #656	@ (adr r3, 10002400 <_ftoa+0x2f0>)
10002170:	e9d3 2300 	ldrd	r2, r3, [r3]
10002174:	f7ff fe78 	bl	10001e68 <__wrap___aeabi_dcmpgt>
10002178:	2800      	cmp	r0, #0
1000217a:	f040 80d3 	bne.w	10002324 <_ftoa+0x214>
1000217e:	e9dd 0104 	ldrd	r0, r1, [sp, #16]
10002182:	a3a1      	add	r3, pc, #644	@ (adr r3, 10002408 <_ftoa+0x2f8>)
10002184:	e9d3 2300 	ldrd	r2, r3, [r3]
10002188:	f7ff fe32 	bl	10001df0 <__wrap___aeabi_dcmplt>
1000218c:	2800      	cmp	r0, #0
1000218e:	f040 80c9 	bne.w	10002324 <_ftoa+0x214>
10002192:	e9dd 0104 	ldrd	r0, r1, [sp, #16]
10002196:	2200      	movs	r2, #0
10002198:	2300      	movs	r3, #0
1000219a:	f7ff fe29 	bl	10001df0 <__wrap___aeabi_dcmplt>
1000219e:	2800      	cmp	r0, #0
100021a0:	f040 80e8 	bne.w	10002374 <_ftoa+0x264>
100021a4:	4623      	mov	r3, r4
100021a6:	900d      	str	r0, [sp, #52]	@ 0x34
100021a8:	f413 6f80 	tst.w	r3, #1024	@ 0x400
100021ac:	bf08      	it	eq
100021ae:	2506      	moveq	r5, #6
100021b0:	2130      	movs	r1, #48	@ 0x30
100021b2:	462b      	mov	r3, r5
100021b4:	aa0e      	add	r2, sp, #56	@ 0x38
100021b6:	f1a5 0620 	sub.w	r6, r5, #32
100021ba:	e005      	b.n	100021c8 <_ftoa+0xb8>
100021bc:	3b01      	subs	r3, #1
100021be:	42b3      	cmp	r3, r6
100021c0:	f802 1b01 	strb.w	r1, [r2], #1
100021c4:	f000 8193 	beq.w	100024ee <_ftoa+0x3de>
100021c8:	2b09      	cmp	r3, #9
100021ca:	d8f7      	bhi.n	100021bc <_ftoa+0xac>
100021cc:	461e      	mov	r6, r3
100021ce:	1aed      	subs	r5, r5, r3
100021d0:	e9dd 0104 	ldrd	r0, r1, [sp, #16]
100021d4:	f7ff fdd6 	bl	10001d84 <__wrap___aeabi_d2iz>
100021d8:	4b8e      	ldr	r3, [pc, #568]	@ (10002414 <_ftoa+0x304>)
100021da:	4604      	mov	r4, r0
100021dc:	eb03 03c6 	add.w	r3, r3, r6, lsl #3
100021e0:	ed93 7b00 	vldr	d7, [r3]
100021e4:	ed8d 7b08 	vstr	d7, [sp, #32]
100021e8:	f7ff fda8 	bl	10001d3c <__wrap___aeabi_i2d>
100021ec:	4602      	mov	r2, r0
100021ee:	460b      	mov	r3, r1
100021f0:	e9dd 0104 	ldrd	r0, r1, [sp, #16]
100021f4:	f7ff fd1a 	bl	10001c2c <__wrap___aeabi_dsub>
100021f8:	e9dd 2308 	ldrd	r2, r3, [sp, #32]
100021fc:	f7ff fd2a 	bl	10001c54 <__wrap___aeabi_dmul>
10002200:	4602      	mov	r2, r0
10002202:	460b      	mov	r3, r1
10002204:	e9cd 230a 	strd	r2, r3, [sp, #40]	@ 0x28
10002208:	f7ff fdce 	bl	10001da8 <__wrap___aeabi_d2uiz>
1000220c:	4682      	mov	sl, r0
1000220e:	f7ff fda7 	bl	10001d60 <__wrap___aeabi_ui2d>
10002212:	4602      	mov	r2, r0
10002214:	460b      	mov	r3, r1
10002216:	e9dd 010a 	ldrd	r0, r1, [sp, #40]	@ 0x28
1000221a:	f7ff fd07 	bl	10001c2c <__wrap___aeabi_dsub>
1000221e:	4602      	mov	r2, r0
10002220:	460b      	mov	r3, r1
10002222:	e9cd 230a 	strd	r2, r3, [sp, #40]	@ 0x28
10002226:	2200      	movs	r2, #0
10002228:	4b7b      	ldr	r3, [pc, #492]	@ (10002418 <_ftoa+0x308>)
1000222a:	f7ff fe1d 	bl	10001e68 <__wrap___aeabi_dcmpgt>
1000222e:	2800      	cmp	r0, #0
10002230:	f000 80fe 	beq.w	10002430 <_ftoa+0x320>
10002234:	f10a 0a01 	add.w	sl, sl, #1
10002238:	4650      	mov	r0, sl
1000223a:	f7ff fd91 	bl	10001d60 <__wrap___aeabi_ui2d>
1000223e:	4602      	mov	r2, r0
10002240:	460b      	mov	r3, r1
10002242:	e9dd 0108 	ldrd	r0, r1, [sp, #32]
10002246:	f7ff fde7 	bl	10001e18 <__wrap___aeabi_dcmple>
1000224a:	b110      	cbz	r0, 10002252 <_ftoa+0x142>
1000224c:	f04f 0a00 	mov.w	sl, #0
10002250:	3401      	adds	r4, #1
10002252:	2e00      	cmp	r6, #0
10002254:	f000 80fd 	beq.w	10002452 <_ftoa+0x342>
10002258:	1e68      	subs	r0, r5, #1
1000225a:	ab0e      	add	r3, sp, #56	@ 0x38
1000225c:	f8df c1cc 	ldr.w	ip, [pc, #460]	@ 1000242c <_ftoa+0x31c>
10002260:	4418      	add	r0, r3
10002262:	e00f      	b.n	10002284 <_ftoa+0x174>
10002264:	fbac 210a 	umull	r2, r1, ip, sl
10002268:	08c9      	lsrs	r1, r1, #3
1000226a:	eb01 0281 	add.w	r2, r1, r1, lsl #2
1000226e:	ebaa 0242 	sub.w	r2, sl, r2, lsl #1
10002272:	3230      	adds	r2, #48	@ 0x30
10002274:	f1ba 0f09 	cmp.w	sl, #9
10002278:	f800 2f01 	strb.w	r2, [r0, #1]!
1000227c:	f240 811c 	bls.w	100024b8 <_ftoa+0x3a8>
10002280:	468a      	mov	sl, r1
10002282:	461d      	mov	r5, r3
10002284:	2d20      	cmp	r5, #32
10002286:	f105 0301 	add.w	r3, r5, #1
1000228a:	f106 36ff 	add.w	r6, r6, #4294967295
1000228e:	d1e9      	bne.n	10002264 <_ftoa+0x154>
10002290:	2520      	movs	r5, #32
10002292:	1e69      	subs	r1, r5, #1
10002294:	ab0e      	add	r3, sp, #56	@ 0x38
10002296:	4861      	ldr	r0, [pc, #388]	@ (1000241c <_ftoa+0x30c>)
10002298:	4419      	add	r1, r3
1000229a:	e010      	b.n	100022be <_ftoa+0x1ae>
1000229c:	fb80 6204 	smull	r6, r2, r0, r4
100022a0:	ebc3 03a2 	rsb	r3, r3, r2, asr #2
100022a4:	eb03 0283 	add.w	r2, r3, r3, lsl #2
100022a8:	eba4 0442 	sub.w	r4, r4, r2, lsl #1
100022ac:	f104 0230 	add.w	r2, r4, #48	@ 0x30
100022b0:	3501      	adds	r5, #1
100022b2:	461c      	mov	r4, r3
100022b4:	f801 2f01 	strb.w	r2, [r1, #1]!
100022b8:	2b00      	cmp	r3, #0
100022ba:	f000 80eb 	beq.w	10002494 <_ftoa+0x384>
100022be:	2d20      	cmp	r5, #32
100022c0:	ea4f 73e4 	mov.w	r3, r4, asr #31
100022c4:	d1ea      	bne.n	1000229c <_ftoa+0x18c>
100022c6:	9b07      	ldr	r3, [sp, #28]
100022c8:	f003 0303 	and.w	r3, r3, #3
100022cc:	2b01      	cmp	r3, #1
100022ce:	d118      	bne.n	10002302 <_ftoa+0x1f2>
100022d0:	f1bb 0f00 	cmp.w	fp, #0
100022d4:	d015      	beq.n	10002302 <_ftoa+0x1f2>
100022d6:	9b0d      	ldr	r3, [sp, #52]	@ 0x34
100022d8:	2b00      	cmp	r3, #0
100022da:	f000 810a 	beq.w	100024f2 <_ftoa+0x3e2>
100022de:	f10b 3bff 	add.w	fp, fp, #4294967295
100022e2:	f1bb 0f20 	cmp.w	fp, #32
100022e6:	d90c      	bls.n	10002302 <_ftoa+0x1f2>
100022e8:	1e6b      	subs	r3, r5, #1
100022ea:	a90e      	add	r1, sp, #56	@ 0x38
100022ec:	2230      	movs	r2, #48	@ 0x30
100022ee:	440b      	add	r3, r1
100022f0:	e005      	b.n	100022fe <_ftoa+0x1ee>
100022f2:	3501      	adds	r5, #1
100022f4:	455d      	cmp	r5, fp
100022f6:	f803 2f01 	strb.w	r2, [r3, #1]!
100022fa:	f080 80d1 	bcs.w	100024a0 <_ftoa+0x390>
100022fe:	2d20      	cmp	r5, #32
10002300:	d1f7      	bne.n	100022f2 <_ftoa+0x1e2>
10002302:	9b07      	ldr	r3, [sp, #28]
10002304:	ac0e      	add	r4, sp, #56	@ 0x38
10002306:	e9cd b302 	strd	fp, r3, [sp, #8]
1000230a:	4641      	mov	r1, r8
1000230c:	464b      	mov	r3, r9
1000230e:	4638      	mov	r0, r7
10002310:	9a0c      	ldr	r2, [sp, #48]	@ 0x30
10002312:	9501      	str	r5, [sp, #4]
10002314:	9400      	str	r4, [sp, #0]
10002316:	f7ff fdb9 	bl	10001e8c <_out_rev>
1000231a:	4682      	mov	sl, r0
1000231c:	4650      	mov	r0, sl
1000231e:	b017      	add	sp, #92	@ 0x5c
10002320:	e8bd 8ff0 	ldmia.w	sp!, {r4, r5, r6, r7, r8, r9, sl, fp, pc}
10002324:	9b07      	ldr	r3, [sp, #28]
10002326:	ed9d 7b04 	vldr	d7, [sp, #16]
1000232a:	e9cd b323 	strd	fp, r3, [sp, #140]	@ 0x8c
1000232e:	4641      	mov	r1, r8
10002330:	464b      	mov	r3, r9
10002332:	4638      	mov	r0, r7
10002334:	9a0c      	ldr	r2, [sp, #48]	@ 0x30
10002336:	ed8d 7b20 	vstr	d7, [sp, #128]	@ 0x80
1000233a:	9522      	str	r5, [sp, #136]	@ 0x88
1000233c:	b017      	add	sp, #92	@ 0x5c
1000233e:	e8bd 4ff0 	ldmia.w	sp!, {r4, r5, r6, r7, r8, r9, sl, fp, lr}
10002342:	f000 b945 	b.w	100025d0 <_etoa>
10002346:	0761      	lsls	r1, r4, #29
10002348:	4623      	mov	r3, r4
1000234a:	bf4c      	ite	mi
1000234c:	2304      	movmi	r3, #4
1000234e:	2303      	movpl	r3, #3
10002350:	4641      	mov	r1, r8
10002352:	9321      	str	r3, [sp, #132]	@ 0x84
10002354:	4638      	mov	r0, r7
10002356:	464b      	mov	r3, r9
10002358:	9a07      	ldr	r2, [sp, #28]
1000235a:	bf48      	it	mi
1000235c:	4c30      	ldrmi	r4, [pc, #192]	@ (10002420 <_ftoa+0x310>)
1000235e:	e9cd b222 	strd	fp, r2, [sp, #136]	@ 0x88
10002362:	bf58      	it	pl
10002364:	4c2f      	ldrpl	r4, [pc, #188]	@ (10002424 <_ftoa+0x314>)
10002366:	9a0c      	ldr	r2, [sp, #48]	@ 0x30
10002368:	9420      	str	r4, [sp, #128]	@ 0x80
1000236a:	b017      	add	sp, #92	@ 0x5c
1000236c:	e8bd 4ff0 	ldmia.w	sp!, {r4, r5, r6, r7, r8, r9, sl, fp, lr}
10002370:	f7ff bd8c 	b.w	10001e8c <_out_rev>
10002374:	e9dd 2304 	ldrd	r2, r3, [sp, #16]
10002378:	2000      	movs	r0, #0
1000237a:	2100      	movs	r1, #0
1000237c:	f7ff fc56 	bl	10001c2c <__wrap___aeabi_dsub>
10002380:	2301      	movs	r3, #1
10002382:	e9cd 0104 	strd	r0, r1, [sp, #16]
10002386:	930d      	str	r3, [sp, #52]	@ 0x34
10002388:	4623      	mov	r3, r4
1000238a:	e70d      	b.n	100021a8 <_ftoa+0x98>
1000238c:	4623      	mov	r3, r4
1000238e:	079c      	lsls	r4, r3, #30
10002390:	f040 80aa 	bne.w	100024e8 <_ftoa+0x3d8>
10002394:	f1bb 0f04 	cmp.w	fp, #4
10002398:	f240 80a6 	bls.w	100024e8 <_ftoa+0x3d8>
1000239c:	9b0c      	ldr	r3, [sp, #48]	@ 0x30
1000239e:	461d      	mov	r5, r3
100023a0:	1f1c      	subs	r4, r3, #4
100023a2:	eb04 0a0b 	add.w	sl, r4, fp
100023a6:	462a      	mov	r2, r5
100023a8:	464b      	mov	r3, r9
100023aa:	4641      	mov	r1, r8
100023ac:	2020      	movs	r0, #32
100023ae:	3501      	adds	r5, #1
100023b0:	47b8      	blx	r7
100023b2:	45aa      	cmp	sl, r5
100023b4:	d1f7      	bne.n	100023a6 <_ftoa+0x296>
100023b6:	4655      	mov	r5, sl
100023b8:	4c1b      	ldr	r4, [pc, #108]	@ (10002428 <_ftoa+0x318>)
100023ba:	1f26      	subs	r6, r4, #4
100023bc:	f814 0d01 	ldrb.w	r0, [r4, #-1]!
100023c0:	462a      	mov	r2, r5
100023c2:	464b      	mov	r3, r9
100023c4:	4641      	mov	r1, r8
100023c6:	47b8      	blx	r7
100023c8:	42b4      	cmp	r4, r6
100023ca:	f105 0501 	add.w	r5, r5, #1
100023ce:	d1f5      	bne.n	100023bc <_ftoa+0x2ac>
100023d0:	9b07      	ldr	r3, [sp, #28]
100023d2:	f10a 0a04 	add.w	sl, sl, #4
100023d6:	0798      	lsls	r0, r3, #30
100023d8:	d5a0      	bpl.n	1000231c <_ftoa+0x20c>
100023da:	9c0c      	ldr	r4, [sp, #48]	@ 0x30
100023dc:	ebaa 0304 	sub.w	r3, sl, r4
100023e0:	459b      	cmp	fp, r3
100023e2:	d99b      	bls.n	1000231c <_ftoa+0x20c>
100023e4:	4652      	mov	r2, sl
100023e6:	464b      	mov	r3, r9
100023e8:	4641      	mov	r1, r8
100023ea:	2020      	movs	r0, #32
100023ec:	f10a 0a01 	add.w	sl, sl, #1
100023f0:	47b8      	blx	r7
100023f2:	ebaa 0304 	sub.w	r3, sl, r4
100023f6:	455b      	cmp	r3, fp
100023f8:	d3f4      	bcc.n	100023e4 <_ftoa+0x2d4>
100023fa:	e78f      	b.n	1000231c <_ftoa+0x20c>
100023fc:	f3af 8000 	nop.w
10002400:	00000000 	.word	0x00000000
10002404:	41cdcd65 	.word	0x41cdcd65
10002408:	00000000 	.word	0x00000000
1000240c:	c1cdcd65 	.word	0xc1cdcd65
10002410:	7fefffff 	.word	0x7fefffff
10002414:	100065b8 	.word	0x100065b8
10002418:	3fe00000 	.word	0x3fe00000
1000241c:	66666667 	.word	0x66666667
10002420:	100064ac 	.word	0x100064ac
10002424:	100064b4 	.word	0x100064b4
10002428:	100064c0 	.word	0x100064c0
1000242c:	cccccccd 	.word	0xcccccccd
10002430:	2200      	movs	r2, #0
10002432:	e9dd 010a 	ldrd	r0, r1, [sp, #40]	@ 0x28
10002436:	4b63      	ldr	r3, [pc, #396]	@ (100025c4 <_ftoa+0x4b4>)
10002438:	f7ff fcda 	bl	10001df0 <__wrap___aeabi_dcmplt>
1000243c:	2800      	cmp	r0, #0
1000243e:	f47f af08 	bne.w	10002252 <_ftoa+0x142>
10002442:	f1ba 0f00 	cmp.w	sl, #0
10002446:	d16a      	bne.n	1000251e <_ftoa+0x40e>
10002448:	f10a 0a01 	add.w	sl, sl, #1
1000244c:	2e00      	cmp	r6, #0
1000244e:	f47f af03 	bne.w	10002258 <_ftoa+0x148>
10002452:	4620      	mov	r0, r4
10002454:	f7ff fc72 	bl	10001d3c <__wrap___aeabi_i2d>
10002458:	4602      	mov	r2, r0
1000245a:	460b      	mov	r3, r1
1000245c:	e9dd 0104 	ldrd	r0, r1, [sp, #16]
10002460:	f7ff fbe4 	bl	10001c2c <__wrap___aeabi_dsub>
10002464:	4602      	mov	r2, r0
10002466:	460b      	mov	r3, r1
10002468:	e9cd 2304 	strd	r2, r3, [sp, #16]
1000246c:	2200      	movs	r2, #0
1000246e:	4b55      	ldr	r3, [pc, #340]	@ (100025c4 <_ftoa+0x4b4>)
10002470:	f7ff fcbe 	bl	10001df0 <__wrap___aeabi_dcmplt>
10002474:	2800      	cmp	r0, #0
10002476:	f47f af0c 	bne.w	10002292 <_ftoa+0x182>
1000247a:	e9dd 0104 	ldrd	r0, r1, [sp, #16]
1000247e:	2200      	movs	r2, #0
10002480:	4b50      	ldr	r3, [pc, #320]	@ (100025c4 <_ftoa+0x4b4>)
10002482:	f7ff fcf1 	bl	10001e68 <__wrap___aeabi_dcmpgt>
10002486:	2800      	cmp	r0, #0
10002488:	f47f af03 	bne.w	10002292 <_ftoa+0x182>
1000248c:	3401      	adds	r4, #1
1000248e:	f024 0401 	bic.w	r4, r4, #1
10002492:	e6fe      	b.n	10002292 <_ftoa+0x182>
10002494:	9b07      	ldr	r3, [sp, #28]
10002496:	f003 0303 	and.w	r3, r3, #3
1000249a:	2b01      	cmp	r3, #1
1000249c:	f000 8082 	beq.w	100025a4 <_ftoa+0x494>
100024a0:	2d20      	cmp	r5, #32
100024a2:	f43f af2e 	beq.w	10002302 <_ftoa+0x1f2>
100024a6:	9b0d      	ldr	r3, [sp, #52]	@ 0x34
100024a8:	b37b      	cbz	r3, 1000250a <_ftoa+0x3fa>
100024aa:	222d      	movs	r2, #45	@ 0x2d
100024ac:	eb0d 0305 	add.w	r3, sp, r5
100024b0:	f883 2038 	strb.w	r2, [r3, #56]	@ 0x38
100024b4:	3501      	adds	r5, #1
100024b6:	e724      	b.n	10002302 <_ftoa+0x1f2>
100024b8:	2b20      	cmp	r3, #32
100024ba:	f43f aee9 	beq.w	10002290 <_ftoa+0x180>
100024be:	aa0e      	add	r2, sp, #56	@ 0x38
100024c0:	4415      	add	r5, r2
100024c2:	441e      	add	r6, r3
100024c4:	2230      	movs	r2, #48	@ 0x30
100024c6:	e004      	b.n	100024d2 <_ftoa+0x3c2>
100024c8:	2b20      	cmp	r3, #32
100024ca:	f805 2f01 	strb.w	r2, [r5, #1]!
100024ce:	f43f aedf 	beq.w	10002290 <_ftoa+0x180>
100024d2:	429e      	cmp	r6, r3
100024d4:	f103 0301 	add.w	r3, r3, #1
100024d8:	d1f6      	bne.n	100024c8 <_ftoa+0x3b8>
100024da:	222e      	movs	r2, #46	@ 0x2e
100024dc:	eb0d 0306 	add.w	r3, sp, r6
100024e0:	f883 2038 	strb.w	r2, [r3, #56]	@ 0x38
100024e4:	1c75      	adds	r5, r6, #1
100024e6:	e6d4      	b.n	10002292 <_ftoa+0x182>
100024e8:	f8dd a030 	ldr.w	sl, [sp, #48]	@ 0x30
100024ec:	e763      	b.n	100023b6 <_ftoa+0x2a6>
100024ee:	2520      	movs	r5, #32
100024f0:	e66e      	b.n	100021d0 <_ftoa+0xc0>
100024f2:	9b07      	ldr	r3, [sp, #28]
100024f4:	f013 0f0c 	tst.w	r3, #12
100024f8:	d050      	beq.n	1000259c <_ftoa+0x48c>
100024fa:	f10b 3bff 	add.w	fp, fp, #4294967295
100024fe:	45ab      	cmp	fp, r5
10002500:	f63f aef2 	bhi.w	100022e8 <_ftoa+0x1d8>
10002504:	2d20      	cmp	r5, #32
10002506:	f43f aefc 	beq.w	10002302 <_ftoa+0x1f2>
1000250a:	9b07      	ldr	r3, [sp, #28]
1000250c:	075a      	lsls	r2, r3, #29
1000250e:	d501      	bpl.n	10002514 <_ftoa+0x404>
10002510:	222b      	movs	r2, #43	@ 0x2b
10002512:	e7cb      	b.n	100024ac <_ftoa+0x39c>
10002514:	071b      	lsls	r3, r3, #28
10002516:	f57f aef4 	bpl.w	10002302 <_ftoa+0x1f2>
1000251a:	2220      	movs	r2, #32
1000251c:	e7c6      	b.n	100024ac <_ftoa+0x39c>
1000251e:	f01a 0f01 	tst.w	sl, #1
10002522:	f43f ae96 	beq.w	10002252 <_ftoa+0x142>
10002526:	e78f      	b.n	10002448 <_ftoa+0x338>
10002528:	07a6      	lsls	r6, r4, #30
1000252a:	d134      	bne.n	10002596 <_ftoa+0x486>
1000252c:	f1bb 0f03 	cmp.w	fp, #3
10002530:	d931      	bls.n	10002596 <_ftoa+0x486>
10002532:	9b0c      	ldr	r3, [sp, #48]	@ 0x30
10002534:	461d      	mov	r5, r3
10002536:	1edc      	subs	r4, r3, #3
10002538:	eb04 0a0b 	add.w	sl, r4, fp
1000253c:	462a      	mov	r2, r5
1000253e:	464b      	mov	r3, r9
10002540:	4641      	mov	r1, r8
10002542:	2020      	movs	r0, #32
10002544:	3501      	adds	r5, #1
10002546:	47b8      	blx	r7
10002548:	4555      	cmp	r5, sl
1000254a:	d1f7      	bne.n	1000253c <_ftoa+0x42c>
1000254c:	4655      	mov	r5, sl
1000254e:	4c1e      	ldr	r4, [pc, #120]	@ (100025c8 <_ftoa+0x4b8>)
10002550:	1ee6      	subs	r6, r4, #3
10002552:	f814 0d01 	ldrb.w	r0, [r4, #-1]!
10002556:	462a      	mov	r2, r5
10002558:	464b      	mov	r3, r9
1000255a:	4641      	mov	r1, r8
1000255c:	47b8      	blx	r7
1000255e:	42a6      	cmp	r6, r4
10002560:	f105 0501 	add.w	r5, r5, #1
10002564:	d1f5      	bne.n	10002552 <_ftoa+0x442>
10002566:	9b07      	ldr	r3, [sp, #28]
10002568:	f10a 0a03 	add.w	sl, sl, #3
1000256c:	079d      	lsls	r5, r3, #30
1000256e:	f57f aed5 	bpl.w	1000231c <_ftoa+0x20c>
10002572:	9c0c      	ldr	r4, [sp, #48]	@ 0x30
10002574:	ebaa 0304 	sub.w	r3, sl, r4
10002578:	459b      	cmp	fp, r3
1000257a:	f67f aecf 	bls.w	1000231c <_ftoa+0x20c>
1000257e:	4652      	mov	r2, sl
10002580:	464b      	mov	r3, r9
10002582:	4641      	mov	r1, r8
10002584:	2020      	movs	r0, #32
10002586:	f10a 0a01 	add.w	sl, sl, #1
1000258a:	47b8      	blx	r7
1000258c:	ebaa 0304 	sub.w	r3, sl, r4
10002590:	459b      	cmp	fp, r3
10002592:	d8f4      	bhi.n	1000257e <_ftoa+0x46e>
10002594:	e6c2      	b.n	1000231c <_ftoa+0x20c>
10002596:	f8dd a030 	ldr.w	sl, [sp, #48]	@ 0x30
1000259a:	e7d7      	b.n	1000254c <_ftoa+0x43c>
1000259c:	45ab      	cmp	fp, r5
1000259e:	f63f aea3 	bhi.w	100022e8 <_ftoa+0x1d8>
100025a2:	e6ae      	b.n	10002302 <_ftoa+0x1f2>
100025a4:	f1bb 0f00 	cmp.w	fp, #0
100025a8:	f43f af7a 	beq.w	100024a0 <_ftoa+0x390>
100025ac:	9b0d      	ldr	r3, [sp, #52]	@ 0x34
100025ae:	2b00      	cmp	r3, #0
100025b0:	d09f      	beq.n	100024f2 <_ftoa+0x3e2>
100025b2:	f10b 3bff 	add.w	fp, fp, #4294967295
100025b6:	455d      	cmp	r5, fp
100025b8:	f4ff ae96 	bcc.w	100022e8 <_ftoa+0x1d8>
100025bc:	2d20      	cmp	r5, #32
100025be:	f47f af74 	bne.w	100024aa <_ftoa+0x39a>
100025c2:	e69e      	b.n	10002302 <_ftoa+0x1f2>
100025c4:	3fe00000 	.word	0x3fe00000
100025c8:	100064bb 	.word	0x100064bb
100025cc:	00000000 	.word	0x00000000

100025d0 <_etoa>:
100025d0:	e92d 4ff0 	stmdb	sp!, {r4, r5, r6, r7, r8, r9, sl, fp, lr}
100025d4:	b09f      	sub	sp, #124	@ 0x7c
100025d6:	9e2a      	ldr	r6, [sp, #168]	@ 0xa8
100025d8:	e9dd 4528 	ldrd	r4, r5, [sp, #160]	@ 0xa0
100025dc:	4607      	mov	r7, r0
100025de:	4693      	mov	fp, r2
100025e0:	9108      	str	r1, [sp, #32]
100025e2:	9309      	str	r3, [sp, #36]	@ 0x24
100025e4:	4622      	mov	r2, r4
100025e6:	462b      	mov	r3, r5
100025e8:	4620      	mov	r0, r4
100025ea:	4629      	mov	r1, r5
100025ec:	960e      	str	r6, [sp, #56]	@ 0x38
100025ee:	e9dd a62b 	ldrd	sl, r6, [sp, #172]	@ 0xac
100025f2:	f7ff fbeb 	bl	10001dcc <__wrap___aeabi_dcmpun>
100025f6:	2800      	cmp	r0, #0
100025f8:	f040 80be 	bne.w	10002778 <_etoa+0x1a8>
100025fc:	4620      	mov	r0, r4
100025fe:	4629      	mov	r1, r5
10002600:	f04f 32ff 	mov.w	r2, #4294967295
10002604:	4b78      	ldr	r3, [pc, #480]	@ (100027e8 <_etoa+0x218>)
10002606:	f7ff fc2f 	bl	10001e68 <__wrap___aeabi_dcmpgt>
1000260a:	2800      	cmp	r0, #0
1000260c:	f040 80b4 	bne.w	10002778 <_etoa+0x1a8>
10002610:	4620      	mov	r0, r4
10002612:	4629      	mov	r1, r5
10002614:	f04f 32ff 	mov.w	r2, #4294967295
10002618:	f46f 1380 	mvn.w	r3, #1048576	@ 0x100000
1000261c:	f7ff fbe8 	bl	10001df0 <__wrap___aeabi_dcmplt>
10002620:	2800      	cmp	r0, #0
10002622:	f040 80a9 	bne.w	10002778 <_etoa+0x1a8>
10002626:	4620      	mov	r0, r4
10002628:	4629      	mov	r1, r5
1000262a:	2200      	movs	r2, #0
1000262c:	2300      	movs	r3, #0
1000262e:	f7ff fbdf 	bl	10001df0 <__wrap___aeabi_dcmplt>
10002632:	2800      	cmp	r0, #0
10002634:	f040 81d5 	bne.w	100029e2 <_etoa+0x412>
10002638:	e9cd 450a 	strd	r4, r5, [sp, #40]	@ 0x28
1000263c:	e9dd 230a 	ldrd	r2, r3, [sp, #40]	@ 0x28
10002640:	4690      	mov	r8, r2
10002642:	4699      	mov	r9, r3
10002644:	f406 6200 	and.w	r2, r6, #2048	@ 0x800
10002648:	f416 6380 	ands.w	r3, r6, #1024	@ 0x400
1000264c:	920f      	str	r2, [sp, #60]	@ 0x3c
1000264e:	9313      	str	r3, [sp, #76]	@ 0x4c
10002650:	f040 80a1 	bne.w	10002796 <_etoa+0x1c6>
10002654:	ea58 0309 	orrs.w	r3, r8, r9
10002658:	f040 80ca 	bne.w	100027f0 <_etoa+0x220>
1000265c:	2a00      	cmp	r2, #0
1000265e:	f040 81e3 	bne.w	10002a28 <_etoa+0x458>
10002662:	2306      	movs	r3, #6
10002664:	930e      	str	r3, [sp, #56]	@ 0x38
10002666:	f016 0202 	ands.w	r2, r6, #2
1000266a:	9210      	str	r2, [sp, #64]	@ 0x40
1000266c:	f040 81d4 	bne.w	10002a18 <_etoa+0x448>
10002670:	4653      	mov	r3, sl
10002672:	2b04      	cmp	r3, #4
10002674:	bf38      	it	cc
10002676:	2304      	movcc	r3, #4
10002678:	920c      	str	r2, [sp, #48]	@ 0x30
1000267a:	2204      	movs	r2, #4
1000267c:	3b04      	subs	r3, #4
1000267e:	9212      	str	r2, [sp, #72]	@ 0x48
10002680:	930f      	str	r3, [sp, #60]	@ 0x3c
10002682:	4620      	mov	r0, r4
10002684:	4629      	mov	r1, r5
10002686:	2200      	movs	r2, #0
10002688:	2300      	movs	r3, #0
1000268a:	f7ff fbb1 	bl	10001df0 <__wrap___aeabi_dcmplt>
1000268e:	2800      	cmp	r0, #0
10002690:	f040 81f3 	bne.w	10002a7a <_etoa+0x4aa>
10002694:	ed9d 7b0a 	vldr	d7, [sp, #40]	@ 0x28
10002698:	9b0f      	ldr	r3, [sp, #60]	@ 0x3c
1000269a:	465a      	mov	r2, fp
1000269c:	9303      	str	r3, [sp, #12]
1000269e:	9b0e      	ldr	r3, [sp, #56]	@ 0x38
100026a0:	ed8d 7b00 	vstr	d7, [sp]
100026a4:	9302      	str	r3, [sp, #8]
100026a6:	f426 6300 	bic.w	r3, r6, #2048	@ 0x800
100026aa:	9304      	str	r3, [sp, #16]
100026ac:	4638      	mov	r0, r7
100026ae:	9b09      	ldr	r3, [sp, #36]	@ 0x24
100026b0:	9908      	ldr	r1, [sp, #32]
100026b2:	f7ff fd2d 	bl	10002110 <_ftoa>
100026b6:	4602      	mov	r2, r0
100026b8:	f016 0f20 	tst.w	r6, #32
100026bc:	9b09      	ldr	r3, [sp, #36]	@ 0x24
100026be:	9908      	ldr	r1, [sp, #32]
100026c0:	bf0c      	ite	eq
100026c2:	2065      	moveq	r0, #101	@ 0x65
100026c4:	2045      	movne	r0, #69	@ 0x45
100026c6:	f102 0801 	add.w	r8, r2, #1
100026ca:	47b8      	blx	r7
100026cc:	9a0c      	ldr	r2, [sp, #48]	@ 0x30
100026ce:	9b12      	ldr	r3, [sp, #72]	@ 0x48
100026d0:	ac16      	add	r4, sp, #88	@ 0x58
100026d2:	1e5d      	subs	r5, r3, #1
100026d4:	ea82 73e2 	eor.w	r3, r2, r2, asr #31
100026d8:	eba3 73e2 	sub.w	r3, r3, r2, asr #31
100026dc:	0fd1      	lsrs	r1, r2, #31
100026de:	2600      	movs	r6, #0
100026e0:	4622      	mov	r2, r4
100026e2:	4699      	mov	r9, r3
100026e4:	f8df c104 	ldr.w	ip, [pc, #260]	@ 100027ec <_etoa+0x21c>
100026e8:	e001      	b.n	100026ee <_etoa+0x11e>
100026ea:	2e20      	cmp	r6, #32
100026ec:	d010      	beq.n	10002710 <_etoa+0x140>
100026ee:	46ce      	mov	lr, r9
100026f0:	fbac 3009 	umull	r3, r0, ip, r9
100026f4:	08c0      	lsrs	r0, r0, #3
100026f6:	eb00 0380 	add.w	r3, r0, r0, lsl #2
100026fa:	eba9 0343 	sub.w	r3, r9, r3, lsl #1
100026fe:	3330      	adds	r3, #48	@ 0x30
10002700:	f1be 0f09 	cmp.w	lr, #9
10002704:	4681      	mov	r9, r0
10002706:	f106 0601 	add.w	r6, r6, #1
1000270a:	f802 3b01 	strb.w	r3, [r2], #1
1000270e:	d8ec      	bhi.n	100026ea <_etoa+0x11a>
10002710:	2305      	movs	r3, #5
10002712:	2000      	movs	r0, #0
10002714:	9306      	str	r3, [sp, #24]
10002716:	230a      	movs	r3, #10
10002718:	9505      	str	r5, [sp, #20]
1000271a:	9400      	str	r4, [sp, #0]
1000271c:	9d09      	ldr	r5, [sp, #36]	@ 0x24
1000271e:	9c08      	ldr	r4, [sp, #32]
10002720:	4642      	mov	r2, r8
10002722:	e9cd 3003 	strd	r3, r0, [sp, #12]
10002726:	e9cd 6101 	strd	r6, r1, [sp, #4]
1000272a:	462b      	mov	r3, r5
1000272c:	4621      	mov	r1, r4
1000272e:	4638      	mov	r0, r7
10002730:	f7ff fbfa 	bl	10001f28 <_ntoa_format>
10002734:	9a10      	ldr	r2, [sp, #64]	@ 0x40
10002736:	4680      	mov	r8, r0
10002738:	b1d2      	cbz	r2, 10002770 <_etoa+0x1a0>
1000273a:	eba0 060b 	sub.w	r6, r0, fp
1000273e:	45b2      	cmp	sl, r6
10002740:	d916      	bls.n	10002770 <_etoa+0x1a0>
10002742:	eb0b 0206 	add.w	r2, fp, r6
10002746:	462b      	mov	r3, r5
10002748:	4621      	mov	r1, r4
1000274a:	2020      	movs	r0, #32
1000274c:	3601      	adds	r6, #1
1000274e:	47b8      	blx	r7
10002750:	45b2      	cmp	sl, r6
10002752:	d8f6      	bhi.n	10002742 <_etoa+0x172>
10002754:	f10b 33ff 	add.w	r3, fp, #4294967295
10002758:	4453      	add	r3, sl
1000275a:	f1cb 0201 	rsb	r2, fp, #1
1000275e:	eba3 0308 	sub.w	r3, r3, r8
10002762:	4442      	add	r2, r8
10002764:	4592      	cmp	sl, r2
10002766:	bf38      	it	cc
10002768:	2300      	movcc	r3, #0
1000276a:	f108 0801 	add.w	r8, r8, #1
1000276e:	4498      	add	r8, r3
10002770:	4640      	mov	r0, r8
10002772:	b01f      	add	sp, #124	@ 0x7c
10002774:	e8bd 8ff0 	ldmia.w	sp!, {r4, r5, r6, r7, r8, r9, sl, fp, pc}
10002778:	465a      	mov	r2, fp
1000277a:	4638      	mov	r0, r7
1000277c:	e9cd 4528 	strd	r4, r5, [sp, #160]	@ 0xa0
10002780:	e9cd a62b 	strd	sl, r6, [sp, #172]	@ 0xac
10002784:	9c0e      	ldr	r4, [sp, #56]	@ 0x38
10002786:	9b09      	ldr	r3, [sp, #36]	@ 0x24
10002788:	9908      	ldr	r1, [sp, #32]
1000278a:	942a      	str	r4, [sp, #168]	@ 0xa8
1000278c:	b01f      	add	sp, #124	@ 0x7c
1000278e:	e8bd 4ff0 	ldmia.w	sp!, {r4, r5, r6, r7, r8, r9, sl, fp, lr}
10002792:	f7ff bcbd 	b.w	10002110 <_ftoa>
10002796:	ea58 0309 	orrs.w	r3, r8, r9
1000279a:	d12b      	bne.n	100027f4 <_etoa+0x224>
1000279c:	2a00      	cmp	r2, #0
1000279e:	f43f af62 	beq.w	10002666 <_etoa+0x96>
100027a2:	2300      	movs	r3, #0
100027a4:	930c      	str	r3, [sp, #48]	@ 0x30
100027a6:	9b0e      	ldr	r3, [sp, #56]	@ 0x38
100027a8:	9a0c      	ldr	r2, [sp, #48]	@ 0x30
100027aa:	4293      	cmp	r3, r2
100027ac:	f300 81b9 	bgt.w	10002b22 <_etoa+0x552>
100027b0:	f04f 0800 	mov.w	r8, #0
100027b4:	4620      	mov	r0, r4
100027b6:	4629      	mov	r1, r5
100027b8:	2200      	movs	r2, #0
100027ba:	2300      	movs	r3, #0
100027bc:	f7ff fb18 	bl	10001df0 <__wrap___aeabi_dcmplt>
100027c0:	2800      	cmp	r0, #0
100027c2:	f040 8113 	bne.w	100029ec <_etoa+0x41c>
100027c6:	ed9d 7b0a 	vldr	d7, [sp, #40]	@ 0x28
100027ca:	f426 6600 	bic.w	r6, r6, #2048	@ 0x800
100027ce:	f446 6680 	orr.w	r6, r6, #1024	@ 0x400
100027d2:	ed8d 7b28 	vstr	d7, [sp, #160]	@ 0xa0
100027d6:	465a      	mov	r2, fp
100027d8:	4638      	mov	r0, r7
100027da:	e9cd 8a2a 	strd	r8, sl, [sp, #168]	@ 0xa8
100027de:	9b09      	ldr	r3, [sp, #36]	@ 0x24
100027e0:	9908      	ldr	r1, [sp, #32]
100027e2:	962c      	str	r6, [sp, #176]	@ 0xb0
100027e4:	e7d2      	b.n	1000278c <_etoa+0x1bc>
100027e6:	bf00      	nop
100027e8:	7fefffff 	.word	0x7fefffff
100027ec:	cccccccd 	.word	0xcccccccd
100027f0:	2306      	movs	r3, #6
100027f2:	930e      	str	r3, [sp, #56]	@ 0x38
100027f4:	f3c9 500a 	ubfx	r0, r9, #20, #11
100027f8:	f2a0 30ff 	subw	r0, r0, #1023	@ 0x3ff
100027fc:	f7ff fa9e 	bl	10001d3c <__wrap___aeabi_i2d>
10002800:	a3c1      	add	r3, pc, #772	@ (adr r3, 10002b08 <_etoa+0x538>)
10002802:	e9d3 2300 	ldrd	r2, r3, [r3]
10002806:	f7ff fa25 	bl	10001c54 <__wrap___aeabi_dmul>
1000280a:	a3c1      	add	r3, pc, #772	@ (adr r3, 10002b10 <_etoa+0x540>)
1000280c:	e9d3 2300 	ldrd	r2, r3, [r3]
10002810:	f7ff f9f8 	bl	10001c04 <__wrap___aeabi_dadd>
10002814:	f3c9 0913 	ubfx	r9, r9, #0, #20
10002818:	e9cd 010c 	strd	r0, r1, [sp, #48]	@ 0x30
1000281c:	f049 517f 	orr.w	r1, r9, #1069547520	@ 0x3fc00000
10002820:	4640      	mov	r0, r8
10002822:	2200      	movs	r2, #0
10002824:	4bb2      	ldr	r3, [pc, #712]	@ (10002af0 <_etoa+0x520>)
10002826:	f441 1140 	orr.w	r1, r1, #3145728	@ 0x300000
1000282a:	f7ff f9ff 	bl	10001c2c <__wrap___aeabi_dsub>
1000282e:	a3a4      	add	r3, pc, #656	@ (adr r3, 10002ac0 <_etoa+0x4f0>)
10002830:	e9d3 2300 	ldrd	r2, r3, [r3]
10002834:	f7ff fa0e 	bl	10001c54 <__wrap___aeabi_dmul>
10002838:	4602      	mov	r2, r0
1000283a:	460b      	mov	r3, r1
1000283c:	e9dd 010c 	ldrd	r0, r1, [sp, #48]	@ 0x30
10002840:	f7ff f9e0 	bl	10001c04 <__wrap___aeabi_dadd>
10002844:	f7ff fa9e 	bl	10001d84 <__wrap___aeabi_d2iz>
10002848:	900c      	str	r0, [sp, #48]	@ 0x30
1000284a:	f7ff fa77 	bl	10001d3c <__wrap___aeabi_i2d>
1000284e:	a39e      	add	r3, pc, #632	@ (adr r3, 10002ac8 <_etoa+0x4f8>)
10002850:	e9d3 2300 	ldrd	r2, r3, [r3]
10002854:	4680      	mov	r8, r0
10002856:	4689      	mov	r9, r1
10002858:	f7ff f9fc 	bl	10001c54 <__wrap___aeabi_dmul>
1000285c:	2200      	movs	r2, #0
1000285e:	4ba5      	ldr	r3, [pc, #660]	@ (10002af4 <_etoa+0x524>)
10002860:	f7ff f9d0 	bl	10001c04 <__wrap___aeabi_dadd>
10002864:	f7ff fa8e 	bl	10001d84 <__wrap___aeabi_d2iz>
10002868:	4603      	mov	r3, r0
1000286a:	4649      	mov	r1, r9
1000286c:	4640      	mov	r0, r8
1000286e:	9312      	str	r3, [sp, #72]	@ 0x48
10002870:	a397      	add	r3, pc, #604	@ (adr r3, 10002ad0 <_etoa+0x500>)
10002872:	e9d3 2300 	ldrd	r2, r3, [r3]
10002876:	f7ff f9ed 	bl	10001c54 <__wrap___aeabi_dmul>
1000287a:	4680      	mov	r8, r0
1000287c:	9812      	ldr	r0, [sp, #72]	@ 0x48
1000287e:	4689      	mov	r9, r1
10002880:	f7ff fa5c 	bl	10001d3c <__wrap___aeabi_i2d>
10002884:	a394      	add	r3, pc, #592	@ (adr r3, 10002ad8 <_etoa+0x508>)
10002886:	e9d3 2300 	ldrd	r2, r3, [r3]
1000288a:	f7ff f9e3 	bl	10001c54 <__wrap___aeabi_dmul>
1000288e:	4602      	mov	r2, r0
10002890:	460b      	mov	r3, r1
10002892:	4640      	mov	r0, r8
10002894:	4649      	mov	r1, r9
10002896:	f7ff f9c9 	bl	10001c2c <__wrap___aeabi_dsub>
1000289a:	4602      	mov	r2, r0
1000289c:	460b      	mov	r3, r1
1000289e:	4680      	mov	r8, r0
100028a0:	4689      	mov	r9, r1
100028a2:	f7ff f9d7 	bl	10001c54 <__wrap___aeabi_dmul>
100028a6:	4642      	mov	r2, r8
100028a8:	464b      	mov	r3, r9
100028aa:	e9cd 0110 	strd	r0, r1, [sp, #64]	@ 0x40
100028ae:	4640      	mov	r0, r8
100028b0:	4649      	mov	r1, r9
100028b2:	f7ff f9a7 	bl	10001c04 <__wrap___aeabi_dadd>
100028b6:	2200      	movs	r2, #0
100028b8:	e9cd 0114 	strd	r0, r1, [sp, #80]	@ 0x50
100028bc:	e9dd 0110 	ldrd	r0, r1, [sp, #64]	@ 0x40
100028c0:	4b8d      	ldr	r3, [pc, #564]	@ (10002af8 <_etoa+0x528>)
100028c2:	f7ff f9ed 	bl	10001ca0 <__wrap___aeabi_ddiv>
100028c6:	2200      	movs	r2, #0
100028c8:	4b8c      	ldr	r3, [pc, #560]	@ (10002afc <_etoa+0x52c>)
100028ca:	f7ff f99b 	bl	10001c04 <__wrap___aeabi_dadd>
100028ce:	4602      	mov	r2, r0
100028d0:	460b      	mov	r3, r1
100028d2:	e9dd 0110 	ldrd	r0, r1, [sp, #64]	@ 0x40
100028d6:	f7ff f9e3 	bl	10001ca0 <__wrap___aeabi_ddiv>
100028da:	2200      	movs	r2, #0
100028dc:	4b88      	ldr	r3, [pc, #544]	@ (10002b00 <_etoa+0x530>)
100028de:	f7ff f991 	bl	10001c04 <__wrap___aeabi_dadd>
100028e2:	4602      	mov	r2, r0
100028e4:	460b      	mov	r3, r1
100028e6:	e9dd 0110 	ldrd	r0, r1, [sp, #64]	@ 0x40
100028ea:	f7ff f9d9 	bl	10001ca0 <__wrap___aeabi_ddiv>
100028ee:	4642      	mov	r2, r8
100028f0:	464b      	mov	r3, r9
100028f2:	4680      	mov	r8, r0
100028f4:	4689      	mov	r9, r1
100028f6:	2000      	movs	r0, #0
100028f8:	f04f 4180 	mov.w	r1, #1073741824	@ 0x40000000
100028fc:	f7ff f996 	bl	10001c2c <__wrap___aeabi_dsub>
10002900:	4602      	mov	r2, r0
10002902:	460b      	mov	r3, r1
10002904:	4640      	mov	r0, r8
10002906:	4649      	mov	r1, r9
10002908:	f7ff f97c 	bl	10001c04 <__wrap___aeabi_dadd>
1000290c:	4602      	mov	r2, r0
1000290e:	460b      	mov	r3, r1
10002910:	e9dd 0114 	ldrd	r0, r1, [sp, #80]	@ 0x50
10002914:	f7ff f9c4 	bl	10001ca0 <__wrap___aeabi_ddiv>
10002918:	2200      	movs	r2, #0
1000291a:	4b7a      	ldr	r3, [pc, #488]	@ (10002b04 <_etoa+0x534>)
1000291c:	f7ff f972 	bl	10001c04 <__wrap___aeabi_dadd>
10002920:	9b12      	ldr	r3, [sp, #72]	@ 0x48
10002922:	2200      	movs	r2, #0
10002924:	f203 3cff 	addw	ip, r3, #1023	@ 0x3ff
10002928:	ea4f 530c 	mov.w	r3, ip, lsl #20
1000292c:	f7ff f992 	bl	10001c54 <__wrap___aeabi_dmul>
10002930:	4680      	mov	r8, r0
10002932:	4689      	mov	r9, r1
10002934:	e9dd 010a 	ldrd	r0, r1, [sp, #40]	@ 0x28
10002938:	4642      	mov	r2, r8
1000293a:	464b      	mov	r3, r9
1000293c:	f7ff fa58 	bl	10001df0 <__wrap___aeabi_dcmplt>
10002940:	b150      	cbz	r0, 10002958 <_etoa+0x388>
10002942:	9b0c      	ldr	r3, [sp, #48]	@ 0x30
10002944:	4640      	mov	r0, r8
10002946:	3b01      	subs	r3, #1
10002948:	4649      	mov	r1, r9
1000294a:	930c      	str	r3, [sp, #48]	@ 0x30
1000294c:	2200      	movs	r2, #0
1000294e:	4b6b      	ldr	r3, [pc, #428]	@ (10002afc <_etoa+0x52c>)
10002950:	f7ff f9a6 	bl	10001ca0 <__wrap___aeabi_ddiv>
10002954:	4680      	mov	r8, r0
10002956:	4689      	mov	r9, r1
10002958:	9a0c      	ldr	r2, [sp, #48]	@ 0x30
1000295a:	4643      	mov	r3, r8
1000295c:	3263      	adds	r2, #99	@ 0x63
1000295e:	2ac6      	cmp	r2, #198	@ 0xc6
10002960:	f006 0202 	and.w	r2, r6, #2
10002964:	9210      	str	r2, [sp, #64]	@ 0x40
10002966:	4649      	mov	r1, r9
10002968:	9a0f      	ldr	r2, [sp, #60]	@ 0x3c
1000296a:	d82c      	bhi.n	100029c6 <_etoa+0x3f6>
1000296c:	2a00      	cmp	r2, #0
1000296e:	d05e      	beq.n	10002a2e <_etoa+0x45e>
10002970:	2204      	movs	r2, #4
10002972:	9212      	str	r2, [sp, #72]	@ 0x48
10002974:	430b      	orrs	r3, r1
10002976:	f43f af16 	beq.w	100027a6 <_etoa+0x1d6>
1000297a:	e9dd 010a 	ldrd	r0, r1, [sp, #40]	@ 0x28
1000297e:	a358      	add	r3, pc, #352	@ (adr r3, 10002ae0 <_etoa+0x510>)
10002980:	e9d3 2300 	ldrd	r2, r3, [r3]
10002984:	f7ff fa5c 	bl	10001e40 <__wrap___aeabi_dcmpge>
10002988:	b148      	cbz	r0, 1000299e <_etoa+0x3ce>
1000298a:	e9dd 010a 	ldrd	r0, r1, [sp, #40]	@ 0x28
1000298e:	a356      	add	r3, pc, #344	@ (adr r3, 10002ae8 <_etoa+0x518>)
10002990:	e9d3 2300 	ldrd	r2, r3, [r3]
10002994:	f7ff fa2c 	bl	10001df0 <__wrap___aeabi_dcmplt>
10002998:	2800      	cmp	r0, #0
1000299a:	f47f af04 	bne.w	100027a6 <_etoa+0x1d6>
1000299e:	9b0e      	ldr	r3, [sp, #56]	@ 0x38
100029a0:	2b00      	cmp	r3, #0
100029a2:	d050      	beq.n	10002a46 <_etoa+0x476>
100029a4:	9a13      	ldr	r2, [sp, #76]	@ 0x4c
100029a6:	2a00      	cmp	r2, #0
100029a8:	d07d      	beq.n	10002aa6 <_etoa+0x4d6>
100029aa:	3b01      	subs	r3, #1
100029ac:	930e      	str	r3, [sp, #56]	@ 0x38
100029ae:	9b12      	ldr	r3, [sp, #72]	@ 0x48
100029b0:	459a      	cmp	sl, r3
100029b2:	d905      	bls.n	100029c0 <_etoa+0x3f0>
100029b4:	9b10      	ldr	r3, [sp, #64]	@ 0x40
100029b6:	2b00      	cmp	r3, #0
100029b8:	f000 80ae 	beq.w	10002b18 <_etoa+0x548>
100029bc:	2302      	movs	r3, #2
100029be:	9310      	str	r3, [sp, #64]	@ 0x40
100029c0:	2300      	movs	r3, #0
100029c2:	930f      	str	r3, [sp, #60]	@ 0x3c
100029c4:	e044      	b.n	10002a50 <_etoa+0x480>
100029c6:	bb22      	cbnz	r2, 10002a12 <_etoa+0x442>
100029c8:	f1ba 0f05 	cmp.w	sl, #5
100029cc:	d94f      	bls.n	10002a6e <_etoa+0x49e>
100029ce:	f006 0302 	and.w	r3, r6, #2
100029d2:	2b00      	cmp	r3, #0
100029d4:	d149      	bne.n	10002a6a <_etoa+0x49a>
100029d6:	2305      	movs	r3, #5
100029d8:	9312      	str	r3, [sp, #72]	@ 0x48
100029da:	f1aa 0305 	sub.w	r3, sl, #5
100029de:	930f      	str	r3, [sp, #60]	@ 0x3c
100029e0:	e03a      	b.n	10002a58 <_etoa+0x488>
100029e2:	f105 4300 	add.w	r3, r5, #2147483648	@ 0x80000000
100029e6:	940a      	str	r4, [sp, #40]	@ 0x28
100029e8:	930b      	str	r3, [sp, #44]	@ 0x2c
100029ea:	e627      	b.n	1000263c <_etoa+0x6c>
100029ec:	f426 6600 	bic.w	r6, r6, #2048	@ 0x800
100029f0:	f446 6680 	orr.w	r6, r6, #1024	@ 0x400
100029f4:	4638      	mov	r0, r7
100029f6:	962c      	str	r6, [sp, #176]	@ 0xb0
100029f8:	e9dd 670a 	ldrd	r6, r7, [sp, #40]	@ 0x28
100029fc:	4634      	mov	r4, r6
100029fe:	f107 4500 	add.w	r5, r7, #2147483648	@ 0x80000000
10002a02:	465a      	mov	r2, fp
10002a04:	e9cd 8a2a 	strd	r8, sl, [sp, #168]	@ 0xa8
10002a08:	e9cd 4528 	strd	r4, r5, [sp, #160]	@ 0xa0
10002a0c:	9b09      	ldr	r3, [sp, #36]	@ 0x24
10002a0e:	9908      	ldr	r1, [sp, #32]
10002a10:	e6bc      	b.n	1000278c <_etoa+0x1bc>
10002a12:	2205      	movs	r2, #5
10002a14:	9212      	str	r2, [sp, #72]	@ 0x48
10002a16:	e7ad      	b.n	10002974 <_etoa+0x3a4>
10002a18:	2300      	movs	r3, #0
10002a1a:	2202      	movs	r2, #2
10002a1c:	e9cd 320f 	strd	r3, r2, [sp, #60]	@ 0x3c
10002a20:	2204      	movs	r2, #4
10002a22:	930c      	str	r3, [sp, #48]	@ 0x30
10002a24:	9212      	str	r2, [sp, #72]	@ 0x48
10002a26:	e62c      	b.n	10002682 <_etoa+0xb2>
10002a28:	f04f 0805 	mov.w	r8, #5
10002a2c:	e6c2      	b.n	100027b4 <_etoa+0x1e4>
10002a2e:	f1ba 0f04 	cmp.w	sl, #4
10002a32:	d91f      	bls.n	10002a74 <_etoa+0x4a4>
10002a34:	9b10      	ldr	r3, [sp, #64]	@ 0x40
10002a36:	2b00      	cmp	r3, #0
10002a38:	d178      	bne.n	10002b2c <_etoa+0x55c>
10002a3a:	2304      	movs	r3, #4
10002a3c:	9312      	str	r3, [sp, #72]	@ 0x48
10002a3e:	f1aa 0304 	sub.w	r3, sl, #4
10002a42:	930f      	str	r3, [sp, #60]	@ 0x3c
10002a44:	e004      	b.n	10002a50 <_etoa+0x480>
10002a46:	9b12      	ldr	r3, [sp, #72]	@ 0x48
10002a48:	459a      	cmp	sl, r3
10002a4a:	d831      	bhi.n	10002ab0 <_etoa+0x4e0>
10002a4c:	9b0e      	ldr	r3, [sp, #56]	@ 0x38
10002a4e:	930f      	str	r3, [sp, #60]	@ 0x3c
10002a50:	9b0c      	ldr	r3, [sp, #48]	@ 0x30
10002a52:	2b00      	cmp	r3, #0
10002a54:	f43f ae15 	beq.w	10002682 <_etoa+0xb2>
10002a58:	e9dd 010a 	ldrd	r0, r1, [sp, #40]	@ 0x28
10002a5c:	4642      	mov	r2, r8
10002a5e:	464b      	mov	r3, r9
10002a60:	f7ff f91e 	bl	10001ca0 <__wrap___aeabi_ddiv>
10002a64:	e9cd 010a 	strd	r0, r1, [sp, #40]	@ 0x28
10002a68:	e60b      	b.n	10002682 <_etoa+0xb2>
10002a6a:	2302      	movs	r3, #2
10002a6c:	9310      	str	r3, [sp, #64]	@ 0x40
10002a6e:	2305      	movs	r3, #5
10002a70:	9312      	str	r3, [sp, #72]	@ 0x48
10002a72:	e7f1      	b.n	10002a58 <_etoa+0x488>
10002a74:	2304      	movs	r3, #4
10002a76:	9312      	str	r3, [sp, #72]	@ 0x48
10002a78:	e7ea      	b.n	10002a50 <_etoa+0x480>
10002a7a:	e9dd 450a 	ldrd	r4, r5, [sp, #40]	@ 0x28
10002a7e:	46a0      	mov	r8, r4
10002a80:	9b0f      	ldr	r3, [sp, #60]	@ 0x3c
10002a82:	f105 4900 	add.w	r9, r5, #2147483648	@ 0x80000000
10002a86:	9303      	str	r3, [sp, #12]
10002a88:	9b0e      	ldr	r3, [sp, #56]	@ 0x38
10002a8a:	465a      	mov	r2, fp
10002a8c:	9302      	str	r3, [sp, #8]
10002a8e:	f426 6300 	bic.w	r3, r6, #2048	@ 0x800
10002a92:	9304      	str	r3, [sp, #16]
10002a94:	4638      	mov	r0, r7
10002a96:	e9cd 8900 	strd	r8, r9, [sp]
10002a9a:	9b09      	ldr	r3, [sp, #36]	@ 0x24
10002a9c:	9908      	ldr	r1, [sp, #32]
10002a9e:	f7ff fb37 	bl	10002110 <_ftoa>
10002aa2:	4602      	mov	r2, r0
10002aa4:	e608      	b.n	100026b8 <_etoa+0xe8>
10002aa6:	9b12      	ldr	r3, [sp, #72]	@ 0x48
10002aa8:	459a      	cmp	sl, r3
10002aaa:	d844      	bhi.n	10002b36 <_etoa+0x566>
10002aac:	920f      	str	r2, [sp, #60]	@ 0x3c
10002aae:	e7cf      	b.n	10002a50 <_etoa+0x480>
10002ab0:	9b10      	ldr	r3, [sp, #64]	@ 0x40
10002ab2:	b38b      	cbz	r3, 10002b18 <_etoa+0x548>
10002ab4:	9b0e      	ldr	r3, [sp, #56]	@ 0x38
10002ab6:	930f      	str	r3, [sp, #60]	@ 0x3c
10002ab8:	2302      	movs	r3, #2
10002aba:	9310      	str	r3, [sp, #64]	@ 0x40
10002abc:	e7c8      	b.n	10002a50 <_etoa+0x480>
10002abe:	bf00      	nop
10002ac0:	636f4361 	.word	0x636f4361
10002ac4:	3fd287a7 	.word	0x3fd287a7
10002ac8:	0979a371 	.word	0x0979a371
10002acc:	400a934f 	.word	0x400a934f
10002ad0:	bbb55516 	.word	0xbbb55516
10002ad4:	40026bb1 	.word	0x40026bb1
10002ad8:	fefa39ef 	.word	0xfefa39ef
10002adc:	3fe62e42 	.word	0x3fe62e42
10002ae0:	eb1c432d 	.word	0xeb1c432d
10002ae4:	3f1a36e2 	.word	0x3f1a36e2
10002ae8:	00000000 	.word	0x00000000
10002aec:	412e8480 	.word	0x412e8480
10002af0:	3ff80000 	.word	0x3ff80000
10002af4:	3fe00000 	.word	0x3fe00000
10002af8:	402c0000 	.word	0x402c0000
10002afc:	40240000 	.word	0x40240000
10002b00:	40180000 	.word	0x40180000
10002b04:	3ff00000 	.word	0x3ff00000
10002b08:	509f79fb 	.word	0x509f79fb
10002b0c:	3fd34413 	.word	0x3fd34413
10002b10:	8b60c8b3 	.word	0x8b60c8b3
10002b14:	3fc68a28 	.word	0x3fc68a28
10002b18:	9b12      	ldr	r3, [sp, #72]	@ 0x48
10002b1a:	ebaa 0303 	sub.w	r3, sl, r3
10002b1e:	930f      	str	r3, [sp, #60]	@ 0x3c
10002b20:	e796      	b.n	10002a50 <_etoa+0x480>
10002b22:	eba3 0802 	sub.w	r8, r3, r2
10002b26:	f108 38ff 	add.w	r8, r8, #4294967295
10002b2a:	e643      	b.n	100027b4 <_etoa+0x1e4>
10002b2c:	2304      	movs	r3, #4
10002b2e:	9312      	str	r3, [sp, #72]	@ 0x48
10002b30:	2302      	movs	r3, #2
10002b32:	9310      	str	r3, [sp, #64]	@ 0x40
10002b34:	e78c      	b.n	10002a50 <_etoa+0x480>
10002b36:	9b10      	ldr	r3, [sp, #64]	@ 0x40
10002b38:	2b00      	cmp	r3, #0
10002b3a:	d0ed      	beq.n	10002b18 <_etoa+0x548>
10002b3c:	2302      	movs	r3, #2
10002b3e:	920f      	str	r2, [sp, #60]	@ 0x3c
10002b40:	9310      	str	r3, [sp, #64]	@ 0x40
10002b42:	e785      	b.n	10002a50 <_etoa+0x480>

10002b44 <_vsnprintf>:
10002b44:	e92d 4ff0 	stmdb	sp!, {r4, r5, r6, r7, r8, r9, sl, fp, lr}
10002b48:	b09b      	sub	sp, #108	@ 0x6c
10002b4a:	9c24      	ldr	r4, [sp, #144]	@ 0x90
10002b4c:	4d95      	ldr	r5, [pc, #596]	@ (10002da4 <_vsnprintf+0x260>)
10002b4e:	940a      	str	r4, [sp, #40]	@ 0x28
10002b50:	4c95      	ldr	r4, [pc, #596]	@ (10002da8 <_vsnprintf+0x264>)
10002b52:	f1b1 0a00 	subs.w	sl, r1, #0
10002b56:	bf18      	it	ne
10002b58:	4683      	movne	fp, r0
10002b5a:	6025      	str	r5, [r4, #0]
10002b5c:	7818      	ldrb	r0, [r3, #0]
10002b5e:	4c93      	ldr	r4, [pc, #588]	@ (10002dac <_vsnprintf+0x268>)
10002b60:	4691      	mov	r9, r2
10002b62:	bf08      	it	eq
10002b64:	46a3      	moveq	fp, r4
10002b66:	9309      	str	r3, [sp, #36]	@ 0x24
10002b68:	2800      	cmp	r0, #0
10002b6a:	f000 8293 	beq.w	10003094 <_vsnprintf+0x550>
10002b6e:	f04f 0800 	mov.w	r8, #0
10002b72:	e00a      	b.n	10002b8a <_vsnprintf+0x46>
10002b74:	4642      	mov	r2, r8
10002b76:	464b      	mov	r3, r9
10002b78:	4651      	mov	r1, sl
10002b7a:	f108 0801 	add.w	r8, r8, #1
10002b7e:	47d8      	blx	fp
10002b80:	9b09      	ldr	r3, [sp, #36]	@ 0x24
10002b82:	7818      	ldrb	r0, [r3, #0]
10002b84:	2800      	cmp	r0, #0
10002b86:	f000 80ce 	beq.w	10002d26 <_vsnprintf+0x1e2>
10002b8a:	9b09      	ldr	r3, [sp, #36]	@ 0x24
10002b8c:	2825      	cmp	r0, #37	@ 0x25
10002b8e:	f103 0301 	add.w	r3, r3, #1
10002b92:	9309      	str	r3, [sp, #36]	@ 0x24
10002b94:	d1ee      	bne.n	10002b74 <_vsnprintf+0x30>
10002b96:	461c      	mov	r4, r3
10002b98:	2300      	movs	r3, #0
10002b9a:	4622      	mov	r2, r4
10002b9c:	f812 0b01 	ldrb.w	r0, [r2], #1
10002ba0:	f1a0 0120 	sub.w	r1, r0, #32
10002ba4:	2910      	cmp	r1, #16
10002ba6:	d80a      	bhi.n	10002bbe <_vsnprintf+0x7a>
10002ba8:	e8df f001 	tbb	[pc, r1]
10002bac:	3c090940 	.word	0x3c090940
10002bb0:	09090909 	.word	0x09090909
10002bb4:	38090909 	.word	0x38090909
10002bb8:	09093409 	.word	0x09093409
10002bbc:	30          	.byte	0x30
10002bbd:	00          	.byte	0x00
10002bbe:	f1a0 0130 	sub.w	r1, r0, #48	@ 0x30
10002bc2:	2909      	cmp	r1, #9
10002bc4:	9409      	str	r4, [sp, #36]	@ 0x24
10002bc6:	f240 808a 	bls.w	10002cde <_vsnprintf+0x19a>
10002bca:	282a      	cmp	r0, #42	@ 0x2a
10002bcc:	f000 80f0 	beq.w	10002db0 <_vsnprintf+0x26c>
10002bd0:	2500      	movs	r5, #0
10002bd2:	282e      	cmp	r0, #46	@ 0x2e
10002bd4:	f000 8096 	beq.w	10002d04 <_vsnprintf+0x1c0>
10002bd8:	2600      	movs	r6, #0
10002bda:	f1a0 0168 	sub.w	r1, r0, #104	@ 0x68
10002bde:	2912      	cmp	r1, #18
10002be0:	d82d      	bhi.n	10002c3e <_vsnprintf+0xfa>
10002be2:	e8df f011 	tbh	[pc, r1, lsl #1]
10002be6:	0149      	.short	0x0149
10002be8:	0143002c 	.word	0x0143002c
10002bec:	0138002c 	.word	0x0138002c
10002bf0:	002c002c 	.word	0x002c002c
10002bf4:	002c002c 	.word	0x002c002c
10002bf8:	002c002c 	.word	0x002c002c
10002bfc:	0027002c 	.word	0x0027002c
10002c00:	002c002c 	.word	0x002c002c
10002c04:	002c002c 	.word	0x002c002c
10002c08:	0027002c 	.word	0x0027002c
10002c0c:	4614      	mov	r4, r2
10002c0e:	f043 0301 	orr.w	r3, r3, #1
10002c12:	e7c2      	b.n	10002b9a <_vsnprintf+0x56>
10002c14:	4614      	mov	r4, r2
10002c16:	f043 0302 	orr.w	r3, r3, #2
10002c1a:	e7be      	b.n	10002b9a <_vsnprintf+0x56>
10002c1c:	4614      	mov	r4, r2
10002c1e:	f043 0304 	orr.w	r3, r3, #4
10002c22:	e7ba      	b.n	10002b9a <_vsnprintf+0x56>
10002c24:	4614      	mov	r4, r2
10002c26:	f043 0310 	orr.w	r3, r3, #16
10002c2a:	e7b6      	b.n	10002b9a <_vsnprintf+0x56>
10002c2c:	4614      	mov	r4, r2
10002c2e:	f043 0308 	orr.w	r3, r3, #8
10002c32:	e7b2      	b.n	10002b9a <_vsnprintf+0x56>
10002c34:	9909      	ldr	r1, [sp, #36]	@ 0x24
10002c36:	7848      	ldrb	r0, [r1, #1]
10002c38:	f443 7380 	orr.w	r3, r3, #256	@ 0x100
10002c3c:	3201      	adds	r2, #1
10002c3e:	2867      	cmp	r0, #103	@ 0x67
10002c40:	9209      	str	r2, [sp, #36]	@ 0x24
10002c42:	d87e      	bhi.n	10002d42 <_vsnprintf+0x1fe>
10002c44:	2824      	cmp	r0, #36	@ 0x24
10002c46:	f240 80c1 	bls.w	10002dcc <_vsnprintf+0x288>
10002c4a:	f1a0 0225 	sub.w	r2, r0, #37	@ 0x25
10002c4e:	2a42      	cmp	r2, #66	@ 0x42
10002c50:	f200 80bc 	bhi.w	10002dcc <_vsnprintf+0x288>
10002c54:	e8df f012 	tbh	[pc, r2, lsl #1]
10002c58:	00ba0150 	.word	0x00ba0150
10002c5c:	00ba00ba 	.word	0x00ba00ba
10002c60:	00ba00ba 	.word	0x00ba00ba
10002c64:	00ba00ba 	.word	0x00ba00ba
10002c68:	00ba00ba 	.word	0x00ba00ba
10002c6c:	00ba00ba 	.word	0x00ba00ba
10002c70:	00ba00ba 	.word	0x00ba00ba
10002c74:	00ba00ba 	.word	0x00ba00ba
10002c78:	00ba00ba 	.word	0x00ba00ba
10002c7c:	00ba00ba 	.word	0x00ba00ba
10002c80:	00ba00ba 	.word	0x00ba00ba
10002c84:	00ba00ba 	.word	0x00ba00ba
10002c88:	00ba00ba 	.word	0x00ba00ba
10002c8c:	00ba00ba 	.word	0x00ba00ba
10002c90:	00ba00ba 	.word	0x00ba00ba
10002c94:	00ba00ba 	.word	0x00ba00ba
10002c98:	01370119 	.word	0x01370119
10002c9c:	00ba0119 	.word	0x00ba0119
10002ca0:	00ba00ba 	.word	0x00ba00ba
10002ca4:	00ba00ba 	.word	0x00ba00ba
10002ca8:	00ba00ba 	.word	0x00ba00ba
10002cac:	00ba00ba 	.word	0x00ba00ba
10002cb0:	00ba00ba 	.word	0x00ba00ba
10002cb4:	00ba00ba 	.word	0x00ba00ba
10002cb8:	00ba00ba 	.word	0x00ba00ba
10002cbc:	01bc00ba 	.word	0x01bc00ba
10002cc0:	00ba00ba 	.word	0x00ba00ba
10002cc4:	00ba00ba 	.word	0x00ba00ba
10002cc8:	00ba00ba 	.word	0x00ba00ba
10002ccc:	00ba00ba 	.word	0x00ba00ba
10002cd0:	01bc00ba 	.word	0x01bc00ba
10002cd4:	01bc0158 	.word	0x01bc0158
10002cd8:	01370119 	.word	0x01370119
10002cdc:	0119      	.short	0x0119
10002cde:	2500      	movs	r5, #0
10002ce0:	e000      	b.n	10002ce4 <_vsnprintf+0x1a0>
10002ce2:	3201      	adds	r2, #1
10002ce4:	eb05 0585 	add.w	r5, r5, r5, lsl #2
10002ce8:	eb00 0545 	add.w	r5, r0, r5, lsl #1
10002cec:	7810      	ldrb	r0, [r2, #0]
10002cee:	3d30      	subs	r5, #48	@ 0x30
10002cf0:	f1a0 0130 	sub.w	r1, r0, #48	@ 0x30
10002cf4:	2909      	cmp	r1, #9
10002cf6:	d9f4      	bls.n	10002ce2 <_vsnprintf+0x19e>
10002cf8:	282e      	cmp	r0, #46	@ 0x2e
10002cfa:	9209      	str	r2, [sp, #36]	@ 0x24
10002cfc:	f102 0201 	add.w	r2, r2, #1
10002d00:	f47f af6a 	bne.w	10002bd8 <_vsnprintf+0x94>
10002d04:	9909      	ldr	r1, [sp, #36]	@ 0x24
10002d06:	f443 6380 	orr.w	r3, r3, #1024	@ 0x400
10002d0a:	7848      	ldrb	r0, [r1, #1]
10002d0c:	4611      	mov	r1, r2
10002d0e:	f1a0 0630 	sub.w	r6, r0, #48	@ 0x30
10002d12:	2e09      	cmp	r6, #9
10002d14:	f240 8121 	bls.w	10002f5a <_vsnprintf+0x416>
10002d18:	282a      	cmp	r0, #42	@ 0x2a
10002d1a:	f000 812f 	beq.w	10002f7c <_vsnprintf+0x438>
10002d1e:	9209      	str	r2, [sp, #36]	@ 0x24
10002d20:	2600      	movs	r6, #0
10002d22:	3201      	adds	r2, #1
10002d24:	e759      	b.n	10002bda <_vsnprintf+0x96>
10002d26:	4644      	mov	r4, r8
10002d28:	45c1      	cmp	r9, r8
10002d2a:	d801      	bhi.n	10002d30 <_vsnprintf+0x1ec>
10002d2c:	f109 38ff 	add.w	r8, r9, #4294967295
10002d30:	464b      	mov	r3, r9
10002d32:	4642      	mov	r2, r8
10002d34:	4651      	mov	r1, sl
10002d36:	2000      	movs	r0, #0
10002d38:	47d8      	blx	fp
10002d3a:	4620      	mov	r0, r4
10002d3c:	b01b      	add	sp, #108	@ 0x6c
10002d3e:	e8bd 8ff0 	ldmia.w	sp!, {r4, r5, r6, r7, r8, r9, sl, fp, pc}
10002d42:	f1a0 0269 	sub.w	r2, r0, #105	@ 0x69
10002d46:	b2d2      	uxtb	r2, r2
10002d48:	2a0f      	cmp	r2, #15
10002d4a:	d83f      	bhi.n	10002dcc <_vsnprintf+0x288>
10002d4c:	2101      	movs	r1, #1
10002d4e:	f249 0741 	movw	r7, #36929	@ 0x9041
10002d52:	4091      	lsls	r1, r2
10002d54:	4039      	ands	r1, r7
10002d56:	f040 80f3 	bne.w	10002f40 <_vsnprintf+0x3fc>
10002d5a:	2a0a      	cmp	r2, #10
10002d5c:	d03d      	beq.n	10002dda <_vsnprintf+0x296>
10002d5e:	2a07      	cmp	r2, #7
10002d60:	d134      	bne.n	10002dcc <_vsnprintf+0x288>
10002d62:	9d0a      	ldr	r5, [sp, #40]	@ 0x28
10002d64:	f855 2b04 	ldr.w	r2, [r5], #4
10002d68:	2a00      	cmp	r2, #0
10002d6a:	f000 8113 	beq.w	10002f94 <_vsnprintf+0x450>
10002d6e:	f043 0021 	orr.w	r0, r3, #33	@ 0x21
10002d72:	ab12      	add	r3, sp, #72	@ 0x48
10002d74:	461f      	mov	r7, r3
10002d76:	930b      	str	r3, [sp, #44]	@ 0x2c
10002d78:	e003      	b.n	10002d82 <_vsnprintf+0x23e>
10002d7a:	2920      	cmp	r1, #32
10002d7c:	f000 8114 	beq.w	10002fa8 <_vsnprintf+0x464>
10002d80:	461a      	mov	r2, r3
10002d82:	f002 040f 	and.w	r4, r2, #15
10002d86:	4623      	mov	r3, r4
10002d88:	2c09      	cmp	r4, #9
10002d8a:	bf94      	ite	ls
10002d8c:	3330      	addls	r3, #48	@ 0x30
10002d8e:	3337      	addhi	r3, #55	@ 0x37
10002d90:	2a0f      	cmp	r2, #15
10002d92:	f807 3b01 	strb.w	r3, [r7], #1
10002d96:	f101 0101 	add.w	r1, r1, #1
10002d9a:	ea4f 1312 	mov.w	r3, r2, lsr #4
10002d9e:	d8ec      	bhi.n	10002d7a <_vsnprintf+0x236>
10002da0:	e102      	b.n	10002fa8 <_vsnprintf+0x464>
10002da2:	bf00      	nop
10002da4:	10002b45 	.word	0x10002b45
10002da8:	20001dd4 	.word	0x20001dd4
10002dac:	10001e89 	.word	0x10001e89
10002db0:	990a      	ldr	r1, [sp, #40]	@ 0x28
10002db2:	9809      	ldr	r0, [sp, #36]	@ 0x24
10002db4:	f851 5b04 	ldr.w	r5, [r1], #4
10002db8:	7840      	ldrb	r0, [r0, #1]
10002dba:	2d00      	cmp	r5, #0
10002dbc:	e9cd 2109 	strd	r2, r1, [sp, #36]	@ 0x24
10002dc0:	bfbc      	itt	lt
10002dc2:	f043 0302 	orrlt.w	r3, r3, #2
10002dc6:	426d      	neglt	r5, r5
10002dc8:	3201      	adds	r2, #1
10002dca:	e702      	b.n	10002bd2 <_vsnprintf+0x8e>
10002dcc:	4642      	mov	r2, r8
10002dce:	464b      	mov	r3, r9
10002dd0:	4651      	mov	r1, sl
10002dd2:	f108 0801 	add.w	r8, r8, #1
10002dd6:	47d8      	blx	fp
10002dd8:	e6d2      	b.n	10002b80 <_vsnprintf+0x3c>
10002dda:	990a      	ldr	r1, [sp, #40]	@ 0x28
10002ddc:	2e00      	cmp	r6, #0
10002dde:	f851 7b04 	ldr.w	r7, [r1], #4
10002de2:	bf18      	it	ne
10002de4:	4632      	movne	r2, r6
10002de6:	7838      	ldrb	r0, [r7, #0]
10002de8:	bf08      	it	eq
10002dea:	f04f 32ff 	moveq.w	r2, #4294967295
10002dee:	2800      	cmp	r0, #0
10002df0:	f000 837b 	beq.w	100034ea <_vsnprintf+0x9a6>
10002df4:	18bc      	adds	r4, r7, r2
10002df6:	46a4      	mov	ip, r4
10002df8:	463a      	mov	r2, r7
10002dfa:	e004      	b.n	10002e06 <_vsnprintf+0x2c2>
10002dfc:	f812 4f01 	ldrb.w	r4, [r2, #1]!
10002e00:	2c00      	cmp	r4, #0
10002e02:	f000 813f 	beq.w	10003084 <_vsnprintf+0x540>
10002e06:	4594      	cmp	ip, r2
10002e08:	d1f8      	bne.n	10002dfc <_vsnprintf+0x2b8>
10002e0a:	4664      	mov	r4, ip
10002e0c:	1be4      	subs	r4, r4, r7
10002e0e:	055a      	lsls	r2, r3, #21
10002e10:	f140 8122 	bpl.w	10003058 <_vsnprintf+0x514>
10002e14:	42b4      	cmp	r4, r6
10002e16:	bf28      	it	cs
10002e18:	4634      	movcs	r4, r6
10002e1a:	f013 0302 	ands.w	r3, r3, #2
10002e1e:	f000 8288 	beq.w	10003332 <_vsnprintf+0x7ee>
10002e22:	2302      	movs	r3, #2
10002e24:	e9cd 510a 	strd	r5, r1, [sp, #40]	@ 0x28
10002e28:	4642      	mov	r2, r8
10002e2a:	461d      	mov	r5, r3
10002e2c:	4446      	add	r6, r8
10002e2e:	e008      	b.n	10002e42 <_vsnprintf+0x2fe>
10002e30:	464b      	mov	r3, r9
10002e32:	4651      	mov	r1, sl
10002e34:	47d8      	blx	fp
10002e36:	f817 0f01 	ldrb.w	r0, [r7, #1]!
10002e3a:	f108 0801 	add.w	r8, r8, #1
10002e3e:	b110      	cbz	r0, 10002e46 <_vsnprintf+0x302>
10002e40:	4642      	mov	r2, r8
10002e42:	4546      	cmp	r6, r8
10002e44:	d1f4      	bne.n	10002e30 <_vsnprintf+0x2ec>
10002e46:	462b      	mov	r3, r5
10002e48:	990b      	ldr	r1, [sp, #44]	@ 0x2c
10002e4a:	9d0a      	ldr	r5, [sp, #40]	@ 0x28
10002e4c:	2b00      	cmp	r3, #0
10002e4e:	f040 8141 	bne.w	100030d4 <_vsnprintf+0x590>
10002e52:	910a      	str	r1, [sp, #40]	@ 0x28
10002e54:	e694      	b.n	10002b80 <_vsnprintf+0x3c>
10002e56:	9909      	ldr	r1, [sp, #36]	@ 0x24
10002e58:	7848      	ldrb	r0, [r1, #1]
10002e5a:	286c      	cmp	r0, #108	@ 0x6c
10002e5c:	f47f aeec 	bne.w	10002c38 <_vsnprintf+0xf4>
10002e60:	460a      	mov	r2, r1
10002e62:	7888      	ldrb	r0, [r1, #2]
10002e64:	f443 7340 	orr.w	r3, r3, #768	@ 0x300
10002e68:	3203      	adds	r2, #3
10002e6a:	e6e8      	b.n	10002c3e <_vsnprintf+0xfa>
10002e6c:	9909      	ldr	r1, [sp, #36]	@ 0x24
10002e6e:	f443 7300 	orr.w	r3, r3, #512	@ 0x200
10002e72:	7848      	ldrb	r0, [r1, #1]
10002e74:	3201      	adds	r2, #1
10002e76:	e6e2      	b.n	10002c3e <_vsnprintf+0xfa>
10002e78:	9909      	ldr	r1, [sp, #36]	@ 0x24
10002e7a:	7848      	ldrb	r0, [r1, #1]
10002e7c:	2868      	cmp	r0, #104	@ 0x68
10002e7e:	f000 8103 	beq.w	10003088 <_vsnprintf+0x544>
10002e82:	f043 0380 	orr.w	r3, r3, #128	@ 0x80
10002e86:	3201      	adds	r2, #1
10002e88:	e6d9      	b.n	10002c3e <_vsnprintf+0xfa>
10002e8a:	2867      	cmp	r0, #103	@ 0x67
10002e8c:	f000 80d9 	beq.w	10003042 <_vsnprintf+0x4fe>
10002e90:	2847      	cmp	r0, #71	@ 0x47
10002e92:	f000 80dc 	beq.w	1000304e <_vsnprintf+0x50a>
10002e96:	2845      	cmp	r0, #69	@ 0x45
10002e98:	f000 80db 	beq.w	10003052 <_vsnprintf+0x50e>
10002e9c:	e9cd 5303 	strd	r5, r3, [sp, #12]
10002ea0:	9b0a      	ldr	r3, [sp, #40]	@ 0x28
10002ea2:	9602      	str	r6, [sp, #8]
10002ea4:	3307      	adds	r3, #7
10002ea6:	f023 0307 	bic.w	r3, r3, #7
10002eaa:	461c      	mov	r4, r3
10002eac:	4642      	mov	r2, r8
10002eae:	e8f4 6702 	ldrd	r6, r7, [r4], #8
10002eb2:	464b      	mov	r3, r9
10002eb4:	4651      	mov	r1, sl
10002eb6:	4658      	mov	r0, fp
10002eb8:	e9cd 6700 	strd	r6, r7, [sp]
10002ebc:	940a      	str	r4, [sp, #40]	@ 0x28
10002ebe:	f7ff fb87 	bl	100025d0 <_etoa>
10002ec2:	4680      	mov	r8, r0
10002ec4:	e65c      	b.n	10002b80 <_vsnprintf+0x3c>
10002ec6:	2846      	cmp	r0, #70	@ 0x46
10002ec8:	bf08      	it	eq
10002eca:	f043 0320 	orreq.w	r3, r3, #32
10002ece:	e9cd 5303 	strd	r5, r3, [sp, #12]
10002ed2:	9b0a      	ldr	r3, [sp, #40]	@ 0x28
10002ed4:	9602      	str	r6, [sp, #8]
10002ed6:	3307      	adds	r3, #7
10002ed8:	f023 0307 	bic.w	r3, r3, #7
10002edc:	461c      	mov	r4, r3
10002ede:	4642      	mov	r2, r8
10002ee0:	e8f4 6702 	ldrd	r6, r7, [r4], #8
10002ee4:	464b      	mov	r3, r9
10002ee6:	4651      	mov	r1, sl
10002ee8:	4658      	mov	r0, fp
10002eea:	e9cd 6700 	strd	r6, r7, [sp]
10002eee:	940a      	str	r4, [sp, #40]	@ 0x28
10002ef0:	f7ff f90e 	bl	10002110 <_ftoa>
10002ef4:	4680      	mov	r8, r0
10002ef6:	e643      	b.n	10002b80 <_vsnprintf+0x3c>
10002ef8:	4642      	mov	r2, r8
10002efa:	464b      	mov	r3, r9
10002efc:	4651      	mov	r1, sl
10002efe:	2025      	movs	r0, #37	@ 0x25
10002f00:	f108 0801 	add.w	r8, r8, #1
10002f04:	47d8      	blx	fp
10002f06:	e63b      	b.n	10002b80 <_vsnprintf+0x3c>
10002f08:	9a0a      	ldr	r2, [sp, #40]	@ 0x28
10002f0a:	0799      	lsls	r1, r3, #30
10002f0c:	f102 0404 	add.w	r4, r2, #4
10002f10:	f108 0601 	add.w	r6, r8, #1
10002f14:	f140 80c6 	bpl.w	100030a4 <_vsnprintf+0x560>
10002f18:	7810      	ldrb	r0, [r2, #0]
10002f1a:	464b      	mov	r3, r9
10002f1c:	4642      	mov	r2, r8
10002f1e:	4651      	mov	r1, sl
10002f20:	47d8      	blx	fp
10002f22:	2d01      	cmp	r5, #1
10002f24:	bf88      	it	hi
10002f26:	44a8      	addhi	r8, r5
10002f28:	f240 81bd 	bls.w	100032a6 <_vsnprintf+0x762>
10002f2c:	4632      	mov	r2, r6
10002f2e:	464b      	mov	r3, r9
10002f30:	4651      	mov	r1, sl
10002f32:	2020      	movs	r0, #32
10002f34:	3601      	adds	r6, #1
10002f36:	47d8      	blx	fp
10002f38:	4546      	cmp	r6, r8
10002f3a:	d1f7      	bne.n	10002f2c <_vsnprintf+0x3e8>
10002f3c:	940a      	str	r4, [sp, #40]	@ 0x28
10002f3e:	e61f      	b.n	10002b80 <_vsnprintf+0x3c>
10002f40:	286f      	cmp	r0, #111	@ 0x6f
10002f42:	f000 8081 	beq.w	10003048 <_vsnprintf+0x504>
10002f46:	f240 8248 	bls.w	100033da <_vsnprintf+0x896>
10002f4a:	2878      	cmp	r0, #120	@ 0x78
10002f4c:	f000 8190 	beq.w	10003270 <_vsnprintf+0x72c>
10002f50:	270a      	movs	r7, #10
10002f52:	f023 0310 	bic.w	r3, r3, #16
10002f56:	46bc      	mov	ip, r7
10002f58:	e041      	b.n	10002fde <_vsnprintf+0x49a>
10002f5a:	2600      	movs	r6, #0
10002f5c:	eb06 0686 	add.w	r6, r6, r6, lsl #2
10002f60:	eb00 0046 	add.w	r0, r0, r6, lsl #1
10002f64:	f1a0 0630 	sub.w	r6, r0, #48	@ 0x30
10002f68:	f811 0f01 	ldrb.w	r0, [r1, #1]!
10002f6c:	f1a0 0230 	sub.w	r2, r0, #48	@ 0x30
10002f70:	2a09      	cmp	r2, #9
10002f72:	d9f3      	bls.n	10002f5c <_vsnprintf+0x418>
10002f74:	460a      	mov	r2, r1
10002f76:	9109      	str	r1, [sp, #36]	@ 0x24
10002f78:	3201      	adds	r2, #1
10002f7a:	e62e      	b.n	10002bda <_vsnprintf+0x96>
10002f7c:	e9dd 2109 	ldrd	r2, r1, [sp, #36]	@ 0x24
10002f80:	f851 6b04 	ldr.w	r6, [r1], #4
10002f84:	7890      	ldrb	r0, [r2, #2]
10002f86:	3202      	adds	r2, #2
10002f88:	9209      	str	r2, [sp, #36]	@ 0x24
10002f8a:	910a      	str	r1, [sp, #40]	@ 0x28
10002f8c:	3201      	adds	r2, #1
10002f8e:	ea26 76e6 	bic.w	r6, r6, r6, asr #31
10002f92:	e622      	b.n	10002bda <_vsnprintf+0x96>
10002f94:	f023 0010 	bic.w	r0, r3, #16
10002f98:	f413 6280 	ands.w	r2, r3, #1024	@ 0x400
10002f9c:	f040 0021 	orr.w	r0, r0, #33	@ 0x21
10002fa0:	f43f aee7 	beq.w	10002d72 <_vsnprintf+0x22e>
10002fa4:	ab12      	add	r3, sp, #72	@ 0x48
10002fa6:	930b      	str	r3, [sp, #44]	@ 0x2c
10002fa8:	9b0b      	ldr	r3, [sp, #44]	@ 0x2c
10002faa:	9006      	str	r0, [sp, #24]
10002fac:	9300      	str	r3, [sp, #0]
10002fae:	2308      	movs	r3, #8
10002fb0:	2010      	movs	r0, #16
10002fb2:	9305      	str	r3, [sp, #20]
10002fb4:	2300      	movs	r3, #0
10002fb6:	4642      	mov	r2, r8
10002fb8:	e9cd 3002 	strd	r3, r0, [sp, #8]
10002fbc:	9101      	str	r1, [sp, #4]
10002fbe:	464b      	mov	r3, r9
10002fc0:	4651      	mov	r1, sl
10002fc2:	4658      	mov	r0, fp
10002fc4:	9604      	str	r6, [sp, #16]
10002fc6:	f7fe ffaf 	bl	10001f28 <_ntoa_format>
10002fca:	950a      	str	r5, [sp, #40]	@ 0x28
10002fcc:	4680      	mov	r8, r0
10002fce:	e5d7      	b.n	10002b80 <_vsnprintf+0x3c>
10002fd0:	2858      	cmp	r0, #88	@ 0x58
10002fd2:	d062      	beq.n	1000309a <_vsnprintf+0x556>
10002fd4:	2862      	cmp	r0, #98	@ 0x62
10002fd6:	f040 808f 	bne.w	100030f8 <_vsnprintf+0x5b4>
10002fda:	2702      	movs	r7, #2
10002fdc:	46bc      	mov	ip, r7
10002fde:	f413 6080 	ands.w	r0, r3, #1024	@ 0x400
10002fe2:	f000 80dd 	beq.w	100031a0 <_vsnprintf+0x65c>
10002fe6:	f023 030d 	bic.w	r3, r3, #13
10002fea:	f413 7200 	ands.w	r2, r3, #512	@ 0x200
10002fee:	f040 8181 	bne.w	100032f4 <_vsnprintf+0x7b0>
10002ff2:	990a      	ldr	r1, [sp, #40]	@ 0x28
10002ff4:	1d0f      	adds	r7, r1, #4
10002ff6:	f413 7180 	ands.w	r1, r3, #256	@ 0x100
10002ffa:	f040 8237 	bne.w	1000346c <_vsnprintf+0x928>
10002ffe:	065c      	lsls	r4, r3, #25
10003000:	9a0a      	ldr	r2, [sp, #40]	@ 0x28
10003002:	f140 813b 	bpl.w	1000327c <_vsnprintf+0x738>
10003006:	7812      	ldrb	r2, [r2, #0]
10003008:	2a00      	cmp	r2, #0
1000300a:	f040 814e 	bne.w	100032aa <_vsnprintf+0x766>
1000300e:	f023 0310 	bic.w	r3, r3, #16
10003012:	2800      	cmp	r0, #0
10003014:	f000 8149 	beq.w	100032aa <_vsnprintf+0x766>
10003018:	4611      	mov	r1, r2
1000301a:	aa12      	add	r2, sp, #72	@ 0x48
1000301c:	920b      	str	r2, [sp, #44]	@ 0x2c
1000301e:	e9cd 5305 	strd	r5, r3, [sp, #20]
10003022:	e9cd c603 	strd	ip, r6, [sp, #12]
10003026:	9101      	str	r1, [sp, #4]
10003028:	9b0b      	ldr	r3, [sp, #44]	@ 0x2c
1000302a:	4642      	mov	r2, r8
1000302c:	9300      	str	r3, [sp, #0]
1000302e:	2300      	movs	r3, #0
10003030:	4651      	mov	r1, sl
10003032:	9302      	str	r3, [sp, #8]
10003034:	4658      	mov	r0, fp
10003036:	464b      	mov	r3, r9
10003038:	f7fe ff76 	bl	10001f28 <_ntoa_format>
1000303c:	970a      	str	r7, [sp, #40]	@ 0x28
1000303e:	4680      	mov	r8, r0
10003040:	e59e      	b.n	10002b80 <_vsnprintf+0x3c>
10003042:	f443 6300 	orr.w	r3, r3, #2048	@ 0x800
10003046:	e729      	b.n	10002e9c <_vsnprintf+0x358>
10003048:	2708      	movs	r7, #8
1000304a:	46bc      	mov	ip, r7
1000304c:	e7c7      	b.n	10002fde <_vsnprintf+0x49a>
1000304e:	f443 6300 	orr.w	r3, r3, #2048	@ 0x800
10003052:	f043 0320 	orr.w	r3, r3, #32
10003056:	e721      	b.n	10002e9c <_vsnprintf+0x358>
10003058:	f013 0302 	ands.w	r3, r3, #2
1000305c:	f000 818e 	beq.w	1000337c <_vsnprintf+0x838>
10003060:	2302      	movs	r3, #2
10003062:	950a      	str	r5, [sp, #40]	@ 0x28
10003064:	461e      	mov	r6, r3
10003066:	460d      	mov	r5, r1
10003068:	4642      	mov	r2, r8
1000306a:	464b      	mov	r3, r9
1000306c:	4651      	mov	r1, sl
1000306e:	47d8      	blx	fp
10003070:	f817 0f01 	ldrb.w	r0, [r7, #1]!
10003074:	f108 0801 	add.w	r8, r8, #1
10003078:	2800      	cmp	r0, #0
1000307a:	d1f5      	bne.n	10003068 <_vsnprintf+0x524>
1000307c:	4629      	mov	r1, r5
1000307e:	4633      	mov	r3, r6
10003080:	9d0a      	ldr	r5, [sp, #40]	@ 0x28
10003082:	e6e3      	b.n	10002e4c <_vsnprintf+0x308>
10003084:	1bd4      	subs	r4, r2, r7
10003086:	e6c2      	b.n	10002e0e <_vsnprintf+0x2ca>
10003088:	460a      	mov	r2, r1
1000308a:	7888      	ldrb	r0, [r1, #2]
1000308c:	f043 03c0 	orr.w	r3, r3, #192	@ 0xc0
10003090:	3203      	adds	r2, #3
10003092:	e5d4      	b.n	10002c3e <_vsnprintf+0xfa>
10003094:	4604      	mov	r4, r0
10003096:	4680      	mov	r8, r0
10003098:	e646      	b.n	10002d28 <_vsnprintf+0x1e4>
1000309a:	2710      	movs	r7, #16
1000309c:	f043 0320 	orr.w	r3, r3, #32
100030a0:	46bc      	mov	ip, r7
100030a2:	e79c      	b.n	10002fde <_vsnprintf+0x49a>
100030a4:	2d01      	cmp	r5, #1
100030a6:	f240 80f8 	bls.w	1000329a <_vsnprintf+0x756>
100030aa:	4646      	mov	r6, r8
100030ac:	f108 37ff 	add.w	r7, r8, #4294967295
100030b0:	442f      	add	r7, r5
100030b2:	4632      	mov	r2, r6
100030b4:	464b      	mov	r3, r9
100030b6:	4651      	mov	r1, sl
100030b8:	2020      	movs	r0, #32
100030ba:	3601      	adds	r6, #1
100030bc:	47d8      	blx	fp
100030be:	42be      	cmp	r6, r7
100030c0:	d1f7      	bne.n	100030b2 <_vsnprintf+0x56e>
100030c2:	9b0a      	ldr	r3, [sp, #40]	@ 0x28
100030c4:	4632      	mov	r2, r6
100030c6:	7818      	ldrb	r0, [r3, #0]
100030c8:	4651      	mov	r1, sl
100030ca:	464b      	mov	r3, r9
100030cc:	47d8      	blx	fp
100030ce:	44a8      	add	r8, r5
100030d0:	940a      	str	r4, [sp, #40]	@ 0x28
100030d2:	e555      	b.n	10002b80 <_vsnprintf+0x3c>
100030d4:	4646      	mov	r6, r8
100030d6:	42a5      	cmp	r5, r4
100030d8:	f67f aebb 	bls.w	10002e52 <_vsnprintf+0x30e>
100030dc:	44a8      	add	r8, r5
100030de:	eba8 0804 	sub.w	r8, r8, r4
100030e2:	460c      	mov	r4, r1
100030e4:	4632      	mov	r2, r6
100030e6:	464b      	mov	r3, r9
100030e8:	4651      	mov	r1, sl
100030ea:	2020      	movs	r0, #32
100030ec:	3601      	adds	r6, #1
100030ee:	47d8      	blx	fp
100030f0:	4546      	cmp	r6, r8
100030f2:	d1f7      	bne.n	100030e4 <_vsnprintf+0x5a0>
100030f4:	4621      	mov	r1, r4
100030f6:	e6ac      	b.n	10002e52 <_vsnprintf+0x30e>
100030f8:	f413 6280 	ands.w	r2, r3, #1024	@ 0x400
100030fc:	f000 80bb 	beq.w	10003276 <_vsnprintf+0x732>
10003100:	f44f 6280 	mov.w	r2, #1024	@ 0x400
10003104:	f023 0c11 	bic.w	ip, r3, #17
10003108:	f41c 7700 	ands.w	r7, ip, #512	@ 0x200
1000310c:	9b0a      	ldr	r3, [sp, #40]	@ 0x28
1000310e:	d14a      	bne.n	100031a6 <_vsnprintf+0x662>
10003110:	f41c 7080 	ands.w	r0, ip, #256	@ 0x100
10003114:	f103 0404 	add.w	r4, r3, #4
10003118:	f040 8134 	bne.w	10003384 <_vsnprintf+0x840>
1000311c:	f01c 0f40 	tst.w	ip, #64	@ 0x40
10003120:	f040 80a3 	bne.w	1000326a <_vsnprintf+0x726>
10003124:	f01c 0f80 	tst.w	ip, #128	@ 0x80
10003128:	f000 81d3 	beq.w	100034d2 <_vsnprintf+0x98e>
1000312c:	f9b3 1000 	ldrsh.w	r1, [r3]
10003130:	ea81 77e1 	eor.w	r7, r1, r1, asr #31
10003134:	eba7 77e1 	sub.w	r7, r7, r1, asr #31
10003138:	b2bf      	uxth	r7, r7
1000313a:	0fcb      	lsrs	r3, r1, #31
1000313c:	2900      	cmp	r1, #0
1000313e:	f000 8156 	beq.w	100033ee <_vsnprintf+0x8aa>
10003142:	463a      	mov	r2, r7
10003144:	a912      	add	r1, sp, #72	@ 0x48
10003146:	460f      	mov	r7, r1
10003148:	f8df e3d8 	ldr.w	lr, [pc, #984]	@ 10003524 <_vsnprintf+0x9e0>
1000314c:	910b      	str	r1, [sp, #44]	@ 0x2c
1000314e:	930a      	str	r3, [sp, #40]	@ 0x28
10003150:	950c      	str	r5, [sp, #48]	@ 0x30
10003152:	e001      	b.n	10003158 <_vsnprintf+0x614>
10003154:	2820      	cmp	r0, #32
10003156:	d00f      	beq.n	10003178 <_vsnprintf+0x634>
10003158:	4615      	mov	r5, r2
1000315a:	fbae 1302 	umull	r1, r3, lr, r2
1000315e:	08db      	lsrs	r3, r3, #3
10003160:	eb03 0183 	add.w	r1, r3, r3, lsl #2
10003164:	eba2 0141 	sub.w	r1, r2, r1, lsl #1
10003168:	3130      	adds	r1, #48	@ 0x30
1000316a:	2d09      	cmp	r5, #9
1000316c:	461a      	mov	r2, r3
1000316e:	f100 0001 	add.w	r0, r0, #1
10003172:	f807 1b01 	strb.w	r1, [r7], #1
10003176:	d8ed      	bhi.n	10003154 <_vsnprintf+0x610>
10003178:	9b0a      	ldr	r3, [sp, #40]	@ 0x28
1000317a:	9d0c      	ldr	r5, [sp, #48]	@ 0x30
1000317c:	e9cd 5c05 	strd	r5, ip, [sp, #20]
10003180:	e9cd 0301 	strd	r0, r3, [sp, #4]
10003184:	9604      	str	r6, [sp, #16]
10003186:	9b0b      	ldr	r3, [sp, #44]	@ 0x2c
10003188:	4642      	mov	r2, r8
1000318a:	9300      	str	r3, [sp, #0]
1000318c:	230a      	movs	r3, #10
1000318e:	4651      	mov	r1, sl
10003190:	9303      	str	r3, [sp, #12]
10003192:	4658      	mov	r0, fp
10003194:	464b      	mov	r3, r9
10003196:	f7fe fec7 	bl	10001f28 <_ntoa_format>
1000319a:	940a      	str	r4, [sp, #40]	@ 0x28
1000319c:	4680      	mov	r8, r0
1000319e:	e4ef      	b.n	10002b80 <_vsnprintf+0x3c>
100031a0:	f023 030c 	bic.w	r3, r3, #12
100031a4:	e721      	b.n	10002fea <_vsnprintf+0x4a6>
100031a6:	3307      	adds	r3, #7
100031a8:	f023 0307 	bic.w	r3, r3, #7
100031ac:	4619      	mov	r1, r3
100031ae:	4608      	mov	r0, r1
100031b0:	685b      	ldr	r3, [r3, #4]
100031b2:	f850 1b08 	ldr.w	r1, [r0], #8
100031b6:	0fdf      	lsrs	r7, r3, #31
100031b8:	900a      	str	r0, [sp, #40]	@ 0x28
100031ba:	ea51 0003 	orrs.w	r0, r1, r3
100031be:	d162      	bne.n	10003286 <_vsnprintf+0x742>
100031c0:	2a00      	cmp	r2, #0
100031c2:	f040 819f 	bne.w	10003504 <_vsnprintf+0x9c0>
100031c6:	4613      	mov	r3, r2
100031c8:	4611      	mov	r1, r2
100031ca:	aa12      	add	r2, sp, #72	@ 0x48
100031cc:	e9cd 750c 	strd	r7, r5, [sp, #48]	@ 0x30
100031d0:	2000      	movs	r0, #0
100031d2:	4615      	mov	r5, r2
100031d4:	e9cd 680e 	strd	r6, r8, [sp, #56]	@ 0x38
100031d8:	f8df e348 	ldr.w	lr, [pc, #840]	@ 10003524 <_vsnprintf+0x9e0>
100031dc:	920b      	str	r2, [sp, #44]	@ 0x2c
100031de:	e001      	b.n	100031e4 <_vsnprintf+0x6a0>
100031e0:	2820      	cmp	r0, #32
100031e2:	d02d      	beq.n	10003240 <_vsnprintf+0x6fc>
100031e4:	185a      	adds	r2, r3, r1
100031e6:	f142 0200 	adc.w	r2, r2, #0
100031ea:	fbae 7802 	umull	r7, r8, lr, r2
100031ee:	f028 0703 	bic.w	r7, r8, #3
100031f2:	eb07 0798 	add.w	r7, r7, r8, lsr #2
100031f6:	1bd2      	subs	r2, r2, r7
100031f8:	461e      	mov	r6, r3
100031fa:	1a9b      	subs	r3, r3, r2
100031fc:	f161 0700 	sbc.w	r7, r1, #0
10003200:	460c      	mov	r4, r1
10003202:	f04f 31cc 	mov.w	r1, #3435973836	@ 0xcccccccc
10003206:	fb01 f103 	mul.w	r1, r1, r3
1000320a:	fb0e 1107 	mla	r1, lr, r7, r1
1000320e:	fba3 730e 	umull	r7, r3, r3, lr
10003212:	4419      	add	r1, r3
10003214:	2305      	movs	r3, #5
10003216:	f007 0801 	and.w	r8, r7, #1
1000321a:	fba8 3803 	umull	r3, r8, r8, r3
1000321e:	189b      	adds	r3, r3, r2
10003220:	2e0a      	cmp	r6, #10
10003222:	f103 0330 	add.w	r3, r3, #48	@ 0x30
10003226:	ea4f 0757 	mov.w	r7, r7, lsr #1
1000322a:	f174 0400 	sbcs.w	r4, r4, #0
1000322e:	f805 3b01 	strb.w	r3, [r5], #1
10003232:	f100 0001 	add.w	r0, r0, #1
10003236:	ea47 73c1 	orr.w	r3, r7, r1, lsl #31
1000323a:	ea4f 0151 	mov.w	r1, r1, lsr #1
1000323e:	d2cf      	bcs.n	100031e0 <_vsnprintf+0x69c>
10003240:	e9dd 750c 	ldrd	r7, r5, [sp, #48]	@ 0x30
10003244:	e9dd 680e 	ldrd	r6, r8, [sp, #56]	@ 0x38
10003248:	9b0b      	ldr	r3, [sp, #44]	@ 0x2c
1000324a:	4642      	mov	r2, r8
1000324c:	9300      	str	r3, [sp, #0]
1000324e:	230a      	movs	r3, #10
10003250:	e9cd 5c05 	strd	r5, ip, [sp, #20]
10003254:	e9cd 0701 	strd	r0, r7, [sp, #4]
10003258:	9604      	str	r6, [sp, #16]
1000325a:	9303      	str	r3, [sp, #12]
1000325c:	464b      	mov	r3, r9
1000325e:	4651      	mov	r1, sl
10003260:	4658      	mov	r0, fp
10003262:	f7fe fe61 	bl	10001f28 <_ntoa_format>
10003266:	4680      	mov	r8, r0
10003268:	e48a      	b.n	10002b80 <_vsnprintf+0x3c>
1000326a:	7819      	ldrb	r1, [r3, #0]
1000326c:	460f      	mov	r7, r1
1000326e:	e764      	b.n	1000313a <_vsnprintf+0x5f6>
10003270:	2710      	movs	r7, #16
10003272:	46bc      	mov	ip, r7
10003274:	e6b3      	b.n	10002fde <_vsnprintf+0x49a>
10003276:	f023 0c10 	bic.w	ip, r3, #16
1000327a:	e745      	b.n	10003108 <_vsnprintf+0x5c4>
1000327c:	061c      	lsls	r4, r3, #24
1000327e:	bf4c      	ite	mi
10003280:	8812      	ldrhmi	r2, [r2, #0]
10003282:	6812      	ldrpl	r2, [r2, #0]
10003284:	e6c0      	b.n	10003008 <_vsnprintf+0x4c4>
10003286:	460a      	mov	r2, r1
10003288:	1e19      	subs	r1, r3, #0
1000328a:	db01      	blt.n	10003290 <_vsnprintf+0x74c>
1000328c:	4613      	mov	r3, r2
1000328e:	e79c      	b.n	100031ca <_vsnprintf+0x686>
10003290:	4252      	negs	r2, r2
10003292:	4613      	mov	r3, r2
10003294:	eb61 0141 	sbc.w	r1, r1, r1, lsl #1
10003298:	e797      	b.n	100031ca <_vsnprintf+0x686>
1000329a:	4613      	mov	r3, r2
1000329c:	4651      	mov	r1, sl
1000329e:	7818      	ldrb	r0, [r3, #0]
100032a0:	4642      	mov	r2, r8
100032a2:	464b      	mov	r3, r9
100032a4:	47d8      	blx	fp
100032a6:	46b0      	mov	r8, r6
100032a8:	e648      	b.n	10002f3c <_vsnprintf+0x3f8>
100032aa:	f013 0f20 	tst.w	r3, #32
100032ae:	bf14      	ite	ne
100032b0:	2041      	movne	r0, #65	@ 0x41
100032b2:	2061      	moveq	r0, #97	@ 0x61
100032b4:	ac12      	add	r4, sp, #72	@ 0x48
100032b6:	46a6      	mov	lr, r4
100032b8:	940b      	str	r4, [sp, #44]	@ 0x2c
100032ba:	930a      	str	r3, [sp, #40]	@ 0x28
100032bc:	f1a0 040a 	sub.w	r4, r0, #10
100032c0:	950c      	str	r5, [sp, #48]	@ 0x30
100032c2:	e002      	b.n	100032ca <_vsnprintf+0x786>
100032c4:	2920      	cmp	r1, #32
100032c6:	d012      	beq.n	100032ee <_vsnprintf+0x7aa>
100032c8:	462a      	mov	r2, r5
100032ca:	fbb2 f5fc 	udiv	r5, r2, ip
100032ce:	fb0c 2015 	mls	r0, ip, r5, r2
100032d2:	b2c3      	uxtb	r3, r0
100032d4:	2809      	cmp	r0, #9
100032d6:	f103 0030 	add.w	r0, r3, #48	@ 0x30
100032da:	bf8a      	itet	hi
100032dc:	191b      	addhi	r3, r3, r4
100032de:	b2c3      	uxtbls	r3, r0
100032e0:	b2db      	uxtbhi	r3, r3
100032e2:	4562      	cmp	r2, ip
100032e4:	f80e 3b01 	strb.w	r3, [lr], #1
100032e8:	f101 0101 	add.w	r1, r1, #1
100032ec:	d2ea      	bcs.n	100032c4 <_vsnprintf+0x780>
100032ee:	9b0a      	ldr	r3, [sp, #40]	@ 0x28
100032f0:	9d0c      	ldr	r5, [sp, #48]	@ 0x30
100032f2:	e694      	b.n	1000301e <_vsnprintf+0x4da>
100032f4:	9a0a      	ldr	r2, [sp, #40]	@ 0x28
100032f6:	3207      	adds	r2, #7
100032f8:	f022 0207 	bic.w	r2, r2, #7
100032fc:	6851      	ldr	r1, [r2, #4]
100032fe:	f852 4b08 	ldr.w	r4, [r2], #8
10003302:	468e      	mov	lr, r1
10003304:	920a      	str	r2, [sp, #40]	@ 0x28
10003306:	ea54 0201 	orrs.w	r2, r4, r1
1000330a:	d176      	bne.n	100033fa <_vsnprintf+0x8b6>
1000330c:	f023 0310 	bic.w	r3, r3, #16
10003310:	2800      	cmp	r0, #0
10003312:	d072      	beq.n	100033fa <_vsnprintf+0x8b6>
10003314:	2200      	movs	r2, #0
10003316:	4611      	mov	r1, r2
10003318:	aa12      	add	r2, sp, #72	@ 0x48
1000331a:	920b      	str	r2, [sp, #44]	@ 0x2c
1000331c:	e9cd 5305 	strd	r5, r3, [sp, #20]
10003320:	9b0b      	ldr	r3, [sp, #44]	@ 0x2c
10003322:	4642      	mov	r2, r8
10003324:	9300      	str	r3, [sp, #0]
10003326:	2300      	movs	r3, #0
10003328:	e9cd c603 	strd	ip, r6, [sp, #12]
1000332c:	9101      	str	r1, [sp, #4]
1000332e:	9302      	str	r3, [sp, #8]
10003330:	e794      	b.n	1000325c <_vsnprintf+0x718>
10003332:	42a5      	cmp	r5, r4
10003334:	bf98      	it	ls
10003336:	3401      	addls	r4, #1
10003338:	f67f ad74 	bls.w	10002e24 <_vsnprintf+0x2e0>
1000333c:	f44f 6380 	mov.w	r3, #1024	@ 0x400
10003340:	e9cd 750a 	strd	r7, r5, [sp, #40]	@ 0x28
10003344:	eb05 0208 	add.w	r2, r5, r8
10003348:	461f      	mov	r7, r3
1000334a:	460d      	mov	r5, r1
1000334c:	1b14      	subs	r4, r2, r4
1000334e:	4642      	mov	r2, r8
10003350:	464b      	mov	r3, r9
10003352:	4651      	mov	r1, sl
10003354:	2020      	movs	r0, #32
10003356:	f108 0801 	add.w	r8, r8, #1
1000335a:	47d8      	blx	fp
1000335c:	45a0      	cmp	r8, r4
1000335e:	d1f6      	bne.n	1000334e <_vsnprintf+0x80a>
10003360:	463b      	mov	r3, r7
10003362:	9f0a      	ldr	r7, [sp, #40]	@ 0x28
10003364:	4629      	mov	r1, r5
10003366:	7838      	ldrb	r0, [r7, #0]
10003368:	9d0b      	ldr	r5, [sp, #44]	@ 0x2c
1000336a:	1c6c      	adds	r4, r5, #1
1000336c:	2800      	cmp	r0, #0
1000336e:	f43f ad70 	beq.w	10002e52 <_vsnprintf+0x30e>
10003372:	2b00      	cmp	r3, #0
10003374:	f43f ae75 	beq.w	10003062 <_vsnprintf+0x51e>
10003378:	2300      	movs	r3, #0
1000337a:	e553      	b.n	10002e24 <_vsnprintf+0x2e0>
1000337c:	42a5      	cmp	r5, r4
1000337e:	d8df      	bhi.n	10003340 <_vsnprintf+0x7fc>
10003380:	3401      	adds	r4, #1
10003382:	e66e      	b.n	10003062 <_vsnprintf+0x51e>
10003384:	6819      	ldr	r1, [r3, #0]
10003386:	0fcb      	lsrs	r3, r1, #31
10003388:	2900      	cmp	r1, #0
1000338a:	f000 80a8 	beq.w	100034de <_vsnprintf+0x99a>
1000338e:	ea81 72e1 	eor.w	r2, r1, r1, asr #31
10003392:	eba2 72e1 	sub.w	r2, r2, r1, asr #31
10003396:	a912      	add	r1, sp, #72	@ 0x48
10003398:	4608      	mov	r0, r1
1000339a:	f8df e188 	ldr.w	lr, [pc, #392]	@ 10003524 <_vsnprintf+0x9e0>
1000339e:	910b      	str	r1, [sp, #44]	@ 0x2c
100033a0:	930a      	str	r3, [sp, #40]	@ 0x28
100033a2:	950c      	str	r5, [sp, #48]	@ 0x30
100033a4:	e001      	b.n	100033aa <_vsnprintf+0x866>
100033a6:	2f20      	cmp	r7, #32
100033a8:	d00f      	beq.n	100033ca <_vsnprintf+0x886>
100033aa:	4615      	mov	r5, r2
100033ac:	fbae 1302 	umull	r1, r3, lr, r2
100033b0:	08db      	lsrs	r3, r3, #3
100033b2:	eb03 0183 	add.w	r1, r3, r3, lsl #2
100033b6:	eba2 0141 	sub.w	r1, r2, r1, lsl #1
100033ba:	3130      	adds	r1, #48	@ 0x30
100033bc:	2d09      	cmp	r5, #9
100033be:	461a      	mov	r2, r3
100033c0:	f107 0701 	add.w	r7, r7, #1
100033c4:	f800 1b01 	strb.w	r1, [r0], #1
100033c8:	d8ed      	bhi.n	100033a6 <_vsnprintf+0x862>
100033ca:	9b0a      	ldr	r3, [sp, #40]	@ 0x28
100033cc:	9d0c      	ldr	r5, [sp, #48]	@ 0x30
100033ce:	e9cd 5c05 	strd	r5, ip, [sp, #20]
100033d2:	e9cd 7301 	strd	r7, r3, [sp, #4]
100033d6:	9604      	str	r6, [sp, #16]
100033d8:	e6d5      	b.n	10003186 <_vsnprintf+0x642>
100033da:	2869      	cmp	r0, #105	@ 0x69
100033dc:	f023 0c10 	bic.w	ip, r3, #16
100033e0:	f040 808c 	bne.w	100034fc <_vsnprintf+0x9b8>
100033e4:	f413 6280 	ands.w	r2, r3, #1024	@ 0x400
100033e8:	f43f ae8e 	beq.w	10003108 <_vsnprintf+0x5c4>
100033ec:	e688      	b.n	10003100 <_vsnprintf+0x5bc>
100033ee:	2a00      	cmp	r2, #0
100033f0:	f43f aea8 	beq.w	10003144 <_vsnprintf+0x600>
100033f4:	aa12      	add	r2, sp, #72	@ 0x48
100033f6:	920b      	str	r2, [sp, #44]	@ 0x2c
100033f8:	e6c0      	b.n	1000317c <_vsnprintf+0x638>
100033fa:	f013 0f20 	tst.w	r3, #32
100033fe:	bf14      	ite	ne
10003400:	2241      	movne	r2, #65	@ 0x41
10003402:	2261      	moveq	r2, #97	@ 0x61
10003404:	2000      	movs	r0, #0
10003406:	a912      	add	r1, sp, #72	@ 0x48
10003408:	3a0a      	subs	r2, #10
1000340a:	e9cd 680e 	strd	r6, r8, [sp, #56]	@ 0x38
1000340e:	e9cd 350c 	strd	r3, r5, [sp, #48]	@ 0x30
10003412:	f8cd b044 	str.w	fp, [sp, #68]	@ 0x44
10003416:	4606      	mov	r6, r0
10003418:	4688      	mov	r8, r1
1000341a:	4675      	mov	r5, lr
1000341c:	4693      	mov	fp, r2
1000341e:	910b      	str	r1, [sp, #44]	@ 0x2c
10003420:	f8cd c040 	str.w	ip, [sp, #64]	@ 0x40
10003424:	e003      	b.n	1000342e <_vsnprintf+0x8ea>
10003426:	2e20      	cmp	r6, #32
10003428:	d017      	beq.n	1000345a <_vsnprintf+0x916>
1000342a:	4604      	mov	r4, r0
1000342c:	460d      	mov	r5, r1
1000342e:	4629      	mov	r1, r5
10003430:	463a      	mov	r2, r7
10003432:	2300      	movs	r3, #0
10003434:	4620      	mov	r0, r4
10003436:	f002 ff1b 	bl	10006270 <____aeabi_uldivmod_veneer>
1000343a:	b2d2      	uxtb	r2, r2
1000343c:	2a09      	cmp	r2, #9
1000343e:	f102 0330 	add.w	r3, r2, #48	@ 0x30
10003442:	bf88      	it	hi
10003444:	eb02 030b 	addhi.w	r3, r2, fp
10003448:	42bc      	cmp	r4, r7
1000344a:	b2db      	uxtb	r3, r3
1000344c:	f175 0500 	sbcs.w	r5, r5, #0
10003450:	f808 3b01 	strb.w	r3, [r8], #1
10003454:	f106 0601 	add.w	r6, r6, #1
10003458:	d2e5      	bcs.n	10003426 <_vsnprintf+0x8e2>
1000345a:	4631      	mov	r1, r6
1000345c:	e9dd 350c 	ldrd	r3, r5, [sp, #48]	@ 0x30
10003460:	e9dd cb10 	ldrd	ip, fp, [sp, #64]	@ 0x40
10003464:	f8dd 803c 	ldr.w	r8, [sp, #60]	@ 0x3c
10003468:	9e0e      	ldr	r6, [sp, #56]	@ 0x38
1000346a:	e757      	b.n	1000331c <_vsnprintf+0x7d8>
1000346c:	990a      	ldr	r1, [sp, #40]	@ 0x28
1000346e:	6809      	ldr	r1, [r1, #0]
10003470:	b951      	cbnz	r1, 10003488 <_vsnprintf+0x944>
10003472:	f023 0310 	bic.w	r3, r3, #16
10003476:	b138      	cbz	r0, 10003488 <_vsnprintf+0x944>
10003478:	a912      	add	r1, sp, #72	@ 0x48
1000347a:	910b      	str	r1, [sp, #44]	@ 0x2c
1000347c:	e9cd 5305 	strd	r5, r3, [sp, #20]
10003480:	e9cd c603 	strd	ip, r6, [sp, #12]
10003484:	9201      	str	r2, [sp, #4]
10003486:	e5cf      	b.n	10003028 <_vsnprintf+0x4e4>
10003488:	f013 0f20 	tst.w	r3, #32
1000348c:	bf14      	ite	ne
1000348e:	2041      	movne	r0, #65	@ 0x41
10003490:	2061      	moveq	r0, #97	@ 0x61
10003492:	ac12      	add	r4, sp, #72	@ 0x48
10003494:	46a6      	mov	lr, r4
10003496:	940b      	str	r4, [sp, #44]	@ 0x2c
10003498:	930a      	str	r3, [sp, #40]	@ 0x28
1000349a:	f1a0 040a 	sub.w	r4, r0, #10
1000349e:	950c      	str	r5, [sp, #48]	@ 0x30
100034a0:	e002      	b.n	100034a8 <_vsnprintf+0x964>
100034a2:	2a20      	cmp	r2, #32
100034a4:	d012      	beq.n	100034cc <_vsnprintf+0x988>
100034a6:	4629      	mov	r1, r5
100034a8:	fbb1 f5fc 	udiv	r5, r1, ip
100034ac:	fb0c 1015 	mls	r0, ip, r5, r1
100034b0:	b2c3      	uxtb	r3, r0
100034b2:	2809      	cmp	r0, #9
100034b4:	f103 0030 	add.w	r0, r3, #48	@ 0x30
100034b8:	bf8a      	itet	hi
100034ba:	191b      	addhi	r3, r3, r4
100034bc:	b2c3      	uxtbls	r3, r0
100034be:	b2db      	uxtbhi	r3, r3
100034c0:	4561      	cmp	r1, ip
100034c2:	f80e 3b01 	strb.w	r3, [lr], #1
100034c6:	f102 0201 	add.w	r2, r2, #1
100034ca:	d2ea      	bcs.n	100034a2 <_vsnprintf+0x95e>
100034cc:	9b0a      	ldr	r3, [sp, #40]	@ 0x28
100034ce:	9d0c      	ldr	r5, [sp, #48]	@ 0x30
100034d0:	e7d4      	b.n	1000347c <_vsnprintf+0x938>
100034d2:	6819      	ldr	r1, [r3, #0]
100034d4:	ea81 77e1 	eor.w	r7, r1, r1, asr #31
100034d8:	eba7 77e1 	sub.w	r7, r7, r1, asr #31
100034dc:	e62d      	b.n	1000313a <_vsnprintf+0x5f6>
100034de:	2a00      	cmp	r2, #0
100034e0:	f43f af59 	beq.w	10003396 <_vsnprintf+0x852>
100034e4:	aa12      	add	r2, sp, #72	@ 0x48
100034e6:	920b      	str	r2, [sp, #44]	@ 0x2c
100034e8:	e771      	b.n	100033ce <_vsnprintf+0x88a>
100034ea:	f413 6480 	ands.w	r4, r3, #1024	@ 0x400
100034ee:	d00d      	beq.n	1000350c <_vsnprintf+0x9c8>
100034f0:	f013 0402 	ands.w	r4, r3, #2
100034f4:	d012      	beq.n	1000351c <_vsnprintf+0x9d8>
100034f6:	4604      	mov	r4, r0
100034f8:	4646      	mov	r6, r8
100034fa:	e5ec      	b.n	100030d6 <_vsnprintf+0x592>
100034fc:	270a      	movs	r7, #10
100034fe:	4663      	mov	r3, ip
10003500:	46bc      	mov	ip, r7
10003502:	e56c      	b.n	10002fde <_vsnprintf+0x49a>
10003504:	ab12      	add	r3, sp, #72	@ 0x48
10003506:	2000      	movs	r0, #0
10003508:	930b      	str	r3, [sp, #44]	@ 0x2c
1000350a:	e69d      	b.n	10003248 <_vsnprintf+0x704>
1000350c:	f013 0302 	ands.w	r3, r3, #2
10003510:	f47f ade0 	bne.w	100030d4 <_vsnprintf+0x590>
10003514:	2d00      	cmp	r5, #0
10003516:	f47f af13 	bne.w	10003340 <_vsnprintf+0x7fc>
1000351a:	e49a      	b.n	10002e52 <_vsnprintf+0x30e>
1000351c:	2d00      	cmp	r5, #0
1000351e:	f47f af0d 	bne.w	1000333c <_vsnprintf+0x7f8>
10003522:	e496      	b.n	10002e52 <_vsnprintf+0x30e>
10003524:	cccccccd 	.word	0xcccccccd

10003528 <vfctprintf>:
10003528:	b570      	push	{r4, r5, r6, lr}
1000352a:	4694      	mov	ip, r2
1000352c:	461e      	mov	r6, r3
1000352e:	4605      	mov	r5, r0
10003530:	460c      	mov	r4, r1
10003532:	b084      	sub	sp, #16
10003534:	f04f 32ff 	mov.w	r2, #4294967295
10003538:	4663      	mov	r3, ip
1000353a:	a902      	add	r1, sp, #8
1000353c:	9600      	str	r6, [sp, #0]
1000353e:	4803      	ldr	r0, [pc, #12]	@ (1000354c <vfctprintf+0x24>)
10003540:	e9cd 5402 	strd	r5, r4, [sp, #8]
10003544:	f7ff fafe 	bl	10002b44 <_vsnprintf>
10003548:	b004      	add	sp, #16
1000354a:	bd70      	pop	{r4, r5, r6, pc}
1000354c:	10002105 	.word	0x10002105

10003550 <weak_raw_vprintf>:
10003550:	b510      	push	{r4, lr}
10003552:	4b09      	ldr	r3, [pc, #36]	@ (10003578 <weak_raw_vprintf+0x28>)
10003554:	b084      	sub	sp, #16
10003556:	681c      	ldr	r4, [r3, #0]
10003558:	b14c      	cbz	r4, 1000356e <weak_raw_vprintf+0x1e>
1000355a:	4603      	mov	r3, r0
1000355c:	9100      	str	r1, [sp, #0]
1000355e:	f04f 32ff 	mov.w	r2, #4294967295
10003562:	a903      	add	r1, sp, #12
10003564:	4805      	ldr	r0, [pc, #20]	@ (1000357c <weak_raw_vprintf+0x2c>)
10003566:	47a0      	blx	r4
10003568:	2001      	movs	r0, #1
1000356a:	b004      	add	sp, #16
1000356c:	bd10      	pop	{r4, pc}
1000356e:	f000 f979 	bl	10003864 <__wrap_puts>
10003572:	4620      	mov	r0, r4
10003574:	b004      	add	sp, #16
10003576:	bd10      	pop	{r4, pc}
10003578:	20001dd4 	.word	0x20001dd4
1000357c:	100020fd 	.word	0x100020fd

10003580 <_exit>:
10003580:	be00      	bkpt	0x0000
10003582:	e7fd      	b.n	10003580 <_exit>

10003584 <exit>:
10003584:	b508      	push	{r3, lr}
10003586:	f7ff fffb 	bl	10003580 <_exit>
1000358a:	bf00      	nop

1000358c <runtime_init>:
1000358c:	b538      	push	{r3, r4, r5, lr}
1000358e:	4c06      	ldr	r4, [pc, #24]	@ (100035a8 <runtime_init+0x1c>)
10003590:	4d06      	ldr	r5, [pc, #24]	@ (100035ac <runtime_init+0x20>)
10003592:	f7fe fa07 	bl	100019a4 <runtime_run_initializers>
10003596:	42ac      	cmp	r4, r5
10003598:	d204      	bcs.n	100035a4 <runtime_init+0x18>
1000359a:	f854 3b04 	ldr.w	r3, [r4], #4
1000359e:	4798      	blx	r3
100035a0:	42ac      	cmp	r4, r5
100035a2:	d3fa      	bcc.n	1000359a <runtime_init+0xe>
100035a4:	bd38      	pop	{r3, r4, r5, pc}
100035a6:	bf00      	nop
100035a8:	100062e8 	.word	0x100062e8
100035ac:	100062f0 	.word	0x100062f0

100035b0 <stdio_out_chars_no_crlf>:
100035b0:	6803      	ldr	r3, [r0, #0]
100035b2:	4608      	mov	r0, r1
100035b4:	4611      	mov	r1, r2
100035b6:	4718      	bx	r3

100035b8 <stdio_out_chars_crlf>:
100035b8:	e92d 41f0 	stmdb	sp!, {r4, r5, r6, r7, r8, lr}
100035bc:	4615      	mov	r5, r2
100035be:	7d42      	ldrb	r2, [r0, #21]
100035c0:	4607      	mov	r7, r0
100035c2:	4688      	mov	r8, r1
100035c4:	2a00      	cmp	r2, #0
100035c6:	d046      	beq.n	10003656 <stdio_out_chars_crlf+0x9e>
100035c8:	2d00      	cmp	r5, #0
100035ca:	dd1d      	ble.n	10003608 <stdio_out_chars_crlf+0x50>
100035cc:	780b      	ldrb	r3, [r1, #0]
100035ce:	2b0a      	cmp	r3, #10
100035d0:	d023      	beq.n	1000361a <stdio_out_chars_crlf+0x62>
100035d2:	2d01      	cmp	r5, #1
100035d4:	f04f 0c00 	mov.w	ip, #0
100035d8:	d018      	beq.n	1000360c <stdio_out_chars_crlf+0x54>
100035da:	4646      	mov	r6, r8
100035dc:	2401      	movs	r4, #1
100035de:	f816 2f01 	ldrb.w	r2, [r6, #1]!
100035e2:	4621      	mov	r1, r4
100035e4:	2a0a      	cmp	r2, #10
100035e6:	f104 0401 	add.w	r4, r4, #1
100035ea:	d022      	beq.n	10003632 <stdio_out_chars_crlf+0x7a>
100035ec:	42a5      	cmp	r5, r4
100035ee:	d1f6      	bne.n	100035de <stdio_out_chars_crlf+0x26>
100035f0:	4565      	cmp	r5, ip
100035f2:	dc0b      	bgt.n	1000360c <stdio_out_chars_crlf+0x54>
100035f4:	eb08 0305 	add.w	r3, r8, r5
100035f8:	f813 3c01 	ldrb.w	r3, [r3, #-1]
100035fc:	f1a3 030d 	sub.w	r3, r3, #13
10003600:	fab3 f383 	clz	r3, r3
10003604:	095b      	lsrs	r3, r3, #5
10003606:	753b      	strb	r3, [r7, #20]
10003608:	e8bd 81f0 	ldmia.w	sp!, {r4, r5, r6, r7, r8, pc}
1000360c:	683b      	ldr	r3, [r7, #0]
1000360e:	eba5 010c 	sub.w	r1, r5, ip
10003612:	eb08 000c 	add.w	r0, r8, ip
10003616:	4798      	blx	r3
10003618:	e7ec      	b.n	100035f4 <stdio_out_chars_crlf+0x3c>
1000361a:	7d03      	ldrb	r3, [r0, #20]
1000361c:	2b00      	cmp	r3, #0
1000361e:	d1d8      	bne.n	100035d2 <stdio_out_chars_crlf+0x1a>
10003620:	6803      	ldr	r3, [r0, #0]
10003622:	2102      	movs	r1, #2
10003624:	480f      	ldr	r0, [pc, #60]	@ (10003664 <stdio_out_chars_crlf+0xac>)
10003626:	4798      	blx	r3
10003628:	2d01      	cmp	r5, #1
1000362a:	d0e3      	beq.n	100035f4 <stdio_out_chars_crlf+0x3c>
1000362c:	f04f 0c01 	mov.w	ip, #1
10003630:	e7d3      	b.n	100035da <stdio_out_chars_crlf+0x22>
10003632:	f816 3c01 	ldrb.w	r3, [r6, #-1]
10003636:	2b0d      	cmp	r3, #13
10003638:	d0d8      	beq.n	100035ec <stdio_out_chars_crlf+0x34>
1000363a:	458c      	cmp	ip, r1
1000363c:	eb08 000c 	add.w	r0, r8, ip
10003640:	eba1 010c 	sub.w	r1, r1, ip
10003644:	da01      	bge.n	1000364a <stdio_out_chars_crlf+0x92>
10003646:	683b      	ldr	r3, [r7, #0]
10003648:	4798      	blx	r3
1000364a:	2102      	movs	r1, #2
1000364c:	4805      	ldr	r0, [pc, #20]	@ (10003664 <stdio_out_chars_crlf+0xac>)
1000364e:	683b      	ldr	r3, [r7, #0]
10003650:	4798      	blx	r3
10003652:	46a4      	mov	ip, r4
10003654:	e7ca      	b.n	100035ec <stdio_out_chars_crlf+0x34>
10003656:	4629      	mov	r1, r5
10003658:	4640      	mov	r0, r8
1000365a:	683b      	ldr	r3, [r7, #0]
1000365c:	e8bd 41f0 	ldmia.w	sp!, {r4, r5, r6, r7, r8, lr}
10003660:	4718      	bx	r3
10003662:	bf00      	nop
10003664:	10006608 	.word	0x10006608

10003668 <stdio_buffered_printer>:
10003668:	680b      	ldr	r3, [r1, #0]
1000366a:	e92d 41f0 	stmdb	sp!, {r4, r5, r6, r7, r8, lr}
1000366e:	2b80      	cmp	r3, #128	@ 0x80
10003670:	460d      	mov	r5, r1
10003672:	4606      	mov	r6, r0
10003674:	d005      	beq.n	10003682 <stdio_buffered_printer+0x1a>
10003676:	1c5a      	adds	r2, r3, #1
10003678:	442b      	add	r3, r5
1000367a:	602a      	str	r2, [r5, #0]
1000367c:	711e      	strb	r6, [r3, #4]
1000367e:	e8bd 81f0 	ldmia.w	sp!, {r4, r5, r6, r7, r8, pc}
10003682:	4b0f      	ldr	r3, [pc, #60]	@ (100036c0 <stdio_buffered_printer+0x58>)
10003684:	681c      	ldr	r4, [r3, #0]
10003686:	b1a4      	cbz	r4, 100036b2 <stdio_buffered_printer+0x4a>
10003688:	4f0e      	ldr	r7, [pc, #56]	@ (100036c4 <stdio_buffered_printer+0x5c>)
1000368a:	f101 0804 	add.w	r8, r1, #4
1000368e:	e001      	b.n	10003694 <stdio_buffered_printer+0x2c>
10003690:	6924      	ldr	r4, [r4, #16]
10003692:	b174      	cbz	r4, 100036b2 <stdio_buffered_printer+0x4a>
10003694:	6823      	ldr	r3, [r4, #0]
10003696:	2b00      	cmp	r3, #0
10003698:	d0fa      	beq.n	10003690 <stdio_buffered_printer+0x28>
1000369a:	683b      	ldr	r3, [r7, #0]
1000369c:	b10b      	cbz	r3, 100036a2 <stdio_buffered_printer+0x3a>
1000369e:	42a3      	cmp	r3, r4
100036a0:	d1f6      	bne.n	10003690 <stdio_buffered_printer+0x28>
100036a2:	4620      	mov	r0, r4
100036a4:	4641      	mov	r1, r8
100036a6:	682a      	ldr	r2, [r5, #0]
100036a8:	f7ff ff86 	bl	100035b8 <stdio_out_chars_crlf>
100036ac:	6924      	ldr	r4, [r4, #16]
100036ae:	2c00      	cmp	r4, #0
100036b0:	d1f0      	bne.n	10003694 <stdio_buffered_printer+0x2c>
100036b2:	2300      	movs	r3, #0
100036b4:	2201      	movs	r2, #1
100036b6:	442b      	add	r3, r5
100036b8:	602a      	str	r2, [r5, #0]
100036ba:	711e      	strb	r6, [r3, #4]
100036bc:	e8bd 81f0 	ldmia.w	sp!, {r4, r5, r6, r7, r8, pc}
100036c0:	200019c8 	.word	0x200019c8
100036c4:	200019d0 	.word	0x200019d0

100036c8 <stdio_put_string>:
100036c8:	e92d 47f0 	stmdb	sp!, {r4, r5, r6, r7, r8, r9, sl, lr}
100036cc:	b082      	sub	sp, #8
100036ce:	460d      	mov	r5, r1
100036d0:	4691      	mov	r9, r2
100036d2:	461c      	mov	r4, r3
100036d4:	4606      	mov	r6, r0
100036d6:	f7fd ffd1 	bl	1000167c <time_us_64>
100036da:	f04f 3cff 	mov.w	ip, #4294967295
100036de:	f06f 4700 	mvn.w	r7, #2147483648	@ 0x80000000
100036e2:	4a2e      	ldr	r2, [pc, #184]	@ (1000379c <stdio_put_string+0xd4>)
100036e4:	1882      	adds	r2, r0, r2
100036e6:	f141 0300 	adc.w	r3, r1, #0
100036ea:	4594      	cmp	ip, r2
100036ec:	eb77 0103 	sbcs.w	r1, r7, r3
100036f0:	bf3c      	itt	cc
100036f2:	4662      	movcc	r2, ip
100036f4:	463b      	movcc	r3, r7
100036f6:	482a      	ldr	r0, [pc, #168]	@ (100037a0 <stdio_put_string+0xd8>)
100036f8:	f002 fdc6 	bl	10006288 <__mutex_try_enter_block_until_veneer>
100036fc:	1c6b      	adds	r3, r5, #1
100036fe:	4680      	mov	r8, r0
10003700:	d040      	beq.n	10003784 <stdio_put_string+0xbc>
10003702:	b30c      	cbz	r4, 10003748 <stdio_put_string+0x80>
10003704:	4f27      	ldr	r7, [pc, #156]	@ (100037a4 <stdio_put_string+0xdc>)
10003706:	4b28      	ldr	r3, [pc, #160]	@ (100037a8 <stdio_put_string+0xe0>)
10003708:	681c      	ldr	r4, [r3, #0]
1000370a:	b1b4      	cbz	r4, 1000373a <stdio_put_string+0x72>
1000370c:	f1b9 0f00 	cmp.w	r9, #0
10003710:	d11c      	bne.n	1000374c <stdio_put_string+0x84>
10003712:	f8df 909c 	ldr.w	r9, [pc, #156]	@ 100037b0 <stdio_put_string+0xe8>
10003716:	e001      	b.n	1000371c <stdio_put_string+0x54>
10003718:	6924      	ldr	r4, [r4, #16]
1000371a:	b174      	cbz	r4, 1000373a <stdio_put_string+0x72>
1000371c:	6823      	ldr	r3, [r4, #0]
1000371e:	2b00      	cmp	r3, #0
10003720:	d0fa      	beq.n	10003718 <stdio_put_string+0x50>
10003722:	f8d9 3000 	ldr.w	r3, [r9]
10003726:	b10b      	cbz	r3, 1000372c <stdio_put_string+0x64>
10003728:	429c      	cmp	r4, r3
1000372a:	d1f5      	bne.n	10003718 <stdio_put_string+0x50>
1000372c:	4620      	mov	r0, r4
1000372e:	462a      	mov	r2, r5
10003730:	4631      	mov	r1, r6
10003732:	47b8      	blx	r7
10003734:	6924      	ldr	r4, [r4, #16]
10003736:	2c00      	cmp	r4, #0
10003738:	d1f0      	bne.n	1000371c <stdio_put_string+0x54>
1000373a:	f1b8 0f00 	cmp.w	r8, #0
1000373e:	d126      	bne.n	1000378e <stdio_put_string+0xc6>
10003740:	4628      	mov	r0, r5
10003742:	b002      	add	sp, #8
10003744:	e8bd 87f0 	ldmia.w	sp!, {r4, r5, r6, r7, r8, r9, sl, pc}
10003748:	4f18      	ldr	r7, [pc, #96]	@ (100037ac <stdio_put_string+0xe4>)
1000374a:	e7dc      	b.n	10003706 <stdio_put_string+0x3e>
1000374c:	f04f 0a0a 	mov.w	sl, #10
10003750:	f8df 905c 	ldr.w	r9, [pc, #92]	@ 100037b0 <stdio_put_string+0xe8>
10003754:	e002      	b.n	1000375c <stdio_put_string+0x94>
10003756:	6924      	ldr	r4, [r4, #16]
10003758:	2c00      	cmp	r4, #0
1000375a:	d0ee      	beq.n	1000373a <stdio_put_string+0x72>
1000375c:	6823      	ldr	r3, [r4, #0]
1000375e:	2b00      	cmp	r3, #0
10003760:	d0f9      	beq.n	10003756 <stdio_put_string+0x8e>
10003762:	f8d9 3000 	ldr.w	r3, [r9]
10003766:	b10b      	cbz	r3, 1000376c <stdio_put_string+0xa4>
10003768:	42a3      	cmp	r3, r4
1000376a:	d1f4      	bne.n	10003756 <stdio_put_string+0x8e>
1000376c:	462a      	mov	r2, r5
1000376e:	4631      	mov	r1, r6
10003770:	4620      	mov	r0, r4
10003772:	47b8      	blx	r7
10003774:	2201      	movs	r2, #1
10003776:	4620      	mov	r0, r4
10003778:	f10d 0107 	add.w	r1, sp, #7
1000377c:	f88d a007 	strb.w	sl, [sp, #7]
10003780:	47b8      	blx	r7
10003782:	e7e8      	b.n	10003756 <stdio_put_string+0x8e>
10003784:	4630      	mov	r0, r6
10003786:	f002 fd37 	bl	100061f8 <strlen>
1000378a:	4605      	mov	r5, r0
1000378c:	e7b9      	b.n	10003702 <stdio_put_string+0x3a>
1000378e:	4804      	ldr	r0, [pc, #16]	@ (100037a0 <stdio_put_string+0xd8>)
10003790:	f002 fd72 	bl	10006278 <__mutex_exit_veneer>
10003794:	4628      	mov	r0, r5
10003796:	b002      	add	sp, #8
10003798:	e8bd 87f0 	ldmia.w	sp!, {r4, r5, r6, r7, r8, r9, sl, pc}
1000379c:	000f4240 	.word	0x000f4240
100037a0:	2000121c 	.word	0x2000121c
100037a4:	100035b9 	.word	0x100035b9
100037a8:	200019c8 	.word	0x200019c8
100037ac:	100035b1 	.word	0x100035b1
100037b0:	200019d0 	.word	0x200019d0

100037b4 <stdio_set_driver_enabled>:
100037b4:	4a08      	ldr	r2, [pc, #32]	@ (100037d8 <stdio_set_driver_enabled+0x24>)
100037b6:	6813      	ldr	r3, [r2, #0]
100037b8:	b923      	cbnz	r3, 100037c4 <stdio_set_driver_enabled+0x10>
100037ba:	e00a      	b.n	100037d2 <stdio_set_driver_enabled+0x1e>
100037bc:	f103 0210 	add.w	r2, r3, #16
100037c0:	691b      	ldr	r3, [r3, #16]
100037c2:	b133      	cbz	r3, 100037d2 <stdio_set_driver_enabled+0x1e>
100037c4:	4283      	cmp	r3, r0
100037c6:	d1f9      	bne.n	100037bc <stdio_set_driver_enabled+0x8>
100037c8:	b929      	cbnz	r1, 100037d6 <stdio_set_driver_enabled+0x22>
100037ca:	6918      	ldr	r0, [r3, #16]
100037cc:	6010      	str	r0, [r2, #0]
100037ce:	6119      	str	r1, [r3, #16]
100037d0:	4770      	bx	lr
100037d2:	b101      	cbz	r1, 100037d6 <stdio_set_driver_enabled+0x22>
100037d4:	6010      	str	r0, [r2, #0]
100037d6:	4770      	bx	lr
100037d8:	200019c8 	.word	0x200019c8

100037dc <stdio_init_all>:
100037dc:	f000 bade 	b.w	10003d9c <stdio_usb_init>

100037e0 <__wrap_putchar>:
100037e0:	b5f0      	push	{r4, r5, r6, r7, lr}
100037e2:	b083      	sub	sp, #12
100037e4:	4606      	mov	r6, r0
100037e6:	f88d 0007 	strb.w	r0, [sp, #7]
100037ea:	f7fd ff47 	bl	1000167c <time_us_64>
100037ee:	f04f 35ff 	mov.w	r5, #4294967295
100037f2:	f06f 4400 	mvn.w	r4, #2147483648	@ 0x80000000
100037f6:	4a17      	ldr	r2, [pc, #92]	@ (10003854 <__wrap_putchar+0x74>)
100037f8:	1882      	adds	r2, r0, r2
100037fa:	f141 0300 	adc.w	r3, r1, #0
100037fe:	4295      	cmp	r5, r2
10003800:	eb74 0103 	sbcs.w	r1, r4, r3
10003804:	bf3c      	itt	cc
10003806:	4623      	movcc	r3, r4
10003808:	462a      	movcc	r2, r5
1000380a:	4813      	ldr	r0, [pc, #76]	@ (10003858 <__wrap_putchar+0x78>)
1000380c:	f002 fd3c 	bl	10006288 <__mutex_try_enter_block_until_veneer>
10003810:	4b12      	ldr	r3, [pc, #72]	@ (1000385c <__wrap_putchar+0x7c>)
10003812:	4607      	mov	r7, r0
10003814:	681c      	ldr	r4, [r3, #0]
10003816:	b19c      	cbz	r4, 10003840 <__wrap_putchar+0x60>
10003818:	4d11      	ldr	r5, [pc, #68]	@ (10003860 <__wrap_putchar+0x80>)
1000381a:	e001      	b.n	10003820 <__wrap_putchar+0x40>
1000381c:	6924      	ldr	r4, [r4, #16]
1000381e:	b17c      	cbz	r4, 10003840 <__wrap_putchar+0x60>
10003820:	6823      	ldr	r3, [r4, #0]
10003822:	2b00      	cmp	r3, #0
10003824:	d0fa      	beq.n	1000381c <__wrap_putchar+0x3c>
10003826:	682b      	ldr	r3, [r5, #0]
10003828:	b10b      	cbz	r3, 1000382e <__wrap_putchar+0x4e>
1000382a:	429c      	cmp	r4, r3
1000382c:	d1f6      	bne.n	1000381c <__wrap_putchar+0x3c>
1000382e:	4620      	mov	r0, r4
10003830:	2201      	movs	r2, #1
10003832:	f10d 0107 	add.w	r1, sp, #7
10003836:	f7ff febf 	bl	100035b8 <stdio_out_chars_crlf>
1000383a:	6924      	ldr	r4, [r4, #16]
1000383c:	2c00      	cmp	r4, #0
1000383e:	d1ef      	bne.n	10003820 <__wrap_putchar+0x40>
10003840:	b917      	cbnz	r7, 10003848 <__wrap_putchar+0x68>
10003842:	4630      	mov	r0, r6
10003844:	b003      	add	sp, #12
10003846:	bdf0      	pop	{r4, r5, r6, r7, pc}
10003848:	4803      	ldr	r0, [pc, #12]	@ (10003858 <__wrap_putchar+0x78>)
1000384a:	f002 fd15 	bl	10006278 <__mutex_exit_veneer>
1000384e:	4630      	mov	r0, r6
10003850:	b003      	add	sp, #12
10003852:	bdf0      	pop	{r4, r5, r6, r7, pc}
10003854:	000f4240 	.word	0x000f4240
10003858:	2000121c 	.word	0x2000121c
1000385c:	200019c8 	.word	0x200019c8
10003860:	200019d0 	.word	0x200019d0

10003864 <__wrap_puts>:
10003864:	b538      	push	{r3, r4, r5, lr}
10003866:	4604      	mov	r4, r0
10003868:	f002 fcc6 	bl	100061f8 <strlen>
1000386c:	2301      	movs	r3, #1
1000386e:	4605      	mov	r5, r0
10003870:	461a      	mov	r2, r3
10003872:	4620      	mov	r0, r4
10003874:	4629      	mov	r1, r5
10003876:	f7ff ff27 	bl	100036c8 <stdio_put_string>
1000387a:	4b08      	ldr	r3, [pc, #32]	@ (1000389c <__wrap_puts+0x38>)
1000387c:	681c      	ldr	r4, [r3, #0]
1000387e:	b12c      	cbz	r4, 1000388c <__wrap_puts+0x28>
10003880:	6863      	ldr	r3, [r4, #4]
10003882:	b12b      	cbz	r3, 10003890 <__wrap_puts+0x2c>
10003884:	4798      	blx	r3
10003886:	6924      	ldr	r4, [r4, #16]
10003888:	2c00      	cmp	r4, #0
1000388a:	d1f9      	bne.n	10003880 <__wrap_puts+0x1c>
1000388c:	4628      	mov	r0, r5
1000388e:	bd38      	pop	{r3, r4, r5, pc}
10003890:	6924      	ldr	r4, [r4, #16]
10003892:	2c00      	cmp	r4, #0
10003894:	d1f4      	bne.n	10003880 <__wrap_puts+0x1c>
10003896:	4628      	mov	r0, r5
10003898:	bd38      	pop	{r3, r4, r5, pc}
1000389a:	bf00      	nop
1000389c:	200019c8 	.word	0x200019c8

100038a0 <__wrap_vprintf>:
100038a0:	e92d 41f0 	stmdb	sp!, {r4, r5, r6, r7, r8, lr}
100038a4:	b0a2      	sub	sp, #136	@ 0x88
100038a6:	4604      	mov	r4, r0
100038a8:	460d      	mov	r5, r1
100038aa:	f7fd fee7 	bl	1000167c <time_us_64>
100038ae:	f04f 37ff 	mov.w	r7, #4294967295
100038b2:	f06f 4600 	mvn.w	r6, #2147483648	@ 0x80000000
100038b6:	4a26      	ldr	r2, [pc, #152]	@ (10003950 <__wrap_vprintf+0xb0>)
100038b8:	f8df 80a4 	ldr.w	r8, [pc, #164]	@ 10003960 <__wrap_vprintf+0xc0>
100038bc:	1882      	adds	r2, r0, r2
100038be:	f141 0300 	adc.w	r3, r1, #0
100038c2:	4297      	cmp	r7, r2
100038c4:	eb76 0103 	sbcs.w	r1, r6, r3
100038c8:	bf3c      	itt	cc
100038ca:	463a      	movcc	r2, r7
100038cc:	4633      	movcc	r3, r6
100038ce:	4821      	ldr	r0, [pc, #132]	@ (10003954 <__wrap_vprintf+0xb4>)
100038d0:	f002 fcda 	bl	10006288 <__mutex_try_enter_block_until_veneer>
100038d4:	2700      	movs	r7, #0
100038d6:	462b      	mov	r3, r5
100038d8:	4622      	mov	r2, r4
100038da:	4606      	mov	r6, r0
100038dc:	a901      	add	r1, sp, #4
100038de:	481e      	ldr	r0, [pc, #120]	@ (10003958 <__wrap_vprintf+0xb8>)
100038e0:	9701      	str	r7, [sp, #4]
100038e2:	f7ff fe21 	bl	10003528 <vfctprintf>
100038e6:	9b01      	ldr	r3, [sp, #4]
100038e8:	4605      	mov	r5, r0
100038ea:	f8d8 4000 	ldr.w	r4, [r8]
100038ee:	b1c3      	cbz	r3, 10003922 <__wrap_vprintf+0x82>
100038f0:	2c00      	cmp	r4, #0
100038f2:	d02b      	beq.n	1000394c <__wrap_vprintf+0xac>
100038f4:	4f19      	ldr	r7, [pc, #100]	@ (1000395c <__wrap_vprintf+0xbc>)
100038f6:	e001      	b.n	100038fc <__wrap_vprintf+0x5c>
100038f8:	6924      	ldr	r4, [r4, #16]
100038fa:	b174      	cbz	r4, 1000391a <__wrap_vprintf+0x7a>
100038fc:	6823      	ldr	r3, [r4, #0]
100038fe:	2b00      	cmp	r3, #0
10003900:	d0fa      	beq.n	100038f8 <__wrap_vprintf+0x58>
10003902:	683b      	ldr	r3, [r7, #0]
10003904:	b10b      	cbz	r3, 1000390a <__wrap_vprintf+0x6a>
10003906:	42a3      	cmp	r3, r4
10003908:	d1f6      	bne.n	100038f8 <__wrap_vprintf+0x58>
1000390a:	4620      	mov	r0, r4
1000390c:	9a01      	ldr	r2, [sp, #4]
1000390e:	a902      	add	r1, sp, #8
10003910:	f7ff fe52 	bl	100035b8 <stdio_out_chars_crlf>
10003914:	6924      	ldr	r4, [r4, #16]
10003916:	2c00      	cmp	r4, #0
10003918:	d1f0      	bne.n	100038fc <__wrap_vprintf+0x5c>
1000391a:	2300      	movs	r3, #0
1000391c:	f8d8 4000 	ldr.w	r4, [r8]
10003920:	9301      	str	r3, [sp, #4]
10003922:	b12c      	cbz	r4, 10003930 <__wrap_vprintf+0x90>
10003924:	6863      	ldr	r3, [r4, #4]
10003926:	b143      	cbz	r3, 1000393a <__wrap_vprintf+0x9a>
10003928:	4798      	blx	r3
1000392a:	6924      	ldr	r4, [r4, #16]
1000392c:	2c00      	cmp	r4, #0
1000392e:	d1f9      	bne.n	10003924 <__wrap_vprintf+0x84>
10003930:	b92e      	cbnz	r6, 1000393e <__wrap_vprintf+0x9e>
10003932:	4628      	mov	r0, r5
10003934:	b022      	add	sp, #136	@ 0x88
10003936:	e8bd 81f0 	ldmia.w	sp!, {r4, r5, r6, r7, r8, pc}
1000393a:	6924      	ldr	r4, [r4, #16]
1000393c:	e7f1      	b.n	10003922 <__wrap_vprintf+0x82>
1000393e:	4805      	ldr	r0, [pc, #20]	@ (10003954 <__wrap_vprintf+0xb4>)
10003940:	f002 fc9a 	bl	10006278 <__mutex_exit_veneer>
10003944:	4628      	mov	r0, r5
10003946:	b022      	add	sp, #136	@ 0x88
10003948:	e8bd 81f0 	ldmia.w	sp!, {r4, r5, r6, r7, r8, pc}
1000394c:	9401      	str	r4, [sp, #4]
1000394e:	e7ef      	b.n	10003930 <__wrap_vprintf+0x90>
10003950:	000f4240 	.word	0x000f4240
10003954:	2000121c 	.word	0x2000121c
10003958:	10003669 	.word	0x10003669
1000395c:	200019d0 	.word	0x200019d0
10003960:	200019c8 	.word	0x200019c8

10003964 <__wrap_printf>:
10003964:	b40f      	push	{r0, r1, r2, r3}
10003966:	b500      	push	{lr}
10003968:	b083      	sub	sp, #12
1000396a:	a904      	add	r1, sp, #16
1000396c:	f851 0b04 	ldr.w	r0, [r1], #4
10003970:	9101      	str	r1, [sp, #4]
10003972:	f7ff ff95 	bl	100038a0 <__wrap_vprintf>
10003976:	b003      	add	sp, #12
10003978:	f85d eb04 	ldr.w	lr, [sp], #4
1000397c:	b004      	add	sp, #16
1000397e:	4770      	bx	lr

10003980 <resetd_init>:
10003980:	4770      	bx	lr
10003982:	bf00      	nop

10003984 <resetd_reset>:
10003984:	2200      	movs	r2, #0
10003986:	4b01      	ldr	r3, [pc, #4]	@ (1000398c <resetd_reset+0x8>)
10003988:	701a      	strb	r2, [r3, #0]
1000398a:	4770      	bx	lr
1000398c:	20001e49 	.word	0x20001e49

10003990 <resetd_open>:
10003990:	794b      	ldrb	r3, [r1, #5]
10003992:	2bff      	cmp	r3, #255	@ 0xff
10003994:	d10b      	bne.n	100039ae <resetd_open+0x1e>
10003996:	7988      	ldrb	r0, [r1, #6]
10003998:	b948      	cbnz	r0, 100039ae <resetd_open+0x1e>
1000399a:	79cb      	ldrb	r3, [r1, #7]
1000399c:	2b01      	cmp	r3, #1
1000399e:	d107      	bne.n	100039b0 <resetd_open+0x20>
100039a0:	2a08      	cmp	r2, #8
100039a2:	d905      	bls.n	100039b0 <resetd_open+0x20>
100039a4:	4b03      	ldr	r3, [pc, #12]	@ (100039b4 <resetd_open+0x24>)
100039a6:	788a      	ldrb	r2, [r1, #2]
100039a8:	2009      	movs	r0, #9
100039aa:	701a      	strb	r2, [r3, #0]
100039ac:	4770      	bx	lr
100039ae:	2000      	movs	r0, #0
100039b0:	4770      	bx	lr
100039b2:	bf00      	nop
100039b4:	20001e49 	.word	0x20001e49

100039b8 <resetd_xfer_cb>:
100039b8:	2001      	movs	r0, #1
100039ba:	4770      	bx	lr

100039bc <resetd_control_xfer_cb>:
100039bc:	2901      	cmp	r1, #1
100039be:	d001      	beq.n	100039c4 <resetd_control_xfer_cb+0x8>
100039c0:	2001      	movs	r0, #1
100039c2:	4770      	bx	lr
100039c4:	b508      	push	{r3, lr}
100039c6:	4b10      	ldr	r3, [pc, #64]	@ (10003a08 <resetd_control_xfer_cb+0x4c>)
100039c8:	8891      	ldrh	r1, [r2, #4]
100039ca:	781b      	ldrb	r3, [r3, #0]
100039cc:	4299      	cmp	r1, r3
100039ce:	d001      	beq.n	100039d4 <resetd_control_xfer_cb+0x18>
100039d0:	2000      	movs	r0, #0
100039d2:	bd08      	pop	{r3, pc}
100039d4:	7853      	ldrb	r3, [r2, #1]
100039d6:	2b01      	cmp	r3, #1
100039d8:	d008      	beq.n	100039ec <resetd_control_xfer_cb+0x30>
100039da:	2b02      	cmp	r3, #2
100039dc:	d1f8      	bne.n	100039d0 <resetd_control_xfer_cb+0x14>
100039de:	2100      	movs	r1, #0
100039e0:	2264      	movs	r2, #100	@ 0x64
100039e2:	4608      	mov	r0, r1
100039e4:	f7fd ff1a 	bl	1000181c <watchdog_reboot>
100039e8:	2001      	movs	r0, #1
100039ea:	bd08      	pop	{r3, pc}
100039ec:	8851      	ldrh	r1, [r2, #2]
100039ee:	05cb      	lsls	r3, r1, #23
100039f0:	bf48      	it	mi
100039f2:	0a48      	lsrmi	r0, r1, #9
100039f4:	f3c1 2240 	ubfx	r2, r1, #9, #1
100039f8:	bf58      	it	pl
100039fa:	f04f 30ff 	movpl.w	r0, #4294967295
100039fe:	f001 017f 	and.w	r1, r1, #127	@ 0x7f
10003a02:	f7fd ff89 	bl	10001918 <rom_reset_usb_boot_extra>
10003a06:	bf00      	nop
10003a08:	20001e49 	.word	0x20001e49

10003a0c <tud_descriptor_bos_cb>:
10003a0c:	4800      	ldr	r0, [pc, #0]	@ (10003a10 <tud_descriptor_bos_cb+0x4>)
10003a0e:	4770      	bx	lr
10003a10:	100066d4 	.word	0x100066d4

10003a14 <tud_vendor_control_xfer_cb>:
10003a14:	2901      	cmp	r1, #1
10003a16:	d107      	bne.n	10003a28 <tud_vendor_control_xfer_cb+0x14>
10003a18:	7853      	ldrb	r3, [r2, #1]
10003a1a:	2b01      	cmp	r3, #1
10003a1c:	d102      	bne.n	10003a24 <tud_vendor_control_xfer_cb+0x10>
10003a1e:	8893      	ldrh	r3, [r2, #4]
10003a20:	2b07      	cmp	r3, #7
10003a22:	d003      	beq.n	10003a2c <tud_vendor_control_xfer_cb+0x18>
10003a24:	2000      	movs	r0, #0
10003a26:	4770      	bx	lr
10003a28:	2001      	movs	r0, #1
10003a2a:	4770      	bx	lr
10003a2c:	4611      	mov	r1, r2
10003a2e:	23a6      	movs	r3, #166	@ 0xa6
10003a30:	4a01      	ldr	r2, [pc, #4]	@ (10003a38 <tud_vendor_control_xfer_cb+0x24>)
10003a32:	f001 ba39 	b.w	10004ea8 <tud_control_xfer>
10003a36:	bf00      	nop
10003a38:	1000662c 	.word	0x1000662c

10003a3c <usbd_app_driver_get_cb>:
10003a3c:	4603      	mov	r3, r0
10003a3e:	2201      	movs	r2, #1
10003a40:	4801      	ldr	r0, [pc, #4]	@ (10003a48 <usbd_app_driver_get_cb+0xc>)
10003a42:	701a      	strb	r2, [r3, #0]
10003a44:	4770      	bx	lr
10003a46:	bf00      	nop
10003a48:	1000660c 	.word	0x1000660c

10003a4c <tud_cdc_line_coding_cb>:
10003a4c:	b508      	push	{r3, lr}
10003a4e:	680b      	ldr	r3, [r1, #0]
10003a50:	f5b3 6f96 	cmp.w	r3, #1200	@ 0x4b0
10003a54:	d000      	beq.n	10003a58 <tud_cdc_line_coding_cb+0xc>
10003a56:	bd08      	pop	{r3, pc}
10003a58:	2200      	movs	r2, #0
10003a5a:	f04f 30ff 	mov.w	r0, #4294967295
10003a5e:	4611      	mov	r1, r2
10003a60:	f7fd ff5a 	bl	10001918 <rom_reset_usb_boot_extra>

10003a64 <stdio_usb_set_chars_available_callback>:
10003a64:	4a02      	ldr	r2, [pc, #8]	@ (10003a70 <stdio_usb_set_chars_available_callback+0xc>)
10003a66:	4b03      	ldr	r3, [pc, #12]	@ (10003a74 <stdio_usb_set_chars_available_callback+0x10>)
10003a68:	6010      	str	r0, [r2, #0]
10003a6a:	6019      	str	r1, [r3, #0]
10003a6c:	4770      	bx	lr
10003a6e:	bf00      	nop
10003a70:	20001968 	.word	0x20001968
10003a74:	2000196c 	.word	0x2000196c

10003a78 <timer_task>:
10003a78:	4b18      	ldr	r3, [pc, #96]	@ (10003adc <timer_task+0x64>)
10003a7a:	b570      	push	{r4, r5, r6, lr}
10003a7c:	681a      	ldr	r2, [r3, #0]
10003a7e:	2a00      	cmp	r2, #0
10003a80:	d028      	beq.n	10003ad4 <timer_task+0x5c>
10003a82:	f3ef 8110 	mrs	r1, PRIMASK
10003a86:	b672      	cpsid	i
10003a88:	e8d2 4fcf 	ldaexb	r4, [r2]
10003a8c:	2001      	movs	r0, #1
10003a8e:	2c00      	cmp	r4, #0
10003a90:	d1fa      	bne.n	10003a88 <timer_task+0x10>
10003a92:	e8c2 0f44 	strexb	r4, r0, [r2]
10003a96:	2c00      	cmp	r4, #0
10003a98:	d1f6      	bne.n	10003a88 <timer_task+0x10>
10003a9a:	f3bf 8f5f 	dmb	sy
10003a9e:	2200      	movs	r2, #0
10003aa0:	4c0f      	ldr	r4, [pc, #60]	@ (10003ae0 <timer_task+0x68>)
10003aa2:	6818      	ldr	r0, [r3, #0]
10003aa4:	6059      	str	r1, [r3, #4]
10003aa6:	7022      	strb	r2, [r4, #0]
10003aa8:	e8c0 2f8f 	stlb	r2, [r0]
10003aac:	f381 8810 	msr	PRIMASK, r1
10003ab0:	2400      	movs	r4, #0
10003ab2:	2500      	movs	r5, #0
10003ab4:	4e0b      	ldr	r6, [pc, #44]	@ (10003ae4 <timer_task+0x6c>)
10003ab6:	7830      	ldrb	r0, [r6, #0]
10003ab8:	f7fc ffac 	bl	10000a14 <irq_is_enabled>
10003abc:	b920      	cbnz	r0, 10003ac8 <timer_task+0x50>
10003abe:	2400      	movs	r4, #0
10003ac0:	2500      	movs	r5, #0
10003ac2:	4620      	mov	r0, r4
10003ac4:	4629      	mov	r1, r5
10003ac6:	bd70      	pop	{r4, r5, r6, pc}
10003ac8:	7830      	ldrb	r0, [r6, #0]
10003aca:	f7fc ffb3 	bl	10000a34 <irq_set_pending>
10003ace:	4620      	mov	r0, r4
10003ad0:	4629      	mov	r1, r5
10003ad2:	bd70      	pop	{r4, r5, r6, pc}
10003ad4:	f44f 747a 	mov.w	r4, #1000	@ 0x3e8
10003ad8:	2500      	movs	r5, #0
10003ada:	e7eb      	b.n	10003ab4 <timer_task+0x3c>
10003adc:	20001df8 	.word	0x20001df8
10003ae0:	20001e4b 	.word	0x20001e4b
10003ae4:	20001e4a 	.word	0x20001e4a

10003ae8 <usb_irq>:
10003ae8:	4b01      	ldr	r3, [pc, #4]	@ (10003af0 <usb_irq+0x8>)
10003aea:	7818      	ldrb	r0, [r3, #0]
10003aec:	f7fc bfa2 	b.w	10000a34 <irq_set_pending>
10003af0:	20001e4a 	.word	0x20001e4a

10003af4 <stdio_usb_in_chars>:
10003af4:	b538      	push	{r3, r4, r5, lr}
10003af6:	4604      	mov	r4, r0
10003af8:	2000      	movs	r0, #0
10003afa:	460d      	mov	r5, r1
10003afc:	f001 fb04 	bl	10005108 <tud_cdc_n_connected>
10003b00:	b3a8      	cbz	r0, 10003b6e <stdio_usb_in_chars+0x7a>
10003b02:	2000      	movs	r0, #0
10003b04:	f001 fb16 	bl	10005134 <tud_cdc_n_available>
10003b08:	b388      	cbz	r0, 10003b6e <stdio_usb_in_chars+0x7a>
10003b0a:	f7fd fdb7 	bl	1000167c <time_us_64>
10003b0e:	f04f 3eff 	mov.w	lr, #4294967295
10003b12:	f06f 4c00 	mvn.w	ip, #2147483648	@ 0x80000000
10003b16:	4a17      	ldr	r2, [pc, #92]	@ (10003b74 <stdio_usb_in_chars+0x80>)
10003b18:	1882      	adds	r2, r0, r2
10003b1a:	f141 0300 	adc.w	r3, r1, #0
10003b1e:	4596      	cmp	lr, r2
10003b20:	eb7c 0103 	sbcs.w	r1, ip, r3
10003b24:	bf3c      	itt	cc
10003b26:	4672      	movcc	r2, lr
10003b28:	4663      	movcc	r3, ip
10003b2a:	4813      	ldr	r0, [pc, #76]	@ (10003b78 <stdio_usb_in_chars+0x84>)
10003b2c:	f002 fbac 	bl	10006288 <__mutex_try_enter_block_until_veneer>
10003b30:	b1e8      	cbz	r0, 10003b6e <stdio_usb_in_chars+0x7a>
10003b32:	2000      	movs	r0, #0
10003b34:	f001 fae8 	bl	10005108 <tud_cdc_n_connected>
10003b38:	b958      	cbnz	r0, 10003b52 <stdio_usb_in_chars+0x5e>
10003b3a:	2100      	movs	r1, #0
10003b3c:	f04f 30ff 	mov.w	r0, #4294967295
10003b40:	f000 fd0a 	bl	10004558 <tud_task_ext>
10003b44:	f06f 0402 	mvn.w	r4, #2
10003b48:	480b      	ldr	r0, [pc, #44]	@ (10003b78 <stdio_usb_in_chars+0x84>)
10003b4a:	f002 fb95 	bl	10006278 <__mutex_exit_veneer>
10003b4e:	4620      	mov	r0, r4
10003b50:	bd38      	pop	{r3, r4, r5, pc}
10003b52:	2000      	movs	r0, #0
10003b54:	f001 faee 	bl	10005134 <tud_cdc_n_available>
10003b58:	2800      	cmp	r0, #0
10003b5a:	d0ee      	beq.n	10003b3a <stdio_usb_in_chars+0x46>
10003b5c:	4621      	mov	r1, r4
10003b5e:	462a      	mov	r2, r5
10003b60:	2000      	movs	r0, #0
10003b62:	f001 faf1 	bl	10005148 <tud_cdc_n_read>
10003b66:	4604      	mov	r4, r0
10003b68:	2800      	cmp	r0, #0
10003b6a:	d1ed      	bne.n	10003b48 <stdio_usb_in_chars+0x54>
10003b6c:	e7ea      	b.n	10003b44 <stdio_usb_in_chars+0x50>
10003b6e:	f06f 0402 	mvn.w	r4, #2
10003b72:	e7ec      	b.n	10003b4e <stdio_usb_in_chars+0x5a>
10003b74:	000f4240 	.word	0x000f4240
10003b78:	20001e2c 	.word	0x20001e2c

10003b7c <stdio_usb_out_flush>:
10003b7c:	b508      	push	{r3, lr}
10003b7e:	f7fd fd7d 	bl	1000167c <time_us_64>
10003b82:	f04f 3eff 	mov.w	lr, #4294967295
10003b86:	f06f 4c00 	mvn.w	ip, #2147483648	@ 0x80000000
10003b8a:	4a0f      	ldr	r2, [pc, #60]	@ (10003bc8 <stdio_usb_out_flush+0x4c>)
10003b8c:	1882      	adds	r2, r0, r2
10003b8e:	f141 0300 	adc.w	r3, r1, #0
10003b92:	4596      	cmp	lr, r2
10003b94:	eb7c 0103 	sbcs.w	r1, ip, r3
10003b98:	bf3c      	itt	cc
10003b9a:	4672      	movcc	r2, lr
10003b9c:	4663      	movcc	r3, ip
10003b9e:	480b      	ldr	r0, [pc, #44]	@ (10003bcc <stdio_usb_out_flush+0x50>)
10003ba0:	f002 fb72 	bl	10006288 <__mutex_try_enter_block_until_veneer>
10003ba4:	b170      	cbz	r0, 10003bc4 <stdio_usb_out_flush+0x48>
10003ba6:	f04f 30ff 	mov.w	r0, #4294967295
10003baa:	2100      	movs	r1, #0
10003bac:	f000 fcd4 	bl	10004558 <tud_task_ext>
10003bb0:	2000      	movs	r0, #0
10003bb2:	f001 fb11 	bl	100051d8 <tud_cdc_n_write_flush>
10003bb6:	2800      	cmp	r0, #0
10003bb8:	d1f5      	bne.n	10003ba6 <stdio_usb_out_flush+0x2a>
10003bba:	e8bd 4008 	ldmia.w	sp!, {r3, lr}
10003bbe:	4803      	ldr	r0, [pc, #12]	@ (10003bcc <stdio_usb_out_flush+0x50>)
10003bc0:	f002 bb5a 	b.w	10006278 <__mutex_exit_veneer>
10003bc4:	bd08      	pop	{r3, pc}
10003bc6:	bf00      	nop
10003bc8:	000f4240 	.word	0x000f4240
10003bcc:	20001e2c 	.word	0x20001e2c

10003bd0 <stdio_usb_out_chars>:
10003bd0:	e92d 43f8 	stmdb	sp!, {r3, r4, r5, r6, r7, r8, r9, lr}
10003bd4:	4680      	mov	r8, r0
10003bd6:	460f      	mov	r7, r1
10003bd8:	f7fd fd50 	bl	1000167c <time_us_64>
10003bdc:	f04f 35ff 	mov.w	r5, #4294967295
10003be0:	f06f 4400 	mvn.w	r4, #2147483648	@ 0x80000000
10003be4:	4a33      	ldr	r2, [pc, #204]	@ (10003cb4 <stdio_usb_out_chars+0xe4>)
10003be6:	1882      	adds	r2, r0, r2
10003be8:	f141 0300 	adc.w	r3, r1, #0
10003bec:	4295      	cmp	r5, r2
10003bee:	eb74 0103 	sbcs.w	r1, r4, r3
10003bf2:	bf3c      	itt	cc
10003bf4:	462a      	movcc	r2, r5
10003bf6:	4623      	movcc	r3, r4
10003bf8:	482f      	ldr	r0, [pc, #188]	@ (10003cb8 <stdio_usb_out_chars+0xe8>)
10003bfa:	f002 fb45 	bl	10006288 <__mutex_try_enter_block_until_veneer>
10003bfe:	b908      	cbnz	r0, 10003c04 <stdio_usb_out_chars+0x34>
10003c00:	e8bd 83f8 	ldmia.w	sp!, {r3, r4, r5, r6, r7, r8, r9, pc}
10003c04:	2000      	movs	r0, #0
10003c06:	f001 fa7f 	bl	10005108 <tud_cdc_n_connected>
10003c0a:	2800      	cmp	r0, #0
10003c0c:	d047      	beq.n	10003c9e <stdio_usb_out_chars+0xce>
10003c0e:	2f00      	cmp	r7, #0
10003c10:	dd40      	ble.n	10003c94 <stdio_usb_out_chars+0xc4>
10003c12:	2500      	movs	r5, #0
10003c14:	f8df 90a8 	ldr.w	r9, [pc, #168]	@ 10003cc0 <stdio_usb_out_chars+0xf0>
10003c18:	4e28      	ldr	r6, [pc, #160]	@ (10003cbc <stdio_usb_out_chars+0xec>)
10003c1a:	e013      	b.n	10003c44 <stdio_usb_out_chars+0x74>
10003c1c:	4622      	mov	r2, r4
10003c1e:	2000      	movs	r0, #0
10003c20:	f001 fb20 	bl	10005264 <tud_cdc_n_write>
10003c24:	2100      	movs	r1, #0
10003c26:	4604      	mov	r4, r0
10003c28:	f04f 30ff 	mov.w	r0, #4294967295
10003c2c:	f000 fc94 	bl	10004558 <tud_task_ext>
10003c30:	2000      	movs	r0, #0
10003c32:	f001 fad1 	bl	100051d8 <tud_cdc_n_write_flush>
10003c36:	f7fd fd21 	bl	1000167c <time_us_64>
10003c3a:	e9c9 0100 	strd	r0, r1, [r9]
10003c3e:	4425      	add	r5, r4
10003c40:	42af      	cmp	r7, r5
10003c42:	dd27      	ble.n	10003c94 <stdio_usb_out_chars+0xc4>
10003c44:	2000      	movs	r0, #0
10003c46:	f001 fb2d 	bl	100052a4 <tud_cdc_n_write_available>
10003c4a:	1b7c      	subs	r4, r7, r5
10003c4c:	4284      	cmp	r4, r0
10003c4e:	bfa8      	it	ge
10003c50:	4604      	movge	r4, r0
10003c52:	eb08 0105 	add.w	r1, r8, r5
10003c56:	2c00      	cmp	r4, #0
10003c58:	d1e0      	bne.n	10003c1c <stdio_usb_out_chars+0x4c>
10003c5a:	4621      	mov	r1, r4
10003c5c:	f04f 30ff 	mov.w	r0, #4294967295
10003c60:	f000 fc7a 	bl	10004558 <tud_task_ext>
10003c64:	4620      	mov	r0, r4
10003c66:	f001 fab7 	bl	100051d8 <tud_cdc_n_write_flush>
10003c6a:	4620      	mov	r0, r4
10003c6c:	f001 fa4c 	bl	10005108 <tud_cdc_n_connected>
10003c70:	b180      	cbz	r0, 10003c94 <stdio_usb_out_chars+0xc4>
10003c72:	4620      	mov	r0, r4
10003c74:	f001 fb16 	bl	100052a4 <tud_cdc_n_write_available>
10003c78:	2800      	cmp	r0, #0
10003c7a:	d1e1      	bne.n	10003c40 <stdio_usb_out_chars+0x70>
10003c7c:	f7fd fcfe 	bl	1000167c <time_us_64>
10003c80:	f8d9 3000 	ldr.w	r3, [r9]
10003c84:	f8d9 2004 	ldr.w	r2, [r9, #4]
10003c88:	199b      	adds	r3, r3, r6
10003c8a:	f142 0200 	adc.w	r2, r2, #0
10003c8e:	4283      	cmp	r3, r0
10003c90:	418a      	sbcs	r2, r1
10003c92:	d2d5      	bcs.n	10003c40 <stdio_usb_out_chars+0x70>
10003c94:	4808      	ldr	r0, [pc, #32]	@ (10003cb8 <stdio_usb_out_chars+0xe8>)
10003c96:	e8bd 43f8 	ldmia.w	sp!, {r3, r4, r5, r6, r7, r8, r9, lr}
10003c9a:	f002 baed 	b.w	10006278 <__mutex_exit_veneer>
10003c9e:	2000      	movs	r0, #0
10003ca0:	2100      	movs	r1, #0
10003ca2:	4b07      	ldr	r3, [pc, #28]	@ (10003cc0 <stdio_usb_out_chars+0xf0>)
10003ca4:	e9c3 0100 	strd	r0, r1, [r3]
10003ca8:	e8bd 43f8 	ldmia.w	sp!, {r3, r4, r5, r6, r7, r8, r9, lr}
10003cac:	4802      	ldr	r0, [pc, #8]	@ (10003cb8 <stdio_usb_out_chars+0xe8>)
10003cae:	f002 bae3 	b.w	10006278 <__mutex_exit_veneer>
10003cb2:	bf00      	nop
10003cb4:	000f4240 	.word	0x000f4240
10003cb8:	20001e2c 	.word	0x20001e2c
10003cbc:	0007a120 	.word	0x0007a120
10003cc0:	200013a8 	.word	0x200013a8

10003cc4 <low_priority_worker_irq>:
10003cc4:	b530      	push	{r4, r5, lr}
10003cc6:	2100      	movs	r1, #0
10003cc8:	b085      	sub	sp, #20
10003cca:	482e      	ldr	r0, [pc, #184]	@ (10003d84 <low_priority_worker_irq+0xc0>)
10003ccc:	f002 fae4 	bl	10006298 <__mutex_try_enter_veneer>
10003cd0:	b9f0      	cbnz	r0, 10003d10 <low_priority_worker_irq+0x4c>
10003cd2:	4b2d      	ldr	r3, [pc, #180]	@ (10003d88 <low_priority_worker_irq+0xc4>)
10003cd4:	681a      	ldr	r2, [r3, #0]
10003cd6:	b1ca      	cbz	r2, 10003d0c <low_priority_worker_irq+0x48>
10003cd8:	f3ef 8110 	mrs	r1, PRIMASK
10003cdc:	b672      	cpsid	i
10003cde:	e8d2 5fcf 	ldaexb	r5, [r2]
10003ce2:	2401      	movs	r4, #1
10003ce4:	2d00      	cmp	r5, #0
10003ce6:	d1fa      	bne.n	10003cde <low_priority_worker_irq+0x1a>
10003ce8:	e8c2 4f45 	strexb	r5, r4, [r2]
10003cec:	2d00      	cmp	r5, #0
10003cee:	d1f6      	bne.n	10003cde <low_priority_worker_irq+0x1a>
10003cf0:	f3bf 8f5f 	dmb	sy
10003cf4:	4c25      	ldr	r4, [pc, #148]	@ (10003d8c <low_priority_worker_irq+0xc8>)
10003cf6:	681d      	ldr	r5, [r3, #0]
10003cf8:	7822      	ldrb	r2, [r4, #0]
10003cfa:	6059      	str	r1, [r3, #4]
10003cfc:	b2d3      	uxtb	r3, r2
10003cfe:	2201      	movs	r2, #1
10003d00:	7022      	strb	r2, [r4, #0]
10003d02:	e8c5 0f8f 	stlb	r0, [r5]
10003d06:	f381 8810 	msr	PRIMASK, r1
10003d0a:	b1cb      	cbz	r3, 10003d40 <low_priority_worker_irq+0x7c>
10003d0c:	b005      	add	sp, #20
10003d0e:	bd30      	pop	{r4, r5, pc}
10003d10:	2100      	movs	r1, #0
10003d12:	f04f 30ff 	mov.w	r0, #4294967295
10003d16:	f000 fc1f 	bl	10004558 <tud_task_ext>
10003d1a:	2000      	movs	r0, #0
10003d1c:	f001 fa0a 	bl	10005134 <tud_cdc_n_available>
10003d20:	4604      	mov	r4, r0
10003d22:	4818      	ldr	r0, [pc, #96]	@ (10003d84 <low_priority_worker_irq+0xc0>)
10003d24:	f002 faa8 	bl	10006278 <__mutex_exit_veneer>
10003d28:	2c00      	cmp	r4, #0
10003d2a:	d0ef      	beq.n	10003d0c <low_priority_worker_irq+0x48>
10003d2c:	4b18      	ldr	r3, [pc, #96]	@ (10003d90 <low_priority_worker_irq+0xcc>)
10003d2e:	681b      	ldr	r3, [r3, #0]
10003d30:	2b00      	cmp	r3, #0
10003d32:	d0eb      	beq.n	10003d0c <low_priority_worker_irq+0x48>
10003d34:	4a17      	ldr	r2, [pc, #92]	@ (10003d94 <low_priority_worker_irq+0xd0>)
10003d36:	6810      	ldr	r0, [r2, #0]
10003d38:	b005      	add	sp, #20
10003d3a:	e8bd 4030 	ldmia.w	sp!, {r4, r5, lr}
10003d3e:	4718      	bx	r3
10003d40:	f7fd fa92 	bl	10001268 <alarm_pool_get_default>
10003d44:	4604      	mov	r4, r0
10003d46:	f7fd fc99 	bl	1000167c <time_us_64>
10003d4a:	f04f 3cff 	mov.w	ip, #4294967295
10003d4e:	f06f 4500 	mvn.w	r5, #2147483648	@ 0x80000000
10003d52:	f510 727a 	adds.w	r2, r0, #1000	@ 0x3e8
10003d56:	f141 0300 	adc.w	r3, r1, #0
10003d5a:	4594      	cmp	ip, r2
10003d5c:	eb75 0103 	sbcs.w	r1, r5, r3
10003d60:	bf38      	it	cc
10003d62:	462b      	movcc	r3, r5
10003d64:	f04f 0100 	mov.w	r1, #0
10003d68:	f04f 0501 	mov.w	r5, #1
10003d6c:	4620      	mov	r0, r4
10003d6e:	4c0a      	ldr	r4, [pc, #40]	@ (10003d98 <low_priority_worker_irq+0xd4>)
10003d70:	bf38      	it	cc
10003d72:	4662      	movcc	r2, ip
10003d74:	e9cd 1501 	strd	r1, r5, [sp, #4]
10003d78:	9400      	str	r4, [sp, #0]
10003d7a:	f7fd fa79 	bl	10001270 <alarm_pool_add_alarm_at>
10003d7e:	b005      	add	sp, #20
10003d80:	bd30      	pop	{r4, r5, pc}
10003d82:	bf00      	nop
10003d84:	20001e2c 	.word	0x20001e2c
10003d88:	20001df8 	.word	0x20001df8
10003d8c:	20001e4b 	.word	0x20001e4b
10003d90:	20001968 	.word	0x20001968
10003d94:	2000196c 	.word	0x2000196c
10003d98:	10003a79 	.word	0x10003a79

10003d9c <stdio_usb_init>:
10003d9c:	f04f 4350 	mov.w	r3, #3489660928	@ 0xd0000000
10003da0:	b530      	push	{r4, r5, lr}
10003da2:	b085      	sub	sp, #20
10003da4:	681c      	ldr	r4, [r3, #0]
10003da6:	f7fd fa5f 	bl	10001268 <alarm_pool_get_default>
10003daa:	f7fd fb73 	bl	10001494 <alarm_pool_core_num>
10003dae:	42a0      	cmp	r0, r4
10003db0:	d002      	beq.n	10003db8 <stdio_usb_init+0x1c>
10003db2:	2000      	movs	r0, #0
10003db4:	b005      	add	sp, #20
10003db6:	bd30      	pop	{r4, r5, pc}
10003db8:	2100      	movs	r1, #0
10003dba:	4b2a      	ldr	r3, [pc, #168]	@ (10003e64 <stdio_usb_init+0xc8>)
10003dbc:	4608      	mov	r0, r1
10003dbe:	781b      	ldrb	r3, [r3, #0]
10003dc0:	f001 fd38 	bl	10005834 <tusb_rhport_init>
10003dc4:	4828      	ldr	r0, [pc, #160]	@ (10003e68 <stdio_usb_init+0xcc>)
10003dc6:	6803      	ldr	r3, [r0, #0]
10003dc8:	2b00      	cmp	r3, #0
10003dca:	d047      	beq.n	10003e5c <stdio_usb_init+0xc0>
10003dcc:	2001      	movs	r0, #1
10003dce:	f7fc ffcf 	bl	10000d70 <user_irq_claim_unused>
10003dd2:	4603      	mov	r3, r0
10003dd4:	4c25      	ldr	r4, [pc, #148]	@ (10003e6c <stdio_usb_init+0xd0>)
10003dd6:	4926      	ldr	r1, [pc, #152]	@ (10003e70 <stdio_usb_init+0xd4>)
10003dd8:	b2c0      	uxtb	r0, r0
10003dda:	7023      	strb	r3, [r4, #0]
10003ddc:	f7fc fe46 	bl	10000a6c <irq_set_exclusive_handler>
10003de0:	7820      	ldrb	r0, [r4, #0]
10003de2:	2101      	movs	r1, #1
10003de4:	f7fc fe00 	bl	100009e8 <irq_set_enabled>
10003de8:	200e      	movs	r0, #14
10003dea:	f7fc fe2f 	bl	10000a4c <irq_has_shared_handler>
10003dee:	bb40      	cbnz	r0, 10003e42 <stdio_usb_init+0xa6>
10003df0:	4b20      	ldr	r3, [pc, #128]	@ (10003e74 <stdio_usb_init+0xd8>)
10003df2:	2501      	movs	r5, #1
10003df4:	e9c3 0000 	strd	r0, r0, [r3]
10003df8:	f7fd fa36 	bl	10001268 <alarm_pool_get_default>
10003dfc:	4604      	mov	r4, r0
10003dfe:	f7fd fc3d 	bl	1000167c <time_us_64>
10003e02:	f04f 3eff 	mov.w	lr, #4294967295
10003e06:	f06f 4c00 	mvn.w	ip, #2147483648	@ 0x80000000
10003e0a:	f510 727a 	adds.w	r2, r0, #1000	@ 0x3e8
10003e0e:	f141 0300 	adc.w	r3, r1, #0
10003e12:	4596      	cmp	lr, r2
10003e14:	eb7c 0103 	sbcs.w	r1, ip, r3
10003e18:	f04f 0100 	mov.w	r1, #0
10003e1c:	4620      	mov	r0, r4
10003e1e:	4c16      	ldr	r4, [pc, #88]	@ (10003e78 <stdio_usb_init+0xdc>)
10003e20:	bf3c      	itt	cc
10003e22:	4672      	movcc	r2, lr
10003e24:	4663      	movcc	r3, ip
10003e26:	e9cd 1501 	strd	r1, r5, [sp, #4]
10003e2a:	9400      	str	r4, [sp, #0]
10003e2c:	f7fd fa20 	bl	10001270 <alarm_pool_add_alarm_at>
10003e30:	2800      	cmp	r0, #0
10003e32:	dbbe      	blt.n	10003db2 <stdio_usb_init+0x16>
10003e34:	2101      	movs	r1, #1
10003e36:	4811      	ldr	r0, [pc, #68]	@ (10003e7c <stdio_usb_init+0xe0>)
10003e38:	f7ff fcbc 	bl	100037b4 <stdio_set_driver_enabled>
10003e3c:	2001      	movs	r0, #1
10003e3e:	b005      	add	sp, #20
10003e40:	bd30      	pop	{r4, r5, pc}
10003e42:	2001      	movs	r0, #1
10003e44:	f7fc fd8c 	bl	10000960 <spin_lock_claim_unused>
10003e48:	4601      	mov	r1, r0
10003e4a:	480a      	ldr	r0, [pc, #40]	@ (10003e74 <stdio_usb_init+0xd8>)
10003e4c:	f7fc ffec 	bl	10000e28 <critical_section_init_with_lock_num>
10003e50:	2200      	movs	r2, #0
10003e52:	200e      	movs	r0, #14
10003e54:	490a      	ldr	r1, [pc, #40]	@ (10003e80 <stdio_usb_init+0xe4>)
10003e56:	f7fc fe39 	bl	10000acc <irq_add_shared_handler>
10003e5a:	e7eb      	b.n	10003e34 <stdio_usb_init+0x98>
10003e5c:	f7fc ffc8 	bl	10000df0 <mutex_init>
10003e60:	e7b4      	b.n	10003dcc <stdio_usb_init+0x30>
10003e62:	bf00      	nop
10003e64:	100067e8 	.word	0x100067e8
10003e68:	20001e2c 	.word	0x20001e2c
10003e6c:	20001e4a 	.word	0x20001e4a
10003e70:	10003cc5 	.word	0x10003cc5
10003e74:	20001df8 	.word	0x20001df8
10003e78:	10003a79 	.word	0x10003a79
10003e7c:	200011e4 	.word	0x200011e4
10003e80:	10003ae9 	.word	0x10003ae9

10003e84 <tud_descriptor_device_cb>:
10003e84:	4800      	ldr	r0, [pc, #0]	@ (10003e88 <tud_descriptor_device_cb+0x4>)
10003e86:	4770      	bx	lr
10003e88:	10006770 	.word	0x10006770

10003e8c <tud_descriptor_configuration_cb>:
10003e8c:	4800      	ldr	r0, [pc, #0]	@ (10003e90 <tud_descriptor_configuration_cb+0x4>)
10003e8e:	4770      	bx	lr
10003e90:	1000671c 	.word	0x1000671c

10003e94 <tud_descriptor_string_cb>:
10003e94:	b538      	push	{r3, r4, r5, lr}
10003e96:	4b18      	ldr	r3, [pc, #96]	@ (10003ef8 <tud_descriptor_string_cb+0x64>)
10003e98:	4604      	mov	r4, r0
10003e9a:	781a      	ldrb	r2, [r3, #0]
10003e9c:	b30a      	cbz	r2, 10003ee2 <tud_descriptor_string_cb+0x4e>
10003e9e:	b944      	cbnz	r4, 10003eb2 <tud_descriptor_string_cb+0x1e>
10003ea0:	f240 4209 	movw	r2, #1033	@ 0x409
10003ea4:	f44f 7341 	mov.w	r3, #772	@ 0x304
10003ea8:	4d14      	ldr	r5, [pc, #80]	@ (10003efc <tud_descriptor_string_cb+0x68>)
10003eaa:	806a      	strh	r2, [r5, #2]
10003eac:	4813      	ldr	r0, [pc, #76]	@ (10003efc <tud_descriptor_string_cb+0x68>)
10003eae:	802b      	strh	r3, [r5, #0]
10003eb0:	bd38      	pop	{r3, r4, r5, pc}
10003eb2:	2c05      	cmp	r4, #5
10003eb4:	d81d      	bhi.n	10003ef2 <tud_descriptor_string_cb+0x5e>
10003eb6:	4b12      	ldr	r3, [pc, #72]	@ (10003f00 <tud_descriptor_string_cb+0x6c>)
10003eb8:	4d10      	ldr	r5, [pc, #64]	@ (10003efc <tud_descriptor_string_cb+0x68>)
10003eba:	f853 1024 	ldr.w	r1, [r3, r4, lsl #2]
10003ebe:	4628      	mov	r0, r5
10003ec0:	2300      	movs	r3, #0
10003ec2:	3901      	subs	r1, #1
10003ec4:	e003      	b.n	10003ece <tud_descriptor_string_cb+0x3a>
10003ec6:	2b13      	cmp	r3, #19
10003ec8:	f820 2f02 	strh.w	r2, [r0, #2]!
10003ecc:	d00e      	beq.n	10003eec <tud_descriptor_string_cb+0x58>
10003ece:	f811 2f01 	ldrb.w	r2, [r1, #1]!
10003ed2:	3301      	adds	r3, #1
10003ed4:	b2db      	uxtb	r3, r3
10003ed6:	2a00      	cmp	r2, #0
10003ed8:	d1f5      	bne.n	10003ec6 <tud_descriptor_string_cb+0x32>
10003eda:	005b      	lsls	r3, r3, #1
10003edc:	f443 7340 	orr.w	r3, r3, #768	@ 0x300
10003ee0:	e7e4      	b.n	10003eac <tud_descriptor_string_cb+0x18>
10003ee2:	2111      	movs	r1, #17
10003ee4:	4618      	mov	r0, r3
10003ee6:	f000 f825 	bl	10003f34 <pico_get_unique_board_id_string>
10003eea:	e7d8      	b.n	10003e9e <tud_descriptor_string_cb+0xa>
10003eec:	f44f 734a 	mov.w	r3, #808	@ 0x328
10003ef0:	e7dc      	b.n	10003eac <tud_descriptor_string_cb+0x18>
10003ef2:	2000      	movs	r0, #0
10003ef4:	bd38      	pop	{r3, r4, r5, pc}
10003ef6:	bf00      	nop
10003ef8:	20001e34 	.word	0x20001e34
10003efc:	200019a0 	.word	0x200019a0
10003f00:	10006704 	.word	0x10006704

10003f04 <_retrieve_unique_id_on_boot>:
10003f04:	b500      	push	{lr}
10003f06:	f245 3047 	movw	r0, #21319	@ 0x5347
10003f0a:	b08b      	sub	sp, #44	@ 0x2c
10003f0c:	f7fd fcf8 	bl	10001900 <rom_func_lookup>
10003f10:	2201      	movs	r2, #1
10003f12:	4603      	mov	r3, r0
10003f14:	2109      	movs	r1, #9
10003f16:	a801      	add	r0, sp, #4
10003f18:	4798      	blx	r3
10003f1a:	e9dd 3203 	ldrd	r3, r2, [sp, #12]
10003f1e:	4904      	ldr	r1, [pc, #16]	@ (10003f30 <_retrieve_unique_id_on_boot+0x2c>)
10003f20:	ba12      	rev	r2, r2
10003f22:	ba1b      	rev	r3, r3
10003f24:	e9c1 2300 	strd	r2, r3, [r1]
10003f28:	b00b      	add	sp, #44	@ 0x2c
10003f2a:	f85d fb04 	ldr.w	pc, [sp], #4
10003f2e:	bf00      	nop
10003f30:	20001e20 	.word	0x20001e20

10003f34 <pico_get_unique_board_id_string>:
10003f34:	2901      	cmp	r1, #1
10003f36:	f101 33ff 	add.w	r3, r1, #4294967295
10003f3a:	f000 80b3 	beq.w	100040a4 <pico_get_unique_board_id_string+0x170>
10003f3e:	495d      	ldr	r1, [pc, #372]	@ (100040b4 <pico_get_unique_board_id_string+0x180>)
10003f40:	780a      	ldrb	r2, [r1, #0]
10003f42:	ea4f 1c12 	mov.w	ip, r2, lsr #4
10003f46:	2a9f      	cmp	r2, #159	@ 0x9f
10003f48:	bf8c      	ite	hi
10003f4a:	f10c 0c37 	addhi.w	ip, ip, #55	@ 0x37
10003f4e:	f10c 0c30 	addls.w	ip, ip, #48	@ 0x30
10003f52:	2b01      	cmp	r3, #1
10003f54:	f880 c000 	strb.w	ip, [r0]
10003f58:	f000 80a7 	beq.w	100040aa <pico_get_unique_board_id_string+0x176>
10003f5c:	f002 020f 	and.w	r2, r2, #15
10003f60:	2a09      	cmp	r2, #9
10003f62:	bf8c      	ite	hi
10003f64:	3237      	addhi	r2, #55	@ 0x37
10003f66:	3230      	addls	r2, #48	@ 0x30
10003f68:	2b02      	cmp	r3, #2
10003f6a:	7042      	strb	r2, [r0, #1]
10003f6c:	f000 809d 	beq.w	100040aa <pico_get_unique_board_id_string+0x176>
10003f70:	784a      	ldrb	r2, [r1, #1]
10003f72:	ea4f 1c12 	mov.w	ip, r2, lsr #4
10003f76:	2a9f      	cmp	r2, #159	@ 0x9f
10003f78:	bf8c      	ite	hi
10003f7a:	f10c 0c37 	addhi.w	ip, ip, #55	@ 0x37
10003f7e:	f10c 0c30 	addls.w	ip, ip, #48	@ 0x30
10003f82:	2b03      	cmp	r3, #3
10003f84:	f880 c002 	strb.w	ip, [r0, #2]
10003f88:	f000 808f 	beq.w	100040aa <pico_get_unique_board_id_string+0x176>
10003f8c:	f002 020f 	and.w	r2, r2, #15
10003f90:	2a09      	cmp	r2, #9
10003f92:	bf8c      	ite	hi
10003f94:	3237      	addhi	r2, #55	@ 0x37
10003f96:	3230      	addls	r2, #48	@ 0x30
10003f98:	2b04      	cmp	r3, #4
10003f9a:	70c2      	strb	r2, [r0, #3]
10003f9c:	f000 8085 	beq.w	100040aa <pico_get_unique_board_id_string+0x176>
10003fa0:	788a      	ldrb	r2, [r1, #2]
10003fa2:	ea4f 1c12 	mov.w	ip, r2, lsr #4
10003fa6:	2a9f      	cmp	r2, #159	@ 0x9f
10003fa8:	bf8c      	ite	hi
10003faa:	f10c 0c37 	addhi.w	ip, ip, #55	@ 0x37
10003fae:	f10c 0c30 	addls.w	ip, ip, #48	@ 0x30
10003fb2:	2b05      	cmp	r3, #5
10003fb4:	f880 c004 	strb.w	ip, [r0, #4]
10003fb8:	d077      	beq.n	100040aa <pico_get_unique_board_id_string+0x176>
10003fba:	f002 020f 	and.w	r2, r2, #15
10003fbe:	2a09      	cmp	r2, #9
10003fc0:	bf8c      	ite	hi
10003fc2:	3237      	addhi	r2, #55	@ 0x37
10003fc4:	3230      	addls	r2, #48	@ 0x30
10003fc6:	2b06      	cmp	r3, #6
10003fc8:	7142      	strb	r2, [r0, #5]
10003fca:	d06e      	beq.n	100040aa <pico_get_unique_board_id_string+0x176>
10003fcc:	78ca      	ldrb	r2, [r1, #3]
10003fce:	ea4f 1c12 	mov.w	ip, r2, lsr #4
10003fd2:	2a9f      	cmp	r2, #159	@ 0x9f
10003fd4:	bf8c      	ite	hi
10003fd6:	f10c 0c37 	addhi.w	ip, ip, #55	@ 0x37
10003fda:	f10c 0c30 	addls.w	ip, ip, #48	@ 0x30
10003fde:	2b07      	cmp	r3, #7
10003fe0:	f880 c006 	strb.w	ip, [r0, #6]
10003fe4:	d061      	beq.n	100040aa <pico_get_unique_board_id_string+0x176>
10003fe6:	f002 020f 	and.w	r2, r2, #15
10003fea:	2a09      	cmp	r2, #9
10003fec:	bf8c      	ite	hi
10003fee:	3237      	addhi	r2, #55	@ 0x37
10003ff0:	3230      	addls	r2, #48	@ 0x30
10003ff2:	2b08      	cmp	r3, #8
10003ff4:	71c2      	strb	r2, [r0, #7]
10003ff6:	d058      	beq.n	100040aa <pico_get_unique_board_id_string+0x176>
10003ff8:	790a      	ldrb	r2, [r1, #4]
10003ffa:	ea4f 1c12 	mov.w	ip, r2, lsr #4
10003ffe:	2a9f      	cmp	r2, #159	@ 0x9f
10004000:	bf8c      	ite	hi
10004002:	f10c 0c37 	addhi.w	ip, ip, #55	@ 0x37
10004006:	f10c 0c30 	addls.w	ip, ip, #48	@ 0x30
1000400a:	2b09      	cmp	r3, #9
1000400c:	f880 c008 	strb.w	ip, [r0, #8]
10004010:	d04b      	beq.n	100040aa <pico_get_unique_board_id_string+0x176>
10004012:	f002 020f 	and.w	r2, r2, #15
10004016:	2a09      	cmp	r2, #9
10004018:	bf8c      	ite	hi
1000401a:	3237      	addhi	r2, #55	@ 0x37
1000401c:	3230      	addls	r2, #48	@ 0x30
1000401e:	2b0a      	cmp	r3, #10
10004020:	7242      	strb	r2, [r0, #9]
10004022:	d042      	beq.n	100040aa <pico_get_unique_board_id_string+0x176>
10004024:	794a      	ldrb	r2, [r1, #5]
10004026:	ea4f 1c12 	mov.w	ip, r2, lsr #4
1000402a:	2a9f      	cmp	r2, #159	@ 0x9f
1000402c:	bf8c      	ite	hi
1000402e:	f10c 0c37 	addhi.w	ip, ip, #55	@ 0x37
10004032:	f10c 0c30 	addls.w	ip, ip, #48	@ 0x30
10004036:	2b0b      	cmp	r3, #11
10004038:	f880 c00a 	strb.w	ip, [r0, #10]
1000403c:	d035      	beq.n	100040aa <pico_get_unique_board_id_string+0x176>
1000403e:	f002 020f 	and.w	r2, r2, #15
10004042:	2a09      	cmp	r2, #9
10004044:	bf8c      	ite	hi
10004046:	3237      	addhi	r2, #55	@ 0x37
10004048:	3230      	addls	r2, #48	@ 0x30
1000404a:	2b0c      	cmp	r3, #12
1000404c:	72c2      	strb	r2, [r0, #11]
1000404e:	d02c      	beq.n	100040aa <pico_get_unique_board_id_string+0x176>
10004050:	798a      	ldrb	r2, [r1, #6]
10004052:	ea4f 1c12 	mov.w	ip, r2, lsr #4
10004056:	2a9f      	cmp	r2, #159	@ 0x9f
10004058:	bf8c      	ite	hi
1000405a:	f10c 0c37 	addhi.w	ip, ip, #55	@ 0x37
1000405e:	f10c 0c30 	addls.w	ip, ip, #48	@ 0x30
10004062:	2b0d      	cmp	r3, #13
10004064:	f880 c00c 	strb.w	ip, [r0, #12]
10004068:	d01f      	beq.n	100040aa <pico_get_unique_board_id_string+0x176>
1000406a:	f002 020f 	and.w	r2, r2, #15
1000406e:	2a09      	cmp	r2, #9
10004070:	bf8c      	ite	hi
10004072:	3237      	addhi	r2, #55	@ 0x37
10004074:	3230      	addls	r2, #48	@ 0x30
10004076:	2b0e      	cmp	r3, #14
10004078:	7342      	strb	r2, [r0, #13]
1000407a:	d016      	beq.n	100040aa <pico_get_unique_board_id_string+0x176>
1000407c:	79ca      	ldrb	r2, [r1, #7]
1000407e:	0911      	lsrs	r1, r2, #4
10004080:	2a9f      	cmp	r2, #159	@ 0x9f
10004082:	bf8c      	ite	hi
10004084:	3137      	addhi	r1, #55	@ 0x37
10004086:	3130      	addls	r1, #48	@ 0x30
10004088:	2b0f      	cmp	r3, #15
1000408a:	7381      	strb	r1, [r0, #14]
1000408c:	d00d      	beq.n	100040aa <pico_get_unique_board_id_string+0x176>
1000408e:	f002 020f 	and.w	r2, r2, #15
10004092:	2a09      	cmp	r2, #9
10004094:	bf94      	ite	ls
10004096:	3230      	addls	r2, #48	@ 0x30
10004098:	3237      	addhi	r2, #55	@ 0x37
1000409a:	2b10      	cmp	r3, #16
1000409c:	73c2      	strb	r2, [r0, #15]
1000409e:	bf18      	it	ne
100040a0:	3010      	addne	r0, #16
100040a2:	d002      	beq.n	100040aa <pico_get_unique_board_id_string+0x176>
100040a4:	2300      	movs	r3, #0
100040a6:	7003      	strb	r3, [r0, #0]
100040a8:	4770      	bx	lr
100040aa:	4418      	add	r0, r3
100040ac:	2300      	movs	r3, #0
100040ae:	7003      	strb	r3, [r0, #0]
100040b0:	4770      	bx	lr
100040b2:	bf00      	nop
100040b4:	20001e20 	.word	0x20001e20

100040b8 <dcd_init>:
100040b8:	b570      	push	{r4, r5, r6, lr}
100040ba:	f000 f92d 	bl	10004318 <rp2040_usb_init>
100040be:	230c      	movs	r3, #12
100040c0:	2640      	movs	r6, #64	@ 0x40
100040c2:	4c19      	ldr	r4, [pc, #100]	@ (10004128 <dcd_init+0x70>)
100040c4:	22ff      	movs	r2, #255	@ 0xff
100040c6:	67a3      	str	r3, [r4, #120]	@ 0x78
100040c8:	200e      	movs	r0, #14
100040ca:	4918      	ldr	r1, [pc, #96]	@ (1000412c <dcd_init+0x74>)
100040cc:	f7fc fcfe 	bl	10000acc <irq_add_shared_handler>
100040d0:	4632      	mov	r2, r6
100040d2:	2100      	movs	r1, #0
100040d4:	4816      	ldr	r0, [pc, #88]	@ (10004130 <dcd_init+0x78>)
100040d6:	f001 ffcb 	bl	10006070 <memset>
100040da:	2501      	movs	r5, #1
100040dc:	2300      	movs	r3, #0
100040de:	2180      	movs	r1, #128	@ 0x80
100040e0:	4813      	ldr	r0, [pc, #76]	@ (10004130 <dcd_init+0x78>)
100040e2:	4a14      	ldr	r2, [pc, #80]	@ (10004134 <dcd_init+0x7c>)
100040e4:	8441      	strh	r1, [r0, #34]	@ 0x22
100040e6:	7045      	strb	r5, [r0, #1]
100040e8:	8306      	strh	r6, [r0, #24]
100040ea:	8706      	strh	r6, [r0, #56]	@ 0x38
100040ec:	6082      	str	r2, [r0, #8]
100040ee:	6043      	str	r3, [r0, #4]
100040f0:	6013      	str	r3, [r2, #0]
100040f2:	f842 3c04 	str.w	r3, [r2, #-4]
100040f6:	f880 3021 	strb.w	r3, [r0, #33]	@ 0x21
100040fa:	f880 303b 	strb.w	r3, [r0, #59]	@ 0x3b
100040fe:	6243      	str	r3, [r0, #36]	@ 0x24
10004100:	4b0d      	ldr	r3, [pc, #52]	@ (10004138 <dcd_init+0x80>)
10004102:	f04f 5600 	mov.w	r6, #536870912	@ 0x20000000
10004106:	60c3      	str	r3, [r0, #12]
10004108:	62c3      	str	r3, [r0, #44]	@ 0x2c
1000410a:	3b80      	subs	r3, #128	@ 0x80
1000410c:	6283      	str	r3, [r0, #40]	@ 0x28
1000410e:	f002 f8bf 	bl	10006290 <__reset_non_control_endpoints_veneer>
10004112:	f44f 3280 	mov.w	r2, #65536	@ 0x10000
10004116:	4909      	ldr	r1, [pc, #36]	@ (1000413c <dcd_init+0x84>)
10004118:	4b09      	ldr	r3, [pc, #36]	@ (10004140 <dcd_init+0x88>)
1000411a:	6425      	str	r5, [r4, #64]	@ 0x40
1000411c:	4628      	mov	r0, r5
1000411e:	64e6      	str	r6, [r4, #76]	@ 0x4c
10004120:	f8c4 1090 	str.w	r1, [r4, #144]	@ 0x90
10004124:	64da      	str	r2, [r3, #76]	@ 0x4c
10004126:	bd70      	pop	{r4, r5, r6, pc}
10004128:	50110000 	.word	0x50110000
1000412c:	2000039d 	.word	0x2000039d
10004130:	200019d4 	.word	0x200019d4
10004134:	50100084 	.word	0x50100084
10004138:	50100100 	.word	0x50100100
1000413c:	0001d010 	.word	0x0001d010
10004140:	50112000 	.word	0x50112000

10004144 <dcd_int_enable>:
10004144:	2101      	movs	r1, #1
10004146:	200e      	movs	r0, #14
10004148:	f7fc bc4e 	b.w	100009e8 <irq_set_enabled>

1000414c <dcd_set_address>:
1000414c:	2200      	movs	r2, #0
1000414e:	4802      	ldr	r0, [pc, #8]	@ (10004158 <dcd_set_address+0xc>)
10004150:	4611      	mov	r1, r2
10004152:	f000 b901 	b.w	10004358 <hw_endpoint_xfer_start>
10004156:	bf00      	nop
10004158:	200019f4 	.word	0x200019f4

1000415c <dcd_sof_enable>:
1000415c:	4b04      	ldr	r3, [pc, #16]	@ (10004170 <dcd_sof_enable+0x14>)
1000415e:	7019      	strb	r1, [r3, #0]
10004160:	b121      	cbz	r1, 1000416c <dcd_sof_enable+0x10>
10004162:	f44f 3200 	mov.w	r2, #131072	@ 0x20000
10004166:	4b03      	ldr	r3, [pc, #12]	@ (10004174 <dcd_sof_enable+0x18>)
10004168:	f8c3 2090 	str.w	r2, [r3, #144]	@ 0x90
1000416c:	4770      	bx	lr
1000416e:	bf00      	nop
10004170:	20001e46 	.word	0x20001e46
10004174:	50112000 	.word	0x50112000

10004178 <dcd_edpt0_status_complete>:
10004178:	780b      	ldrb	r3, [r1, #0]
1000417a:	065b      	lsls	r3, r3, #25
1000417c:	d102      	bne.n	10004184 <dcd_edpt0_status_complete+0xc>
1000417e:	784b      	ldrb	r3, [r1, #1]
10004180:	2b05      	cmp	r3, #5
10004182:	d000      	beq.n	10004186 <dcd_edpt0_status_complete+0xe>
10004184:	4770      	bx	lr
10004186:	884b      	ldrh	r3, [r1, #2]
10004188:	4a01      	ldr	r2, [pc, #4]	@ (10004190 <dcd_edpt0_status_complete+0x18>)
1000418a:	b2db      	uxtb	r3, r3
1000418c:	6013      	str	r3, [r2, #0]
1000418e:	4770      	bx	lr
10004190:	50110000 	.word	0x50110000

10004194 <dcd_edpt_open>:
10004194:	78cb      	ldrb	r3, [r1, #3]
10004196:	e92d 41f0 	stmdb	sp!, {r4, r5, r6, r7, r8, lr}
1000419a:	f003 0e03 	and.w	lr, r3, #3
1000419e:	f1be 0f01 	cmp.w	lr, #1
100041a2:	f3c3 0001 	ubfx	r0, r3, #0, #2
100041a6:	d05b      	beq.n	10004260 <dcd_edpt_open+0xcc>
100041a8:	2700      	movs	r7, #0
100041aa:	f891 c002 	ldrb.w	ip, [r1, #2]
100041ae:	4c34      	ldr	r4, [pc, #208]	@ (10004280 <dcd_edpt_open+0xec>)
100041b0:	f00c 027f 	and.w	r2, ip, #127	@ 0x7f
100041b4:	0056      	lsls	r6, r2, #1
100041b6:	8889      	ldrh	r1, [r1, #4]
100041b8:	eb06 13dc 	add.w	r3, r6, ip, lsr #7
100041bc:	eb04 1343 	add.w	r3, r4, r3, lsl #5
100041c0:	ea4f 15dc 	mov.w	r5, ip, lsr #7
100041c4:	76d8      	strb	r0, [r3, #27]
100041c6:	f3c1 010a 	ubfx	r1, r1, #0, #11
100041ca:	f085 0001 	eor.w	r0, r5, #1
100041ce:	f883 c002 	strb.w	ip, [r3, #2]
100041d2:	8319      	strh	r1, [r3, #24]
100041d4:	7058      	strb	r0, [r3, #1]
100041d6:	70df      	strb	r7, [r3, #3]
100041d8:	00d3      	lsls	r3, r2, #3
100041da:	bb8d      	cbnz	r5, 10004240 <dcd_edpt_open+0xac>
100041dc:	4829      	ldr	r0, [pc, #164]	@ (10004284 <dcd_edpt_open+0xf0>)
100041de:	3304      	adds	r3, #4
100041e0:	eb04 1c82 	add.w	ip, r4, r2, lsl #6
100041e4:	eb03 0800 	add.w	r8, r3, r0
100041e8:	f8cc 8008 	str.w	r8, [ip, #8]
100041ec:	501f      	str	r7, [r3, r0]
100041ee:	b382      	cbz	r2, 10004252 <dcd_edpt_open+0xbe>
100041f0:	4b25      	ldr	r3, [pc, #148]	@ (10004288 <dcd_edpt_open+0xf4>)
100041f2:	00d2      	lsls	r2, r2, #3
100041f4:	4413      	add	r3, r2
100041f6:	f8cc 3004 	str.w	r3, [ip, #4]
100041fa:	4b24      	ldr	r3, [pc, #144]	@ (1000428c <dcd_edpt_open+0xf8>)
100041fc:	313f      	adds	r1, #63	@ 0x3f
100041fe:	681a      	ldr	r2, [r3, #0]
10004200:	f021 013f 	bic.w	r1, r1, #63	@ 0x3f
10004204:	f1be 0f02 	cmp.w	lr, #2
10004208:	bf08      	it	eq
1000420a:	0049      	lsleq	r1, r1, #1
1000420c:	4411      	add	r1, r2
1000420e:	6019      	str	r1, [r3, #0]
10004210:	4b1f      	ldr	r3, [pc, #124]	@ (10004290 <dcd_edpt_open+0xfc>)
10004212:	1977      	adds	r7, r6, r5
10004214:	eb04 1747 	add.w	r7, r4, r7, lsl #5
10004218:	4299      	cmp	r1, r3
1000421a:	60fa      	str	r2, [r7, #12]
1000421c:	d82b      	bhi.n	10004276 <dcd_edpt_open+0xe2>
1000421e:	442e      	add	r6, r5
10004220:	eb04 1346 	add.w	r3, r4, r6, lsl #5
10004224:	7ed9      	ldrb	r1, [r3, #27]
10004226:	f082 42a0 	eor.w	r2, r2, #1342177280	@ 0x50000000
1000422a:	f482 1280 	eor.w	r2, r2, #1048576	@ 0x100000
1000422e:	685b      	ldr	r3, [r3, #4]
10004230:	ea42 6281 	orr.w	r2, r2, r1, lsl #26
10004234:	f042 4200 	orr.w	r2, r2, #2147483648	@ 0x80000000
10004238:	601a      	str	r2, [r3, #0]
1000423a:	2001      	movs	r0, #1
1000423c:	e8bd 81f0 	ldmia.w	sp!, {r4, r5, r6, r7, r8, pc}
10004240:	4810      	ldr	r0, [pc, #64]	@ (10004284 <dcd_edpt_open+0xf0>)
10004242:	eb04 1c82 	add.w	ip, r4, r2, lsl #6
10004246:	4403      	add	r3, r0
10004248:	f8cc 3028 	str.w	r3, [ip, #40]	@ 0x28
1000424c:	f840 7032 	str.w	r7, [r0, r2, lsl #3]
10004250:	b94a      	cbnz	r2, 10004266 <dcd_edpt_open+0xd2>
10004252:	2200      	movs	r2, #0
10004254:	490f      	ldr	r1, [pc, #60]	@ (10004294 <dcd_edpt_open+0x100>)
10004256:	eb04 1345 	add.w	r3, r4, r5, lsl #5
1000425a:	60d9      	str	r1, [r3, #12]
1000425c:	605a      	str	r2, [r3, #4]
1000425e:	e7ec      	b.n	1000423a <dcd_edpt_open+0xa6>
10004260:	2000      	movs	r0, #0
10004262:	e8bd 81f0 	ldmia.w	sp!, {r4, r5, r6, r7, r8, pc}
10004266:	00d2      	lsls	r2, r2, #3
10004268:	f102 42a0 	add.w	r2, r2, #1342177280	@ 0x50000000
1000426c:	f502 1280 	add.w	r2, r2, #1048576	@ 0x100000
10004270:	f8cc 2024 	str.w	r2, [ip, #36]	@ 0x24
10004274:	e7c1      	b.n	100041fa <dcd_edpt_open+0x66>
10004276:	f7fd fb8f 	bl	10001998 <hard_assertion_failure>
1000427a:	68fa      	ldr	r2, [r7, #12]
1000427c:	e7cf      	b.n	1000421e <dcd_edpt_open+0x8a>
1000427e:	bf00      	nop
10004280:	200019d4 	.word	0x200019d4
10004284:	50100080 	.word	0x50100080
10004288:	50100004 	.word	0x50100004
1000428c:	20001ddc 	.word	0x20001ddc
10004290:	50100fff 	.word	0x50100fff
10004294:	50100100 	.word	0x50100100

10004298 <dcd_edpt_close_all>:
10004298:	f001 bffa 	b.w	10006290 <__reset_non_control_endpoints_veneer>

1000429c <dcd_edpt_xfer>:
1000429c:	468c      	mov	ip, r1
1000429e:	b508      	push	{r3, lr}
100042a0:	4611      	mov	r1, r2
100042a2:	4807      	ldr	r0, [pc, #28]	@ (100042c0 <dcd_edpt_xfer+0x24>)
100042a4:	461a      	mov	r2, r3
100042a6:	f00c 037f 	and.w	r3, ip, #127	@ 0x7f
100042aa:	ea4f 1cdc 	mov.w	ip, ip, lsr #7
100042ae:	eb0c 0c43 	add.w	ip, ip, r3, lsl #1
100042b2:	eb00 104c 	add.w	r0, r0, ip, lsl #5
100042b6:	f000 f84f 	bl	10004358 <hw_endpoint_xfer_start>
100042ba:	2001      	movs	r0, #1
100042bc:	bd08      	pop	{r3, pc}
100042be:	bf00      	nop
100042c0:	200019d4 	.word	0x200019d4

100042c4 <dcd_edpt_stall>:
100042c4:	f011 027f 	ands.w	r2, r1, #127	@ 0x7f
100042c8:	d105      	bne.n	100042d6 <dcd_edpt_stall+0x12>
100042ca:	2900      	cmp	r1, #0
100042cc:	bf0c      	ite	eq
100042ce:	2002      	moveq	r0, #2
100042d0:	2001      	movne	r0, #1
100042d2:	4b06      	ldr	r3, [pc, #24]	@ (100042ec <dcd_edpt_stall+0x28>)
100042d4:	6698      	str	r0, [r3, #104]	@ 0x68
100042d6:	09c9      	lsrs	r1, r1, #7
100042d8:	4b05      	ldr	r3, [pc, #20]	@ (100042f0 <dcd_edpt_stall+0x2c>)
100042da:	eb01 0042 	add.w	r0, r1, r2, lsl #1
100042de:	eb03 1040 	add.w	r0, r3, r0, lsl #5
100042e2:	f44f 6200 	mov.w	r2, #2048	@ 0x800
100042e6:	2100      	movs	r1, #0
100042e8:	f001 bfca 	b.w	10006280 <___hw_endpoint_buffer_control_update32_veneer>
100042ec:	50112000 	.word	0x50112000
100042f0:	200019d4 	.word	0x200019d4

100042f4 <dcd_edpt_clear_stall>:
100042f4:	f011 037f 	ands.w	r3, r1, #127	@ 0x7f
100042f8:	d100      	bne.n	100042fc <dcd_edpt_clear_stall+0x8>
100042fa:	4770      	bx	lr
100042fc:	2200      	movs	r2, #0
100042fe:	4805      	ldr	r0, [pc, #20]	@ (10004314 <dcd_edpt_clear_stall+0x20>)
10004300:	005b      	lsls	r3, r3, #1
10004302:	eb03 13d1 	add.w	r3, r3, r1, lsr #7
10004306:	eb00 1043 	add.w	r0, r0, r3, lsl #5
1000430a:	f46f 6100 	mvn.w	r1, #2048	@ 0x800
1000430e:	70c2      	strb	r2, [r0, #3]
10004310:	f001 bfb6 	b.w	10006280 <___hw_endpoint_buffer_control_update32_veneer>
10004314:	200019d4 	.word	0x200019d4

10004318 <rp2040_usb_init>:
10004318:	f04f 5280 	mov.w	r2, #268435456	@ 0x10000000
1000431c:	4809      	ldr	r0, [pc, #36]	@ (10004344 <rp2040_usb_init+0x2c>)
1000431e:	490a      	ldr	r1, [pc, #40]	@ (10004348 <rp2040_usb_init+0x30>)
10004320:	b508      	push	{r3, lr}
10004322:	4b0a      	ldr	r3, [pc, #40]	@ (1000434c <rp2040_usb_init+0x34>)
10004324:	6002      	str	r2, [r0, #0]
10004326:	600a      	str	r2, [r1, #0]
10004328:	6899      	ldr	r1, [r3, #8]
1000432a:	43c9      	mvns	r1, r1
1000432c:	f011 5180 	ands.w	r1, r1, #268435456	@ 0x10000000
10004330:	d1fa      	bne.n	10004328 <rp2040_usb_init+0x10>
10004332:	f44f 5280 	mov.w	r2, #4096	@ 0x1000
10004336:	4806      	ldr	r0, [pc, #24]	@ (10004350 <rp2040_usb_init+0x38>)
10004338:	f001 fe9a 	bl	10006070 <memset>
1000433c:	2209      	movs	r2, #9
1000433e:	4b05      	ldr	r3, [pc, #20]	@ (10004354 <rp2040_usb_init+0x3c>)
10004340:	675a      	str	r2, [r3, #116]	@ 0x74
10004342:	bd08      	pop	{r3, pc}
10004344:	40022000 	.word	0x40022000
10004348:	40023000 	.word	0x40023000
1000434c:	40020000 	.word	0x40020000
10004350:	50100000 	.word	0x50100000
10004354:	50110000 	.word	0x50110000

10004358 <hw_endpoint_xfer_start>:
10004358:	2300      	movs	r3, #0
1000435a:	f04f 0c01 	mov.w	ip, #1
1000435e:	b510      	push	{r4, lr}
10004360:	f880 c01a 	strb.w	ip, [r0, #26]
10004364:	8282      	strh	r2, [r0, #20]
10004366:	82c3      	strh	r3, [r0, #22]
10004368:	6101      	str	r1, [r0, #16]
1000436a:	4604      	mov	r4, r0
1000436c:	f001 ff78 	bl	10006260 <__e15_is_bulkin_ep_veneer>
10004370:	b120      	cbz	r0, 1000437c <hw_endpoint_xfer_start+0x24>
10004372:	f44f 3200 	mov.w	r2, #131072	@ 0x20000
10004376:	4b07      	ldr	r3, [pc, #28]	@ (10004394 <hw_endpoint_xfer_start+0x3c>)
10004378:	f8c3 2090 	str.w	r2, [r3, #144]	@ 0x90
1000437c:	4620      	mov	r0, r4
1000437e:	f001 ff8f 	bl	100062a0 <__e15_is_critical_frame_period_veneer>
10004382:	b110      	cbz	r0, 1000438a <hw_endpoint_xfer_start+0x32>
10004384:	2301      	movs	r3, #1
10004386:	7723      	strb	r3, [r4, #28]
10004388:	bd10      	pop	{r4, pc}
1000438a:	4620      	mov	r0, r4
1000438c:	e8bd 4010 	ldmia.w	sp!, {r4, lr}
10004390:	f001 bf6a 	b.w	10006268 <__hw_endpoint_start_next_buffer_veneer>
10004394:	50112000 	.word	0x50112000

10004398 <configuration_reset>:
10004398:	e92d 41f0 	stmdb	sp!, {r4, r5, r6, r7, r8, lr}
1000439c:	2400      	movs	r4, #0
1000439e:	4e1d      	ldr	r6, [pc, #116]	@ (10004414 <configuration_reset+0x7c>)
100043a0:	4605      	mov	r5, r0
100043a2:	4623      	mov	r3, r4
100043a4:	7832      	ldrb	r2, [r6, #0]
100043a6:	f8df 8078 	ldr.w	r8, [pc, #120]	@ 10004420 <configuration_reset+0x88>
100043aa:	4f1b      	ldr	r7, [pc, #108]	@ (10004418 <configuration_reset+0x80>)
100043ac:	e00d      	b.n	100043ca <configuration_reset+0x32>
100043ae:	683b      	ldr	r3, [r7, #0]
100043b0:	eb13 1344 	adds.w	r3, r3, r4, lsl #5
100043b4:	d024      	beq.n	10004400 <configuration_reset+0x68>
100043b6:	68db      	ldr	r3, [r3, #12]
100043b8:	4628      	mov	r0, r5
100043ba:	4798      	blx	r3
100043bc:	7832      	ldrb	r2, [r6, #0]
100043be:	3401      	adds	r4, #1
100043c0:	b2e4      	uxtb	r4, r4
100043c2:	1c51      	adds	r1, r2, #1
100043c4:	42a1      	cmp	r1, r4
100043c6:	4623      	mov	r3, r4
100043c8:	db06      	blt.n	100043d8 <configuration_reset+0x40>
100043ca:	42a2      	cmp	r2, r4
100043cc:	eba3 0302 	sub.w	r3, r3, r2
100043d0:	d8ed      	bhi.n	100043ae <configuration_reset+0x16>
100043d2:	eb08 1343 	add.w	r3, r8, r3, lsl #5
100043d6:	e7ee      	b.n	100043b6 <configuration_reset+0x1e>
100043d8:	2254      	movs	r2, #84	@ 0x54
100043da:	2100      	movs	r1, #0
100043dc:	480f      	ldr	r0, [pc, #60]	@ (1000441c <configuration_reset+0x84>)
100043de:	f001 fe47 	bl	10006070 <memset>
100043e2:	f04f 33ff 	mov.w	r3, #4294967295
100043e6:	480d      	ldr	r0, [pc, #52]	@ (1000441c <configuration_reset+0x84>)
100043e8:	2220      	movs	r2, #32
100043ea:	1d04      	adds	r4, r0, #4
100043ec:	6043      	str	r3, [r0, #4]
100043ee:	e9c4 3301 	strd	r3, r3, [r4, #4]
100043f2:	60e3      	str	r3, [r4, #12]
100043f4:	21ff      	movs	r1, #255	@ 0xff
100043f6:	e8bd 41f0 	ldmia.w	sp!, {r4, r5, r6, r7, r8, lr}
100043fa:	3014      	adds	r0, #20
100043fc:	f001 be38 	b.w	10006070 <memset>
10004400:	f04f 23e0 	mov.w	r3, #3758153728	@ 0xe000e000
10004404:	f8d3 3df0 	ldr.w	r3, [r3, #3568]	@ 0xdf0
10004408:	07db      	lsls	r3, r3, #31
1000440a:	d500      	bpl.n	1000440e <configuration_reset+0x76>
1000440c:	be00      	bkpt	0x0000
1000440e:	e8bd 81f0 	ldmia.w	sp!, {r4, r5, r6, r7, r8, pc}
10004412:	bf00      	nop
10004414:	20001e45 	.word	0x20001e45
10004418:	200013b0 	.word	0x200013b0
1000441c:	20001580 	.word	0x20001580
10004420:	10006784 	.word	0x10006784

10004424 <tud_event_hook_cb>:
10004424:	4770      	bx	lr
10004426:	bf00      	nop

10004428 <tud_sof_cb>:
10004428:	4770      	bx	lr
1000442a:	bf00      	nop

1000442c <tud_descriptor_device_qualifier_cb>:
1000442c:	2000      	movs	r0, #0
1000442e:	4770      	bx	lr

10004430 <tud_descriptor_other_speed_configuration_cb>:
10004430:	2000      	movs	r0, #0
10004432:	4770      	bx	lr

10004434 <tud_mount_cb>:
10004434:	4770      	bx	lr
10004436:	bf00      	nop

10004438 <tud_umount_cb>:
10004438:	4770      	bx	lr
1000443a:	bf00      	nop

1000443c <tud_suspend_cb>:
1000443c:	4770      	bx	lr
1000443e:	bf00      	nop

10004440 <tud_resume_cb>:
10004440:	4770      	bx	lr
10004442:	bf00      	nop

10004444 <tud_mounted>:
10004444:	4b02      	ldr	r3, [pc, #8]	@ (10004450 <tud_mounted+0xc>)
10004446:	7858      	ldrb	r0, [r3, #1]
10004448:	3800      	subs	r0, #0
1000444a:	bf18      	it	ne
1000444c:	2001      	movne	r0, #1
1000444e:	4770      	bx	lr
10004450:	20001580 	.word	0x20001580

10004454 <tud_suspended>:
10004454:	4b02      	ldr	r3, [pc, #8]	@ (10004460 <tud_suspended+0xc>)
10004456:	7818      	ldrb	r0, [r3, #0]
10004458:	f3c0 0080 	ubfx	r0, r0, #2, #1
1000445c:	4770      	bx	lr
1000445e:	bf00      	nop
10004460:	20001580 	.word	0x20001580

10004464 <tud_rhport_init>:
10004464:	e92d 47f0 	stmdb	sp!, {r4, r5, r6, r7, r8, r9, sl, lr}
10004468:	f8df a0e4 	ldr.w	sl, [pc, #228]	@ 10004550 <tud_rhport_init+0xec>
1000446c:	f89a 3000 	ldrb.w	r3, [sl]
10004470:	2bff      	cmp	r3, #255	@ 0xff
10004472:	d156      	bne.n	10004522 <tud_rhport_init+0xbe>
10004474:	460e      	mov	r6, r1
10004476:	2900      	cmp	r1, #0
10004478:	d03e      	beq.n	100044f8 <tud_rhport_init+0x94>
1000447a:	2100      	movs	r1, #0
1000447c:	2254      	movs	r2, #84	@ 0x54
1000447e:	4607      	mov	r7, r0
10004480:	4829      	ldr	r0, [pc, #164]	@ (10004528 <tud_rhport_init+0xc4>)
10004482:	f001 fdf5 	bl	10006070 <memset>
10004486:	2200      	movs	r2, #0
10004488:	4c28      	ldr	r4, [pc, #160]	@ (1000452c <tud_rhport_init+0xc8>)
1000448a:	4b29      	ldr	r3, [pc, #164]	@ (10004530 <tud_rhport_init+0xcc>)
1000448c:	4620      	mov	r0, r4
1000448e:	701a      	strb	r2, [r3, #0]
10004490:	f7fc fcae 	bl	10000df0 <mutex_init>
10004494:	4b27      	ldr	r3, [pc, #156]	@ (10004534 <tud_rhport_init+0xd0>)
10004496:	4828      	ldr	r0, [pc, #160]	@ (10004538 <tud_rhport_init+0xd4>)
10004498:	601c      	str	r4, [r3, #0]
1000449a:	4c28      	ldr	r4, [pc, #160]	@ (1000453c <tud_rhport_init+0xd8>)
1000449c:	f7fc fcb6 	bl	10000e0c <critical_section_init>
100044a0:	4620      	mov	r0, r4
100044a2:	f001 fdab 	bl	10005ffc <tu_fifo_clear>
100044a6:	4a26      	ldr	r2, [pc, #152]	@ (10004540 <tud_rhport_init+0xdc>)
100044a8:	4b26      	ldr	r3, [pc, #152]	@ (10004544 <tud_rhport_init+0xe0>)
100044aa:	6014      	str	r4, [r2, #0]
100044ac:	b123      	cbz	r3, 100044b8 <tud_rhport_init+0x54>
100044ae:	4826      	ldr	r0, [pc, #152]	@ (10004548 <tud_rhport_init+0xe4>)
100044b0:	f7ff fac4 	bl	10003a3c <usbd_app_driver_get_cb>
100044b4:	4b25      	ldr	r3, [pc, #148]	@ (1000454c <tud_rhport_init+0xe8>)
100044b6:	6018      	str	r0, [r3, #0]
100044b8:	2400      	movs	r4, #0
100044ba:	4d23      	ldr	r5, [pc, #140]	@ (10004548 <tud_rhport_init+0xe4>)
100044bc:	4623      	mov	r3, r4
100044be:	782a      	ldrb	r2, [r5, #0]
100044c0:	f8df 9090 	ldr.w	r9, [pc, #144]	@ 10004554 <tud_rhport_init+0xf0>
100044c4:	f8df 8084 	ldr.w	r8, [pc, #132]	@ 1000454c <tud_rhport_init+0xe8>
100044c8:	e00e      	b.n	100044e8 <tud_rhport_init+0x84>
100044ca:	f8d8 3000 	ldr.w	r3, [r8]
100044ce:	eb13 1344 	adds.w	r3, r3, r4, lsl #5
100044d2:	d011      	beq.n	100044f8 <tud_rhport_init+0x94>
100044d4:	685b      	ldr	r3, [r3, #4]
100044d6:	b17b      	cbz	r3, 100044f8 <tud_rhport_init+0x94>
100044d8:	4798      	blx	r3
100044da:	782a      	ldrb	r2, [r5, #0]
100044dc:	3401      	adds	r4, #1
100044de:	b2e4      	uxtb	r4, r4
100044e0:	1c51      	adds	r1, r2, #1
100044e2:	42a1      	cmp	r1, r4
100044e4:	4623      	mov	r3, r4
100044e6:	db11      	blt.n	1000450c <tud_rhport_init+0xa8>
100044e8:	42a2      	cmp	r2, r4
100044ea:	d8ee      	bhi.n	100044ca <tud_rhport_init+0x66>
100044ec:	1a9b      	subs	r3, r3, r2
100044ee:	eb09 1343 	add.w	r3, r9, r3, lsl #5
100044f2:	685b      	ldr	r3, [r3, #4]
100044f4:	2b00      	cmp	r3, #0
100044f6:	d1ef      	bne.n	100044d8 <tud_rhport_init+0x74>
100044f8:	f04f 23e0 	mov.w	r3, #3758153728	@ 0xe000e000
100044fc:	f8d3 3df0 	ldr.w	r3, [r3, #3568]	@ 0xdf0
10004500:	07db      	lsls	r3, r3, #31
10004502:	d500      	bpl.n	10004506 <tud_rhport_init+0xa2>
10004504:	be00      	bkpt	0x0000
10004506:	2000      	movs	r0, #0
10004508:	e8bd 87f0 	ldmia.w	sp!, {r4, r5, r6, r7, r8, r9, sl, pc}
1000450c:	4631      	mov	r1, r6
1000450e:	4638      	mov	r0, r7
10004510:	f88a 7000 	strb.w	r7, [sl]
10004514:	f7ff fdd0 	bl	100040b8 <dcd_init>
10004518:	2800      	cmp	r0, #0
1000451a:	d0ed      	beq.n	100044f8 <tud_rhport_init+0x94>
1000451c:	4638      	mov	r0, r7
1000451e:	f7ff fe11 	bl	10004144 <dcd_int_enable>
10004522:	2001      	movs	r0, #1
10004524:	e8bd 87f0 	ldmia.w	sp!, {r4, r5, r6, r7, r8, r9, sl, pc}
10004528:	20001580 	.word	0x20001580
1000452c:	20001578 	.word	0x20001578
10004530:	20001e47 	.word	0x20001e47
10004534:	200015d4 	.word	0x200015d4
10004538:	20001210 	.word	0x20001210
1000453c:	200011fc 	.word	0x200011fc
10004540:	200015d8 	.word	0x200015d8
10004544:	10003a3d 	.word	0x10003a3d
10004548:	20001e45 	.word	0x20001e45
1000454c:	200013b0 	.word	0x200013b0
10004550:	20001218 	.word	0x20001218
10004554:	10006784 	.word	0x10006784

10004558 <tud_task_ext>:
10004558:	e92d 4ff0 	stmdb	sp!, {r4, r5, r6, r7, r8, r9, sl, fp, lr}
1000455c:	f8df 92c8 	ldr.w	r9, [pc, #712]	@ 10004828 <tud_task_ext+0x2d0>
10004560:	b08b      	sub	sp, #44	@ 0x2c
10004562:	f899 3000 	ldrb.w	r3, [r9]
10004566:	2bff      	cmp	r3, #255	@ 0xff
10004568:	f000 80f1 	beq.w	1000474e <tud_task_ext+0x1f6>
1000456c:	4ca8      	ldr	r4, [pc, #672]	@ (10004810 <tud_task_ext+0x2b8>)
1000456e:	4da9      	ldr	r5, [pc, #676]	@ (10004814 <tud_task_ext+0x2bc>)
10004570:	f8df a2b0 	ldr.w	sl, [pc, #688]	@ 10004824 <tud_task_ext+0x2cc>
10004574:	f8df b2b4 	ldr.w	fp, [pc, #692]	@ 1000482c <tud_task_ext+0x2d4>
10004578:	6826      	ldr	r6, [r4, #0]
1000457a:	6973      	ldr	r3, [r6, #20]
1000457c:	f3ef 8210 	mrs	r2, PRIMASK
10004580:	b672      	cpsid	i
10004582:	e8d3 0fcf 	ldaexb	r0, [r3]
10004586:	2101      	movs	r1, #1
10004588:	2800      	cmp	r0, #0
1000458a:	d1fa      	bne.n	10004582 <tud_task_ext+0x2a>
1000458c:	e8c3 1f40 	strexb	r0, r1, [r3]
10004590:	2800      	cmp	r0, #0
10004592:	d1f6      	bne.n	10004582 <tud_task_ext+0x2a>
10004594:	f3bf 8f5f 	dmb	sy
10004598:	61b2      	str	r2, [r6, #24]
1000459a:	4630      	mov	r0, r6
1000459c:	a907      	add	r1, sp, #28
1000459e:	f001 fb77 	bl	10005c90 <tu_fifo_read>
100045a2:	2300      	movs	r3, #0
100045a4:	6972      	ldr	r2, [r6, #20]
100045a6:	e8c2 3f8f 	stlb	r3, [r2]
100045aa:	69b3      	ldr	r3, [r6, #24]
100045ac:	f383 8810 	msr	PRIMASK, r3
100045b0:	2800      	cmp	r0, #0
100045b2:	f000 80cc 	beq.w	1000474e <tud_task_ext+0x1f6>
100045b6:	f89d 301d 	ldrb.w	r3, [sp, #29]
100045ba:	3b01      	subs	r3, #1
100045bc:	2b07      	cmp	r3, #7
100045be:	f200 837d 	bhi.w	10004cbc <tud_task_ext+0x764>
100045c2:	e8df f003 	tbb	[pc, r3]
100045c6:	b1a7      	.short	0xb1a7
100045c8:	358e9d95 	.word	0x358e9d95
100045cc:	040a      	.short	0x040a
100045ce:	9b08      	ldr	r3, [sp, #32]
100045d0:	2b00      	cmp	r3, #0
100045d2:	d0d1      	beq.n	10004578 <tud_task_ext+0x20>
100045d4:	9809      	ldr	r0, [sp, #36]	@ 0x24
100045d6:	4798      	blx	r3
100045d8:	e7ce      	b.n	10004578 <tud_task_ext+0x20>
100045da:	f89d 1020 	ldrb.w	r1, [sp, #32]
100045de:	f001 067f 	and.w	r6, r1, #127	@ 0x7f
100045e2:	eb05 0046 	add.w	r0, r5, r6, lsl #1
100045e6:	eb00 10d1 	add.w	r0, r0, r1, lsr #7
100045ea:	f890 3034 	ldrb.w	r3, [r0, #52]	@ 0x34
100045ee:	f023 0301 	bic.w	r3, r3, #1
100045f2:	f880 3034 	strb.w	r3, [r0, #52]	@ 0x34
100045f6:	f890 3034 	ldrb.w	r3, [r0, #52]	@ 0x34
100045fa:	f023 0304 	bic.w	r3, r3, #4
100045fe:	f880 3034 	strb.w	r3, [r0, #52]	@ 0x34
10004602:	2e00      	cmp	r6, #0
10004604:	f000 80a6 	beq.w	10004754 <tud_task_ext+0x1fc>
10004608:	7d03      	ldrb	r3, [r0, #20]
1000460a:	f89a 2000 	ldrb.w	r2, [sl]
1000460e:	4293      	cmp	r3, r2
10004610:	f080 8093 	bcs.w	1000473a <tud_task_ext+0x1e2>
10004614:	4a80      	ldr	r2, [pc, #512]	@ (10004818 <tud_task_ext+0x2c0>)
10004616:	6812      	ldr	r2, [r2, #0]
10004618:	eb12 1343 	adds.w	r3, r2, r3, lsl #5
1000461c:	f000 8090 	beq.w	10004740 <tud_task_ext+0x1e8>
10004620:	699e      	ldr	r6, [r3, #24]
10004622:	f89d 2021 	ldrb.w	r2, [sp, #33]	@ 0x21
10004626:	9b09      	ldr	r3, [sp, #36]	@ 0x24
10004628:	f89d 001c 	ldrb.w	r0, [sp, #28]
1000462c:	47b0      	blx	r6
1000462e:	e7a3      	b.n	10004578 <tud_task_ext+0x20>
10004630:	f89b 3000 	ldrb.w	r3, [fp]
10004634:	2b00      	cmp	r3, #0
10004636:	f000 8083 	beq.w	10004740 <tud_task_ext+0x1e8>
1000463a:	f89b 3000 	ldrb.w	r3, [fp]
1000463e:	3b01      	subs	r3, #1
10004640:	b2db      	uxtb	r3, r3
10004642:	f88b 3000 	strb.w	r3, [fp]
10004646:	f89b 3000 	ldrb.w	r3, [fp]
1000464a:	f003 00ff 	and.w	r0, r3, #255	@ 0xff
1000464e:	2b00      	cmp	r3, #0
10004650:	d192      	bne.n	10004578 <tud_task_ext+0x20>
10004652:	4f70      	ldr	r7, [pc, #448]	@ (10004814 <tud_task_ext+0x2bc>)
10004654:	f89d 801c 	ldrb.w	r8, [sp, #28]
10004658:	783b      	ldrb	r3, [r7, #0]
1000465a:	f043 0301 	orr.w	r3, r3, #1
1000465e:	703b      	strb	r3, [r7, #0]
10004660:	f897 3034 	ldrb.w	r3, [r7, #52]	@ 0x34
10004664:	f360 0300 	bfi	r3, r0, #0, #1
10004668:	f887 3034 	strb.w	r3, [r7, #52]	@ 0x34
1000466c:	f897 3034 	ldrb.w	r3, [r7, #52]	@ 0x34
10004670:	f360 0382 	bfi	r3, r0, #2, #1
10004674:	f887 3034 	strb.w	r3, [r7, #52]	@ 0x34
10004678:	f897 3035 	ldrb.w	r3, [r7, #53]	@ 0x35
1000467c:	f360 0300 	bfi	r3, r0, #0, #1
10004680:	f887 3035 	strb.w	r3, [r7, #53]	@ 0x35
10004684:	f897 3035 	ldrb.w	r3, [r7, #53]	@ 0x35
10004688:	f360 0382 	bfi	r3, r0, #2, #1
1000468c:	f887 3035 	strb.w	r3, [r7, #53]	@ 0x35
10004690:	f000 fc6c 	bl	10004f6c <usbd_control_set_complete_callback>
10004694:	f89d 3020 	ldrb.w	r3, [sp, #32]
10004698:	f003 0260 	and.w	r2, r3, #96	@ 0x60
1000469c:	2a60      	cmp	r2, #96	@ 0x60
1000469e:	d06c      	beq.n	1000477a <tud_task_ext+0x222>
100046a0:	2a40      	cmp	r2, #64	@ 0x40
100046a2:	d07c      	beq.n	1000479e <tud_task_ext+0x246>
100046a4:	f003 031f 	and.w	r3, r3, #31
100046a8:	2b01      	cmp	r3, #1
100046aa:	f000 80c1 	beq.w	10004830 <tud_task_ext+0x2d8>
100046ae:	2b02      	cmp	r3, #2
100046b0:	f000 8081 	beq.w	100047b6 <tud_task_ext+0x25e>
100046b4:	2b00      	cmp	r3, #0
100046b6:	d160      	bne.n	1000477a <tud_task_ext+0x222>
100046b8:	2a20      	cmp	r2, #32
100046ba:	f000 81e9 	beq.w	10004a90 <tud_task_ext+0x538>
100046be:	2a00      	cmp	r2, #0
100046c0:	d15b      	bne.n	1000477a <tud_task_ext+0x222>
100046c2:	f89d 3021 	ldrb.w	r3, [sp, #33]	@ 0x21
100046c6:	2b09      	cmp	r3, #9
100046c8:	d857      	bhi.n	1000477a <tud_task_ext+0x222>
100046ca:	e8df f013 	tbh	[pc, r3, lsl #1]
100046ce:	01b0      	.short	0x01b0
100046d0:	005601a2 	.word	0x005601a2
100046d4:	005601c1 	.word	0x005601c1
100046d8:	016b0195 	.word	0x016b0195
100046dc:	01600056 	.word	0x01600056
100046e0:	00f4      	.short	0x00f4
100046e2:	782b      	ldrb	r3, [r5, #0]
100046e4:	07d9      	lsls	r1, r3, #31
100046e6:	f57f af47 	bpl.w	10004578 <tud_task_ext+0x20>
100046ea:	f7ff fea9 	bl	10004440 <tud_resume_cb>
100046ee:	e743      	b.n	10004578 <tud_task_ext+0x20>
100046f0:	78eb      	ldrb	r3, [r5, #3]
100046f2:	07da      	lsls	r2, r3, #31
100046f4:	f57f af40 	bpl.w	10004578 <tud_task_ext+0x20>
100046f8:	9808      	ldr	r0, [sp, #32]
100046fa:	f7ff fe95 	bl	10004428 <tud_sof_cb>
100046fe:	e73b      	b.n	10004578 <tud_task_ext+0x20>
10004700:	782b      	ldrb	r3, [r5, #0]
10004702:	07d8      	lsls	r0, r3, #31
10004704:	f57f af38 	bpl.w	10004578 <tud_task_ext+0x20>
10004708:	7828      	ldrb	r0, [r5, #0]
1000470a:	f3c0 00c0 	ubfx	r0, r0, #3, #1
1000470e:	f7ff fe95 	bl	1000443c <tud_suspend_cb>
10004712:	e731      	b.n	10004578 <tud_task_ext+0x20>
10004714:	f89d 001c 	ldrb.w	r0, [sp, #28]
10004718:	f7ff fe3e 	bl	10004398 <configuration_reset>
1000471c:	f000 fc1c 	bl	10004f58 <usbd_control_reset>
10004720:	f89d 3020 	ldrb.w	r3, [sp, #32]
10004724:	70ab      	strb	r3, [r5, #2]
10004726:	e727      	b.n	10004578 <tud_task_ext+0x20>
10004728:	f89d 001c 	ldrb.w	r0, [sp, #28]
1000472c:	f7ff fe34 	bl	10004398 <configuration_reset>
10004730:	f000 fc12 	bl	10004f58 <usbd_control_reset>
10004734:	f7ff fe80 	bl	10004438 <tud_umount_cb>
10004738:	e71e      	b.n	10004578 <tud_task_ext+0x20>
1000473a:	1c50      	adds	r0, r2, #1
1000473c:	4298      	cmp	r0, r3
1000473e:	da11      	bge.n	10004764 <tud_task_ext+0x20c>
10004740:	f04f 23e0 	mov.w	r3, #3758153728	@ 0xe000e000
10004744:	f8d3 3df0 	ldr.w	r3, [r3, #3568]	@ 0xdf0
10004748:	07dc      	lsls	r4, r3, #31
1000474a:	d500      	bpl.n	1000474e <tud_task_ext+0x1f6>
1000474c:	be00      	bkpt	0x0000
1000474e:	b00b      	add	sp, #44	@ 0x2c
10004750:	e8bd 8ff0 	ldmia.w	sp!, {r4, r5, r6, r7, r8, r9, sl, fp, pc}
10004754:	9b09      	ldr	r3, [sp, #36]	@ 0x24
10004756:	f89d 2021 	ldrb.w	r2, [sp, #33]	@ 0x21
1000475a:	f89d 001c 	ldrb.w	r0, [sp, #28]
1000475e:	f000 fc19 	bl	10004f94 <usbd_control_xfer_cb>
10004762:	e709      	b.n	10004578 <tud_task_ext+0x20>
10004764:	1a9b      	subs	r3, r3, r2
10004766:	4a2d      	ldr	r2, [pc, #180]	@ (1000481c <tud_task_ext+0x2c4>)
10004768:	eb02 1343 	add.w	r3, r2, r3, lsl #5
1000476c:	e758      	b.n	10004620 <tud_task_ext+0xc8>
1000476e:	f7ff fb8d 	bl	10003e8c <tud_descriptor_configuration_cb>
10004772:	4602      	mov	r2, r0
10004774:	2800      	cmp	r0, #0
10004776:	f040 8182 	bne.w	10004a7e <tud_task_ext+0x526>
1000477a:	f04f 23e0 	mov.w	r3, #3758153728	@ 0xe000e000
1000477e:	f8d3 3df0 	ldr.w	r3, [r3, #3568]	@ 0xdf0
10004782:	07de      	lsls	r6, r3, #31
10004784:	d500      	bpl.n	10004788 <tud_task_ext+0x230>
10004786:	be00      	bkpt	0x0000
10004788:	f89d 001c 	ldrb.w	r0, [sp, #28]
1000478c:	2100      	movs	r1, #0
1000478e:	f7ff fd99 	bl	100042c4 <dcd_edpt_stall>
10004792:	2180      	movs	r1, #128	@ 0x80
10004794:	f89d 001c 	ldrb.w	r0, [sp, #28]
10004798:	f7ff fd94 	bl	100042c4 <dcd_edpt_stall>
1000479c:	e6ec      	b.n	10004578 <tud_task_ext+0x20>
1000479e:	4820      	ldr	r0, [pc, #128]	@ (10004820 <tud_task_ext+0x2c8>)
100047a0:	f000 fbe4 	bl	10004f6c <usbd_control_set_complete_callback>
100047a4:	2101      	movs	r1, #1
100047a6:	4640      	mov	r0, r8
100047a8:	aa08      	add	r2, sp, #32
100047aa:	f7ff f933 	bl	10003a14 <tud_vendor_control_xfer_cb>
100047ae:	2800      	cmp	r0, #0
100047b0:	f47f aee2 	bne.w	10004578 <tud_task_ext+0x20>
100047b4:	e7e8      	b.n	10004788 <tud_task_ext+0x230>
100047b6:	f89d 1024 	ldrb.w	r1, [sp, #36]	@ 0x24
100047ba:	f011 0f70 	tst.w	r1, #112	@ 0x70
100047be:	d1dc      	bne.n	1000477a <tud_task_ext+0x222>
100047c0:	f001 067f 	and.w	r6, r1, #127	@ 0x7f
100047c4:	eb07 0046 	add.w	r0, r7, r6, lsl #1
100047c8:	4b16      	ldr	r3, [pc, #88]	@ (10004824 <tud_task_ext+0x2cc>)
100047ca:	eb00 10d1 	add.w	r0, r0, r1, lsr #7
100047ce:	781b      	ldrb	r3, [r3, #0]
100047d0:	7d00      	ldrb	r0, [r0, #20]
100047d2:	0076      	lsls	r6, r6, #1
100047d4:	9601      	str	r6, [sp, #4]
100047d6:	4298      	cmp	r0, r3
100047d8:	ea4f 16d1 	mov.w	r6, r1, lsr #7
100047dc:	9600      	str	r6, [sp, #0]
100047de:	d359      	bcc.n	10004894 <tud_task_ext+0x33c>
100047e0:	1c5e      	adds	r6, r3, #1
100047e2:	4286      	cmp	r6, r0
100047e4:	f2c0 8166 	blt.w	10004ab4 <tud_task_ext+0x55c>
100047e8:	1ac0      	subs	r0, r0, r3
100047ea:	4b0c      	ldr	r3, [pc, #48]	@ (1000481c <tud_task_ext+0x2c4>)
100047ec:	eb03 1640 	add.w	r6, r3, r0, lsl #5
100047f0:	2a00      	cmp	r2, #0
100047f2:	f000 8163 	beq.w	10004abc <tud_task_ext+0x564>
100047f6:	6970      	ldr	r0, [r6, #20]
100047f8:	f000 fbb8 	bl	10004f6c <usbd_control_set_complete_callback>
100047fc:	2101      	movs	r1, #1
100047fe:	4640      	mov	r0, r8
10004800:	6973      	ldr	r3, [r6, #20]
10004802:	aa08      	add	r2, sp, #32
10004804:	4798      	blx	r3
10004806:	2800      	cmp	r0, #0
10004808:	f47f aeb6 	bne.w	10004578 <tud_task_ext+0x20>
1000480c:	e7bc      	b.n	10004788 <tud_task_ext+0x230>
1000480e:	bf00      	nop
10004810:	200015d8 	.word	0x200015d8
10004814:	20001580 	.word	0x20001580
10004818:	200013b0 	.word	0x200013b0
1000481c:	10006784 	.word	0x10006784
10004820:	10003a15 	.word	0x10003a15
10004824:	20001e45 	.word	0x20001e45
10004828:	20001218 	.word	0x20001218
1000482c:	20001e47 	.word	0x20001e47
10004830:	f89d 3024 	ldrb.w	r3, [sp, #36]	@ 0x24
10004834:	2b0f      	cmp	r3, #15
10004836:	d8a7      	bhi.n	10004788 <tud_task_ext+0x230>
10004838:	4aae      	ldr	r2, [pc, #696]	@ (10004af4 <tud_task_ext+0x59c>)
1000483a:	443b      	add	r3, r7
1000483c:	791b      	ldrb	r3, [r3, #4]
1000483e:	7812      	ldrb	r2, [r2, #0]
10004840:	4293      	cmp	r3, r2
10004842:	d332      	bcc.n	100048aa <tud_task_ext+0x352>
10004844:	1c51      	adds	r1, r2, #1
10004846:	4299      	cmp	r1, r3
10004848:	db9e      	blt.n	10004788 <tud_task_ext+0x230>
1000484a:	4eab      	ldr	r6, [pc, #684]	@ (10004af8 <tud_task_ext+0x5a0>)
1000484c:	1a9b      	subs	r3, r3, r2
1000484e:	eb06 1643 	add.w	r6, r6, r3, lsl #5
10004852:	6970      	ldr	r0, [r6, #20]
10004854:	f000 fb8a 	bl	10004f6c <usbd_control_set_complete_callback>
10004858:	2101      	movs	r1, #1
1000485a:	4640      	mov	r0, r8
1000485c:	6973      	ldr	r3, [r6, #20]
1000485e:	aa08      	add	r2, sp, #32
10004860:	4798      	blx	r3
10004862:	2800      	cmp	r0, #0
10004864:	f47f ae88 	bne.w	10004578 <tud_task_ext+0x20>
10004868:	f89d 3020 	ldrb.w	r3, [sp, #32]
1000486c:	f013 0660 	ands.w	r6, r3, #96	@ 0x60
10004870:	d18a      	bne.n	10004788 <tud_task_ext+0x230>
10004872:	f89d 3021 	ldrb.w	r3, [sp, #33]	@ 0x21
10004876:	3b0a      	subs	r3, #10
10004878:	2b01      	cmp	r3, #1
1000487a:	d885      	bhi.n	10004788 <tud_task_ext+0x230>
1000487c:	f000 fb76 	bl	10004f6c <usbd_control_set_complete_callback>
10004880:	f89d 3021 	ldrb.w	r3, [sp, #33]	@ 0x21
10004884:	2b0a      	cmp	r3, #10
10004886:	f000 81f2 	beq.w	10004c6e <tud_task_ext+0x716>
1000488a:	4640      	mov	r0, r8
1000488c:	a908      	add	r1, sp, #32
1000488e:	f000 faf1 	bl	10004e74 <tud_control_status>
10004892:	e671      	b.n	10004578 <tud_task_ext+0x20>
10004894:	4b99      	ldr	r3, [pc, #612]	@ (10004afc <tud_task_ext+0x5a4>)
10004896:	681b      	ldr	r3, [r3, #0]
10004898:	eb03 1640 	add.w	r6, r3, r0, lsl #5
1000489c:	2a00      	cmp	r2, #0
1000489e:	f000 810d 	beq.w	10004abc <tud_task_ext+0x564>
100048a2:	2e00      	cmp	r6, #0
100048a4:	f43f af70 	beq.w	10004788 <tud_task_ext+0x230>
100048a8:	e7a5      	b.n	100047f6 <tud_task_ext+0x29e>
100048aa:	4a94      	ldr	r2, [pc, #592]	@ (10004afc <tud_task_ext+0x5a4>)
100048ac:	6816      	ldr	r6, [r2, #0]
100048ae:	eb16 1643 	adds.w	r6, r6, r3, lsl #5
100048b2:	d1ce      	bne.n	10004852 <tud_task_ext+0x2fa>
100048b4:	e768      	b.n	10004788 <tud_task_ext+0x230>
100048b6:	787b      	ldrb	r3, [r7, #1]
100048b8:	f89d 6022 	ldrb.w	r6, [sp, #34]	@ 0x22
100048bc:	429e      	cmp	r6, r3
100048be:	f000 814f 	beq.w	10004b60 <tud_task_ext+0x608>
100048c2:	787b      	ldrb	r3, [r7, #1]
100048c4:	2b00      	cmp	r3, #0
100048c6:	f040 81be 	bne.w	10004c46 <tud_task_ext+0x6ee>
100048ca:	707e      	strb	r6, [r7, #1]
100048cc:	2e00      	cmp	r6, #0
100048ce:	f000 8145 	beq.w	10004b5c <tud_task_ext+0x604>
100048d2:	1e70      	subs	r0, r6, #1
100048d4:	b2c0      	uxtb	r0, r0
100048d6:	f7ff fad9 	bl	10003e8c <tud_descriptor_configuration_cb>
100048da:	4603      	mov	r3, r0
100048dc:	2800      	cmp	r0, #0
100048de:	f000 815f 	beq.w	10004ba0 <tud_task_ext+0x648>
100048e2:	7842      	ldrb	r2, [r0, #1]
100048e4:	2a02      	cmp	r2, #2
100048e6:	f040 815b 	bne.w	10004ba0 <tud_task_ext+0x648>
100048ea:	79c1      	ldrb	r1, [r0, #7]
100048ec:	f103 0609 	add.w	r6, r3, #9
100048f0:	f3c1 1240 	ubfx	r2, r1, #5, #1
100048f4:	0112      	lsls	r2, r2, #4
100048f6:	f3c1 1180 	ubfx	r1, r1, #6, #1
100048fa:	ea42 1241 	orr.w	r2, r2, r1, lsl #5
100048fe:	4631      	mov	r1, r6
10004900:	7838      	ldrb	r0, [r7, #0]
10004902:	f020 0030 	bic.w	r0, r0, #48	@ 0x30
10004906:	4302      	orrs	r2, r0
10004908:	703a      	strb	r2, [r7, #0]
1000490a:	885a      	ldrh	r2, [r3, #2]
1000490c:	f8cd 800c 	str.w	r8, [sp, #12]
10004910:	189a      	adds	r2, r3, r2
10004912:	9201      	str	r2, [sp, #4]
10004914:	9b01      	ldr	r3, [sp, #4]
10004916:	428b      	cmp	r3, r1
10004918:	f240 81a4 	bls.w	10004c64 <tud_task_ext+0x70c>
1000491c:	784a      	ldrb	r2, [r1, #1]
1000491e:	2a0b      	cmp	r2, #11
10004920:	f000 81af 	beq.w	10004c82 <tud_task_ext+0x72a>
10004924:	2301      	movs	r3, #1
10004926:	2a04      	cmp	r2, #4
10004928:	f040 813a 	bne.w	10004ba0 <tud_task_ext+0x648>
1000492c:	2600      	movs	r6, #0
1000492e:	9a01      	ldr	r2, [sp, #4]
10004930:	9600      	str	r6, [sp, #0]
10004932:	1a52      	subs	r2, r2, r1
10004934:	b292      	uxth	r2, r2
10004936:	9202      	str	r2, [sp, #8]
10004938:	4a6e      	ldr	r2, [pc, #440]	@ (10004af4 <tud_task_ext+0x59c>)
1000493a:	9304      	str	r3, [sp, #16]
1000493c:	7812      	ldrb	r2, [r2, #0]
1000493e:	e01d      	b.n	1000497c <tud_task_ext+0x424>
10004940:	4b6e      	ldr	r3, [pc, #440]	@ (10004afc <tud_task_ext+0x5a4>)
10004942:	681b      	ldr	r3, [r3, #0]
10004944:	eb13 1846 	adds.w	r8, r3, r6, lsl #5
10004948:	f000 812a 	beq.w	10004ba0 <tud_task_ext+0x648>
1000494c:	9a02      	ldr	r2, [sp, #8]
1000494e:	f8d8 3010 	ldr.w	r3, [r8, #16]
10004952:	9803      	ldr	r0, [sp, #12]
10004954:	9105      	str	r1, [sp, #20]
10004956:	4798      	blx	r3
10004958:	2808      	cmp	r0, #8
1000495a:	4602      	mov	r2, r0
1000495c:	9905      	ldr	r1, [sp, #20]
1000495e:	f106 0301 	add.w	r3, r6, #1
10004962:	d903      	bls.n	1000496c <tud_task_ext+0x414>
10004964:	9802      	ldr	r0, [sp, #8]
10004966:	4290      	cmp	r0, r2
10004968:	f080 80ff 	bcs.w	10004b6a <tud_task_ext+0x612>
1000496c:	b2de      	uxtb	r6, r3
1000496e:	4b61      	ldr	r3, [pc, #388]	@ (10004af4 <tud_task_ext+0x59c>)
10004970:	9600      	str	r6, [sp, #0]
10004972:	781a      	ldrb	r2, [r3, #0]
10004974:	1c53      	adds	r3, r2, #1
10004976:	429e      	cmp	r6, r3
10004978:	f300 8112 	bgt.w	10004ba0 <tud_task_ext+0x648>
1000497c:	9b00      	ldr	r3, [sp, #0]
1000497e:	42b2      	cmp	r2, r6
10004980:	eba3 0202 	sub.w	r2, r3, r2
10004984:	d8dc      	bhi.n	10004940 <tud_task_ext+0x3e8>
10004986:	4b5c      	ldr	r3, [pc, #368]	@ (10004af8 <tud_task_ext+0x5a0>)
10004988:	eb03 1842 	add.w	r8, r3, r2, lsl #5
1000498c:	e7de      	b.n	1000494c <tud_task_ext+0x3f4>
1000498e:	787b      	ldrb	r3, [r7, #1]
10004990:	4640      	mov	r0, r8
10004992:	f88d 301a 	strb.w	r3, [sp, #26]
10004996:	f10d 021a 	add.w	r2, sp, #26
1000499a:	2301      	movs	r3, #1
1000499c:	a908      	add	r1, sp, #32
1000499e:	f000 fa83 	bl	10004ea8 <tud_control_xfer>
100049a2:	e5e9      	b.n	10004578 <tud_task_ext+0x20>
100049a4:	f8bd 0022 	ldrh.w	r0, [sp, #34]	@ 0x22
100049a8:	0a03      	lsrs	r3, r0, #8
100049aa:	3b01      	subs	r3, #1
100049ac:	0a02      	lsrs	r2, r0, #8
100049ae:	b2c0      	uxtb	r0, r0
100049b0:	2b0e      	cmp	r3, #14
100049b2:	f63f aee9 	bhi.w	10004788 <tud_task_ext+0x230>
100049b6:	a101      	add	r1, pc, #4	@ (adr r1, 100049bc <tud_task_ext+0x464>)
100049b8:	f851 f023 	ldr.w	pc, [r1, r3, lsl #2]
100049bc:	10004bd1 	.word	0x10004bd1
100049c0:	10004a6d 	.word	0x10004a6d
100049c4:	10004c0d 	.word	0x10004c0d
100049c8:	10004789 	.word	0x10004789
100049cc:	10004789 	.word	0x10004789
100049d0:	10004bef 	.word	0x10004bef
100049d4:	10004a6d 	.word	0x10004a6d
100049d8:	10004789 	.word	0x10004789
100049dc:	10004789 	.word	0x10004789
100049e0:	10004789 	.word	0x10004789
100049e4:	10004789 	.word	0x10004789
100049e8:	10004789 	.word	0x10004789
100049ec:	10004789 	.word	0x10004789
100049f0:	10004789 	.word	0x10004789
100049f4:	10004bc3 	.word	0x10004bc3
100049f8:	a808      	add	r0, sp, #32
100049fa:	f000 fabd 	bl	10004f78 <usbd_control_set_request>
100049fe:	4640      	mov	r0, r8
10004a00:	f89d 1022 	ldrb.w	r1, [sp, #34]	@ 0x22
10004a04:	f7ff fba2 	bl	1000414c <dcd_set_address>
10004a08:	783b      	ldrb	r3, [r7, #0]
10004a0a:	f043 0302 	orr.w	r3, r3, #2
10004a0e:	703b      	strb	r3, [r7, #0]
10004a10:	e5b2      	b.n	10004578 <tud_task_ext+0x20>
10004a12:	f8bd 3022 	ldrh.w	r3, [sp, #34]	@ 0x22
10004a16:	2b01      	cmp	r3, #1
10004a18:	f47f aeb6 	bne.w	10004788 <tud_task_ext+0x230>
10004a1c:	783b      	ldrb	r3, [r7, #0]
10004a1e:	4640      	mov	r0, r8
10004a20:	f023 0308 	bic.w	r3, r3, #8
10004a24:	a908      	add	r1, sp, #32
10004a26:	703b      	strb	r3, [r7, #0]
10004a28:	f000 fa24 	bl	10004e74 <tud_control_status>
10004a2c:	e5a4      	b.n	10004578 <tud_task_ext+0x20>
10004a2e:	4640      	mov	r0, r8
10004a30:	783b      	ldrb	r3, [r7, #0]
10004a32:	089a      	lsrs	r2, r3, #2
10004a34:	f002 0202 	and.w	r2, r2, #2
10004a38:	f3c3 1340 	ubfx	r3, r3, #5, #1
10004a3c:	4313      	orrs	r3, r2
10004a3e:	f8ad 301a 	strh.w	r3, [sp, #26]
10004a42:	f10d 021a 	add.w	r2, sp, #26
10004a46:	2302      	movs	r3, #2
10004a48:	a908      	add	r1, sp, #32
10004a4a:	f000 fa2d 	bl	10004ea8 <tud_control_xfer>
10004a4e:	e593      	b.n	10004578 <tud_task_ext+0x20>
10004a50:	f8bd 3022 	ldrh.w	r3, [sp, #34]	@ 0x22
10004a54:	2b01      	cmp	r3, #1
10004a56:	f47f ae97 	bne.w	10004788 <tud_task_ext+0x230>
10004a5a:	783b      	ldrb	r3, [r7, #0]
10004a5c:	4640      	mov	r0, r8
10004a5e:	f043 0308 	orr.w	r3, r3, #8
10004a62:	a908      	add	r1, sp, #32
10004a64:	703b      	strb	r3, [r7, #0]
10004a66:	f000 fa05 	bl	10004e74 <tud_control_status>
10004a6a:	e585      	b.n	10004578 <tud_task_ext+0x20>
10004a6c:	2a02      	cmp	r2, #2
10004a6e:	f43f ae7e 	beq.w	1000476e <tud_task_ext+0x216>
10004a72:	f7ff fcdd 	bl	10004430 <tud_descriptor_other_speed_configuration_cb>
10004a76:	4602      	mov	r2, r0
10004a78:	2800      	cmp	r0, #0
10004a7a:	f43f ae85 	beq.w	10004788 <tud_task_ext+0x230>
10004a7e:	4640      	mov	r0, r8
10004a80:	8853      	ldrh	r3, [r2, #2]
10004a82:	a908      	add	r1, sp, #32
10004a84:	f000 fa10 	bl	10004ea8 <tud_control_xfer>
10004a88:	2800      	cmp	r0, #0
10004a8a:	f47f ad75 	bne.w	10004578 <tud_task_ext+0x20>
10004a8e:	e67b      	b.n	10004788 <tud_task_ext+0x230>
10004a90:	f89d 3024 	ldrb.w	r3, [sp, #36]	@ 0x24
10004a94:	2b0f      	cmp	r3, #15
10004a96:	f63f ae77 	bhi.w	10004788 <tud_task_ext+0x230>
10004a9a:	4a16      	ldr	r2, [pc, #88]	@ (10004af4 <tud_task_ext+0x59c>)
10004a9c:	443b      	add	r3, r7
10004a9e:	791b      	ldrb	r3, [r3, #4]
10004aa0:	7812      	ldrb	r2, [r2, #0]
10004aa2:	4293      	cmp	r3, r2
10004aa4:	d21d      	bcs.n	10004ae2 <tud_task_ext+0x58a>
10004aa6:	4a15      	ldr	r2, [pc, #84]	@ (10004afc <tud_task_ext+0x5a4>)
10004aa8:	6816      	ldr	r6, [r2, #0]
10004aaa:	eb16 1643 	adds.w	r6, r6, r3, lsl #5
10004aae:	f47f aea2 	bne.w	100047f6 <tud_task_ext+0x29e>
10004ab2:	e669      	b.n	10004788 <tud_task_ext+0x230>
10004ab4:	2a00      	cmp	r2, #0
10004ab6:	f47f ae67 	bne.w	10004788 <tud_task_ext+0x230>
10004aba:	2600      	movs	r6, #0
10004abc:	f89d 2021 	ldrb.w	r2, [sp, #33]	@ 0x21
10004ac0:	f002 03fd 	and.w	r3, r2, #253	@ 0xfd
10004ac4:	2b01      	cmp	r3, #1
10004ac6:	d01b      	beq.n	10004b00 <tud_task_ext+0x5a8>
10004ac8:	2a00      	cmp	r2, #0
10004aca:	f47f ae56 	bne.w	1000477a <tud_task_ext+0x222>
10004ace:	9b01      	ldr	r3, [sp, #4]
10004ad0:	9a00      	ldr	r2, [sp, #0]
10004ad2:	443b      	add	r3, r7
10004ad4:	4413      	add	r3, r2
10004ad6:	f893 3034 	ldrb.w	r3, [r3, #52]	@ 0x34
10004ada:	4640      	mov	r0, r8
10004adc:	f3c3 0340 	ubfx	r3, r3, #1, #1
10004ae0:	e7ad      	b.n	10004a3e <tud_task_ext+0x4e6>
10004ae2:	1c51      	adds	r1, r2, #1
10004ae4:	4299      	cmp	r1, r3
10004ae6:	f6ff ae4f 	blt.w	10004788 <tud_task_ext+0x230>
10004aea:	4e03      	ldr	r6, [pc, #12]	@ (10004af8 <tud_task_ext+0x5a0>)
10004aec:	1a9b      	subs	r3, r3, r2
10004aee:	eb06 1643 	add.w	r6, r6, r3, lsl #5
10004af2:	e680      	b.n	100047f6 <tud_task_ext+0x29e>
10004af4:	20001e45 	.word	0x20001e45
10004af8:	10006784 	.word	0x10006784
10004afc:	200013b0 	.word	0x200013b0
10004b00:	f8bd 3022 	ldrh.w	r3, [sp, #34]	@ 0x22
10004b04:	b9b3      	cbnz	r3, 10004b34 <tud_task_ext+0x5dc>
10004b06:	2a01      	cmp	r2, #1
10004b08:	f899 0000 	ldrb.w	r0, [r9]
10004b0c:	f000 8086 	beq.w	10004c1c <tud_task_ext+0x6c4>
10004b10:	f7ff fbd8 	bl	100042c4 <dcd_edpt_stall>
10004b14:	9b01      	ldr	r3, [sp, #4]
10004b16:	9a00      	ldr	r2, [sp, #0]
10004b18:	443b      	add	r3, r7
10004b1a:	4413      	add	r3, r2
10004b1c:	f893 2034 	ldrb.w	r2, [r3, #52]	@ 0x34
10004b20:	f042 0202 	orr.w	r2, r2, #2
10004b24:	f883 2034 	strb.w	r2, [r3, #52]	@ 0x34
10004b28:	f893 2034 	ldrb.w	r2, [r3, #52]	@ 0x34
10004b2c:	f042 0201 	orr.w	r2, r2, #1
10004b30:	f883 2034 	strb.w	r2, [r3, #52]	@ 0x34
10004b34:	2e00      	cmp	r6, #0
10004b36:	f43f ad1f 	beq.w	10004578 <tud_task_ext+0x20>
10004b3a:	6970      	ldr	r0, [r6, #20]
10004b3c:	f000 fa16 	bl	10004f6c <usbd_control_set_complete_callback>
10004b40:	6973      	ldr	r3, [r6, #20]
10004b42:	2101      	movs	r1, #1
10004b44:	aa08      	add	r2, sp, #32
10004b46:	4640      	mov	r0, r8
10004b48:	4798      	blx	r3
10004b4a:	2000      	movs	r0, #0
10004b4c:	f000 fa0e 	bl	10004f6c <usbd_control_set_complete_callback>
10004b50:	f897 3035 	ldrb.w	r3, [r7, #53]	@ 0x35
10004b54:	07df      	lsls	r7, r3, #31
10004b56:	f53f ad0f 	bmi.w	10004578 <tud_task_ext+0x20>
10004b5a:	e696      	b.n	1000488a <tud_task_ext+0x332>
10004b5c:	f7ff fc6c 	bl	10004438 <tud_umount_cb>
10004b60:	4640      	mov	r0, r8
10004b62:	a908      	add	r1, sp, #32
10004b64:	f000 f986 	bl	10004e74 <tud_control_status>
10004b68:	e506      	b.n	10004578 <tud_task_ext+0x20>
10004b6a:	9b04      	ldr	r3, [sp, #16]
10004b6c:	2b01      	cmp	r3, #1
10004b6e:	f000 809e 	beq.w	10004cae <tud_task_ext+0x756>
10004b72:	2b00      	cmp	r3, #0
10004b74:	f000 808a 	beq.w	10004c8c <tud_task_ext+0x734>
10004b78:	2000      	movs	r0, #0
10004b7a:	f891 8002 	ldrb.w	r8, [r1, #2]
10004b7e:	e005      	b.n	10004b8c <tud_task_ext+0x634>
10004b80:	f88c 6004 	strb.w	r6, [ip, #4]
10004b84:	fa5f fc80 	uxtb.w	ip, r0
10004b88:	4563      	cmp	r3, ip
10004b8a:	d97f      	bls.n	10004c8c <tud_task_ext+0x734>
10004b8c:	eb08 0c00 	add.w	ip, r8, r0
10004b90:	fa57 fc8c 	uxtab	ip, r7, ip
10004b94:	f89c e004 	ldrb.w	lr, [ip, #4]
10004b98:	3001      	adds	r0, #1
10004b9a:	f1be 0fff 	cmp.w	lr, #255	@ 0xff
10004b9e:	d0ef      	beq.n	10004b80 <tud_task_ext+0x628>
10004ba0:	f04f 23e0 	mov.w	r3, #3758153728	@ 0xe000e000
10004ba4:	f8d3 3df0 	ldr.w	r3, [r3, #3568]	@ 0xdf0
10004ba8:	07da      	lsls	r2, r3, #31
10004baa:	d500      	bpl.n	10004bae <tud_task_ext+0x656>
10004bac:	be00      	bkpt	0x0000
10004bae:	f04f 23e0 	mov.w	r3, #3758153728	@ 0xe000e000
10004bb2:	f8d3 3df0 	ldr.w	r3, [r3, #3568]	@ 0xdf0
10004bb6:	07db      	lsls	r3, r3, #31
10004bb8:	d500      	bpl.n	10004bbc <tud_task_ext+0x664>
10004bba:	be00      	bkpt	0x0000
10004bbc:	2300      	movs	r3, #0
10004bbe:	707b      	strb	r3, [r7, #1]
10004bc0:	e5e2      	b.n	10004788 <tud_task_ext+0x230>
10004bc2:	f7fe ff23 	bl	10003a0c <tud_descriptor_bos_cb>
10004bc6:	4602      	mov	r2, r0
10004bc8:	2800      	cmp	r0, #0
10004bca:	f47f af58 	bne.w	10004a7e <tud_task_ext+0x526>
10004bce:	e5db      	b.n	10004788 <tud_task_ext+0x230>
10004bd0:	f7ff f958 	bl	10003e84 <tud_descriptor_device_cb>
10004bd4:	4602      	mov	r2, r0
10004bd6:	2800      	cmp	r0, #0
10004bd8:	f43f adcf 	beq.w	1000477a <tud_task_ext+0x222>
10004bdc:	4640      	mov	r0, r8
10004bde:	2312      	movs	r3, #18
10004be0:	a908      	add	r1, sp, #32
10004be2:	f000 f961 	bl	10004ea8 <tud_control_xfer>
10004be6:	2800      	cmp	r0, #0
10004be8:	f47f acc6 	bne.w	10004578 <tud_task_ext+0x20>
10004bec:	e5cc      	b.n	10004788 <tud_task_ext+0x230>
10004bee:	f7ff fc1d 	bl	1000442c <tud_descriptor_device_qualifier_cb>
10004bf2:	4602      	mov	r2, r0
10004bf4:	2800      	cmp	r0, #0
10004bf6:	f43f adc7 	beq.w	10004788 <tud_task_ext+0x230>
10004bfa:	4640      	mov	r0, r8
10004bfc:	7813      	ldrb	r3, [r2, #0]
10004bfe:	a908      	add	r1, sp, #32
10004c00:	f000 f952 	bl	10004ea8 <tud_control_xfer>
10004c04:	2800      	cmp	r0, #0
10004c06:	f47f acb7 	bne.w	10004578 <tud_task_ext+0x20>
10004c0a:	e5bd      	b.n	10004788 <tud_task_ext+0x230>
10004c0c:	f8bd 1024 	ldrh.w	r1, [sp, #36]	@ 0x24
10004c10:	f7ff f940 	bl	10003e94 <tud_descriptor_string_cb>
10004c14:	4602      	mov	r2, r0
10004c16:	2800      	cmp	r0, #0
10004c18:	d1ef      	bne.n	10004bfa <tud_task_ext+0x6a2>
10004c1a:	e5b5      	b.n	10004788 <tud_task_ext+0x230>
10004c1c:	9302      	str	r3, [sp, #8]
10004c1e:	f7ff fb69 	bl	100042f4 <dcd_edpt_clear_stall>
10004c22:	9a01      	ldr	r2, [sp, #4]
10004c24:	9b00      	ldr	r3, [sp, #0]
10004c26:	443a      	add	r2, r7
10004c28:	441a      	add	r2, r3
10004c2a:	f892 1034 	ldrb.w	r1, [r2, #52]	@ 0x34
10004c2e:	9b02      	ldr	r3, [sp, #8]
10004c30:	f363 0141 	bfi	r1, r3, #1, #1
10004c34:	f882 1034 	strb.w	r1, [r2, #52]	@ 0x34
10004c38:	f892 1034 	ldrb.w	r1, [r2, #52]	@ 0x34
10004c3c:	f363 0100 	bfi	r1, r3, #0, #1
10004c40:	f882 1034 	strb.w	r1, [r2, #52]	@ 0x34
10004c44:	e776      	b.n	10004b34 <tud_task_ext+0x5dc>
10004c46:	2100      	movs	r1, #0
10004c48:	4640      	mov	r0, r8
10004c4a:	f7ff fa87 	bl	1000415c <dcd_sof_enable>
10004c4e:	4640      	mov	r0, r8
10004c50:	f7ff fb22 	bl	10004298 <dcd_edpt_close_all>
10004c54:	78bb      	ldrb	r3, [r7, #2]
10004c56:	4640      	mov	r0, r8
10004c58:	9300      	str	r3, [sp, #0]
10004c5a:	f7ff fb9d 	bl	10004398 <configuration_reset>
10004c5e:	9b00      	ldr	r3, [sp, #0]
10004c60:	70bb      	strb	r3, [r7, #2]
10004c62:	e632      	b.n	100048ca <tud_task_ext+0x372>
10004c64:	f8dd 800c 	ldr.w	r8, [sp, #12]
10004c68:	f7ff fbe4 	bl	10004434 <tud_mount_cb>
10004c6c:	e778      	b.n	10004b60 <tud_task_ext+0x608>
10004c6e:	4640      	mov	r0, r8
10004c70:	2301      	movs	r3, #1
10004c72:	a908      	add	r1, sp, #32
10004c74:	f10d 021a 	add.w	r2, sp, #26
10004c78:	f88d 601a 	strb.w	r6, [sp, #26]
10004c7c:	f000 f914 	bl	10004ea8 <tud_control_xfer>
10004c80:	e47a      	b.n	10004578 <tud_task_ext+0x20>
10004c82:	780a      	ldrb	r2, [r1, #0]
10004c84:	78cb      	ldrb	r3, [r1, #3]
10004c86:	4411      	add	r1, r2
10004c88:	784a      	ldrb	r2, [r1, #1]
10004c8a:	e64c      	b.n	10004926 <tud_task_ext+0x3ce>
10004c8c:	4633      	mov	r3, r6
10004c8e:	4810      	ldr	r0, [pc, #64]	@ (10004cd0 <tud_task_ext+0x778>)
10004c90:	9204      	str	r2, [sp, #16]
10004c92:	9102      	str	r1, [sp, #8]
10004c94:	f000 fe76 	bl	10005984 <tu_edpt_bind_driver>
10004c98:	4b0e      	ldr	r3, [pc, #56]	@ (10004cd4 <tud_task_ext+0x77c>)
10004c9a:	9a04      	ldr	r2, [sp, #16]
10004c9c:	9902      	ldr	r1, [sp, #8]
10004c9e:	781b      	ldrb	r3, [r3, #0]
10004ca0:	4411      	add	r1, r2
10004ca2:	9a00      	ldr	r2, [sp, #0]
10004ca4:	3301      	adds	r3, #1
10004ca6:	4293      	cmp	r3, r2
10004ca8:	f6bf ae34 	bge.w	10004914 <tud_task_ext+0x3bc>
10004cac:	e778      	b.n	10004ba0 <tud_task_ext+0x648>
10004cae:	f8d8 c010 	ldr.w	ip, [r8, #16]
10004cb2:	4809      	ldr	r0, [pc, #36]	@ (10004cd8 <tud_task_ext+0x780>)
10004cb4:	4584      	cmp	ip, r0
10004cb6:	bf08      	it	eq
10004cb8:	2302      	moveq	r3, #2
10004cba:	e75d      	b.n	10004b78 <tud_task_ext+0x620>
10004cbc:	f04f 23e0 	mov.w	r3, #3758153728	@ 0xe000e000
10004cc0:	f8d3 3df0 	ldr.w	r3, [r3, #3568]	@ 0xdf0
10004cc4:	07db      	lsls	r3, r3, #31
10004cc6:	f57f ac57 	bpl.w	10004578 <tud_task_ext+0x20>
10004cca:	be00      	bkpt	0x0000
10004ccc:	e454      	b.n	10004578 <tud_task_ext+0x20>
10004cce:	bf00      	nop
10004cd0:	20001594 	.word	0x20001594
10004cd4:	20001e45 	.word	0x20001e45
10004cd8:	100053a5 	.word	0x100053a5

10004cdc <usbd_open_edpt_pair>:
10004cdc:	e92d 4ff8 	stmdb	sp!, {r3, r4, r5, r6, r7, r8, r9, sl, fp, lr}
10004ce0:	9f0a      	ldr	r7, [sp, #40]	@ 0x28
10004ce2:	2a00      	cmp	r2, #0
10004ce4:	d040      	beq.n	10004d68 <usbd_open_edpt_pair+0x8c>
10004ce6:	460c      	mov	r4, r1
10004ce8:	461e      	mov	r6, r3
10004cea:	4615      	mov	r5, r2
10004cec:	f04f 0a00 	mov.w	sl, #0
10004cf0:	f8df 907c 	ldr.w	r9, [pc, #124]	@ 10004d70 <usbd_open_edpt_pair+0x94>
10004cf4:	f8df 807c 	ldr.w	r8, [pc, #124]	@ 10004d74 <usbd_open_edpt_pair+0x98>
10004cf8:	e018      	b.n	10004d2c <usbd_open_edpt_pair+0x50>
10004cfa:	4620      	mov	r0, r4
10004cfc:	f898 1002 	ldrb.w	r1, [r8, #2]
10004d00:	f899 b000 	ldrb.w	fp, [r9]
10004d04:	f000 fe0e 	bl	10005924 <tu_edpt_validate>
10004d08:	b1e0      	cbz	r0, 10004d44 <usbd_open_edpt_pair+0x68>
10004d0a:	4621      	mov	r1, r4
10004d0c:	4658      	mov	r0, fp
10004d0e:	f7ff fa41 	bl	10004194 <dcd_edpt_open>
10004d12:	b1f0      	cbz	r0, 10004d52 <usbd_open_edpt_pair+0x76>
10004d14:	78a2      	ldrb	r2, [r4, #2]
10004d16:	f10a 0a01 	add.w	sl, sl, #1
10004d1a:	09d1      	lsrs	r1, r2, #7
10004d1c:	bf16      	itet	ne
10004d1e:	9b0b      	ldrne	r3, [sp, #44]	@ 0x2c
10004d20:	703a      	strbeq	r2, [r7, #0]
10004d22:	701a      	strbne	r2, [r3, #0]
10004d24:	7822      	ldrb	r2, [r4, #0]
10004d26:	45aa      	cmp	sl, r5
10004d28:	4414      	add	r4, r2
10004d2a:	d01d      	beq.n	10004d68 <usbd_open_edpt_pair+0x8c>
10004d2c:	7862      	ldrb	r2, [r4, #1]
10004d2e:	2a05      	cmp	r2, #5
10004d30:	d10f      	bne.n	10004d52 <usbd_open_edpt_pair+0x76>
10004d32:	78e1      	ldrb	r1, [r4, #3]
10004d34:	f001 0103 	and.w	r1, r1, #3
10004d38:	42b1      	cmp	r1, r6
10004d3a:	d10a      	bne.n	10004d52 <usbd_open_edpt_pair+0x76>
10004d3c:	78a2      	ldrb	r2, [r4, #2]
10004d3e:	f012 0f70 	tst.w	r2, #112	@ 0x70
10004d42:	d0da      	beq.n	10004cfa <usbd_open_edpt_pair+0x1e>
10004d44:	f04f 23e0 	mov.w	r3, #3758153728	@ 0xe000e000
10004d48:	f8d3 3df0 	ldr.w	r3, [r3, #3568]	@ 0xdf0
10004d4c:	07da      	lsls	r2, r3, #31
10004d4e:	d500      	bpl.n	10004d52 <usbd_open_edpt_pair+0x76>
10004d50:	be00      	bkpt	0x0000
10004d52:	f04f 23e0 	mov.w	r3, #3758153728	@ 0xe000e000
10004d56:	f8d3 3df0 	ldr.w	r3, [r3, #3568]	@ 0xdf0
10004d5a:	07db      	lsls	r3, r3, #31
10004d5c:	d402      	bmi.n	10004d64 <usbd_open_edpt_pair+0x88>
10004d5e:	2000      	movs	r0, #0
10004d60:	e8bd 8ff8 	ldmia.w	sp!, {r3, r4, r5, r6, r7, r8, r9, sl, fp, pc}
10004d64:	be00      	bkpt	0x0000
10004d66:	e7fa      	b.n	10004d5e <usbd_open_edpt_pair+0x82>
10004d68:	2001      	movs	r0, #1
10004d6a:	e8bd 8ff8 	ldmia.w	sp!, {r3, r4, r5, r6, r7, r8, r9, sl, fp, pc}
10004d6e:	bf00      	nop
10004d70:	20001218 	.word	0x20001218
10004d74:	20001580 	.word	0x20001580

10004d78 <usbd_edpt_open>:
10004d78:	b538      	push	{r3, r4, r5, lr}
10004d7a:	788b      	ldrb	r3, [r1, #2]
10004d7c:	f013 0f70 	tst.w	r3, #112	@ 0x70
10004d80:	d008      	beq.n	10004d94 <usbd_edpt_open+0x1c>
10004d82:	f04f 23e0 	mov.w	r3, #3758153728	@ 0xe000e000
10004d86:	f8d3 3df0 	ldr.w	r3, [r3, #3568]	@ 0xdf0
10004d8a:	07db      	lsls	r3, r3, #31
10004d8c:	d500      	bpl.n	10004d90 <usbd_edpt_open+0x18>
10004d8e:	be00      	bkpt	0x0000
10004d90:	2000      	movs	r0, #0
10004d92:	bd38      	pop	{r3, r4, r5, pc}
10004d94:	4a07      	ldr	r2, [pc, #28]	@ (10004db4 <usbd_edpt_open+0x3c>)
10004d96:	4b08      	ldr	r3, [pc, #32]	@ (10004db8 <usbd_edpt_open+0x40>)
10004d98:	460c      	mov	r4, r1
10004d9a:	4608      	mov	r0, r1
10004d9c:	7891      	ldrb	r1, [r2, #2]
10004d9e:	781d      	ldrb	r5, [r3, #0]
10004da0:	f000 fdc0 	bl	10005924 <tu_edpt_validate>
10004da4:	2800      	cmp	r0, #0
10004da6:	d0ec      	beq.n	10004d82 <usbd_edpt_open+0xa>
10004da8:	4621      	mov	r1, r4
10004daa:	4628      	mov	r0, r5
10004dac:	e8bd 4038 	ldmia.w	sp!, {r3, r4, r5, lr}
10004db0:	f7ff b9f0 	b.w	10004194 <dcd_edpt_open>
10004db4:	20001580 	.word	0x20001580
10004db8:	20001218 	.word	0x20001218

10004dbc <usbd_edpt_claim>:
10004dbc:	460b      	mov	r3, r1
10004dbe:	4a06      	ldr	r2, [pc, #24]	@ (10004dd8 <usbd_edpt_claim+0x1c>)
10004dc0:	4806      	ldr	r0, [pc, #24]	@ (10004ddc <usbd_edpt_claim+0x20>)
10004dc2:	6811      	ldr	r1, [r2, #0]
10004dc4:	09da      	lsrs	r2, r3, #7
10004dc6:	3234      	adds	r2, #52	@ 0x34
10004dc8:	f003 037f 	and.w	r3, r3, #127	@ 0x7f
10004dcc:	eb02 0343 	add.w	r3, r2, r3, lsl #1
10004dd0:	4418      	add	r0, r3
10004dd2:	f000 bd61 	b.w	10005898 <tu_edpt_claim>
10004dd6:	bf00      	nop
10004dd8:	200015d4 	.word	0x200015d4
10004ddc:	20001580 	.word	0x20001580

10004de0 <usbd_edpt_release>:
10004de0:	460b      	mov	r3, r1
10004de2:	4a06      	ldr	r2, [pc, #24]	@ (10004dfc <usbd_edpt_release+0x1c>)
10004de4:	4806      	ldr	r0, [pc, #24]	@ (10004e00 <usbd_edpt_release+0x20>)
10004de6:	6811      	ldr	r1, [r2, #0]
10004de8:	09da      	lsrs	r2, r3, #7
10004dea:	3234      	adds	r2, #52	@ 0x34
10004dec:	f003 037f 	and.w	r3, r3, #127	@ 0x7f
10004df0:	eb02 0343 	add.w	r3, r2, r3, lsl #1
10004df4:	4418      	add	r0, r3
10004df6:	f000 bd79 	b.w	100058ec <tu_edpt_release>
10004dfa:	bf00      	nop
10004dfc:	200015d4 	.word	0x200015d4
10004e00:	20001580 	.word	0x20001580

10004e04 <usbd_edpt_xfer>:
10004e04:	b510      	push	{r4, lr}
10004e06:	4819      	ldr	r0, [pc, #100]	@ (10004e6c <usbd_edpt_xfer+0x68>)
10004e08:	f001 0c7f 	and.w	ip, r1, #127	@ 0x7f
10004e0c:	eb00 004c 	add.w	r0, r0, ip, lsl #1
10004e10:	eb00 10d1 	add.w	r0, r0, r1, lsr #7
10004e14:	f890 c034 	ldrb.w	ip, [r0, #52]	@ 0x34
10004e18:	f01c 0f01 	tst.w	ip, #1
10004e1c:	d008      	beq.n	10004e30 <usbd_edpt_xfer+0x2c>
10004e1e:	f04f 23e0 	mov.w	r3, #3758153728	@ 0xe000e000
10004e22:	f8d3 3df0 	ldr.w	r3, [r3, #3568]	@ 0xdf0
10004e26:	07da      	lsls	r2, r3, #31
10004e28:	d500      	bpl.n	10004e2c <usbd_edpt_xfer+0x28>
10004e2a:	be00      	bkpt	0x0000
10004e2c:	2000      	movs	r0, #0
10004e2e:	bd10      	pop	{r4, pc}
10004e30:	f100 0430 	add.w	r4, r0, #48	@ 0x30
10004e34:	f894 c004 	ldrb.w	ip, [r4, #4]
10004e38:	480d      	ldr	r0, [pc, #52]	@ (10004e70 <usbd_edpt_xfer+0x6c>)
10004e3a:	f04c 0c01 	orr.w	ip, ip, #1
10004e3e:	7800      	ldrb	r0, [r0, #0]
10004e40:	f884 c004 	strb.w	ip, [r4, #4]
10004e44:	f7ff fa2a 	bl	1000429c <dcd_edpt_xfer>
10004e48:	2800      	cmp	r0, #0
10004e4a:	d1f0      	bne.n	10004e2e <usbd_edpt_xfer+0x2a>
10004e4c:	f04f 21e0 	mov.w	r1, #3758153728	@ 0xe000e000
10004e50:	7922      	ldrb	r2, [r4, #4]
10004e52:	f360 0200 	bfi	r2, r0, #0, #1
10004e56:	7122      	strb	r2, [r4, #4]
10004e58:	7922      	ldrb	r2, [r4, #4]
10004e5a:	f360 0282 	bfi	r2, r0, #2, #1
10004e5e:	7122      	strb	r2, [r4, #4]
10004e60:	f8d1 3df0 	ldr.w	r3, [r1, #3568]	@ 0xdf0
10004e64:	07db      	lsls	r3, r3, #31
10004e66:	d5e1      	bpl.n	10004e2c <usbd_edpt_xfer+0x28>
10004e68:	be00      	bkpt	0x0000
10004e6a:	e7df      	b.n	10004e2c <usbd_edpt_xfer+0x28>
10004e6c:	20001580 	.word	0x20001580
10004e70:	20001218 	.word	0x20001218

10004e74 <tud_control_status>:
10004e74:	b530      	push	{r4, r5, lr}
10004e76:	4c0b      	ldr	r4, [pc, #44]	@ (10004ea4 <tud_control_status+0x30>)
10004e78:	468c      	mov	ip, r1
10004e7a:	46a6      	mov	lr, r4
10004e7c:	4605      	mov	r5, r0
10004e7e:	6808      	ldr	r0, [r1, #0]
10004e80:	6849      	ldr	r1, [r1, #4]
10004e82:	2300      	movs	r3, #0
10004e84:	e8ae 0003 	stmia.w	lr!, {r0, r1}
10004e88:	f89c 1000 	ldrb.w	r1, [ip]
10004e8c:	4628      	mov	r0, r5
10004e8e:	43c9      	mvns	r1, r1
10004e90:	e9c4 3302 	strd	r3, r3, [r4, #8]
10004e94:	e8bd 4030 	ldmia.w	sp!, {r4, r5, lr}
10004e98:	461a      	mov	r2, r3
10004e9a:	f001 0180 	and.w	r1, r1, #128	@ 0x80
10004e9e:	f7ff bfb1 	b.w	10004e04 <usbd_edpt_xfer>
10004ea2:	bf00      	nop
10004ea4:	20001540 	.word	0x20001540

10004ea8 <tud_control_xfer>:
10004ea8:	e92d 41f0 	stmdb	sp!, {r4, r5, r6, r7, r8, lr}
10004eac:	4f28      	ldr	r7, [pc, #160]	@ (10004f50 <tud_control_xfer+0xa8>)
10004eae:	f04f 0800 	mov.w	r8, #0
10004eb2:	46be      	mov	lr, r7
10004eb4:	468c      	mov	ip, r1
10004eb6:	4606      	mov	r6, r0
10004eb8:	6808      	ldr	r0, [r1, #0]
10004eba:	6849      	ldr	r1, [r1, #4]
10004ebc:	60ba      	str	r2, [r7, #8]
10004ebe:	e8ae 0003 	stmia.w	lr!, {r0, r1}
10004ec2:	f8a7 800e 	strh.w	r8, [r7, #14]
10004ec6:	4615      	mov	r5, r2
10004ec8:	f8bc 2006 	ldrh.w	r2, [ip, #6]
10004ecc:	4293      	cmp	r3, r2
10004ece:	bf28      	it	cs
10004ed0:	4613      	movcs	r3, r2
10004ed2:	81bb      	strh	r3, [r7, #12]
10004ed4:	b19a      	cbz	r2, 10004efe <tud_control_xfer+0x56>
10004ed6:	461c      	mov	r4, r3
10004ed8:	b333      	cbz	r3, 10004f28 <tud_control_xfer+0x80>
10004eda:	b1dd      	cbz	r5, 10004f14 <tud_control_xfer+0x6c>
10004edc:	f997 3000 	ldrsb.w	r3, [r7]
10004ee0:	2c40      	cmp	r4, #64	@ 0x40
10004ee2:	bf28      	it	cs
10004ee4:	2440      	movcs	r4, #64	@ 0x40
10004ee6:	2b00      	cmp	r3, #0
10004ee8:	db29      	blt.n	10004f3e <tud_control_xfer+0x96>
10004eea:	4641      	mov	r1, r8
10004eec:	4623      	mov	r3, r4
10004eee:	4630      	mov	r0, r6
10004ef0:	4a18      	ldr	r2, [pc, #96]	@ (10004f54 <tud_control_xfer+0xac>)
10004ef2:	f7ff ff87 	bl	10004e04 <usbd_edpt_xfer>
10004ef6:	b168      	cbz	r0, 10004f14 <tud_control_xfer+0x6c>
10004ef8:	2001      	movs	r0, #1
10004efa:	e8bd 81f0 	ldmia.w	sp!, {r4, r5, r6, r7, r8, pc}
10004efe:	f89c 1000 	ldrb.w	r1, [ip]
10004f02:	4613      	mov	r3, r2
10004f04:	43c9      	mvns	r1, r1
10004f06:	4630      	mov	r0, r6
10004f08:	f001 0180 	and.w	r1, r1, #128	@ 0x80
10004f0c:	f7ff ff7a 	bl	10004e04 <usbd_edpt_xfer>
10004f10:	2800      	cmp	r0, #0
10004f12:	d1f1      	bne.n	10004ef8 <tud_control_xfer+0x50>
10004f14:	f04f 23e0 	mov.w	r3, #3758153728	@ 0xe000e000
10004f18:	f8d3 3df0 	ldr.w	r3, [r3, #3568]	@ 0xdf0
10004f1c:	07db      	lsls	r3, r3, #31
10004f1e:	d500      	bpl.n	10004f22 <tud_control_xfer+0x7a>
10004f20:	be00      	bkpt	0x0000
10004f22:	2000      	movs	r0, #0
10004f24:	e8bd 81f0 	ldmia.w	sp!, {r4, r5, r6, r7, r8, pc}
10004f28:	461a      	mov	r2, r3
10004f2a:	7839      	ldrb	r1, [r7, #0]
10004f2c:	f001 0180 	and.w	r1, r1, #128	@ 0x80
10004f30:	4623      	mov	r3, r4
10004f32:	4630      	mov	r0, r6
10004f34:	f7ff ff66 	bl	10004e04 <usbd_edpt_xfer>
10004f38:	2800      	cmp	r0, #0
10004f3a:	d1dd      	bne.n	10004ef8 <tud_control_xfer+0x50>
10004f3c:	e7ea      	b.n	10004f14 <tud_control_xfer+0x6c>
10004f3e:	4622      	mov	r2, r4
10004f40:	4629      	mov	r1, r5
10004f42:	4804      	ldr	r0, [pc, #16]	@ (10004f54 <tud_control_xfer+0xac>)
10004f44:	f001 f8e2 	bl	1000610c <memcpy>
10004f48:	2180      	movs	r1, #128	@ 0x80
10004f4a:	4a02      	ldr	r2, [pc, #8]	@ (10004f54 <tud_control_xfer+0xac>)
10004f4c:	e7f0      	b.n	10004f30 <tud_control_xfer+0x88>
10004f4e:	bf00      	nop
10004f50:	20001540 	.word	0x20001540
10004f54:	20001500 	.word	0x20001500

10004f58 <usbd_control_reset>:
10004f58:	2200      	movs	r2, #0
10004f5a:	4b03      	ldr	r3, [pc, #12]	@ (10004f68 <usbd_control_reset+0x10>)
10004f5c:	e9c3 2200 	strd	r2, r2, [r3]
10004f60:	e9c3 2202 	strd	r2, r2, [r3, #8]
10004f64:	611a      	str	r2, [r3, #16]
10004f66:	4770      	bx	lr
10004f68:	20001540 	.word	0x20001540

10004f6c <usbd_control_set_complete_callback>:
10004f6c:	4b01      	ldr	r3, [pc, #4]	@ (10004f74 <usbd_control_set_complete_callback+0x8>)
10004f6e:	6118      	str	r0, [r3, #16]
10004f70:	4770      	bx	lr
10004f72:	bf00      	nop
10004f74:	20001540 	.word	0x20001540

10004f78 <usbd_control_set_request>:
10004f78:	b430      	push	{r4, r5}
10004f7a:	4602      	mov	r2, r0
10004f7c:	4c04      	ldr	r4, [pc, #16]	@ (10004f90 <usbd_control_set_request+0x18>)
10004f7e:	2500      	movs	r5, #0
10004f80:	4623      	mov	r3, r4
10004f82:	6800      	ldr	r0, [r0, #0]
10004f84:	6851      	ldr	r1, [r2, #4]
10004f86:	e9c4 5502 	strd	r5, r5, [r4, #8]
10004f8a:	bc30      	pop	{r4, r5}
10004f8c:	c303      	stmia	r3!, {r0, r1}
10004f8e:	4770      	bx	lr
10004f90:	20001540 	.word	0x20001540

10004f94 <usbd_control_xfer_cb>:
10004f94:	b570      	push	{r4, r5, r6, lr}
10004f96:	4c3d      	ldr	r4, [pc, #244]	@ (1000508c <usbd_control_xfer_cb+0xf8>)
10004f98:	09c9      	lsrs	r1, r1, #7
10004f9a:	7822      	ldrb	r2, [r4, #0]
10004f9c:	4606      	mov	r6, r0
10004f9e:	ebb1 1fd2 	cmp.w	r1, r2, lsr #7
10004fa2:	461d      	mov	r5, r3
10004fa4:	b082      	sub	sp, #8
10004fa6:	d017      	beq.n	10004fd8 <usbd_control_xfer_cb+0x44>
10004fa8:	b153      	cbz	r3, 10004fc0 <usbd_control_xfer_cb+0x2c>
10004faa:	f04f 23e0 	mov.w	r3, #3758153728	@ 0xe000e000
10004fae:	f8d3 3df0 	ldr.w	r3, [r3, #3568]	@ 0xdf0
10004fb2:	07db      	lsls	r3, r3, #31
10004fb4:	d402      	bmi.n	10004fbc <usbd_control_xfer_cb+0x28>
10004fb6:	2000      	movs	r0, #0
10004fb8:	b002      	add	sp, #8
10004fba:	bd70      	pop	{r4, r5, r6, pc}
10004fbc:	be00      	bkpt	0x0000
10004fbe:	e7fa      	b.n	10004fb6 <usbd_control_xfer_cb+0x22>
10004fc0:	4621      	mov	r1, r4
10004fc2:	f7ff f8d9 	bl	10004178 <dcd_edpt0_status_complete>
10004fc6:	6923      	ldr	r3, [r4, #16]
10004fc8:	b11b      	cbz	r3, 10004fd2 <usbd_control_xfer_cb+0x3e>
10004fca:	4622      	mov	r2, r4
10004fcc:	2103      	movs	r1, #3
10004fce:	4630      	mov	r0, r6
10004fd0:	4798      	blx	r3
10004fd2:	2001      	movs	r0, #1
10004fd4:	b002      	add	sp, #8
10004fd6:	bd70      	pop	{r4, r5, r6, pc}
10004fd8:	f994 3000 	ldrsb.w	r3, [r4]
10004fdc:	2b00      	cmp	r3, #0
10004fde:	db06      	blt.n	10004fee <usbd_control_xfer_cb+0x5a>
10004fe0:	68a0      	ldr	r0, [r4, #8]
10004fe2:	2800      	cmp	r0, #0
10004fe4:	d0e7      	beq.n	10004fb6 <usbd_control_xfer_cb+0x22>
10004fe6:	462a      	mov	r2, r5
10004fe8:	4929      	ldr	r1, [pc, #164]	@ (10005090 <usbd_control_xfer_cb+0xfc>)
10004fea:	f001 f88f 	bl	1000610c <memcpy>
10004fee:	89e0      	ldrh	r0, [r4, #14]
10004ff0:	68a1      	ldr	r1, [r4, #8]
10004ff2:	88e3      	ldrh	r3, [r4, #6]
10004ff4:	4428      	add	r0, r5
10004ff6:	b280      	uxth	r0, r0
10004ff8:	4429      	add	r1, r5
10004ffa:	4283      	cmp	r3, r0
10004ffc:	81e0      	strh	r0, [r4, #14]
10004ffe:	60a1      	str	r1, [r4, #8]
10005000:	d016      	beq.n	10005030 <usbd_control_xfer_cb+0x9c>
10005002:	2d3f      	cmp	r5, #63	@ 0x3f
10005004:	d914      	bls.n	10005030 <usbd_control_xfer_cb+0x9c>
10005006:	89a2      	ldrh	r2, [r4, #12]
10005008:	f994 4000 	ldrsb.w	r4, [r4]
1000500c:	1a13      	subs	r3, r2, r0
1000500e:	b29b      	uxth	r3, r3
10005010:	2b40      	cmp	r3, #64	@ 0x40
10005012:	bf28      	it	cs
10005014:	2340      	movcs	r3, #64	@ 0x40
10005016:	2c00      	cmp	r4, #0
10005018:	db27      	blt.n	1000506a <usbd_control_xfer_cb+0xd6>
1000501a:	4290      	cmp	r0, r2
1000501c:	f04f 0100 	mov.w	r1, #0
10005020:	d031      	beq.n	10005086 <usbd_control_xfer_cb+0xf2>
10005022:	4a1b      	ldr	r2, [pc, #108]	@ (10005090 <usbd_control_xfer_cb+0xfc>)
10005024:	4630      	mov	r0, r6
10005026:	f7ff feed 	bl	10004e04 <usbd_edpt_xfer>
1000502a:	2800      	cmp	r0, #0
1000502c:	d1d1      	bne.n	10004fd2 <usbd_control_xfer_cb+0x3e>
1000502e:	e7bc      	b.n	10004faa <usbd_control_xfer_cb+0x16>
10005030:	6923      	ldr	r3, [r4, #16]
10005032:	b123      	cbz	r3, 1000503e <usbd_control_xfer_cb+0xaa>
10005034:	2102      	movs	r1, #2
10005036:	4630      	mov	r0, r6
10005038:	4a14      	ldr	r2, [pc, #80]	@ (1000508c <usbd_control_xfer_cb+0xf8>)
1000503a:	4798      	blx	r3
1000503c:	b160      	cbz	r0, 10005058 <usbd_control_xfer_cb+0xc4>
1000503e:	7821      	ldrb	r1, [r4, #0]
10005040:	2300      	movs	r3, #0
10005042:	43c9      	mvns	r1, r1
10005044:	4630      	mov	r0, r6
10005046:	461a      	mov	r2, r3
10005048:	f001 0180 	and.w	r1, r1, #128	@ 0x80
1000504c:	f7ff feda 	bl	10004e04 <usbd_edpt_xfer>
10005050:	2800      	cmp	r0, #0
10005052:	d0aa      	beq.n	10004faa <usbd_control_xfer_cb+0x16>
10005054:	2001      	movs	r0, #1
10005056:	e7bd      	b.n	10004fd4 <usbd_control_xfer_cb+0x40>
10005058:	4601      	mov	r1, r0
1000505a:	4630      	mov	r0, r6
1000505c:	f7ff f932 	bl	100042c4 <dcd_edpt_stall>
10005060:	2180      	movs	r1, #128	@ 0x80
10005062:	4630      	mov	r0, r6
10005064:	f7ff f92e 	bl	100042c4 <dcd_edpt_stall>
10005068:	e7b3      	b.n	10004fd2 <usbd_control_xfer_cb+0x3e>
1000506a:	4290      	cmp	r0, r2
1000506c:	d008      	beq.n	10005080 <usbd_control_xfer_cb+0xec>
1000506e:	461a      	mov	r2, r3
10005070:	4807      	ldr	r0, [pc, #28]	@ (10005090 <usbd_control_xfer_cb+0xfc>)
10005072:	9301      	str	r3, [sp, #4]
10005074:	f001 f84a 	bl	1000610c <memcpy>
10005078:	2180      	movs	r1, #128	@ 0x80
1000507a:	4a05      	ldr	r2, [pc, #20]	@ (10005090 <usbd_control_xfer_cb+0xfc>)
1000507c:	9b01      	ldr	r3, [sp, #4]
1000507e:	e7d1      	b.n	10005024 <usbd_control_xfer_cb+0x90>
10005080:	2180      	movs	r1, #128	@ 0x80
10005082:	2200      	movs	r2, #0
10005084:	e7ce      	b.n	10005024 <usbd_control_xfer_cb+0x90>
10005086:	460a      	mov	r2, r1
10005088:	e7cc      	b.n	10005024 <usbd_control_xfer_cb+0x90>
1000508a:	bf00      	nop
1000508c:	20001540 	.word	0x20001540
10005090:	20001500 	.word	0x20001500

10005094 <_prep_out_transaction.isra.0>:
10005094:	e92d 41f0 	stmdb	sp!, {r4, r5, r6, r7, r8, lr}
10005098:	4604      	mov	r4, r0
1000509a:	f7ff f9d3 	bl	10004444 <tud_mounted>
1000509e:	b908      	cbnz	r0, 100050a4 <_prep_out_transaction.isra.0+0x10>
100050a0:	e8bd 81f0 	ldmia.w	sp!, {r4, r5, r6, r7, r8, pc}
100050a4:	f7ff f9d6 	bl	10004454 <tud_suspended>
100050a8:	4605      	mov	r5, r0
100050aa:	2800      	cmp	r0, #0
100050ac:	d1f8      	bne.n	100050a0 <_prep_out_transaction.isra.0+0xc>
100050ae:	23c8      	movs	r3, #200	@ 0xc8
100050b0:	fb04 f303 	mul.w	r3, r4, r3
100050b4:	4e12      	ldr	r6, [pc, #72]	@ (10005100 <_prep_out_transaction.isra.0+0x6c>)
100050b6:	18f7      	adds	r7, r6, r3
100050b8:	78f9      	ldrb	r1, [r7, #3]
100050ba:	2900      	cmp	r1, #0
100050bc:	d0f0      	beq.n	100050a0 <_prep_out_transaction.isra.0+0xc>
100050be:	3310      	adds	r3, #16
100050c0:	441e      	add	r6, r3
100050c2:	4630      	mov	r0, r6
100050c4:	f000 fdd2 	bl	10005c6c <tu_fifo_remaining>
100050c8:	283f      	cmp	r0, #63	@ 0x3f
100050ca:	d9e9      	bls.n	100050a0 <_prep_out_transaction.isra.0+0xc>
100050cc:	4628      	mov	r0, r5
100050ce:	78f9      	ldrb	r1, [r7, #3]
100050d0:	f7ff fe74 	bl	10004dbc <usbd_edpt_claim>
100050d4:	2800      	cmp	r0, #0
100050d6:	d0e3      	beq.n	100050a0 <_prep_out_transaction.isra.0+0xc>
100050d8:	4630      	mov	r0, r6
100050da:	f000 fdc7 	bl	10005c6c <tu_fifo_remaining>
100050de:	283f      	cmp	r0, #63	@ 0x3f
100050e0:	78f9      	ldrb	r1, [r7, #3]
100050e2:	d908      	bls.n	100050f6 <_prep_out_transaction.isra.0+0x62>
100050e4:	4a07      	ldr	r2, [pc, #28]	@ (10005104 <_prep_out_transaction.isra.0+0x70>)
100050e6:	4628      	mov	r0, r5
100050e8:	eb02 12c4 	add.w	r2, r2, r4, lsl #7
100050ec:	2340      	movs	r3, #64	@ 0x40
100050ee:	e8bd 41f0 	ldmia.w	sp!, {r4, r5, r6, r7, r8, lr}
100050f2:	f7ff be87 	b.w	10004e04 <usbd_edpt_xfer>
100050f6:	4628      	mov	r0, r5
100050f8:	e8bd 41f0 	ldmia.w	sp!, {r4, r5, r6, r7, r8, lr}
100050fc:	f7ff be70 	b.w	10004de0 <usbd_edpt_release>
10005100:	20001438 	.word	0x20001438
10005104:	200013b4 	.word	0x200013b4

10005108 <tud_cdc_n_connected>:
10005108:	b510      	push	{r4, lr}
1000510a:	4604      	mov	r4, r0
1000510c:	f7ff f99a 	bl	10004444 <tud_mounted>
10005110:	b908      	cbnz	r0, 10005116 <tud_cdc_n_connected+0xe>
10005112:	2000      	movs	r0, #0
10005114:	bd10      	pop	{r4, pc}
10005116:	f7ff f99d 	bl	10004454 <tud_suspended>
1000511a:	2800      	cmp	r0, #0
1000511c:	d1f9      	bne.n	10005112 <tud_cdc_n_connected+0xa>
1000511e:	22c8      	movs	r2, #200	@ 0xc8
10005120:	4b03      	ldr	r3, [pc, #12]	@ (10005130 <tud_cdc_n_connected+0x28>)
10005122:	fb02 3304 	mla	r3, r2, r4, r3
10005126:	7918      	ldrb	r0, [r3, #4]
10005128:	f000 0001 	and.w	r0, r0, #1
1000512c:	bd10      	pop	{r4, pc}
1000512e:	bf00      	nop
10005130:	20001438 	.word	0x20001438

10005134 <tud_cdc_n_available>:
10005134:	22c8      	movs	r2, #200	@ 0xc8
10005136:	b508      	push	{r3, lr}
10005138:	4b02      	ldr	r3, [pc, #8]	@ (10005144 <tud_cdc_n_available+0x10>)
1000513a:	fb02 3000 	mla	r0, r2, r0, r3
1000513e:	f000 fd7b 	bl	10005c38 <tu_fifo_count>
10005142:	bd08      	pop	{r3, pc}
10005144:	20001448 	.word	0x20001448

10005148 <tud_cdc_n_read>:
10005148:	e92d 43f8 	stmdb	sp!, {r3, r4, r5, r6, r7, r8, r9, lr}
1000514c:	f64f 73ff 	movw	r3, #65535	@ 0xffff
10005150:	24c8      	movs	r4, #200	@ 0xc8
10005152:	429a      	cmp	r2, r3
10005154:	bf28      	it	cs
10005156:	461a      	movcs	r2, r3
10005158:	fb00 f404 	mul.w	r4, r0, r4
1000515c:	f8df 8074 	ldr.w	r8, [pc, #116]	@ 100051d4 <tud_cdc_n_read+0x8c>
10005160:	f104 0510 	add.w	r5, r4, #16
10005164:	4445      	add	r5, r8
10005166:	4606      	mov	r6, r0
10005168:	b292      	uxth	r2, r2
1000516a:	4628      	mov	r0, r5
1000516c:	f000 fdda 	bl	10005d24 <tu_fifo_read_n>
10005170:	4607      	mov	r7, r0
10005172:	f7ff f967 	bl	10004444 <tud_mounted>
10005176:	b910      	cbnz	r0, 1000517e <tud_cdc_n_read+0x36>
10005178:	4638      	mov	r0, r7
1000517a:	e8bd 83f8 	ldmia.w	sp!, {r3, r4, r5, r6, r7, r8, r9, pc}
1000517e:	f7ff f969 	bl	10004454 <tud_suspended>
10005182:	4681      	mov	r9, r0
10005184:	2800      	cmp	r0, #0
10005186:	d1f7      	bne.n	10005178 <tud_cdc_n_read+0x30>
10005188:	44a0      	add	r8, r4
1000518a:	f898 3003 	ldrb.w	r3, [r8, #3]
1000518e:	2b00      	cmp	r3, #0
10005190:	d0f2      	beq.n	10005178 <tud_cdc_n_read+0x30>
10005192:	4628      	mov	r0, r5
10005194:	f000 fd6a 	bl	10005c6c <tu_fifo_remaining>
10005198:	283f      	cmp	r0, #63	@ 0x3f
1000519a:	d9ed      	bls.n	10005178 <tud_cdc_n_read+0x30>
1000519c:	4648      	mov	r0, r9
1000519e:	f898 1003 	ldrb.w	r1, [r8, #3]
100051a2:	f7ff fe0b 	bl	10004dbc <usbd_edpt_claim>
100051a6:	2800      	cmp	r0, #0
100051a8:	d0e6      	beq.n	10005178 <tud_cdc_n_read+0x30>
100051aa:	4628      	mov	r0, r5
100051ac:	f000 fd5e 	bl	10005c6c <tu_fifo_remaining>
100051b0:	283f      	cmp	r0, #63	@ 0x3f
100051b2:	f898 1003 	ldrb.w	r1, [r8, #3]
100051b6:	d907      	bls.n	100051c8 <tud_cdc_n_read+0x80>
100051b8:	4a05      	ldr	r2, [pc, #20]	@ (100051d0 <tud_cdc_n_read+0x88>)
100051ba:	4648      	mov	r0, r9
100051bc:	2340      	movs	r3, #64	@ 0x40
100051be:	eb02 12c6 	add.w	r2, r2, r6, lsl #7
100051c2:	f7ff fe1f 	bl	10004e04 <usbd_edpt_xfer>
100051c6:	e7d7      	b.n	10005178 <tud_cdc_n_read+0x30>
100051c8:	4648      	mov	r0, r9
100051ca:	f7ff fe09 	bl	10004de0 <usbd_edpt_release>
100051ce:	e7d3      	b.n	10005178 <tud_cdc_n_read+0x30>
100051d0:	200013b4 	.word	0x200013b4
100051d4:	20001438 	.word	0x20001438

100051d8 <tud_cdc_n_write_flush>:
100051d8:	e92d 41f0 	stmdb	sp!, {r4, r5, r6, r7, r8, lr}
100051dc:	4604      	mov	r4, r0
100051de:	f7ff f931 	bl	10004444 <tud_mounted>
100051e2:	b910      	cbnz	r0, 100051ea <tud_cdc_n_write_flush+0x12>
100051e4:	2000      	movs	r0, #0
100051e6:	e8bd 81f0 	ldmia.w	sp!, {r4, r5, r6, r7, r8, pc}
100051ea:	f7ff f933 	bl	10004454 <tud_suspended>
100051ee:	4605      	mov	r5, r0
100051f0:	2800      	cmp	r0, #0
100051f2:	d1f7      	bne.n	100051e4 <tud_cdc_n_write_flush+0xc>
100051f4:	26c8      	movs	r6, #200	@ 0xc8
100051f6:	fb04 f606 	mul.w	r6, r4, r6
100051fa:	f8df 8064 	ldr.w	r8, [pc, #100]	@ 10005260 <tud_cdc_n_write_flush+0x88>
100051fe:	f106 0724 	add.w	r7, r6, #36	@ 0x24
10005202:	4447      	add	r7, r8
10005204:	4638      	mov	r0, r7
10005206:	f000 fd17 	bl	10005c38 <tu_fifo_count>
1000520a:	2800      	cmp	r0, #0
1000520c:	d0ea      	beq.n	100051e4 <tud_cdc_n_write_flush+0xc>
1000520e:	44b0      	add	r8, r6
10005210:	4628      	mov	r0, r5
10005212:	f898 1002 	ldrb.w	r1, [r8, #2]
10005216:	f7ff fdd1 	bl	10004dbc <usbd_edpt_claim>
1000521a:	2800      	cmp	r0, #0
1000521c:	d0e2      	beq.n	100051e4 <tud_cdc_n_write_flush+0xc>
1000521e:	4e0f      	ldr	r6, [pc, #60]	@ (1000525c <tud_cdc_n_write_flush+0x84>)
10005220:	4638      	mov	r0, r7
10005222:	eb06 16c4 	add.w	r6, r6, r4, lsl #7
10005226:	4631      	mov	r1, r6
10005228:	2240      	movs	r2, #64	@ 0x40
1000522a:	f000 fd7b 	bl	10005d24 <tu_fifo_read_n>
1000522e:	f898 1002 	ldrb.w	r1, [r8, #2]
10005232:	4604      	mov	r4, r0
10005234:	b168      	cbz	r0, 10005252 <tud_cdc_n_write_flush+0x7a>
10005236:	4603      	mov	r3, r0
10005238:	4632      	mov	r2, r6
1000523a:	4628      	mov	r0, r5
1000523c:	f7ff fde2 	bl	10004e04 <usbd_edpt_xfer>
10005240:	b950      	cbnz	r0, 10005258 <tud_cdc_n_write_flush+0x80>
10005242:	f04f 23e0 	mov.w	r3, #3758153728	@ 0xe000e000
10005246:	f8d3 3df0 	ldr.w	r3, [r3, #3568]	@ 0xdf0
1000524a:	07db      	lsls	r3, r3, #31
1000524c:	d5ca      	bpl.n	100051e4 <tud_cdc_n_write_flush+0xc>
1000524e:	be00      	bkpt	0x0000
10005250:	e7c8      	b.n	100051e4 <tud_cdc_n_write_flush+0xc>
10005252:	f7ff fdc5 	bl	10004de0 <usbd_edpt_release>
10005256:	e7c5      	b.n	100051e4 <tud_cdc_n_write_flush+0xc>
10005258:	4620      	mov	r0, r4
1000525a:	e7c4      	b.n	100051e6 <tud_cdc_n_write_flush+0xe>
1000525c:	200013f4 	.word	0x200013f4
10005260:	20001438 	.word	0x20001438

10005264 <tud_cdc_n_write>:
10005264:	b538      	push	{r3, r4, r5, lr}
10005266:	f64f 75ff 	movw	r5, #65535	@ 0xffff
1000526a:	23c8      	movs	r3, #200	@ 0xc8
1000526c:	42aa      	cmp	r2, r5
1000526e:	bf28      	it	cs
10005270:	462a      	movcs	r2, r5
10005272:	4c0b      	ldr	r4, [pc, #44]	@ (100052a0 <tud_cdc_n_write+0x3c>)
10005274:	b292      	uxth	r2, r2
10005276:	fb03 4400 	mla	r4, r3, r0, r4
1000527a:	4605      	mov	r5, r0
1000527c:	4620      	mov	r0, r4
1000527e:	f000 fe0f 	bl	10005ea0 <tu_fifo_write_n>
10005282:	4603      	mov	r3, r0
10005284:	4620      	mov	r0, r4
10005286:	461c      	mov	r4, r3
10005288:	f000 fcd6 	bl	10005c38 <tu_fifo_count>
1000528c:	283f      	cmp	r0, #63	@ 0x3f
1000528e:	d801      	bhi.n	10005294 <tud_cdc_n_write+0x30>
10005290:	4620      	mov	r0, r4
10005292:	bd38      	pop	{r3, r4, r5, pc}
10005294:	4628      	mov	r0, r5
10005296:	f7ff ff9f 	bl	100051d8 <tud_cdc_n_write_flush>
1000529a:	4620      	mov	r0, r4
1000529c:	bd38      	pop	{r3, r4, r5, pc}
1000529e:	bf00      	nop
100052a0:	2000145c 	.word	0x2000145c

100052a4 <tud_cdc_n_write_available>:
100052a4:	22c8      	movs	r2, #200	@ 0xc8
100052a6:	b508      	push	{r3, lr}
100052a8:	4b02      	ldr	r3, [pc, #8]	@ (100052b4 <tud_cdc_n_write_available+0x10>)
100052aa:	fb02 3000 	mla	r0, r2, r0, r3
100052ae:	f000 fcdd 	bl	10005c6c <tu_fifo_remaining>
100052b2:	bd08      	pop	{r3, pc}
100052b4:	2000145c 	.word	0x2000145c

100052b8 <cdcd_init>:
100052b8:	b5f0      	push	{r4, r5, r6, r7, lr}
100052ba:	2400      	movs	r4, #0
100052bc:	b083      	sub	sp, #12
100052be:	22c8      	movs	r2, #200	@ 0xc8
100052c0:	2100      	movs	r1, #0
100052c2:	4817      	ldr	r0, [pc, #92]	@ (10005320 <cdcd_init+0x68>)
100052c4:	f000 fed4 	bl	10006070 <memset>
100052c8:	23ff      	movs	r3, #255	@ 0xff
100052ca:	f44f 31e1 	mov.w	r1, #115200	@ 0x1c200
100052ce:	2208      	movs	r2, #8
100052d0:	4814      	ldr	r0, [pc, #80]	@ (10005324 <cdcd_init+0x6c>)
100052d2:	7004      	strb	r4, [r0, #0]
100052d4:	4812      	ldr	r0, [pc, #72]	@ (10005320 <cdcd_init+0x68>)
100052d6:	9400      	str	r4, [sp, #0]
100052d8:	4607      	mov	r7, r0
100052da:	7143      	strb	r3, [r0, #5]
100052dc:	6081      	str	r1, [r0, #8]
100052de:	7382      	strb	r2, [r0, #14]
100052e0:	f100 0138 	add.w	r1, r0, #56	@ 0x38
100052e4:	2301      	movs	r3, #1
100052e6:	2240      	movs	r2, #64	@ 0x40
100052e8:	3010      	adds	r0, #16
100052ea:	f000 fc75 	bl	10005bd8 <tu_fifo_config>
100052ee:	2301      	movs	r3, #1
100052f0:	2240      	movs	r2, #64	@ 0x40
100052f2:	f107 0178 	add.w	r1, r7, #120	@ 0x78
100052f6:	9300      	str	r3, [sp, #0]
100052f8:	f107 06b8 	add.w	r6, r7, #184	@ 0xb8
100052fc:	f107 0024 	add.w	r0, r7, #36	@ 0x24
10005300:	f000 fc6a 	bl	10005bd8 <tu_fifo_config>
10005304:	f107 05c0 	add.w	r5, r7, #192	@ 0xc0
10005308:	4630      	mov	r0, r6
1000530a:	f7fb fd71 	bl	10000df0 <mutex_init>
1000530e:	4628      	mov	r0, r5
10005310:	f7fb fd6e 	bl	10000df0 <mutex_init>
10005314:	e9c7 4607 	strd	r4, r6, [r7, #28]
10005318:	e9c7 540c 	strd	r5, r4, [r7, #48]	@ 0x30
1000531c:	b003      	add	sp, #12
1000531e:	bdf0      	pop	{r4, r5, r6, r7, pc}
10005320:	20001438 	.word	0x20001438
10005324:	20001434 	.word	0x20001434

10005328 <cdcd_deinit>:
10005328:	4a0a      	ldr	r2, [pc, #40]	@ (10005354 <cdcd_deinit+0x2c>)
1000532a:	6b11      	ldr	r1, [r2, #48]	@ 0x30
1000532c:	6a13      	ldr	r3, [r2, #32]
1000532e:	b161      	cbz	r1, 1000534a <cdcd_deinit+0x22>
10005330:	b13b      	cbz	r3, 10005342 <cdcd_deinit+0x1a>
10005332:	2300      	movs	r3, #0
10005334:	e9c2 330c 	strd	r3, r3, [r2, #48]	@ 0x30
10005338:	61d3      	str	r3, [r2, #28]
1000533a:	2300      	movs	r3, #0
1000533c:	6213      	str	r3, [r2, #32]
1000533e:	2001      	movs	r0, #1
10005340:	4770      	bx	lr
10005342:	2001      	movs	r0, #1
10005344:	e9c2 330c 	strd	r3, r3, [r2, #48]	@ 0x30
10005348:	4770      	bx	lr
1000534a:	2b00      	cmp	r3, #0
1000534c:	d0f7      	beq.n	1000533e <cdcd_deinit+0x16>
1000534e:	61d1      	str	r1, [r2, #28]
10005350:	e7f3      	b.n	1000533a <cdcd_deinit+0x12>
10005352:	bf00      	nop
10005354:	20001438 	.word	0x20001438

10005358 <cdcd_reset>:
10005358:	2200      	movs	r2, #0
1000535a:	b510      	push	{r4, lr}
1000535c:	4c0e      	ldr	r4, [pc, #56]	@ (10005398 <cdcd_reset+0x40>)
1000535e:	480f      	ldr	r0, [pc, #60]	@ (1000539c <cdcd_reset+0x44>)
10005360:	7823      	ldrb	r3, [r4, #0]
10005362:	6002      	str	r2, [r0, #0]
10005364:	7102      	strb	r2, [r0, #4]
10005366:	07da      	lsls	r2, r3, #31
10005368:	d507      	bpl.n	1000537a <cdcd_reset+0x22>
1000536a:	079b      	lsls	r3, r3, #30
1000536c:	d50b      	bpl.n	10005386 <cdcd_reset+0x2e>
1000536e:	e8bd 4010 	ldmia.w	sp!, {r4, lr}
10005372:	2101      	movs	r1, #1
10005374:	480a      	ldr	r0, [pc, #40]	@ (100053a0 <cdcd_reset+0x48>)
10005376:	f000 be5d 	b.w	10006034 <tu_fifo_set_overwritable>
1000537a:	3010      	adds	r0, #16
1000537c:	f000 fe3e 	bl	10005ffc <tu_fifo_clear>
10005380:	7823      	ldrb	r3, [r4, #0]
10005382:	079b      	lsls	r3, r3, #30
10005384:	d4f3      	bmi.n	1000536e <cdcd_reset+0x16>
10005386:	4806      	ldr	r0, [pc, #24]	@ (100053a0 <cdcd_reset+0x48>)
10005388:	f000 fe38 	bl	10005ffc <tu_fifo_clear>
1000538c:	e8bd 4010 	ldmia.w	sp!, {r4, lr}
10005390:	2101      	movs	r1, #1
10005392:	4803      	ldr	r0, [pc, #12]	@ (100053a0 <cdcd_reset+0x48>)
10005394:	f000 be4e 	b.w	10006034 <tu_fifo_set_overwritable>
10005398:	20001434 	.word	0x20001434
1000539c:	20001438 	.word	0x20001438
100053a0:	2000145c 	.word	0x2000145c

100053a4 <cdcd_open>:
100053a4:	b5f0      	push	{r4, r5, r6, r7, lr}
100053a6:	794b      	ldrb	r3, [r1, #5]
100053a8:	b083      	sub	sp, #12
100053aa:	2b02      	cmp	r3, #2
100053ac:	d102      	bne.n	100053b4 <cdcd_open+0x10>
100053ae:	798b      	ldrb	r3, [r1, #6]
100053b0:	2b02      	cmp	r3, #2
100053b2:	d003      	beq.n	100053bc <cdcd_open+0x18>
100053b4:	2500      	movs	r5, #0
100053b6:	4628      	mov	r0, r5
100053b8:	b003      	add	sp, #12
100053ba:	bdf0      	pop	{r4, r5, r6, r7, pc}
100053bc:	4f27      	ldr	r7, [pc, #156]	@ (1000545c <cdcd_open+0xb8>)
100053be:	78bb      	ldrb	r3, [r7, #2]
100053c0:	b13b      	cbz	r3, 100053d2 <cdcd_open+0x2e>
100053c2:	f04f 23e0 	mov.w	r3, #3758153728	@ 0xe000e000
100053c6:	f8d3 3df0 	ldr.w	r3, [r3, #3568]	@ 0xdf0
100053ca:	07db      	lsls	r3, r3, #31
100053cc:	d5f2      	bpl.n	100053b4 <cdcd_open+0x10>
100053ce:	be00      	bkpt	0x0000
100053d0:	e7f0      	b.n	100053b4 <cdcd_open+0x10>
100053d2:	788b      	ldrb	r3, [r1, #2]
100053d4:	4606      	mov	r6, r0
100053d6:	703b      	strb	r3, [r7, #0]
100053d8:	780b      	ldrb	r3, [r1, #0]
100053da:	18cc      	adds	r4, r1, r3
100053dc:	7861      	ldrb	r1, [r4, #1]
100053de:	2924      	cmp	r1, #36	@ 0x24
100053e0:	bf08      	it	eq
100053e2:	2509      	moveq	r5, #9
100053e4:	d007      	beq.n	100053f6 <cdcd_open+0x52>
100053e6:	e036      	b.n	10005456 <cdcd_open+0xb2>
100053e8:	7823      	ldrb	r3, [r4, #0]
100053ea:	441c      	add	r4, r3
100053ec:	7861      	ldrb	r1, [r4, #1]
100053ee:	442b      	add	r3, r5
100053f0:	2924      	cmp	r1, #36	@ 0x24
100053f2:	b29d      	uxth	r5, r3
100053f4:	d107      	bne.n	10005406 <cdcd_open+0x62>
100053f6:	42aa      	cmp	r2, r5
100053f8:	d2f6      	bcs.n	100053e8 <cdcd_open+0x44>
100053fa:	2000      	movs	r0, #0
100053fc:	f7ff fe4a 	bl	10005094 <_prep_out_transaction.isra.0>
10005400:	4628      	mov	r0, r5
10005402:	b003      	add	sp, #12
10005404:	bdf0      	pop	{r4, r5, r6, r7, pc}
10005406:	460b      	mov	r3, r1
10005408:	2905      	cmp	r1, #5
1000540a:	d016      	beq.n	1000543a <cdcd_open+0x96>
1000540c:	2b04      	cmp	r3, #4
1000540e:	d1f4      	bne.n	100053fa <cdcd_open+0x56>
10005410:	7963      	ldrb	r3, [r4, #5]
10005412:	2b0a      	cmp	r3, #10
10005414:	d1f1      	bne.n	100053fa <cdcd_open+0x56>
10005416:	4b12      	ldr	r3, [pc, #72]	@ (10005460 <cdcd_open+0xbc>)
10005418:	7827      	ldrb	r7, [r4, #0]
1000541a:	9301      	str	r3, [sp, #4]
1000541c:	3301      	adds	r3, #1
1000541e:	9300      	str	r3, [sp, #0]
10005420:	2302      	movs	r3, #2
10005422:	4630      	mov	r0, r6
10005424:	461a      	mov	r2, r3
10005426:	19e1      	adds	r1, r4, r7
10005428:	f7ff fc58 	bl	10004cdc <usbd_open_edpt_pair>
1000542c:	2800      	cmp	r0, #0
1000542e:	d0c8      	beq.n	100053c2 <cdcd_open+0x1e>
10005430:	350e      	adds	r5, #14
10005432:	fa17 f585 	uxtah	r5, r7, r5
10005436:	b2ad      	uxth	r5, r5
10005438:	e7df      	b.n	100053fa <cdcd_open+0x56>
1000543a:	4621      	mov	r1, r4
1000543c:	4630      	mov	r0, r6
1000543e:	f7ff fc9b 	bl	10004d78 <usbd_edpt_open>
10005442:	2800      	cmp	r0, #0
10005444:	d0bd      	beq.n	100053c2 <cdcd_open+0x1e>
10005446:	78a3      	ldrb	r3, [r4, #2]
10005448:	707b      	strb	r3, [r7, #1]
1000544a:	7823      	ldrb	r3, [r4, #0]
1000544c:	195a      	adds	r2, r3, r5
1000544e:	441c      	add	r4, r3
10005450:	7863      	ldrb	r3, [r4, #1]
10005452:	b295      	uxth	r5, r2
10005454:	e7da      	b.n	1000540c <cdcd_open+0x68>
10005456:	460b      	mov	r3, r1
10005458:	2509      	movs	r5, #9
1000545a:	e7d5      	b.n	10005408 <cdcd_open+0x64>
1000545c:	20001438 	.word	0x20001438
10005460:	2000143a 	.word	0x2000143a

10005464 <cdcd_control_xfer_cb>:
10005464:	7813      	ldrb	r3, [r2, #0]
10005466:	f003 0360 	and.w	r3, r3, #96	@ 0x60
1000546a:	2b20      	cmp	r3, #32
1000546c:	d108      	bne.n	10005480 <cdcd_control_xfer_cb+0x1c>
1000546e:	b570      	push	{r4, r5, r6, lr}
10005470:	4c26      	ldr	r4, [pc, #152]	@ (1000550c <cdcd_control_xfer_cb+0xa8>)
10005472:	8893      	ldrh	r3, [r2, #4]
10005474:	f894 c000 	ldrb.w	ip, [r4]
10005478:	459c      	cmp	ip, r3
1000547a:	d003      	beq.n	10005484 <cdcd_control_xfer_cb+0x20>
1000547c:	2000      	movs	r0, #0
1000547e:	bd70      	pop	{r4, r5, r6, pc}
10005480:	2000      	movs	r0, #0
10005482:	4770      	bx	lr
10005484:	7853      	ldrb	r3, [r2, #1]
10005486:	3b20      	subs	r3, #32
10005488:	2b03      	cmp	r3, #3
1000548a:	d8f7      	bhi.n	1000547c <cdcd_control_xfer_cb+0x18>
1000548c:	e8df f003 	tbb	[pc, r3]
10005490:	020d2327 	.word	0x020d2327
10005494:	2901      	cmp	r1, #1
10005496:	d02e      	beq.n	100054f6 <cdcd_control_xfer_cb+0x92>
10005498:	2903      	cmp	r1, #3
1000549a:	d11e      	bne.n	100054da <cdcd_control_xfer_cb+0x76>
1000549c:	4b1c      	ldr	r3, [pc, #112]	@ (10005510 <cdcd_control_xfer_cb+0xac>)
1000549e:	b1e3      	cbz	r3, 100054da <cdcd_control_xfer_cb+0x76>
100054a0:	2000      	movs	r0, #0
100054a2:	8851      	ldrh	r1, [r2, #2]
100054a4:	f3af 8000 	nop.w
100054a8:	e017      	b.n	100054da <cdcd_control_xfer_cb+0x76>
100054aa:	2901      	cmp	r1, #1
100054ac:	d023      	beq.n	100054f6 <cdcd_control_xfer_cb+0x92>
100054ae:	2903      	cmp	r1, #3
100054b0:	d113      	bne.n	100054da <cdcd_control_xfer_cb+0x76>
100054b2:	8855      	ldrh	r5, [r2, #2]
100054b4:	4817      	ldr	r0, [pc, #92]	@ (10005514 <cdcd_control_xfer_cb+0xb0>)
100054b6:	f005 0601 	and.w	r6, r5, #1
100054ba:	f086 0101 	eor.w	r1, r6, #1
100054be:	7125      	strb	r5, [r4, #4]
100054c0:	f000 fdb8 	bl	10006034 <tu_fifo_set_overwritable>
100054c4:	4b14      	ldr	r3, [pc, #80]	@ (10005518 <cdcd_control_xfer_cb+0xb4>)
100054c6:	b143      	cbz	r3, 100054da <cdcd_control_xfer_cb+0x76>
100054c8:	4631      	mov	r1, r6
100054ca:	2000      	movs	r0, #0
100054cc:	f3c5 0240 	ubfx	r2, r5, #1, #1
100054d0:	f3af 8000 	nop.w
100054d4:	e001      	b.n	100054da <cdcd_control_xfer_cb+0x76>
100054d6:	2901      	cmp	r1, #1
100054d8:	d011      	beq.n	100054fe <cdcd_control_xfer_cb+0x9a>
100054da:	2001      	movs	r0, #1
100054dc:	bd70      	pop	{r4, r5, r6, pc}
100054de:	2901      	cmp	r1, #1
100054e0:	d00d      	beq.n	100054fe <cdcd_control_xfer_cb+0x9a>
100054e2:	2903      	cmp	r1, #3
100054e4:	d1f9      	bne.n	100054da <cdcd_control_xfer_cb+0x76>
100054e6:	4b0d      	ldr	r3, [pc, #52]	@ (1000551c <cdcd_control_xfer_cb+0xb8>)
100054e8:	2b00      	cmp	r3, #0
100054ea:	d0f6      	beq.n	100054da <cdcd_control_xfer_cb+0x76>
100054ec:	2000      	movs	r0, #0
100054ee:	490c      	ldr	r1, [pc, #48]	@ (10005520 <cdcd_control_xfer_cb+0xbc>)
100054f0:	f7fe faac 	bl	10003a4c <tud_cdc_line_coding_cb>
100054f4:	e7f1      	b.n	100054da <cdcd_control_xfer_cb+0x76>
100054f6:	4611      	mov	r1, r2
100054f8:	f7ff fcbc 	bl	10004e74 <tud_control_status>
100054fc:	e7ed      	b.n	100054da <cdcd_control_xfer_cb+0x76>
100054fe:	4611      	mov	r1, r2
10005500:	2307      	movs	r3, #7
10005502:	4a07      	ldr	r2, [pc, #28]	@ (10005520 <cdcd_control_xfer_cb+0xbc>)
10005504:	f7ff fcd0 	bl	10004ea8 <tud_control_xfer>
10005508:	e7e7      	b.n	100054da <cdcd_control_xfer_cb+0x76>
1000550a:	bf00      	nop
1000550c:	20001438 	.word	0x20001438
10005510:	00000000 	.word	0x00000000
10005514:	2000145c 	.word	0x2000145c
10005518:	00000000 	.word	0x00000000
1000551c:	10003a4d 	.word	0x10003a4d
10005520:	20001440 	.word	0x20001440

10005524 <cdcd_xfer_cb>:
10005524:	e92d 43f8 	stmdb	sp!, {r3, r4, r5, r6, r7, r8, r9, lr}
10005528:	4e35      	ldr	r6, [pc, #212]	@ (10005600 <cdcd_xfer_cb+0xdc>)
1000552a:	460c      	mov	r4, r1
1000552c:	78f2      	ldrb	r2, [r6, #3]
1000552e:	4607      	mov	r7, r0
10005530:	428a      	cmp	r2, r1
10005532:	461d      	mov	r5, r3
10005534:	d03d      	beq.n	100055b2 <cdcd_xfer_cb+0x8e>
10005536:	78b3      	ldrb	r3, [r6, #2]
10005538:	428b      	cmp	r3, r1
1000553a:	d012      	beq.n	10005562 <cdcd_xfer_cb+0x3e>
1000553c:	f04f 23e0 	mov.w	r3, #3758153728	@ 0xe000e000
10005540:	f8d3 3df0 	ldr.w	r3, [r3, #3568]	@ 0xdf0
10005544:	07db      	lsls	r3, r3, #31
10005546:	d432      	bmi.n	100055ae <cdcd_xfer_cb+0x8a>
10005548:	2000      	movs	r0, #0
1000554a:	e8bd 83f8 	ldmia.w	sp!, {r3, r4, r5, r6, r7, r8, r9, pc}
1000554e:	4b2d      	ldr	r3, [pc, #180]	@ (10005604 <cdcd_xfer_cb+0xe0>)
10005550:	b123      	cbz	r3, 1000555c <cdcd_xfer_cb+0x38>
10005552:	482d      	ldr	r0, [pc, #180]	@ (10005608 <cdcd_xfer_cb+0xe4>)
10005554:	f000 fb80 	bl	10005c58 <tu_fifo_empty>
10005558:	2800      	cmp	r0, #0
1000555a:	d04d      	beq.n	100055f8 <cdcd_xfer_cb+0xd4>
1000555c:	2000      	movs	r0, #0
1000555e:	f7ff fd99 	bl	10005094 <_prep_out_transaction.isra.0>
10005562:	78b3      	ldrb	r3, [r6, #2]
10005564:	42a3      	cmp	r3, r4
10005566:	d001      	beq.n	1000556c <cdcd_xfer_cb+0x48>
10005568:	2001      	movs	r0, #1
1000556a:	e7ee      	b.n	1000554a <cdcd_xfer_cb+0x26>
1000556c:	4b27      	ldr	r3, [pc, #156]	@ (1000560c <cdcd_xfer_cb+0xe8>)
1000556e:	b113      	cbz	r3, 10005576 <cdcd_xfer_cb+0x52>
10005570:	2000      	movs	r0, #0
10005572:	f3af 8000 	nop.w
10005576:	2000      	movs	r0, #0
10005578:	f7ff fe2e 	bl	100051d8 <tud_cdc_n_write_flush>
1000557c:	2800      	cmp	r0, #0
1000557e:	d1f3      	bne.n	10005568 <cdcd_xfer_cb+0x44>
10005580:	4823      	ldr	r0, [pc, #140]	@ (10005610 <cdcd_xfer_cb+0xec>)
10005582:	f000 fb59 	bl	10005c38 <tu_fifo_count>
10005586:	2800      	cmp	r0, #0
10005588:	d1ee      	bne.n	10005568 <cdcd_xfer_cb+0x44>
1000558a:	2d00      	cmp	r5, #0
1000558c:	d0ec      	beq.n	10005568 <cdcd_xfer_cb+0x44>
1000558e:	f015 053f 	ands.w	r5, r5, #63	@ 0x3f
10005592:	d1e9      	bne.n	10005568 <cdcd_xfer_cb+0x44>
10005594:	4638      	mov	r0, r7
10005596:	78b1      	ldrb	r1, [r6, #2]
10005598:	f7ff fc10 	bl	10004dbc <usbd_edpt_claim>
1000559c:	2800      	cmp	r0, #0
1000559e:	d0e3      	beq.n	10005568 <cdcd_xfer_cb+0x44>
100055a0:	462b      	mov	r3, r5
100055a2:	462a      	mov	r2, r5
100055a4:	4638      	mov	r0, r7
100055a6:	78b1      	ldrb	r1, [r6, #2]
100055a8:	f7ff fc2c 	bl	10004e04 <usbd_edpt_xfer>
100055ac:	e7dc      	b.n	10005568 <cdcd_xfer_cb+0x44>
100055ae:	be00      	bkpt	0x0000
100055b0:	e7ca      	b.n	10005548 <cdcd_xfer_cb+0x24>
100055b2:	b29a      	uxth	r2, r3
100055b4:	4917      	ldr	r1, [pc, #92]	@ (10005614 <cdcd_xfer_cb+0xf0>)
100055b6:	f106 0010 	add.w	r0, r6, #16
100055ba:	f000 fc71 	bl	10005ea0 <tu_fifo_write_n>
100055be:	4b16      	ldr	r3, [pc, #88]	@ (10005618 <cdcd_xfer_cb+0xf4>)
100055c0:	2b00      	cmp	r3, #0
100055c2:	d0c4      	beq.n	1000554e <cdcd_xfer_cb+0x2a>
100055c4:	7973      	ldrb	r3, [r6, #5]
100055c6:	2bff      	cmp	r3, #255	@ 0xff
100055c8:	d0c1      	beq.n	1000554e <cdcd_xfer_cb+0x2a>
100055ca:	2d00      	cmp	r5, #0
100055cc:	d0bf      	beq.n	1000554e <cdcd_xfer_cb+0x2a>
100055ce:	f8df 8044 	ldr.w	r8, [pc, #68]	@ 10005614 <cdcd_xfer_cb+0xf0>
100055d2:	eb08 0905 	add.w	r9, r8, r5
100055d6:	e002      	b.n	100055de <cdcd_xfer_cb+0xba>
100055d8:	45c8      	cmp	r8, r9
100055da:	d0b8      	beq.n	1000554e <cdcd_xfer_cb+0x2a>
100055dc:	7973      	ldrb	r3, [r6, #5]
100055de:	f818 2b01 	ldrb.w	r2, [r8], #1
100055e2:	429a      	cmp	r2, r3
100055e4:	d1f8      	bne.n	100055d8 <cdcd_xfer_cb+0xb4>
100055e6:	4808      	ldr	r0, [pc, #32]	@ (10005608 <cdcd_xfer_cb+0xe4>)
100055e8:	f000 fb36 	bl	10005c58 <tu_fifo_empty>
100055ec:	2800      	cmp	r0, #0
100055ee:	d1f3      	bne.n	100055d8 <cdcd_xfer_cb+0xb4>
100055f0:	7971      	ldrb	r1, [r6, #5]
100055f2:	f3af 8000 	nop.w
100055f6:	e7ef      	b.n	100055d8 <cdcd_xfer_cb+0xb4>
100055f8:	f3af 8000 	nop.w
100055fc:	e7ae      	b.n	1000555c <cdcd_xfer_cb+0x38>
100055fe:	bf00      	nop
10005600:	20001438 	.word	0x20001438
10005604:	00000000 	.word	0x00000000
10005608:	20001448 	.word	0x20001448
1000560c:	00000000 	.word	0x00000000
10005610:	2000145c 	.word	0x2000145c
10005614:	200013b4 	.word	0x200013b4
10005618:	00000000 	.word	0x00000000

1000561c <vendord_init>:
1000561c:	b5f0      	push	{r4, r5, r6, r7, lr}
1000561e:	f44f 7213 	mov.w	r2, #588	@ 0x24c
10005622:	b085      	sub	sp, #20
10005624:	2100      	movs	r1, #0
10005626:	4812      	ldr	r0, [pc, #72]	@ (10005670 <vendord_init+0x54>)
10005628:	f000 fd22 	bl	10006070 <memset>
1000562c:	2640      	movs	r6, #64	@ 0x40
1000562e:	2300      	movs	r3, #0
10005630:	f44f 7580 	mov.w	r5, #256	@ 0x100
10005634:	4f0e      	ldr	r7, [pc, #56]	@ (10005670 <vendord_init+0x54>)
10005636:	4c0f      	ldr	r4, [pc, #60]	@ (10005674 <vendord_init+0x58>)
10005638:	f507 72a6 	add.w	r2, r7, #332	@ 0x14c
1000563c:	4619      	mov	r1, r3
1000563e:	e9cd 4602 	strd	r4, r6, [sp, #8]
10005642:	9200      	str	r2, [sp, #0]
10005644:	9501      	str	r5, [sp, #4]
10005646:	461a      	mov	r2, r3
10005648:	f507 7094 	add.w	r0, r7, #296	@ 0x128
1000564c:	f000 f9c6 	bl	100059dc <tu_edpt_stream_init>
10005650:	2300      	movs	r3, #0
10005652:	4638      	mov	r0, r7
10005654:	f107 0128 	add.w	r1, r7, #40	@ 0x28
10005658:	4434      	add	r4, r6
1000565a:	9100      	str	r1, [sp, #0]
1000565c:	2201      	movs	r2, #1
1000565e:	4619      	mov	r1, r3
10005660:	e9cd 4602 	strd	r4, r6, [sp, #8]
10005664:	9501      	str	r5, [sp, #4]
10005666:	3004      	adds	r0, #4
10005668:	f000 f9b8 	bl	100059dc <tu_edpt_stream_init>
1000566c:	b005      	add	sp, #20
1000566e:	bdf0      	pop	{r4, r5, r6, r7, pc}
10005670:	2000171c 	.word	0x2000171c
10005674:	2000169c 	.word	0x2000169c

10005678 <vendord_deinit>:
10005678:	b508      	push	{r3, lr}
1000567a:	4805      	ldr	r0, [pc, #20]	@ (10005690 <vendord_deinit+0x18>)
1000567c:	f000 f9da 	bl	10005a34 <tu_edpt_stream_deinit>
10005680:	4b03      	ldr	r3, [pc, #12]	@ (10005690 <vendord_deinit+0x18>)
10005682:	f5a3 7092 	sub.w	r0, r3, #292	@ 0x124
10005686:	f000 f9d5 	bl	10005a34 <tu_edpt_stream_deinit>
1000568a:	2001      	movs	r0, #1
1000568c:	bd08      	pop	{r3, pc}
1000568e:	bf00      	nop
10005690:	20001844 	.word	0x20001844

10005694 <vendord_reset>:
10005694:	b538      	push	{r3, r4, r5, lr}
10005696:	2500      	movs	r5, #0
10005698:	4c06      	ldr	r4, [pc, #24]	@ (100056b4 <vendord_reset+0x20>)
1000569a:	f504 7098 	add.w	r0, r4, #304	@ 0x130
1000569e:	7025      	strb	r5, [r4, #0]
100056a0:	f000 fcac 	bl	10005ffc <tu_fifo_clear>
100056a4:	f104 000c 	add.w	r0, r4, #12
100056a8:	f000 fca8 	bl	10005ffc <tu_fifo_clear>
100056ac:	f884 5129 	strb.w	r5, [r4, #297]	@ 0x129
100056b0:	7165      	strb	r5, [r4, #5]
100056b2:	bd38      	pop	{r3, r4, r5, pc}
100056b4:	2000171c 	.word	0x2000171c

100056b8 <vendord_open>:
100056b8:	e92d 43f8 	stmdb	sp!, {r3, r4, r5, r6, r7, r8, r9, lr}
100056bc:	794b      	ldrb	r3, [r1, #5]
100056be:	2bff      	cmp	r3, #255	@ 0xff
100056c0:	d151      	bne.n	10005766 <vendord_open+0xae>
100056c2:	4e35      	ldr	r6, [pc, #212]	@ (10005798 <vendord_open+0xe0>)
100056c4:	f896 3129 	ldrb.w	r3, [r6, #297]	@ 0x129
100056c8:	2b00      	cmp	r3, #0
100056ca:	d14c      	bne.n	10005766 <vendord_open+0xae>
100056cc:	f896 8005 	ldrb.w	r8, [r6, #5]
100056d0:	f1b8 0f00 	cmp.w	r8, #0
100056d4:	d147      	bne.n	10005766 <vendord_open+0xae>
100056d6:	788b      	ldrb	r3, [r1, #2]
100056d8:	780c      	ldrb	r4, [r1, #0]
100056da:	7033      	strb	r3, [r6, #0]
100056dc:	790b      	ldrb	r3, [r1, #4]
100056de:	460f      	mov	r7, r1
100056e0:	440c      	add	r4, r1
100056e2:	b3ab      	cbz	r3, 10005750 <vendord_open+0x98>
100056e4:	4681      	mov	r9, r0
100056e6:	18a5      	adds	r5, r4, r2
100056e8:	e003      	b.n	100056f2 <vendord_open+0x3a>
100056ea:	42a5      	cmp	r5, r4
100056ec:	d930      	bls.n	10005750 <vendord_open+0x98>
100056ee:	7823      	ldrb	r3, [r4, #0]
100056f0:	441c      	add	r4, r3
100056f2:	7863      	ldrb	r3, [r4, #1]
100056f4:	2b05      	cmp	r3, #5
100056f6:	d1f8      	bne.n	100056ea <vendord_open+0x32>
100056f8:	42ac      	cmp	r4, r5
100056fa:	d229      	bcs.n	10005750 <vendord_open+0x98>
100056fc:	4621      	mov	r1, r4
100056fe:	4648      	mov	r0, r9
10005700:	f7ff fb3a 	bl	10004d78 <usbd_edpt_open>
10005704:	b340      	cbz	r0, 10005758 <vendord_open+0xa0>
10005706:	78a3      	ldrb	r3, [r4, #2]
10005708:	09db      	lsrs	r3, r3, #7
1000570a:	d12f      	bne.n	1000576c <vendord_open+0xb4>
1000570c:	4823      	ldr	r0, [pc, #140]	@ (1000579c <vendord_open+0xe4>)
1000570e:	f000 fc75 	bl	10005ffc <tu_fifo_clear>
10005712:	78a3      	ldrb	r3, [r4, #2]
10005714:	f896 2128 	ldrb.w	r2, [r6, #296]	@ 0x128
10005718:	f886 3129 	strb.w	r3, [r6, #297]	@ 0x129
1000571c:	88a3      	ldrh	r3, [r4, #4]
1000571e:	4648      	mov	r0, r9
10005720:	f3c3 030a 	ubfx	r3, r3, #0, #11
10005724:	f5a3 7300 	sub.w	r3, r3, #512	@ 0x200
10005728:	fab3 f383 	clz	r3, r3
1000572c:	095b      	lsrs	r3, r3, #5
1000572e:	f363 0241 	bfi	r2, r3, #1, #1
10005732:	491b      	ldr	r1, [pc, #108]	@ (100057a0 <vendord_open+0xe8>)
10005734:	f886 2128 	strb.w	r2, [r6, #296]	@ 0x128
10005738:	f000 f9ea 	bl	10005b10 <tu_edpt_stream_read_xfer>
1000573c:	b160      	cbz	r0, 10005758 <vendord_open+0xa0>
1000573e:	7823      	ldrb	r3, [r4, #0]
10005740:	793a      	ldrb	r2, [r7, #4]
10005742:	f108 0801 	add.w	r8, r8, #1
10005746:	441c      	add	r4, r3
10005748:	fa5f f388 	uxtb.w	r3, r8
1000574c:	429a      	cmp	r2, r3
1000574e:	d8d0      	bhi.n	100056f2 <vendord_open+0x3a>
10005750:	1be1      	subs	r1, r4, r7
10005752:	b288      	uxth	r0, r1
10005754:	e8bd 83f8 	ldmia.w	sp!, {r3, r4, r5, r6, r7, r8, r9, pc}
10005758:	f04f 23e0 	mov.w	r3, #3758153728	@ 0xe000e000
1000575c:	f8d3 3df0 	ldr.w	r3, [r3, #3568]	@ 0xdf0
10005760:	07db      	lsls	r3, r3, #31
10005762:	d500      	bpl.n	10005766 <vendord_open+0xae>
10005764:	be00      	bkpt	0x0000
10005766:	2000      	movs	r0, #0
10005768:	e8bd 83f8 	ldmia.w	sp!, {r3, r4, r5, r6, r7, r8, r9, pc}
1000576c:	480d      	ldr	r0, [pc, #52]	@ (100057a4 <vendord_open+0xec>)
1000576e:	f000 fc45 	bl	10005ffc <tu_fifo_clear>
10005772:	78a3      	ldrb	r3, [r4, #2]
10005774:	7932      	ldrb	r2, [r6, #4]
10005776:	7173      	strb	r3, [r6, #5]
10005778:	88a3      	ldrh	r3, [r4, #4]
1000577a:	490b      	ldr	r1, [pc, #44]	@ (100057a8 <vendord_open+0xf0>)
1000577c:	f3c3 030a 	ubfx	r3, r3, #0, #11
10005780:	f5a3 7300 	sub.w	r3, r3, #512	@ 0x200
10005784:	fab3 f383 	clz	r3, r3
10005788:	095b      	lsrs	r3, r3, #5
1000578a:	f363 0241 	bfi	r2, r3, #1, #1
1000578e:	2000      	movs	r0, #0
10005790:	7132      	strb	r2, [r6, #4]
10005792:	f000 f985 	bl	10005aa0 <tu_edpt_stream_write_xfer>
10005796:	e7d2      	b.n	1000573e <vendord_open+0x86>
10005798:	2000171c 	.word	0x2000171c
1000579c:	2000184c 	.word	0x2000184c
100057a0:	20001844 	.word	0x20001844
100057a4:	20001728 	.word	0x20001728
100057a8:	20001720 	.word	0x20001720

100057ac <vendord_xfer_cb>:
100057ac:	b570      	push	{r4, r5, r6, lr}
100057ae:	4c1b      	ldr	r4, [pc, #108]	@ (1000581c <vendord_xfer_cb+0x70>)
100057b0:	4606      	mov	r6, r0
100057b2:	f894 c129 	ldrb.w	ip, [r4, #297]	@ 0x129
100057b6:	461d      	mov	r5, r3
100057b8:	458c      	cmp	ip, r1
100057ba:	d011      	beq.n	100057e0 <vendord_xfer_cb+0x34>
100057bc:	7963      	ldrb	r3, [r4, #5]
100057be:	428b      	cmp	r3, r1
100057c0:	d001      	beq.n	100057c6 <vendord_xfer_cb+0x1a>
100057c2:	2000      	movs	r0, #0
100057c4:	bd70      	pop	{r4, r5, r6, pc}
100057c6:	4b16      	ldr	r3, [pc, #88]	@ (10005820 <vendord_xfer_cb+0x74>)
100057c8:	b11b      	cbz	r3, 100057d2 <vendord_xfer_cb+0x26>
100057ca:	2000      	movs	r0, #0
100057cc:	b2a9      	uxth	r1, r5
100057ce:	f3af 8000 	nop.w
100057d2:	4630      	mov	r0, r6
100057d4:	4913      	ldr	r1, [pc, #76]	@ (10005824 <vendord_xfer_cb+0x78>)
100057d6:	f000 f963 	bl	10005aa0 <tu_edpt_stream_write_xfer>
100057da:	b1c8      	cbz	r0, 10005810 <vendord_xfer_cb+0x64>
100057dc:	2001      	movs	r0, #1
100057de:	bd70      	pop	{r4, r5, r6, pc}
100057e0:	f8b4 3134 	ldrh.w	r3, [r4, #308]	@ 0x134
100057e4:	b963      	cbnz	r3, 10005800 <vendord_xfer_cb+0x54>
100057e6:	4b10      	ldr	r3, [pc, #64]	@ (10005828 <vendord_xfer_cb+0x7c>)
100057e8:	b123      	cbz	r3, 100057f4 <vendord_xfer_cb+0x48>
100057ea:	2000      	movs	r0, #0
100057ec:	490f      	ldr	r1, [pc, #60]	@ (1000582c <vendord_xfer_cb+0x80>)
100057ee:	b2aa      	uxth	r2, r5
100057f0:	f3af 8000 	nop.w
100057f4:	4630      	mov	r0, r6
100057f6:	490e      	ldr	r1, [pc, #56]	@ (10005830 <vendord_xfer_cb+0x84>)
100057f8:	f000 f98a 	bl	10005b10 <tu_edpt_stream_read_xfer>
100057fc:	2001      	movs	r0, #1
100057fe:	e7ee      	b.n	100057de <vendord_xfer_cb+0x32>
10005800:	f8d4 112c 	ldr.w	r1, [r4, #300]	@ 0x12c
10005804:	b2aa      	uxth	r2, r5
10005806:	f504 7098 	add.w	r0, r4, #304	@ 0x130
1000580a:	f000 fb49 	bl	10005ea0 <tu_fifo_write_n>
1000580e:	e7ea      	b.n	100057e6 <vendord_xfer_cb+0x3a>
10005810:	462a      	mov	r2, r5
10005812:	4630      	mov	r0, r6
10005814:	4903      	ldr	r1, [pc, #12]	@ (10005824 <vendord_xfer_cb+0x78>)
10005816:	f000 f90f 	bl	10005a38 <tu_edpt_stream_write_zlp_if_needed>
1000581a:	e7df      	b.n	100057dc <vendord_xfer_cb+0x30>
1000581c:	2000171c 	.word	0x2000171c
10005820:	00000000 	.word	0x00000000
10005824:	20001720 	.word	0x20001720
10005828:	00000000 	.word	0x00000000
1000582c:	2000169c 	.word	0x2000169c
10005830:	20001844 	.word	0x20001844

10005834 <tusb_rhport_init>:
10005834:	b510      	push	{r4, lr}
10005836:	b082      	sub	sp, #8
10005838:	b1c9      	cbz	r1, 1000586e <tusb_rhport_init+0x3a>
1000583a:	2801      	cmp	r0, #1
1000583c:	d80c      	bhi.n	10005858 <tusb_rhport_init+0x24>
1000583e:	780b      	ldrb	r3, [r1, #0]
10005840:	b153      	cbz	r3, 10005858 <tusb_rhport_init+0x24>
10005842:	4c14      	ldr	r4, [pc, #80]	@ (10005894 <tusb_rhport_init+0x60>)
10005844:	2b01      	cmp	r3, #1
10005846:	5423      	strb	r3, [r4, r0]
10005848:	d002      	beq.n	10005850 <tusb_rhport_init+0x1c>
1000584a:	2001      	movs	r0, #1
1000584c:	b002      	add	sp, #8
1000584e:	bd10      	pop	{r4, pc}
10005850:	f7fe fe08 	bl	10004464 <tud_rhport_init>
10005854:	2800      	cmp	r0, #0
10005856:	d1f8      	bne.n	1000584a <tusb_rhport_init+0x16>
10005858:	f04f 23e0 	mov.w	r3, #3758153728	@ 0xe000e000
1000585c:	f8d3 3df0 	ldr.w	r3, [r3, #3568]	@ 0xdf0
10005860:	07db      	lsls	r3, r3, #31
10005862:	d402      	bmi.n	1000586a <tusb_rhport_init+0x36>
10005864:	2000      	movs	r0, #0
10005866:	b002      	add	sp, #8
10005868:	bd10      	pop	{r4, pc}
1000586a:	be00      	bkpt	0x0000
1000586c:	e7fa      	b.n	10005864 <tusb_rhport_init+0x30>
1000586e:	2401      	movs	r4, #1
10005870:	4608      	mov	r0, r1
10005872:	a901      	add	r1, sp, #4
10005874:	f8ad 4004 	strh.w	r4, [sp, #4]
10005878:	f7fe fdf4 	bl	10004464 <tud_rhport_init>
1000587c:	b938      	cbnz	r0, 1000588e <tusb_rhport_init+0x5a>
1000587e:	f04f 23e0 	mov.w	r3, #3758153728	@ 0xe000e000
10005882:	f8d3 3df0 	ldr.w	r3, [r3, #3568]	@ 0xdf0
10005886:	07da      	lsls	r2, r3, #31
10005888:	d5ed      	bpl.n	10005866 <tusb_rhport_init+0x32>
1000588a:	be00      	bkpt	0x0000
1000588c:	e7eb      	b.n	10005866 <tusb_rhport_init+0x32>
1000588e:	4b01      	ldr	r3, [pc, #4]	@ (10005894 <tusb_rhport_init+0x60>)
10005890:	701c      	strb	r4, [r3, #0]
10005892:	e7e8      	b.n	10005866 <tusb_rhport_init+0x32>
10005894:	20001574 	.word	0x20001574

10005898 <tu_edpt_claim>:
10005898:	b5f8      	push	{r3, r4, r5, r6, r7, lr}
1000589a:	7803      	ldrb	r3, [r0, #0]
1000589c:	f013 0401 	ands.w	r4, r3, #1
100058a0:	d11a      	bne.n	100058d8 <tu_edpt_claim+0x40>
100058a2:	7803      	ldrb	r3, [r0, #0]
100058a4:	4605      	mov	r5, r0
100058a6:	075a      	lsls	r2, r3, #29
100058a8:	f3c3 0780 	ubfx	r7, r3, #2, #1
100058ac:	d501      	bpl.n	100058b2 <tu_edpt_claim+0x1a>
100058ae:	4620      	mov	r0, r4
100058b0:	bdf8      	pop	{r3, r4, r5, r6, r7, pc}
100058b2:	460e      	mov	r6, r1
100058b4:	f04f 31ff 	mov.w	r1, #4294967295
100058b8:	4630      	mov	r0, r6
100058ba:	f000 fccd 	bl	10006258 <__mutex_enter_timeout_ms_veneer>
100058be:	782b      	ldrb	r3, [r5, #0]
100058c0:	f013 0401 	ands.w	r4, r3, #1
100058c4:	d10b      	bne.n	100058de <tu_edpt_claim+0x46>
100058c6:	782b      	ldrb	r3, [r5, #0]
100058c8:	075b      	lsls	r3, r3, #29
100058ca:	d409      	bmi.n	100058e0 <tu_edpt_claim+0x48>
100058cc:	782b      	ldrb	r3, [r5, #0]
100058ce:	2401      	movs	r4, #1
100058d0:	f043 0304 	orr.w	r3, r3, #4
100058d4:	702b      	strb	r3, [r5, #0]
100058d6:	e003      	b.n	100058e0 <tu_edpt_claim+0x48>
100058d8:	2400      	movs	r4, #0
100058da:	4620      	mov	r0, r4
100058dc:	bdf8      	pop	{r3, r4, r5, r6, r7, pc}
100058de:	463c      	mov	r4, r7
100058e0:	4630      	mov	r0, r6
100058e2:	f000 fcc9 	bl	10006278 <__mutex_exit_veneer>
100058e6:	4620      	mov	r0, r4
100058e8:	bdf8      	pop	{r3, r4, r5, r6, r7, pc}
100058ea:	bf00      	nop

100058ec <tu_edpt_release>:
100058ec:	b570      	push	{r4, r5, r6, lr}
100058ee:	460c      	mov	r4, r1
100058f0:	4605      	mov	r5, r0
100058f2:	f04f 31ff 	mov.w	r1, #4294967295
100058f6:	4620      	mov	r0, r4
100058f8:	f000 fcae 	bl	10006258 <__mutex_enter_timeout_ms_veneer>
100058fc:	782b      	ldrb	r3, [r5, #0]
100058fe:	f3c3 0680 	ubfx	r6, r3, #2, #1
10005902:	075b      	lsls	r3, r3, #29
10005904:	d508      	bpl.n	10005918 <tu_edpt_release+0x2c>
10005906:	782b      	ldrb	r3, [r5, #0]
10005908:	f013 0301 	ands.w	r3, r3, #1
1000590c:	bf11      	iteee	ne
1000590e:	2600      	movne	r6, #0
10005910:	782a      	ldrbeq	r2, [r5, #0]
10005912:	f363 0282 	bfieq	r2, r3, #2, #1
10005916:	702a      	strbeq	r2, [r5, #0]
10005918:	4620      	mov	r0, r4
1000591a:	f000 fcad 	bl	10006278 <__mutex_exit_veneer>
1000591e:	4630      	mov	r0, r6
10005920:	bd70      	pop	{r4, r5, r6, pc}
10005922:	bf00      	nop

10005924 <tu_edpt_validate>:
10005924:	78c3      	ldrb	r3, [r0, #3]
10005926:	8882      	ldrh	r2, [r0, #4]
10005928:	f003 0003 	and.w	r0, r3, #3
1000592c:	2802      	cmp	r0, #2
1000592e:	f3c2 020a 	ubfx	r2, r2, #0, #11
10005932:	d015      	beq.n	10005960 <tu_edpt_validate+0x3c>
10005934:	2803      	cmp	r0, #3
10005936:	d00a      	beq.n	1000594e <tu_edpt_validate+0x2a>
10005938:	2801      	cmp	r0, #1
1000593a:	d11c      	bne.n	10005976 <tu_edpt_validate+0x52>
1000593c:	2902      	cmp	r1, #2
1000593e:	f240 33ff 	movw	r3, #1023	@ 0x3ff
10005942:	bf08      	it	eq
10005944:	f44f 6380 	moveq.w	r3, #1024	@ 0x400
10005948:	4293      	cmp	r3, r2
1000594a:	d30d      	bcc.n	10005968 <tu_edpt_validate+0x44>
1000594c:	4770      	bx	lr
1000594e:	2902      	cmp	r1, #2
10005950:	bf14      	ite	ne
10005952:	2340      	movne	r3, #64	@ 0x40
10005954:	f44f 6380 	moveq.w	r3, #1024	@ 0x400
10005958:	4293      	cmp	r3, r2
1000595a:	d305      	bcc.n	10005968 <tu_edpt_validate+0x44>
1000595c:	2001      	movs	r0, #1
1000595e:	4770      	bx	lr
10005960:	2902      	cmp	r1, #2
10005962:	d00a      	beq.n	1000597a <tu_edpt_validate+0x56>
10005964:	2a40      	cmp	r2, #64	@ 0x40
10005966:	d9f9      	bls.n	1000595c <tu_edpt_validate+0x38>
10005968:	f04f 23e0 	mov.w	r3, #3758153728	@ 0xe000e000
1000596c:	f8d3 3df0 	ldr.w	r3, [r3, #3568]	@ 0xdf0
10005970:	07db      	lsls	r3, r3, #31
10005972:	d500      	bpl.n	10005976 <tu_edpt_validate+0x52>
10005974:	be00      	bkpt	0x0000
10005976:	2000      	movs	r0, #0
10005978:	4770      	bx	lr
1000597a:	f5b2 7f00 	cmp.w	r2, #512	@ 0x200
1000597e:	d0ed      	beq.n	1000595c <tu_edpt_validate+0x38>
10005980:	e7f2      	b.n	10005968 <tu_edpt_validate+0x44>
10005982:	bf00      	nop

10005984 <tu_edpt_bind_driver>:
10005984:	440a      	add	r2, r1
10005986:	4291      	cmp	r1, r2
10005988:	d226      	bcs.n	100059d8 <tu_edpt_bind_driver+0x54>
1000598a:	f891 c001 	ldrb.w	ip, [r1, #1]
1000598e:	f1bc 0f05 	cmp.w	ip, #5
10005992:	d005      	beq.n	100059a0 <tu_edpt_bind_driver+0x1c>
10005994:	f891 c000 	ldrb.w	ip, [r1]
10005998:	4461      	add	r1, ip
1000599a:	428a      	cmp	r2, r1
1000599c:	d8f5      	bhi.n	1000598a <tu_edpt_bind_driver+0x6>
1000599e:	4770      	bx	lr
100059a0:	b500      	push	{lr}
100059a2:	f891 c002 	ldrb.w	ip, [r1, #2]
100059a6:	f00c 0e7f 	and.w	lr, ip, #127	@ 0x7f
100059aa:	eb00 0e4e 	add.w	lr, r0, lr, lsl #1
100059ae:	ea4f 1cdc 	mov.w	ip, ip, lsr #7
100059b2:	f80e 300c 	strb.w	r3, [lr, ip]
100059b6:	f891 c000 	ldrb.w	ip, [r1]
100059ba:	4461      	add	r1, ip
100059bc:	428a      	cmp	r2, r1
100059be:	d909      	bls.n	100059d4 <tu_edpt_bind_driver+0x50>
100059c0:	f891 c001 	ldrb.w	ip, [r1, #1]
100059c4:	f1bc 0f05 	cmp.w	ip, #5
100059c8:	d0eb      	beq.n	100059a2 <tu_edpt_bind_driver+0x1e>
100059ca:	f891 c000 	ldrb.w	ip, [r1]
100059ce:	4461      	add	r1, ip
100059d0:	428a      	cmp	r2, r1
100059d2:	d8f5      	bhi.n	100059c0 <tu_edpt_bind_driver+0x3c>
100059d4:	f85d fb04 	ldr.w	pc, [sp], #4
100059d8:	4770      	bx	lr
100059da:	bf00      	nop

100059dc <tu_edpt_stream_init>:
100059dc:	e92d 41f0 	stmdb	sp!, {r4, r5, r6, r7, r8, lr}
100059e0:	468e      	mov	lr, r1
100059e2:	b082      	sub	sp, #8
100059e4:	9300      	str	r3, [sp, #0]
100059e6:	f890 c000 	ldrb.w	ip, [r0]
100059ea:	9e08      	ldr	r6, [sp, #32]
100059ec:	f8bd 7024 	ldrh.w	r7, [sp, #36]	@ 0x24
100059f0:	f36e 0c00 	bfi	ip, lr, #0, #1
100059f4:	4604      	mov	r4, r0
100059f6:	4615      	mov	r5, r2
100059f8:	2301      	movs	r3, #1
100059fa:	4631      	mov	r1, r6
100059fc:	463a      	mov	r2, r7
100059fe:	f800 cb08 	strb.w	ip, [r0], #8
10005a02:	f8bd 802c 	ldrh.w	r8, [sp, #44]	@ 0x2c
10005a06:	f000 f8e7 	bl	10005bd8 <tu_fifo_config>
10005a0a:	b106      	cbz	r6, 10005a0e <tu_edpt_stream_init+0x32>
10005a0c:	b93f      	cbnz	r7, 10005a1e <tu_edpt_stream_init+0x42>
10005a0e:	2001      	movs	r0, #1
10005a10:	9b0a      	ldr	r3, [sp, #40]	@ 0x28
10005a12:	f8a4 8002 	strh.w	r8, [r4, #2]
10005a16:	6063      	str	r3, [r4, #4]
10005a18:	b002      	add	sp, #8
10005a1a:	e8bd 81f0 	ldmia.w	sp!, {r4, r5, r6, r7, r8, pc}
10005a1e:	f104 061c 	add.w	r6, r4, #28
10005a22:	4630      	mov	r0, r6
10005a24:	f7fb f9e4 	bl	10000df0 <mutex_init>
10005a28:	b10d      	cbz	r5, 10005a2e <tu_edpt_stream_init+0x52>
10005a2a:	4635      	mov	r5, r6
10005a2c:	2600      	movs	r6, #0
10005a2e:	e9c4 5605 	strd	r5, r6, [r4, #20]
10005a32:	e7ec      	b.n	10005a0e <tu_edpt_stream_init+0x32>

10005a34 <tu_edpt_stream_deinit>:
10005a34:	2001      	movs	r0, #1
10005a36:	4770      	bx	lr

10005a38 <tu_edpt_stream_write_zlp_if_needed>:
10005a38:	b5f8      	push	{r3, r4, r5, r6, r7, lr}
10005a3a:	4607      	mov	r7, r0
10005a3c:	4608      	mov	r0, r1
10005a3e:	f240 13ff 	movw	r3, #511	@ 0x1ff
10005a42:	4615      	mov	r5, r2
10005a44:	f810 2b08 	ldrb.w	r2, [r0], #8
10005a48:	460c      	mov	r4, r1
10005a4a:	f012 0f02 	tst.w	r2, #2
10005a4e:	bf0c      	ite	eq
10005a50:	263f      	moveq	r6, #63	@ 0x3f
10005a52:	461e      	movne	r6, r3
10005a54:	f000 f8f0 	bl	10005c38 <tu_fifo_count>
10005a58:	b928      	cbnz	r0, 10005a66 <tu_edpt_stream_write_zlp_if_needed+0x2e>
10005a5a:	b125      	cbz	r5, 10005a66 <tu_edpt_stream_write_zlp_if_needed+0x2e>
10005a5c:	422e      	tst	r6, r5
10005a5e:	d102      	bne.n	10005a66 <tu_edpt_stream_write_zlp_if_needed+0x2e>
10005a60:	7823      	ldrb	r3, [r4, #0]
10005a62:	07da      	lsls	r2, r3, #31
10005a64:	d501      	bpl.n	10005a6a <tu_edpt_stream_write_zlp_if_needed+0x32>
10005a66:	2000      	movs	r0, #0
10005a68:	bdf8      	pop	{r3, r4, r5, r6, r7, pc}
10005a6a:	4638      	mov	r0, r7
10005a6c:	7861      	ldrb	r1, [r4, #1]
10005a6e:	f7ff f9a5 	bl	10004dbc <usbd_edpt_claim>
10005a72:	2800      	cmp	r0, #0
10005a74:	d0f7      	beq.n	10005a66 <tu_edpt_stream_write_zlp_if_needed+0x2e>
10005a76:	7823      	ldrb	r3, [r4, #0]
10005a78:	f013 0301 	ands.w	r3, r3, #1
10005a7c:	d007      	beq.n	10005a8e <tu_edpt_stream_write_zlp_if_needed+0x56>
10005a7e:	f04f 23e0 	mov.w	r3, #3758153728	@ 0xe000e000
10005a82:	f8d3 3df0 	ldr.w	r3, [r3, #3568]	@ 0xdf0
10005a86:	07db      	lsls	r3, r3, #31
10005a88:	d5ed      	bpl.n	10005a66 <tu_edpt_stream_write_zlp_if_needed+0x2e>
10005a8a:	be00      	bkpt	0x0000
10005a8c:	e7eb      	b.n	10005a66 <tu_edpt_stream_write_zlp_if_needed+0x2e>
10005a8e:	461a      	mov	r2, r3
10005a90:	4638      	mov	r0, r7
10005a92:	7861      	ldrb	r1, [r4, #1]
10005a94:	f7ff f9b6 	bl	10004e04 <usbd_edpt_xfer>
10005a98:	2800      	cmp	r0, #0
10005a9a:	d0f0      	beq.n	10005a7e <tu_edpt_stream_write_zlp_if_needed+0x46>
10005a9c:	bdf8      	pop	{r3, r4, r5, r6, r7, pc}
10005a9e:	bf00      	nop

10005aa0 <tu_edpt_stream_write_xfer>:
10005aa0:	b570      	push	{r4, r5, r6, lr}
10005aa2:	f101 0508 	add.w	r5, r1, #8
10005aa6:	4606      	mov	r6, r0
10005aa8:	4628      	mov	r0, r5
10005aaa:	460c      	mov	r4, r1
10005aac:	f000 f8c4 	bl	10005c38 <tu_fifo_count>
10005ab0:	b110      	cbz	r0, 10005ab8 <tu_edpt_stream_write_xfer+0x18>
10005ab2:	7823      	ldrb	r3, [r4, #0]
10005ab4:	07da      	lsls	r2, r3, #31
10005ab6:	d501      	bpl.n	10005abc <tu_edpt_stream_write_xfer+0x1c>
10005ab8:	2000      	movs	r0, #0
10005aba:	bd70      	pop	{r4, r5, r6, pc}
10005abc:	4630      	mov	r0, r6
10005abe:	7861      	ldrb	r1, [r4, #1]
10005ac0:	f7ff f97c 	bl	10004dbc <usbd_edpt_claim>
10005ac4:	2800      	cmp	r0, #0
10005ac6:	d0f7      	beq.n	10005ab8 <tu_edpt_stream_write_xfer+0x18>
10005ac8:	4628      	mov	r0, r5
10005aca:	8862      	ldrh	r2, [r4, #2]
10005acc:	6861      	ldr	r1, [r4, #4]
10005ace:	f000 f929 	bl	10005d24 <tu_fifo_read_n>
10005ad2:	7823      	ldrb	r3, [r4, #0]
10005ad4:	4605      	mov	r5, r0
10005ad6:	f003 0301 	and.w	r3, r3, #1
10005ada:	b140      	cbz	r0, 10005aee <tu_edpt_stream_write_xfer+0x4e>
10005adc:	b173      	cbz	r3, 10005afc <tu_edpt_stream_write_xfer+0x5c>
10005ade:	f04f 23e0 	mov.w	r3, #3758153728	@ 0xe000e000
10005ae2:	f8d3 3df0 	ldr.w	r3, [r3, #3568]	@ 0xdf0
10005ae6:	07db      	lsls	r3, r3, #31
10005ae8:	d5e6      	bpl.n	10005ab8 <tu_edpt_stream_write_xfer+0x18>
10005aea:	be00      	bkpt	0x0000
10005aec:	e7e4      	b.n	10005ab8 <tu_edpt_stream_write_xfer+0x18>
10005aee:	2b00      	cmp	r3, #0
10005af0:	d1e2      	bne.n	10005ab8 <tu_edpt_stream_write_xfer+0x18>
10005af2:	4630      	mov	r0, r6
10005af4:	7861      	ldrb	r1, [r4, #1]
10005af6:	f7ff f973 	bl	10004de0 <usbd_edpt_release>
10005afa:	e7dd      	b.n	10005ab8 <tu_edpt_stream_write_xfer+0x18>
10005afc:	4603      	mov	r3, r0
10005afe:	6862      	ldr	r2, [r4, #4]
10005b00:	4630      	mov	r0, r6
10005b02:	7861      	ldrb	r1, [r4, #1]
10005b04:	f7ff f97e 	bl	10004e04 <usbd_edpt_xfer>
10005b08:	2800      	cmp	r0, #0
10005b0a:	d0e8      	beq.n	10005ade <tu_edpt_stream_write_xfer+0x3e>
10005b0c:	4628      	mov	r0, r5
10005b0e:	bd70      	pop	{r4, r5, r6, pc}

10005b10 <tu_edpt_stream_read_xfer>:
10005b10:	898a      	ldrh	r2, [r1, #12]
10005b12:	e92d 41f0 	stmdb	sp!, {r4, r5, r6, r7, r8, lr}
10005b16:	780b      	ldrb	r3, [r1, #0]
10005b18:	460c      	mov	r4, r1
10005b1a:	4606      	mov	r6, r0
10005b1c:	b922      	cbnz	r2, 10005b28 <tu_edpt_stream_read_xfer+0x18>
10005b1e:	07dd      	lsls	r5, r3, #31
10005b20:	d534      	bpl.n	10005b8c <tu_edpt_stream_read_xfer+0x7c>
10005b22:	2000      	movs	r0, #0
10005b24:	e8bd 81f0 	ldmia.w	sp!, {r4, r5, r6, r7, r8, pc}
10005b28:	f104 0708 	add.w	r7, r4, #8
10005b2c:	0799      	lsls	r1, r3, #30
10005b2e:	4638      	mov	r0, r7
10005b30:	bf47      	ittee	mi
10005b32:	f44f 487e 	movmi.w	r8, #65024	@ 0xfe00
10005b36:	f44f 7500 	movmi.w	r5, #512	@ 0x200
10005b3a:	f64f 78c0 	movwpl	r8, #65472	@ 0xffc0
10005b3e:	2540      	movpl	r5, #64	@ 0x40
10005b40:	f000 f894 	bl	10005c6c <tu_fifo_remaining>
10005b44:	4285      	cmp	r5, r0
10005b46:	d8ec      	bhi.n	10005b22 <tu_edpt_stream_read_xfer+0x12>
10005b48:	7823      	ldrb	r3, [r4, #0]
10005b4a:	07da      	lsls	r2, r3, #31
10005b4c:	d4e9      	bmi.n	10005b22 <tu_edpt_stream_read_xfer+0x12>
10005b4e:	4630      	mov	r0, r6
10005b50:	7861      	ldrb	r1, [r4, #1]
10005b52:	f7ff f933 	bl	10004dbc <usbd_edpt_claim>
10005b56:	2800      	cmp	r0, #0
10005b58:	d0e3      	beq.n	10005b22 <tu_edpt_stream_read_xfer+0x12>
10005b5a:	4638      	mov	r0, r7
10005b5c:	f000 f886 	bl	10005c6c <tu_fifo_remaining>
10005b60:	7823      	ldrb	r3, [r4, #0]
10005b62:	4285      	cmp	r5, r0
10005b64:	f003 0301 	and.w	r3, r3, #1
10005b68:	d82d      	bhi.n	10005bc6 <tu_edpt_stream_read_xfer+0xb6>
10005b6a:	b9bb      	cbnz	r3, 10005b9c <tu_edpt_stream_read_xfer+0x8c>
10005b6c:	8865      	ldrh	r5, [r4, #2]
10005b6e:	ea08 0800 	and.w	r8, r8, r0
10005b72:	4545      	cmp	r5, r8
10005b74:	bf28      	it	cs
10005b76:	4645      	movcs	r5, r8
10005b78:	7861      	ldrb	r1, [r4, #1]
10005b7a:	b35d      	cbz	r5, 10005bd4 <tu_edpt_stream_read_xfer+0xc4>
10005b7c:	6862      	ldr	r2, [r4, #4]
10005b7e:	462b      	mov	r3, r5
10005b80:	4630      	mov	r0, r6
10005b82:	f7ff f93f 	bl	10004e04 <usbd_edpt_xfer>
10005b86:	b148      	cbz	r0, 10005b9c <tu_edpt_stream_read_xfer+0x8c>
10005b88:	4628      	mov	r0, r5
10005b8a:	e7cb      	b.n	10005b24 <tu_edpt_stream_read_xfer+0x14>
10005b8c:	7849      	ldrb	r1, [r1, #1]
10005b8e:	f7ff f915 	bl	10004dbc <usbd_edpt_claim>
10005b92:	2800      	cmp	r0, #0
10005b94:	d0c5      	beq.n	10005b22 <tu_edpt_stream_read_xfer+0x12>
10005b96:	7823      	ldrb	r3, [r4, #0]
10005b98:	07d8      	lsls	r0, r3, #31
10005b9a:	d507      	bpl.n	10005bac <tu_edpt_stream_read_xfer+0x9c>
10005b9c:	f04f 23e0 	mov.w	r3, #3758153728	@ 0xe000e000
10005ba0:	f8d3 3df0 	ldr.w	r3, [r3, #3568]	@ 0xdf0
10005ba4:	07db      	lsls	r3, r3, #31
10005ba6:	d5bc      	bpl.n	10005b22 <tu_edpt_stream_read_xfer+0x12>
10005ba8:	be00      	bkpt	0x0000
10005baa:	e7ba      	b.n	10005b22 <tu_edpt_stream_read_xfer+0x12>
10005bac:	8863      	ldrh	r3, [r4, #2]
10005bae:	7861      	ldrb	r1, [r4, #1]
10005bb0:	b13b      	cbz	r3, 10005bc2 <tu_edpt_stream_read_xfer+0xb2>
10005bb2:	6862      	ldr	r2, [r4, #4]
10005bb4:	4630      	mov	r0, r6
10005bb6:	f7ff f925 	bl	10004e04 <usbd_edpt_xfer>
10005bba:	2800      	cmp	r0, #0
10005bbc:	d0ee      	beq.n	10005b9c <tu_edpt_stream_read_xfer+0x8c>
10005bbe:	8860      	ldrh	r0, [r4, #2]
10005bc0:	e7b0      	b.n	10005b24 <tu_edpt_stream_read_xfer+0x14>
10005bc2:	461a      	mov	r2, r3
10005bc4:	e7f6      	b.n	10005bb4 <tu_edpt_stream_read_xfer+0xa4>
10005bc6:	2b00      	cmp	r3, #0
10005bc8:	d1ab      	bne.n	10005b22 <tu_edpt_stream_read_xfer+0x12>
10005bca:	4630      	mov	r0, r6
10005bcc:	7861      	ldrb	r1, [r4, #1]
10005bce:	f7ff f907 	bl	10004de0 <usbd_edpt_release>
10005bd2:	e7a6      	b.n	10005b22 <tu_edpt_stream_read_xfer+0x12>
10005bd4:	462a      	mov	r2, r5
10005bd6:	e7d2      	b.n	10005b7e <tu_edpt_stream_read_xfer+0x6e>

10005bd8 <tu_fifo_config>:
10005bd8:	e92d 41f0 	stmdb	sp!, {r4, r5, r6, r7, r8, lr}
10005bdc:	f5b2 4f00 	cmp.w	r2, #32768	@ 0x8000
10005be0:	f89d 8018 	ldrb.w	r8, [sp, #24]
10005be4:	d824      	bhi.n	10005c30 <tu_fifo_config+0x58>
10005be6:	4604      	mov	r4, r0
10005be8:	68c0      	ldr	r0, [r0, #12]
10005bea:	4617      	mov	r7, r2
10005bec:	460e      	mov	r6, r1
10005bee:	461d      	mov	r5, r3
10005bf0:	b118      	cbz	r0, 10005bfa <tu_fifo_config+0x22>
10005bf2:	f04f 31ff 	mov.w	r1, #4294967295
10005bf6:	f000 fb2f 	bl	10006258 <__mutex_enter_timeout_ms_veneer>
10005bfa:	6920      	ldr	r0, [r4, #16]
10005bfc:	b118      	cbz	r0, 10005c06 <tu_fifo_config+0x2e>
10005bfe:	f04f 31ff 	mov.w	r1, #4294967295
10005c02:	f000 fb29 	bl	10006258 <__mutex_enter_timeout_ms_veneer>
10005c06:	2200      	movs	r2, #0
10005c08:	f3c5 030e 	ubfx	r3, r5, #0, #15
10005c0c:	68e0      	ldr	r0, [r4, #12]
10005c0e:	ea43 33c8 	orr.w	r3, r3, r8, lsl #15
10005c12:	8162      	strh	r2, [r4, #10]
10005c14:	6026      	str	r6, [r4, #0]
10005c16:	80a7      	strh	r7, [r4, #4]
10005c18:	80e3      	strh	r3, [r4, #6]
10005c1a:	8122      	strh	r2, [r4, #8]
10005c1c:	b108      	cbz	r0, 10005c22 <tu_fifo_config+0x4a>
10005c1e:	f000 fb2b 	bl	10006278 <__mutex_exit_veneer>
10005c22:	6920      	ldr	r0, [r4, #16]
10005c24:	b108      	cbz	r0, 10005c2a <tu_fifo_config+0x52>
10005c26:	f000 fb27 	bl	10006278 <__mutex_exit_veneer>
10005c2a:	2001      	movs	r0, #1
10005c2c:	e8bd 81f0 	ldmia.w	sp!, {r4, r5, r6, r7, r8, pc}
10005c30:	2000      	movs	r0, #0
10005c32:	e8bd 81f0 	ldmia.w	sp!, {r4, r5, r6, r7, r8, pc}
10005c36:	bf00      	nop

10005c38 <tu_fifo_count>:
10005c38:	8903      	ldrh	r3, [r0, #8]
10005c3a:	8942      	ldrh	r2, [r0, #10]
10005c3c:	b29b      	uxth	r3, r3
10005c3e:	b292      	uxth	r2, r2
10005c40:	8880      	ldrh	r0, [r0, #4]
10005c42:	4293      	cmp	r3, r2
10005c44:	bf36      	itet	cc
10005c46:	ebc2 0240 	rsbcc	r2, r2, r0, lsl #1
10005c4a:	1a9b      	subcs	r3, r3, r2
10005c4c:	189b      	addcc	r3, r3, r2
10005c4e:	b29b      	uxth	r3, r3
10005c50:	4298      	cmp	r0, r3
10005c52:	bf28      	it	cs
10005c54:	4618      	movcs	r0, r3
10005c56:	4770      	bx	lr

10005c58 <tu_fifo_empty>:
10005c58:	8902      	ldrh	r2, [r0, #8]
10005c5a:	8943      	ldrh	r3, [r0, #10]
10005c5c:	b290      	uxth	r0, r2
10005c5e:	b29b      	uxth	r3, r3
10005c60:	1ac0      	subs	r0, r0, r3
10005c62:	fab0 f080 	clz	r0, r0
10005c66:	0940      	lsrs	r0, r0, #5
10005c68:	4770      	bx	lr
10005c6a:	bf00      	nop

10005c6c <tu_fifo_remaining>:
10005c6c:	8903      	ldrh	r3, [r0, #8]
10005c6e:	8942      	ldrh	r2, [r0, #10]
10005c70:	b29b      	uxth	r3, r3
10005c72:	8880      	ldrh	r0, [r0, #4]
10005c74:	b292      	uxth	r2, r2
10005c76:	4293      	cmp	r3, r2
10005c78:	bf36      	itet	cc
10005c7a:	ebc2 0240 	rsbcc	r2, r2, r0, lsl #1
10005c7e:	1a9b      	subcs	r3, r3, r2
10005c80:	189b      	addcc	r3, r3, r2
10005c82:	b29b      	uxth	r3, r3
10005c84:	4298      	cmp	r0, r3
10005c86:	bf86      	itte	hi
10005c88:	1ac0      	subhi	r0, r0, r3
10005c8a:	b280      	uxthhi	r0, r0
10005c8c:	2000      	movls	r0, #0
10005c8e:	4770      	bx	lr

10005c90 <tu_fifo_read>:
10005c90:	b538      	push	{r3, r4, r5, lr}
10005c92:	4604      	mov	r4, r0
10005c94:	6900      	ldr	r0, [r0, #16]
10005c96:	460d      	mov	r5, r1
10005c98:	b118      	cbz	r0, 10005ca2 <tu_fifo_read+0x12>
10005c9a:	f04f 31ff 	mov.w	r1, #4294967295
10005c9e:	f000 fadb 	bl	10006258 <__mutex_enter_timeout_ms_veneer>
10005ca2:	8921      	ldrh	r1, [r4, #8]
10005ca4:	8963      	ldrh	r3, [r4, #10]
10005ca6:	b289      	uxth	r1, r1
10005ca8:	b29b      	uxth	r3, r3
10005caa:	88a2      	ldrh	r2, [r4, #4]
10005cac:	4299      	cmp	r1, r3
10005cae:	bf36      	itet	cc
10005cb0:	ebc3 0042 	rsbcc	r0, r3, r2, lsl #1
10005cb4:	1ac8      	subcs	r0, r1, r3
10005cb6:	1840      	addcc	r0, r0, r1
10005cb8:	b280      	uxth	r0, r0
10005cba:	b350      	cbz	r0, 10005d12 <tu_fifo_read+0x82>
10005cbc:	4282      	cmp	r2, r0
10005cbe:	d209      	bcs.n	10005cd4 <tu_fifo_read+0x44>
10005cc0:	4291      	cmp	r1, r2
10005cc2:	bf2c      	ite	cs
10005cc4:	1a89      	subcs	r1, r1, r2
10005cc6:	1889      	addcc	r1, r1, r2
10005cc8:	b28b      	uxth	r3, r1
10005cca:	429a      	cmp	r2, r3
10005ccc:	8163      	strh	r3, [r4, #10]
10005cce:	d803      	bhi.n	10005cd8 <tu_fifo_read+0x48>
10005cd0:	1a9b      	subs	r3, r3, r2
10005cd2:	b29b      	uxth	r3, r3
10005cd4:	429a      	cmp	r2, r3
10005cd6:	d9fb      	bls.n	10005cd0 <tu_fifo_read+0x40>
10005cd8:	88e2      	ldrh	r2, [r4, #6]
10005cda:	6821      	ldr	r1, [r4, #0]
10005cdc:	f3c2 020e 	ubfx	r2, r2, #0, #15
10005ce0:	fb02 1103 	mla	r1, r2, r3, r1
10005ce4:	4628      	mov	r0, r5
10005ce6:	f000 fa11 	bl	1000610c <memcpy>
10005cea:	8961      	ldrh	r1, [r4, #10]
10005cec:	2501      	movs	r5, #1
10005cee:	b289      	uxth	r1, r1
10005cf0:	1c4b      	adds	r3, r1, #1
10005cf2:	b29b      	uxth	r3, r3
10005cf4:	4299      	cmp	r1, r3
10005cf6:	88a2      	ldrh	r2, [r4, #4]
10005cf8:	d90e      	bls.n	10005d18 <tu_fifo_read+0x88>
10005cfa:	2300      	movs	r3, #0
10005cfc:	fa02 f105 	lsl.w	r1, r2, r5
10005d00:	1a5b      	subs	r3, r3, r1
10005d02:	b29b      	uxth	r3, r3
10005d04:	6920      	ldr	r0, [r4, #16]
10005d06:	8163      	strh	r3, [r4, #10]
10005d08:	b108      	cbz	r0, 10005d0e <tu_fifo_read+0x7e>
10005d0a:	f000 fab5 	bl	10006278 <__mutex_exit_veneer>
10005d0e:	4628      	mov	r0, r5
10005d10:	bd38      	pop	{r3, r4, r5, pc}
10005d12:	4605      	mov	r5, r0
10005d14:	8963      	ldrh	r3, [r4, #10]
10005d16:	b29b      	uxth	r3, r3
10005d18:	ebb3 0f42 	cmp.w	r3, r2, lsl #1
10005d1c:	ea4f 0142 	mov.w	r1, r2, lsl #1
10005d20:	dbf0      	blt.n	10005d04 <tu_fifo_read+0x74>
10005d22:	e7ed      	b.n	10005d00 <tu_fifo_read+0x70>

10005d24 <tu_fifo_read_n>:
10005d24:	e92d 47f0 	stmdb	sp!, {r4, r5, r6, r7, r8, r9, sl, lr}
10005d28:	4606      	mov	r6, r0
10005d2a:	6900      	ldr	r0, [r0, #16]
10005d2c:	4688      	mov	r8, r1
10005d2e:	4691      	mov	r9, r2
10005d30:	b118      	cbz	r0, 10005d3a <tu_fifo_read_n+0x16>
10005d32:	f04f 31ff 	mov.w	r1, #4294967295
10005d36:	f000 fa8f 	bl	10006258 <__mutex_enter_timeout_ms_veneer>
10005d3a:	8933      	ldrh	r3, [r6, #8]
10005d3c:	8974      	ldrh	r4, [r6, #10]
10005d3e:	b29b      	uxth	r3, r3
10005d40:	b2a4      	uxth	r4, r4
10005d42:	88b5      	ldrh	r5, [r6, #4]
10005d44:	42a3      	cmp	r3, r4
10005d46:	bf36      	itet	cc
10005d48:	ebc4 0745 	rsbcc	r7, r4, r5, lsl #1
10005d4c:	1b1f      	subcs	r7, r3, r4
10005d4e:	18ff      	addcc	r7, r7, r3
10005d50:	b2bf      	uxth	r7, r7
10005d52:	2f00      	cmp	r7, #0
10005d54:	d04a      	beq.n	10005dec <tu_fifo_read_n+0xc8>
10005d56:	42bd      	cmp	r5, r7
10005d58:	d340      	bcc.n	10005ddc <tu_fifo_read_n+0xb8>
10005d5a:	45b9      	cmp	r9, r7
10005d5c:	bf28      	it	cs
10005d5e:	46b9      	movcs	r9, r7
10005d60:	42a5      	cmp	r5, r4
10005d62:	fa1f f789 	uxth.w	r7, r9
10005d66:	d803      	bhi.n	10005d70 <tu_fifo_read_n+0x4c>
10005d68:	1b64      	subs	r4, r4, r5
10005d6a:	b2a4      	uxth	r4, r4
10005d6c:	42a5      	cmp	r5, r4
10005d6e:	d9fb      	bls.n	10005d68 <tu_fifo_read_n+0x44>
10005d70:	f8b6 a006 	ldrh.w	sl, [r6, #6]
10005d74:	1b2b      	subs	r3, r5, r4
10005d76:	6831      	ldr	r1, [r6, #0]
10005d78:	b29b      	uxth	r3, r3
10005d7a:	f3ca 020e 	ubfx	r2, sl, #0, #15
10005d7e:	429f      	cmp	r7, r3
10005d80:	4692      	mov	sl, r2
10005d82:	fb02 1104 	mla	r1, r2, r4, r1
10005d86:	d923      	bls.n	10005dd0 <tu_fifo_read_n+0xac>
10005d88:	fb13 f302 	smulbb	r3, r3, r2
10005d8c:	fa1f f983 	uxth.w	r9, r3
10005d90:	464a      	mov	r2, r9
10005d92:	4640      	mov	r0, r8
10005d94:	1b7d      	subs	r5, r7, r5
10005d96:	f000 f9b9 	bl	1000610c <memcpy>
10005d9a:	1962      	adds	r2, r4, r5
10005d9c:	fb12 f20a 	smulbb	r2, r2, sl
10005da0:	6831      	ldr	r1, [r6, #0]
10005da2:	eb08 0009 	add.w	r0, r8, r9
10005da6:	b292      	uxth	r2, r2
10005da8:	f000 f9b0 	bl	1000610c <memcpy>
10005dac:	8972      	ldrh	r2, [r6, #10]
10005dae:	88b5      	ldrh	r5, [r6, #4]
10005db0:	b292      	uxth	r2, r2
10005db2:	19d3      	adds	r3, r2, r7
10005db4:	b29b      	uxth	r3, r3
10005db6:	429a      	cmp	r2, r3
10005db8:	d91a      	bls.n	10005df0 <tu_fifo_read_n+0xcc>
10005dba:	006a      	lsls	r2, r5, #1
10005dbc:	1a9b      	subs	r3, r3, r2
10005dbe:	b29b      	uxth	r3, r3
10005dc0:	6930      	ldr	r0, [r6, #16]
10005dc2:	8173      	strh	r3, [r6, #10]
10005dc4:	b108      	cbz	r0, 10005dca <tu_fifo_read_n+0xa6>
10005dc6:	f000 fa57 	bl	10006278 <__mutex_exit_veneer>
10005dca:	4638      	mov	r0, r7
10005dcc:	e8bd 87f0 	ldmia.w	sp!, {r4, r5, r6, r7, r8, r9, sl, pc}
10005dd0:	4640      	mov	r0, r8
10005dd2:	fb07 f202 	mul.w	r2, r7, r2
10005dd6:	f000 f999 	bl	1000610c <memcpy>
10005dda:	e7e7      	b.n	10005dac <tu_fifo_read_n+0x88>
10005ddc:	42ab      	cmp	r3, r5
10005dde:	bf2c      	ite	cs
10005de0:	1b5b      	subcs	r3, r3, r5
10005de2:	195b      	addcc	r3, r3, r5
10005de4:	b29c      	uxth	r4, r3
10005de6:	462f      	mov	r7, r5
10005de8:	8174      	strh	r4, [r6, #10]
10005dea:	e7b6      	b.n	10005d5a <tu_fifo_read_n+0x36>
10005dec:	8973      	ldrh	r3, [r6, #10]
10005dee:	b29b      	uxth	r3, r3
10005df0:	ebb3 0f45 	cmp.w	r3, r5, lsl #1
10005df4:	ea4f 0245 	mov.w	r2, r5, lsl #1
10005df8:	dbe2      	blt.n	10005dc0 <tu_fifo_read_n+0x9c>
10005dfa:	e7df      	b.n	10005dbc <tu_fifo_read_n+0x98>

10005dfc <tu_fifo_write>:
10005dfc:	b5f8      	push	{r3, r4, r5, r6, r7, lr}
10005dfe:	4604      	mov	r4, r0
10005e00:	68c0      	ldr	r0, [r0, #12]
10005e02:	460e      	mov	r6, r1
10005e04:	b118      	cbz	r0, 10005e0e <tu_fifo_write+0x12>
10005e06:	f04f 31ff 	mov.w	r1, #4294967295
10005e0a:	f000 fa25 	bl	10006258 <__mutex_enter_timeout_ms_veneer>
10005e0e:	8925      	ldrh	r5, [r4, #8]
10005e10:	8923      	ldrh	r3, [r4, #8]
10005e12:	8961      	ldrh	r1, [r4, #10]
10005e14:	b29b      	uxth	r3, r3
10005e16:	b289      	uxth	r1, r1
10005e18:	88a2      	ldrh	r2, [r4, #4]
10005e1a:	428b      	cmp	r3, r1
10005e1c:	bf36      	itet	cc
10005e1e:	ebc1 0142 	rsbcc	r1, r1, r2, lsl #1
10005e22:	1a5b      	subcs	r3, r3, r1
10005e24:	185b      	addcc	r3, r3, r1
10005e26:	b29b      	uxth	r3, r3
10005e28:	429a      	cmp	r2, r3
10005e2a:	b2ad      	uxth	r5, r5
10005e2c:	d808      	bhi.n	10005e40 <tu_fifo_write+0x44>
10005e2e:	79e7      	ldrb	r7, [r4, #7]
10005e30:	09ff      	lsrs	r7, r7, #7
10005e32:	d105      	bne.n	10005e40 <tu_fifo_write+0x44>
10005e34:	68e0      	ldr	r0, [r4, #12]
10005e36:	b108      	cbz	r0, 10005e3c <tu_fifo_write+0x40>
10005e38:	f000 fa1e 	bl	10006278 <__mutex_exit_veneer>
10005e3c:	4638      	mov	r0, r7
10005e3e:	bdf8      	pop	{r3, r4, r5, r6, r7, pc}
10005e40:	4295      	cmp	r5, r2
10005e42:	bf28      	it	cs
10005e44:	462b      	movcs	r3, r5
10005e46:	d318      	bcc.n	10005e7a <tu_fifo_write+0x7e>
10005e48:	1a9b      	subs	r3, r3, r2
10005e4a:	b29b      	uxth	r3, r3
10005e4c:	4293      	cmp	r3, r2
10005e4e:	d2fb      	bcs.n	10005e48 <tu_fifo_write+0x4c>
10005e50:	88e2      	ldrh	r2, [r4, #6]
10005e52:	6820      	ldr	r0, [r4, #0]
10005e54:	f3c2 020e 	ubfx	r2, r2, #0, #15
10005e58:	fb02 0003 	mla	r0, r2, r3, r0
10005e5c:	4631      	mov	r1, r6
10005e5e:	f000 f955 	bl	1000610c <memcpy>
10005e62:	1c6b      	adds	r3, r5, #1
10005e64:	b29b      	uxth	r3, r3
10005e66:	429d      	cmp	r5, r3
10005e68:	88a2      	ldrh	r2, [r4, #4]
10005e6a:	d912      	bls.n	10005e92 <tu_fifo_write+0x96>
10005e6c:	2300      	movs	r3, #0
10005e6e:	0051      	lsls	r1, r2, #1
10005e70:	1a5b      	subs	r3, r3, r1
10005e72:	b29b      	uxth	r3, r3
10005e74:	2701      	movs	r7, #1
10005e76:	8123      	strh	r3, [r4, #8]
10005e78:	e7dc      	b.n	10005e34 <tu_fifo_write+0x38>
10005e7a:	88e2      	ldrh	r2, [r4, #6]
10005e7c:	6820      	ldr	r0, [r4, #0]
10005e7e:	f3c2 020e 	ubfx	r2, r2, #0, #15
10005e82:	fb05 0002 	mla	r0, r5, r2, r0
10005e86:	4631      	mov	r1, r6
10005e88:	f000 f940 	bl	1000610c <memcpy>
10005e8c:	3501      	adds	r5, #1
10005e8e:	88a2      	ldrh	r2, [r4, #4]
10005e90:	b2ab      	uxth	r3, r5
10005e92:	ebb3 0f42 	cmp.w	r3, r2, lsl #1
10005e96:	ea4f 0142 	mov.w	r1, r2, lsl #1
10005e9a:	dbeb      	blt.n	10005e74 <tu_fifo_write+0x78>
10005e9c:	e7e8      	b.n	10005e70 <tu_fifo_write+0x74>
10005e9e:	bf00      	nop

10005ea0 <tu_fifo_write_n>:
10005ea0:	e92d 4ff0 	stmdb	sp!, {r4, r5, r6, r7, r8, r9, sl, fp, lr}
10005ea4:	4617      	mov	r7, r2
10005ea6:	b083      	sub	sp, #12
10005ea8:	2a00      	cmp	r2, #0
10005eaa:	d075      	beq.n	10005f98 <tu_fifo_write_n+0xf8>
10005eac:	4606      	mov	r6, r0
10005eae:	68c0      	ldr	r0, [r0, #12]
10005eb0:	4689      	mov	r9, r1
10005eb2:	b118      	cbz	r0, 10005ebc <tu_fifo_write_n+0x1c>
10005eb4:	f04f 31ff 	mov.w	r1, #4294967295
10005eb8:	f000 f9ce 	bl	10006258 <__mutex_enter_timeout_ms_veneer>
10005ebc:	79f3      	ldrb	r3, [r6, #7]
10005ebe:	f8b6 8008 	ldrh.w	r8, [r6, #8]
10005ec2:	8972      	ldrh	r2, [r6, #10]
10005ec4:	09db      	lsrs	r3, r3, #7
10005ec6:	88b5      	ldrh	r5, [r6, #4]
10005ec8:	fa1f f888 	uxth.w	r8, r8
10005ecc:	b292      	uxth	r2, r2
10005ece:	d13c      	bne.n	10005f4a <tu_fifo_write_n+0xaa>
10005ed0:	4590      	cmp	r8, r2
10005ed2:	bf36      	itet	cc
10005ed4:	ebc2 0245 	rsbcc	r2, r2, r5, lsl #1
10005ed8:	eba8 0202 	subcs.w	r2, r8, r2
10005edc:	4442      	addcc	r2, r8
10005ede:	b292      	uxth	r2, r2
10005ee0:	42aa      	cmp	r2, r5
10005ee2:	d25e      	bcs.n	10005fa2 <tu_fifo_write_n+0x102>
10005ee4:	1aaa      	subs	r2, r5, r2
10005ee6:	b292      	uxth	r2, r2
10005ee8:	42ba      	cmp	r2, r7
10005eea:	bf28      	it	cs
10005eec:	463a      	movcs	r2, r7
10005eee:	f8b6 b006 	ldrh.w	fp, [r6, #6]
10005ef2:	b297      	uxth	r7, r2
10005ef4:	1b7b      	subs	r3, r7, r5
10005ef6:	eb08 0a07 	add.w	sl, r8, r7
10005efa:	f3cb 0b0e 	ubfx	fp, fp, #0, #15
10005efe:	b29b      	uxth	r3, r3
10005f00:	fa1f fa8a 	uxth.w	sl, sl
10005f04:	45a8      	cmp	r8, r5
10005f06:	4644      	mov	r4, r8
10005f08:	d303      	bcc.n	10005f12 <tu_fifo_write_n+0x72>
10005f0a:	1b64      	subs	r4, r4, r5
10005f0c:	b2a4      	uxth	r4, r4
10005f0e:	42ac      	cmp	r4, r5
10005f10:	d2fb      	bcs.n	10005f0a <tu_fifo_write_n+0x6a>
10005f12:	1b2d      	subs	r5, r5, r4
10005f14:	6830      	ldr	r0, [r6, #0]
10005f16:	b2ad      	uxth	r5, r5
10005f18:	42bd      	cmp	r5, r7
10005f1a:	fb0b 0004 	mla	r0, fp, r4, r0
10005f1e:	d357      	bcc.n	10005fd0 <tu_fifo_write_n+0x130>
10005f20:	4649      	mov	r1, r9
10005f22:	fb0b f207 	mul.w	r2, fp, r7
10005f26:	f000 f8f1 	bl	1000610c <memcpy>
10005f2a:	88b2      	ldrh	r2, [r6, #4]
10005f2c:	45d0      	cmp	r8, sl
10005f2e:	ea4f 0342 	mov.w	r3, r2, lsl #1
10005f32:	d802      	bhi.n	10005f3a <tu_fifo_write_n+0x9a>
10005f34:	ebba 0f42 	cmp.w	sl, r2, lsl #1
10005f38:	db03      	blt.n	10005f42 <tu_fifo_write_n+0xa2>
10005f3a:	ebaa 0303 	sub.w	r3, sl, r3
10005f3e:	fa1f fa83 	uxth.w	sl, r3
10005f42:	463d      	mov	r5, r7
10005f44:	f8a6 a008 	strh.w	sl, [r6, #8]
10005f48:	e02c      	b.n	10005fa4 <tu_fifo_write_n+0x104>
10005f4a:	f8b6 b006 	ldrh.w	fp, [r6, #6]
10005f4e:	42af      	cmp	r7, r5
10005f50:	f3cb 0b0e 	ubfx	fp, fp, #0, #15
10005f54:	d22f      	bcs.n	10005fb6 <tu_fifo_write_n+0x116>
10005f56:	4590      	cmp	r8, r2
10005f58:	bf36      	itet	cc
10005f5a:	ebc2 0145 	rsbcc	r1, r2, r5, lsl #1
10005f5e:	eba8 0102 	subcs.w	r1, r8, r2
10005f62:	4441      	addcc	r1, r8
10005f64:	b289      	uxth	r1, r1
10005f66:	0068      	lsls	r0, r5, #1
10005f68:	4439      	add	r1, r7
10005f6a:	1b7b      	subs	r3, r7, r5
10005f6c:	4281      	cmp	r1, r0
10005f6e:	b29b      	uxth	r3, r3
10005f70:	db0d      	blt.n	10005f8e <tu_fifo_write_n+0xee>
10005f72:	eb02 0a05 	add.w	sl, r2, r5
10005f76:	fa1f fa8a 	uxth.w	sl, sl
10005f7a:	ebaa 0807 	sub.w	r8, sl, r7
10005f7e:	fa1f f888 	uxth.w	r8, r8
10005f82:	4542      	cmp	r2, r8
10005f84:	d937      	bls.n	10005ff6 <tu_fifo_write_n+0x156>
10005f86:	eba8 0000 	sub.w	r0, r8, r0
10005f8a:	fa1f f880 	uxth.w	r8, r0
10005f8e:	eb07 0a08 	add.w	sl, r7, r8
10005f92:	fa1f fa8a 	uxth.w	sl, sl
10005f96:	e7b5      	b.n	10005f04 <tu_fifo_write_n+0x64>
10005f98:	4615      	mov	r5, r2
10005f9a:	4628      	mov	r0, r5
10005f9c:	b003      	add	sp, #12
10005f9e:	e8bd 8ff0 	ldmia.w	sp!, {r4, r5, r6, r7, r8, r9, sl, fp, pc}
10005fa2:	2500      	movs	r5, #0
10005fa4:	68f0      	ldr	r0, [r6, #12]
10005fa6:	2800      	cmp	r0, #0
10005fa8:	d0f7      	beq.n	10005f9a <tu_fifo_write_n+0xfa>
10005faa:	f000 f965 	bl	10006278 <__mutex_exit_veneer>
10005fae:	4628      	mov	r0, r5
10005fb0:	b003      	add	sp, #12
10005fb2:	e8bd 8ff0 	ldmia.w	sp!, {r4, r5, r6, r7, r8, r9, sl, fp, pc}
10005fb6:	2d00      	cmp	r5, #0
10005fb8:	d0f4      	beq.n	10005fa4 <tu_fifo_write_n+0x104>
10005fba:	1b7f      	subs	r7, r7, r5
10005fbc:	eb02 0a05 	add.w	sl, r2, r5
10005fc0:	fb0b 9907 	mla	r9, fp, r7, r9
10005fc4:	4690      	mov	r8, r2
10005fc6:	462f      	mov	r7, r5
10005fc8:	2300      	movs	r3, #0
10005fca:	fa1f fa8a 	uxth.w	sl, sl
10005fce:	e799      	b.n	10005f04 <tu_fifo_write_n+0x64>
10005fd0:	fb15 f50b 	smulbb	r5, r5, fp
10005fd4:	b2ad      	uxth	r5, r5
10005fd6:	462a      	mov	r2, r5
10005fd8:	4649      	mov	r1, r9
10005fda:	9301      	str	r3, [sp, #4]
10005fdc:	f000 f896 	bl	1000610c <memcpy>
10005fe0:	9b01      	ldr	r3, [sp, #4]
10005fe2:	6830      	ldr	r0, [r6, #0]
10005fe4:	18e2      	adds	r2, r4, r3
10005fe6:	fb12 f20b 	smulbb	r2, r2, fp
10005fea:	eb09 0105 	add.w	r1, r9, r5
10005fee:	b292      	uxth	r2, r2
10005ff0:	f000 f88c 	bl	1000610c <memcpy>
10005ff4:	e799      	b.n	10005f2a <tu_fifo_write_n+0x8a>
10005ff6:	4540      	cmp	r0, r8
10005ff8:	dc84      	bgt.n	10005f04 <tu_fifo_write_n+0x64>
10005ffa:	e7c4      	b.n	10005f86 <tu_fifo_write_n+0xe6>

10005ffc <tu_fifo_clear>:
10005ffc:	b510      	push	{r4, lr}
10005ffe:	4604      	mov	r4, r0
10006000:	68c0      	ldr	r0, [r0, #12]
10006002:	b118      	cbz	r0, 1000600c <tu_fifo_clear+0x10>
10006004:	f04f 31ff 	mov.w	r1, #4294967295
10006008:	f000 f926 	bl	10006258 <__mutex_enter_timeout_ms_veneer>
1000600c:	6920      	ldr	r0, [r4, #16]
1000600e:	b118      	cbz	r0, 10006018 <tu_fifo_clear+0x1c>
10006010:	f04f 31ff 	mov.w	r1, #4294967295
10006014:	f000 f920 	bl	10006258 <__mutex_enter_timeout_ms_veneer>
10006018:	2300      	movs	r3, #0
1000601a:	68e0      	ldr	r0, [r4, #12]
1000601c:	8163      	strh	r3, [r4, #10]
1000601e:	8123      	strh	r3, [r4, #8]
10006020:	b108      	cbz	r0, 10006026 <tu_fifo_clear+0x2a>
10006022:	f000 f929 	bl	10006278 <__mutex_exit_veneer>
10006026:	6920      	ldr	r0, [r4, #16]
10006028:	b108      	cbz	r0, 1000602e <tu_fifo_clear+0x32>
1000602a:	f000 f925 	bl	10006278 <__mutex_exit_veneer>
1000602e:	2001      	movs	r0, #1
10006030:	bd10      	pop	{r4, pc}
10006032:	bf00      	nop

10006034 <tu_fifo_set_overwritable>:
10006034:	b538      	push	{r3, r4, r5, lr}
10006036:	4604      	mov	r4, r0
10006038:	68c0      	ldr	r0, [r0, #12]
1000603a:	460d      	mov	r5, r1
1000603c:	b118      	cbz	r0, 10006046 <tu_fifo_set_overwritable+0x12>
1000603e:	f04f 31ff 	mov.w	r1, #4294967295
10006042:	f000 f909 	bl	10006258 <__mutex_enter_timeout_ms_veneer>
10006046:	6920      	ldr	r0, [r4, #16]
10006048:	b118      	cbz	r0, 10006052 <tu_fifo_set_overwritable+0x1e>
1000604a:	f04f 31ff 	mov.w	r1, #4294967295
1000604e:	f000 f903 	bl	10006258 <__mutex_enter_timeout_ms_veneer>
10006052:	79e3      	ldrb	r3, [r4, #7]
10006054:	68e0      	ldr	r0, [r4, #12]
10006056:	f365 13c7 	bfi	r3, r5, #7, #1
1000605a:	71e3      	strb	r3, [r4, #7]
1000605c:	b108      	cbz	r0, 10006062 <tu_fifo_set_overwritable+0x2e>
1000605e:	f000 f90b 	bl	10006278 <__mutex_exit_veneer>
10006062:	6920      	ldr	r0, [r4, #16]
10006064:	b108      	cbz	r0, 1000606a <tu_fifo_set_overwritable+0x36>
10006066:	f000 f907 	bl	10006278 <__mutex_exit_veneer>
1000606a:	2001      	movs	r0, #1
1000606c:	bd38      	pop	{r3, r4, r5, pc}
1000606e:	bf00      	nop

10006070 <memset>:
10006070:	0783      	lsls	r3, r0, #30
10006072:	b530      	push	{r4, r5, lr}
10006074:	d046      	beq.n	10006104 <memset+0x94>
10006076:	1884      	adds	r4, r0, r2
10006078:	4684      	mov	ip, r0
1000607a:	e004      	b.n	10006086 <memset+0x16>
1000607c:	f803 1b01 	strb.w	r1, [r3], #1
10006080:	079d      	lsls	r5, r3, #30
10006082:	d004      	beq.n	1000608e <memset+0x1e>
10006084:	469c      	mov	ip, r3
10006086:	45a4      	cmp	ip, r4
10006088:	4663      	mov	r3, ip
1000608a:	d1f7      	bne.n	1000607c <memset+0xc>
1000608c:	bd30      	pop	{r4, r5, pc}
1000608e:	3a01      	subs	r2, #1
10006090:	4402      	add	r2, r0
10006092:	eba2 020c 	sub.w	r2, r2, ip
10006096:	2a03      	cmp	r2, #3
10006098:	d929      	bls.n	100060ee <memset+0x7e>
1000609a:	b2cc      	uxtb	r4, r1
1000609c:	2a0f      	cmp	r2, #15
1000609e:	eb04 2404 	add.w	r4, r4, r4, lsl #8
100060a2:	eb04 4404 	add.w	r4, r4, r4, lsl #16
100060a6:	d92f      	bls.n	10006108 <memset+0x98>
100060a8:	f1a2 0c10 	sub.w	ip, r2, #16
100060ac:	f103 0510 	add.w	r5, r3, #16
100060b0:	f02c 0c0f 	bic.w	ip, ip, #15
100060b4:	44ac      	add	ip, r5
100060b6:	e9c3 4400 	strd	r4, r4, [r3]
100060ba:	e9c3 4402 	strd	r4, r4, [r3, #8]
100060be:	3310      	adds	r3, #16
100060c0:	4563      	cmp	r3, ip
100060c2:	d1f8      	bne.n	100060b6 <memset+0x46>
100060c4:	f012 0f0c 	tst.w	r2, #12
100060c8:	f002 0e0f 	and.w	lr, r2, #15
100060cc:	d018      	beq.n	10006100 <memset+0x90>
100060ce:	f02e 0c03 	bic.w	ip, lr, #3
100060d2:	f1ae 0504 	sub.w	r5, lr, #4
100060d6:	461a      	mov	r2, r3
100060d8:	449c      	add	ip, r3
100060da:	f842 4b04 	str.w	r4, [r2], #4
100060de:	4562      	cmp	r2, ip
100060e0:	d1fb      	bne.n	100060da <memset+0x6a>
100060e2:	f025 0403 	bic.w	r4, r5, #3
100060e6:	3304      	adds	r3, #4
100060e8:	f00e 0203 	and.w	r2, lr, #3
100060ec:	4423      	add	r3, r4
100060ee:	2a00      	cmp	r2, #0
100060f0:	d0cc      	beq.n	1000608c <memset+0x1c>
100060f2:	b2c9      	uxtb	r1, r1
100060f4:	441a      	add	r2, r3
100060f6:	f803 1b01 	strb.w	r1, [r3], #1
100060fa:	4293      	cmp	r3, r2
100060fc:	d1fb      	bne.n	100060f6 <memset+0x86>
100060fe:	bd30      	pop	{r4, r5, pc}
10006100:	4672      	mov	r2, lr
10006102:	e7f4      	b.n	100060ee <memset+0x7e>
10006104:	4603      	mov	r3, r0
10006106:	e7c6      	b.n	10006096 <memset+0x26>
10006108:	4696      	mov	lr, r2
1000610a:	e7e0      	b.n	100060ce <memset+0x5e>

1000610c <memcpy>:
1000610c:	4684      	mov	ip, r0
1000610e:	ea41 0300 	orr.w	r3, r1, r0
10006112:	f013 0303 	ands.w	r3, r3, #3
10006116:	d149      	bne.n	100061ac <memcpy+0xa0>
10006118:	3a40      	subs	r2, #64	@ 0x40
1000611a:	d323      	bcc.n	10006164 <memcpy+0x58>
1000611c:	680b      	ldr	r3, [r1, #0]
1000611e:	6003      	str	r3, [r0, #0]
10006120:	684b      	ldr	r3, [r1, #4]
10006122:	6043      	str	r3, [r0, #4]
10006124:	688b      	ldr	r3, [r1, #8]
10006126:	6083      	str	r3, [r0, #8]
10006128:	68cb      	ldr	r3, [r1, #12]
1000612a:	60c3      	str	r3, [r0, #12]
1000612c:	690b      	ldr	r3, [r1, #16]
1000612e:	6103      	str	r3, [r0, #16]
10006130:	694b      	ldr	r3, [r1, #20]
10006132:	6143      	str	r3, [r0, #20]
10006134:	698b      	ldr	r3, [r1, #24]
10006136:	6183      	str	r3, [r0, #24]
10006138:	69cb      	ldr	r3, [r1, #28]
1000613a:	61c3      	str	r3, [r0, #28]
1000613c:	6a0b      	ldr	r3, [r1, #32]
1000613e:	6203      	str	r3, [r0, #32]
10006140:	6a4b      	ldr	r3, [r1, #36]	@ 0x24
10006142:	6243      	str	r3, [r0, #36]	@ 0x24
10006144:	6a8b      	ldr	r3, [r1, #40]	@ 0x28
10006146:	6283      	str	r3, [r0, #40]	@ 0x28
10006148:	6acb      	ldr	r3, [r1, #44]	@ 0x2c
1000614a:	62c3      	str	r3, [r0, #44]	@ 0x2c
1000614c:	6b0b      	ldr	r3, [r1, #48]	@ 0x30
1000614e:	6303      	str	r3, [r0, #48]	@ 0x30
10006150:	6b4b      	ldr	r3, [r1, #52]	@ 0x34
10006152:	6343      	str	r3, [r0, #52]	@ 0x34
10006154:	6b8b      	ldr	r3, [r1, #56]	@ 0x38
10006156:	6383      	str	r3, [r0, #56]	@ 0x38
10006158:	6bcb      	ldr	r3, [r1, #60]	@ 0x3c
1000615a:	63c3      	str	r3, [r0, #60]	@ 0x3c
1000615c:	3040      	adds	r0, #64	@ 0x40
1000615e:	3140      	adds	r1, #64	@ 0x40
10006160:	3a40      	subs	r2, #64	@ 0x40
10006162:	d2db      	bcs.n	1000611c <memcpy+0x10>
10006164:	3230      	adds	r2, #48	@ 0x30
10006166:	d30b      	bcc.n	10006180 <memcpy+0x74>
10006168:	680b      	ldr	r3, [r1, #0]
1000616a:	6003      	str	r3, [r0, #0]
1000616c:	684b      	ldr	r3, [r1, #4]
1000616e:	6043      	str	r3, [r0, #4]
10006170:	688b      	ldr	r3, [r1, #8]
10006172:	6083      	str	r3, [r0, #8]
10006174:	68cb      	ldr	r3, [r1, #12]
10006176:	60c3      	str	r3, [r0, #12]
10006178:	3010      	adds	r0, #16
1000617a:	3110      	adds	r1, #16
1000617c:	3a10      	subs	r2, #16
1000617e:	d2f3      	bcs.n	10006168 <memcpy+0x5c>
10006180:	320c      	adds	r2, #12
10006182:	d305      	bcc.n	10006190 <memcpy+0x84>
10006184:	f851 3b04 	ldr.w	r3, [r1], #4
10006188:	f840 3b04 	str.w	r3, [r0], #4
1000618c:	3a04      	subs	r2, #4
1000618e:	d2f9      	bcs.n	10006184 <memcpy+0x78>
10006190:	3204      	adds	r2, #4
10006192:	d008      	beq.n	100061a6 <memcpy+0x9a>
10006194:	07d2      	lsls	r2, r2, #31
10006196:	bf1c      	itt	ne
10006198:	f811 3b01 	ldrbne.w	r3, [r1], #1
1000619c:	f800 3b01 	strbne.w	r3, [r0], #1
100061a0:	d301      	bcc.n	100061a6 <memcpy+0x9a>
100061a2:	880b      	ldrh	r3, [r1, #0]
100061a4:	8003      	strh	r3, [r0, #0]
100061a6:	4660      	mov	r0, ip
100061a8:	4770      	bx	lr
100061aa:	bf00      	nop
100061ac:	2a08      	cmp	r2, #8
100061ae:	d313      	bcc.n	100061d8 <memcpy+0xcc>
100061b0:	078b      	lsls	r3, r1, #30
100061b2:	d0b1      	beq.n	10006118 <memcpy+0xc>
100061b4:	f010 0303 	ands.w	r3, r0, #3
100061b8:	d0ae      	beq.n	10006118 <memcpy+0xc>
100061ba:	f1c3 0304 	rsb	r3, r3, #4
100061be:	1ad2      	subs	r2, r2, r3
100061c0:	07db      	lsls	r3, r3, #31
100061c2:	bf1c      	itt	ne
100061c4:	f811 3b01 	ldrbne.w	r3, [r1], #1
100061c8:	f800 3b01 	strbne.w	r3, [r0], #1
100061cc:	d3a4      	bcc.n	10006118 <memcpy+0xc>
100061ce:	f831 3b02 	ldrh.w	r3, [r1], #2
100061d2:	f820 3b02 	strh.w	r3, [r0], #2
100061d6:	e79f      	b.n	10006118 <memcpy+0xc>
100061d8:	3a04      	subs	r2, #4
100061da:	d3d9      	bcc.n	10006190 <memcpy+0x84>
100061dc:	3a01      	subs	r2, #1
100061de:	f811 3b01 	ldrb.w	r3, [r1], #1
100061e2:	f800 3b01 	strb.w	r3, [r0], #1
100061e6:	d2f9      	bcs.n	100061dc <memcpy+0xd0>
100061e8:	780b      	ldrb	r3, [r1, #0]
100061ea:	7003      	strb	r3, [r0, #0]
100061ec:	784b      	ldrb	r3, [r1, #1]
100061ee:	7043      	strb	r3, [r0, #1]
100061f0:	788b      	ldrb	r3, [r1, #2]
100061f2:	7083      	strb	r3, [r0, #2]
100061f4:	4660      	mov	r0, ip
100061f6:	4770      	bx	lr

100061f8 <strlen>:
100061f8:	f020 0103 	bic.w	r1, r0, #3
100061fc:	f010 0003 	ands.w	r0, r0, #3
10006200:	f1c0 0000 	rsb	r0, r0, #0
10006204:	f851 3b04 	ldr.w	r3, [r1], #4
10006208:	f100 0c04 	add.w	ip, r0, #4
1000620c:	ea4f 0ccc 	mov.w	ip, ip, lsl #3
10006210:	f06f 0200 	mvn.w	r2, #0
10006214:	bf1c      	itt	ne
10006216:	fa22 f20c 	lsrne.w	r2, r2, ip
1000621a:	4313      	orrne	r3, r2
1000621c:	f04f 0c01 	mov.w	ip, #1
10006220:	ea4c 2c0c 	orr.w	ip, ip, ip, lsl #8
10006224:	ea4c 4c0c 	orr.w	ip, ip, ip, lsl #16
10006228:	eba3 020c 	sub.w	r2, r3, ip
1000622c:	ea22 0203 	bic.w	r2, r2, r3
10006230:	ea12 12cc 	ands.w	r2, r2, ip, lsl #7
10006234:	bf04      	itt	eq
10006236:	f851 3b04 	ldreq.w	r3, [r1], #4
1000623a:	3004      	addeq	r0, #4
1000623c:	d0f4      	beq.n	10006228 <strlen+0x30>
1000623e:	f1c2 0100 	rsb	r1, r2, #0
10006242:	ea02 0201 	and.w	r2, r2, r1
10006246:	fab2 f282 	clz	r2, r2
1000624a:	f1c2 021f 	rsb	r2, r2, #31
1000624e:	eb00 00d2 	add.w	r0, r0, r2, lsr #3
10006252:	4770      	bx	lr

10006254 <_fini>:
10006254:	b5f8      	push	{r3, r4, r5, r6, r7, lr}
10006256:	bf00      	nop

10006258 <__mutex_enter_timeout_ms_veneer>:
10006258:	f85f f000 	ldr.w	pc, [pc]	@ 1000625c <__mutex_enter_timeout_ms_veneer+0x4>
1000625c:	20000235 	.word	0x20000235

10006260 <__e15_is_bulkin_ep_veneer>:
10006260:	f85f f000 	ldr.w	pc, [pc]	@ 10006264 <__e15_is_bulkin_ep_veneer+0x4>
10006264:	20000a6d 	.word	0x20000a6d

10006268 <__hw_endpoint_start_next_buffer_veneer>:
10006268:	f85f f000 	ldr.w	pc, [pc]	@ 1000626c <__hw_endpoint_start_next_buffer_veneer+0x4>
1000626c:	20000b0d 	.word	0x20000b0d

10006270 <____aeabi_uldivmod_veneer>:
10006270:	f85f f000 	ldr.w	pc, [pc]	@ 10006274 <____aeabi_uldivmod_veneer+0x4>
10006274:	20000dd1 	.word	0x20000dd1

10006278 <__mutex_exit_veneer>:
10006278:	f85f f000 	ldr.w	pc, [pc]	@ 1000627c <__mutex_exit_veneer+0x4>
1000627c:	2000026d 	.word	0x2000026d

10006280 <___hw_endpoint_buffer_control_update32_veneer>:
10006280:	f85f f000 	ldr.w	pc, [pc]	@ 10006284 <___hw_endpoint_buffer_control_update32_veneer+0x4>
10006284:	20000ac9 	.word	0x20000ac9

10006288 <__mutex_try_enter_block_until_veneer>:
10006288:	f85f f000 	ldr.w	pc, [pc]	@ 1000628c <__mutex_try_enter_block_until_veneer+0x4>
1000628c:	200001cd 	.word	0x200001cd

10006290 <__reset_non_control_endpoints_veneer>:
10006290:	f85f f000 	ldr.w	pc, [pc]	@ 10006294 <__reset_non_control_endpoints_veneer+0x4>
10006294:	200002a9 	.word	0x200002a9

10006298 <__mutex_try_enter_veneer>:
10006298:	f85f f000 	ldr.w	pc, [pc]	@ 1000629c <__mutex_try_enter_veneer+0x4>
1000629c:	20000111 	.word	0x20000111

100062a0 <__e15_is_critical_frame_period_veneer>:
100062a0:	f85f f000 	ldr.w	pc, [pc]	@ 100062a4 <__e15_is_critical_frame_period_veneer+0x4>
100062a4:	20000a95 	.word	0x20000a95

100062a8 <__pre_init_runtime_init_bootrom_reset>:
100062a8:	10001a51                                Q...

100062ac <__pre_init_runtime_init_early_resets>:
100062ac:	100019c5                                ....

100062b0 <__pre_init_runtime_init_usb_power_down>:
100062b0:	100019f9                                ....

100062b4 <__pre_init_runtime_init_clocks>:
100062b4:	10001ae5                                ....

100062b8 <__pre_init_runtime_init_post_clock_resets>:
100062b8:	10001a31                                1...

100062bc <__pre_init_runtime_init_boot_locks_reset>:
100062bc:	10001949                                I...

100062c0 <__pre_init_runtime_init_spin_locks_reset>:
100062c0:	10001a79                                y...

100062c4 <__pre_init_runtime_init_bootrom_locking_enable>:
100062c4:	10001935                                5...

100062c8 <__pre_init_runtime_init_mutex>:
100062c8:	10000da5                                ....

100062cc <__pre_init_runtime_init_install_ram_vector_table>:
100062cc:	10001a7d                                }...

100062d0 <__pre_init_runtime_init_default_alarm_pool>:
100062d0:	10001169                                i...

100062d4 <__pre_init_first_per_core_initializer>:
100062d4:	10001995                                ....

100062d8 <__pre_init_runtime_init_per_core_bootrom_reset>:
100062d8:	10001a65                                e...

100062dc <__pre_init_runtime_init_per_core_enable_coprocessors>:
100062dc:	10001a15                                ....

100062e0 <__pre_init_spinlock_set_extexclall>:
100062e0:	10000981                                ....

100062e4 <__pre_init_runtime_init_per_core_irq_priorities>:
100062e4:	100009a9                                ....

100062e8 <__init_array_start>:
100062e8:	10003f05 	.word	0x10003f05

100062ec <__frame_dummy_init_array_entry>:
100062ec:	10000211                                ....

Disassembly of section .data:

20000110 <mutex_try_enter>:
20000110:	4603      	mov	r3, r0
20000112:	b500      	push	{lr}
20000114:	6802      	ldr	r2, [r0, #0]
20000116:	f3ef 8c10 	mrs	ip, PRIMASK
2000011a:	b672      	cpsid	i
2000011c:	e8d2 efcf 	ldaexb	lr, [r2]
20000120:	2001      	movs	r0, #1
20000122:	f1be 0f00 	cmp.w	lr, #0
20000126:	d1f9      	bne.n	2000011c <mutex_try_enter+0xc>
20000128:	e8c2 0f4e 	strexb	lr, r0, [r2]
2000012c:	f1be 0f00 	cmp.w	lr, #0
20000130:	d1f4      	bne.n	2000011c <mutex_try_enter+0xc>
20000132:	f3bf 8f5f 	dmb	sy
20000136:	f993 2004 	ldrsb.w	r2, [r3, #4]
2000013a:	2a00      	cmp	r2, #0
2000013c:	db0a      	blt.n	20000154 <mutex_try_enter+0x44>
2000013e:	b101      	cbz	r1, 20000142 <mutex_try_enter+0x32>
20000140:	600a      	str	r2, [r1, #0]
20000142:	2000      	movs	r0, #0
20000144:	2200      	movs	r2, #0
20000146:	681b      	ldr	r3, [r3, #0]
20000148:	e8c3 2f8f 	stlb	r2, [r3]
2000014c:	f38c 8810 	msr	PRIMASK, ip
20000150:	f85d fb04 	ldr.w	pc, [sp], #4
20000154:	f04f 4250 	mov.w	r2, #3489660928	@ 0xd0000000
20000158:	6812      	ldr	r2, [r2, #0]
2000015a:	2001      	movs	r0, #1
2000015c:	711a      	strb	r2, [r3, #4]
2000015e:	e7f1      	b.n	20000144 <mutex_try_enter+0x34>

20000160 <mutex_enter_block_until>:
20000160:	f04f 4150 	mov.w	r1, #3489660928	@ 0xd0000000
20000164:	e92d 41f0 	stmdb	sp!, {r4, r5, r6, r7, r8, lr}
20000168:	2700      	movs	r7, #0
2000016a:	4604      	mov	r4, r0
2000016c:	4616      	mov	r6, r2
2000016e:	461d      	mov	r5, r3
20000170:	f8d1 8000 	ldr.w	r8, [r1]
20000174:	e008      	b.n	20000188 <mutex_enter_block_until+0x28>
20000176:	e8c1 7f8f 	stlb	r7, [r1]
2000017a:	f38c 8810 	msr	PRIMASK, ip
2000017e:	4630      	mov	r0, r6
20000180:	4629      	mov	r1, r5
20000182:	f000 fff1 	bl	20001168 <__best_effort_wfe_or_timeout_veneer>
20000186:	b9e8      	cbnz	r0, 200001c4 <mutex_enter_block_until+0x64>
20000188:	6821      	ldr	r1, [r4, #0]
2000018a:	f3ef 8c10 	mrs	ip, PRIMASK
2000018e:	b672      	cpsid	i
20000190:	e8d1 2fcf 	ldaexb	r2, [r1]
20000194:	2301      	movs	r3, #1
20000196:	2a00      	cmp	r2, #0
20000198:	d1fa      	bne.n	20000190 <mutex_enter_block_until+0x30>
2000019a:	e8c1 3f42 	strexb	r2, r3, [r1]
2000019e:	2a00      	cmp	r2, #0
200001a0:	d1f6      	bne.n	20000190 <mutex_enter_block_until+0x30>
200001a2:	f3bf 8f5f 	dmb	sy
200001a6:	f994 3004 	ldrsb.w	r3, [r4, #4]
200001aa:	6821      	ldr	r1, [r4, #0]
200001ac:	2b00      	cmp	r3, #0
200001ae:	dae2      	bge.n	20000176 <mutex_enter_block_until+0x16>
200001b0:	2300      	movs	r3, #0
200001b2:	f884 8004 	strb.w	r8, [r4, #4]
200001b6:	e8c1 3f8f 	stlb	r3, [r1]
200001ba:	f38c 8810 	msr	PRIMASK, ip
200001be:	2001      	movs	r0, #1
200001c0:	e8bd 81f0 	ldmia.w	sp!, {r4, r5, r6, r7, r8, pc}
200001c4:	2000      	movs	r0, #0
200001c6:	e8bd 81f0 	ldmia.w	sp!, {r4, r5, r6, r7, r8, pc}
200001ca:	bf00      	nop

200001cc <mutex_try_enter_block_until>:
200001cc:	b530      	push	{r4, r5, lr}
200001ce:	6804      	ldr	r4, [r0, #0]
200001d0:	f3ef 8c10 	mrs	ip, PRIMASK
200001d4:	b672      	cpsid	i
200001d6:	e8d4 efcf 	ldaexb	lr, [r4]
200001da:	2501      	movs	r5, #1
200001dc:	f1be 0f00 	cmp.w	lr, #0
200001e0:	d1f9      	bne.n	200001d6 <mutex_try_enter_block_until+0xa>
200001e2:	e8c4 5f4e 	strexb	lr, r5, [r4]
200001e6:	f1be 0f00 	cmp.w	lr, #0
200001ea:	d1f4      	bne.n	200001d6 <mutex_try_enter_block_until+0xa>
200001ec:	f3bf 8f5f 	dmb	sy
200001f0:	f990 4004 	ldrsb.w	r4, [r0, #4]
200001f4:	6805      	ldr	r5, [r0, #0]
200001f6:	2c00      	cmp	r4, #0
200001f8:	db10      	blt.n	2000021c <mutex_try_enter_block_until+0x50>
200001fa:	2100      	movs	r1, #0
200001fc:	e8c5 1f8f 	stlb	r1, [r5]
20000200:	f38c 8810 	msr	PRIMASK, ip
20000204:	f04f 4550 	mov.w	r5, #3489660928	@ 0xd0000000
20000208:	f995 5000 	ldrsb.w	r5, [r5]
2000020c:	42a5      	cmp	r5, r4
2000020e:	d101      	bne.n	20000214 <mutex_try_enter_block_until+0x48>
20000210:	4608      	mov	r0, r1
20000212:	bd30      	pop	{r4, r5, pc}
20000214:	e8bd 4030 	ldmia.w	sp!, {r4, r5, lr}
20000218:	f7ff bfa2 	b.w	20000160 <mutex_enter_block_until>
2000021c:	f04f 4250 	mov.w	r2, #3489660928	@ 0xd0000000
20000220:	6812      	ldr	r2, [r2, #0]
20000222:	2300      	movs	r3, #0
20000224:	7102      	strb	r2, [r0, #4]
20000226:	e8c5 3f8f 	stlb	r3, [r5]
2000022a:	f38c 8810 	msr	PRIMASK, ip
2000022e:	2001      	movs	r0, #1
20000230:	bd30      	pop	{r4, r5, pc}
20000232:	bf00      	nop

20000234 <mutex_enter_timeout_ms>:
20000234:	b570      	push	{r4, r5, r6, lr}
20000236:	4605      	mov	r5, r0
20000238:	460c      	mov	r4, r1
2000023a:	f000 ff89 	bl	20001150 <__time_us_64_veneer>
2000023e:	4602      	mov	r2, r0
20000240:	460b      	mov	r3, r1
20000242:	f44f 707a 	mov.w	r0, #1000	@ 0x3e8
20000246:	f04f 3eff 	mov.w	lr, #4294967295
2000024a:	f06f 4c00 	mvn.w	ip, #2147483648	@ 0x80000000
2000024e:	fbe4 2300 	umlal	r2, r3, r4, r0
20000252:	4596      	cmp	lr, r2
20000254:	eb7c 0103 	sbcs.w	r1, ip, r3
20000258:	bf38      	it	cc
2000025a:	4672      	movcc	r2, lr
2000025c:	4628      	mov	r0, r5
2000025e:	e8bd 4070 	ldmia.w	sp!, {r4, r5, r6, lr}
20000262:	bf38      	it	cc
20000264:	4663      	movcc	r3, ip
20000266:	f7ff bf7b 	b.w	20000160 <mutex_enter_block_until>
2000026a:	bf00      	nop

2000026c <mutex_exit>:
2000026c:	6803      	ldr	r3, [r0, #0]
2000026e:	f3ef 8210 	mrs	r2, PRIMASK
20000272:	b672      	cpsid	i
20000274:	e8d3 cfcf 	ldaexb	ip, [r3]
20000278:	2101      	movs	r1, #1
2000027a:	f1bc 0f00 	cmp.w	ip, #0
2000027e:	d1f9      	bne.n	20000274 <mutex_exit+0x8>
20000280:	e8c3 1f4c 	strexb	ip, r1, [r3]
20000284:	f1bc 0f00 	cmp.w	ip, #0
20000288:	d1f4      	bne.n	20000274 <mutex_exit+0x8>
2000028a:	f3bf 8f5f 	dmb	sy
2000028e:	f04f 0cff 	mov.w	ip, #255	@ 0xff
20000292:	2300      	movs	r3, #0
20000294:	6801      	ldr	r1, [r0, #0]
20000296:	f880 c004 	strb.w	ip, [r0, #4]
2000029a:	e8c1 3f8f 	stlb	r3, [r1]
2000029e:	f382 8810 	msr	PRIMASK, r2
200002a2:	bf40      	sev
200002a4:	4770      	bx	lr
200002a6:	bf00      	nop

200002a8 <reset_non_control_endpoints>:
200002a8:	2100      	movs	r1, #0
200002aa:	b508      	push	{r3, lr}
200002ac:	4b13      	ldr	r3, [pc, #76]	@ (200002fc <reset_non_control_endpoints+0x54>)
200002ae:	f44f 7270 	mov.w	r2, #960	@ 0x3c0
200002b2:	6099      	str	r1, [r3, #8]
200002b4:	4812      	ldr	r0, [pc, #72]	@ (20000300 <reset_non_control_endpoints+0x58>)
200002b6:	60d9      	str	r1, [r3, #12]
200002b8:	6119      	str	r1, [r3, #16]
200002ba:	6159      	str	r1, [r3, #20]
200002bc:	6199      	str	r1, [r3, #24]
200002be:	61d9      	str	r1, [r3, #28]
200002c0:	6219      	str	r1, [r3, #32]
200002c2:	6259      	str	r1, [r3, #36]	@ 0x24
200002c4:	6299      	str	r1, [r3, #40]	@ 0x28
200002c6:	62d9      	str	r1, [r3, #44]	@ 0x2c
200002c8:	6319      	str	r1, [r3, #48]	@ 0x30
200002ca:	6359      	str	r1, [r3, #52]	@ 0x34
200002cc:	6399      	str	r1, [r3, #56]	@ 0x38
200002ce:	63d9      	str	r1, [r3, #60]	@ 0x3c
200002d0:	6419      	str	r1, [r3, #64]	@ 0x40
200002d2:	6459      	str	r1, [r3, #68]	@ 0x44
200002d4:	6499      	str	r1, [r3, #72]	@ 0x48
200002d6:	64d9      	str	r1, [r3, #76]	@ 0x4c
200002d8:	6519      	str	r1, [r3, #80]	@ 0x50
200002da:	6559      	str	r1, [r3, #84]	@ 0x54
200002dc:	6599      	str	r1, [r3, #88]	@ 0x58
200002de:	65d9      	str	r1, [r3, #92]	@ 0x5c
200002e0:	6619      	str	r1, [r3, #96]	@ 0x60
200002e2:	6659      	str	r1, [r3, #100]	@ 0x64
200002e4:	6699      	str	r1, [r3, #104]	@ 0x68
200002e6:	66d9      	str	r1, [r3, #108]	@ 0x6c
200002e8:	6719      	str	r1, [r3, #112]	@ 0x70
200002ea:	6759      	str	r1, [r3, #116]	@ 0x74
200002ec:	6799      	str	r1, [r3, #120]	@ 0x78
200002ee:	67d9      	str	r1, [r3, #124]	@ 0x7c
200002f0:	f000 ff36 	bl	20001160 <__memset_veneer>
200002f4:	4b03      	ldr	r3, [pc, #12]	@ (20000304 <reset_non_control_endpoints+0x5c>)
200002f6:	4a04      	ldr	r2, [pc, #16]	@ (20000308 <reset_non_control_endpoints+0x60>)
200002f8:	601a      	str	r2, [r3, #0]
200002fa:	bd08      	pop	{r3, pc}
200002fc:	50100000 	.word	0x50100000
20000300:	20001a14 	.word	0x20001a14
20000304:	20001ddc 	.word	0x20001ddc
20000308:	50100180 	.word	0x50100180

2000030c <hw_handle_buff_status>:
2000030c:	e92d 4ff0 	stmdb	sp!, {r4, r5, r6, r7, r8, r9, sl, fp, lr}
20000310:	4b1f      	ldr	r3, [pc, #124]	@ (20000390 <hw_handle_buff_status+0x84>)
20000312:	b085      	sub	sp, #20
20000314:	f8d3 a058 	ldr.w	sl, [r3, #88]	@ 0x58
20000318:	f1ba 0f00 	cmp.w	sl, #0
2000031c:	d022      	beq.n	20000364 <hw_handle_buff_status+0x58>
2000031e:	2400      	movs	r4, #0
20000320:	2501      	movs	r5, #1
20000322:	f44f 69e0 	mov.w	r9, #1792	@ 0x700
20000326:	f8df 8070 	ldr.w	r8, [pc, #112]	@ 20000398 <hw_handle_buff_status+0x8c>
2000032a:	4f1a      	ldr	r7, [pc, #104]	@ (20000394 <hw_handle_buff_status+0x88>)
2000032c:	e001      	b.n	20000332 <hw_handle_buff_status+0x26>
2000032e:	2c20      	cmp	r4, #32
20000330:	d018      	beq.n	20000364 <hw_handle_buff_status+0x58>
20000332:	ea0a 0205 	and.w	r2, sl, r5
20000336:	1c61      	adds	r1, r4, #1
20000338:	4623      	mov	r3, r4
2000033a:	46ab      	mov	fp, r5
2000033c:	b2cc      	uxtb	r4, r1
2000033e:	006d      	lsls	r5, r5, #1
20000340:	2a00      	cmp	r2, #0
20000342:	d0f4      	beq.n	2000032e <hw_handle_buff_status+0x22>
20000344:	f004 0201 	and.w	r2, r4, #1
20000348:	f003 06fe 	and.w	r6, r3, #254	@ 0xfe
2000034c:	4416      	add	r6, r2
2000034e:	eb07 1646 	add.w	r6, r7, r6, lsl #5
20000352:	4630      	mov	r0, r6
20000354:	f8c8 b058 	str.w	fp, [r8, #88]	@ 0x58
20000358:	f000 fc0a 	bl	20000b70 <hw_endpoint_xfer_continue>
2000035c:	b928      	cbnz	r0, 2000036a <hw_handle_buff_status+0x5e>
2000035e:	ea3a 0a0b 	bics.w	sl, sl, fp
20000362:	d1e4      	bne.n	2000032e <hw_handle_buff_status+0x22>
20000364:	b005      	add	sp, #20
20000366:	e8bd 8ff0 	ldmia.w	sp!, {r4, r5, r6, r7, r8, r9, sl, fp, pc}
2000036a:	2300      	movs	r3, #0
2000036c:	f88d 3009 	strb.w	r3, [sp, #9]
20000370:	78b3      	ldrb	r3, [r6, #2]
20000372:	a801      	add	r0, sp, #4
20000374:	f88d 3008 	strb.w	r3, [sp, #8]
20000378:	8af3      	ldrh	r3, [r6, #22]
2000037a:	2101      	movs	r1, #1
2000037c:	f8ad 9004 	strh.w	r9, [sp, #4]
20000380:	9303      	str	r3, [sp, #12]
20000382:	f000 fc13 	bl	20000bac <dcd_event_handler>
20000386:	4630      	mov	r0, r6
20000388:	f000 fb98 	bl	20000abc <hw_endpoint_reset_transfer>
2000038c:	e7e7      	b.n	2000035e <hw_handle_buff_status+0x52>
2000038e:	bf00      	nop
20000390:	50110000 	.word	0x50110000
20000394:	200019d4 	.word	0x200019d4
20000398:	50113000 	.word	0x50113000

2000039c <dcd_rp2040_irq>:
2000039c:	b5f0      	push	{r4, r5, r6, r7, lr}
2000039e:	4bbb      	ldr	r3, [pc, #748]	@ (2000068c <dcd_rp2040_irq+0x2f0>)
200003a0:	b085      	sub	sp, #20
200003a2:	f8d3 5098 	ldr.w	r5, [r3, #152]	@ 0x98
200003a6:	f415 3600 	ands.w	r6, r5, #131072	@ 0x20000
200003aa:	d074      	beq.n	20000496 <dcd_rp2040_irq+0xfa>
200003ac:	4bb8      	ldr	r3, [pc, #736]	@ (20000690 <dcd_rp2040_irq+0x2f4>)
200003ae:	4cb9      	ldr	r4, [pc, #740]	@ (20000694 <dcd_rp2040_irq+0x2f8>)
200003b0:	6a99      	ldr	r1, [r3, #40]	@ 0x28
200003b2:	f894 303b 	ldrb.w	r3, [r4, #59]	@ 0x3b
200003b6:	4ab8      	ldr	r2, [pc, #736]	@ (20000698 <dcd_rp2040_irq+0x2fc>)
200003b8:	2b02      	cmp	r3, #2
200003ba:	6011      	str	r1, [r2, #0]
200003bc:	f000 80d4 	beq.w	20000568 <dcd_rp2040_irq+0x1cc>
200003c0:	2600      	movs	r6, #0
200003c2:	f894 307b 	ldrb.w	r3, [r4, #123]	@ 0x7b
200003c6:	2b02      	cmp	r3, #2
200003c8:	f000 813b 	beq.w	20000642 <dcd_rp2040_irq+0x2a6>
200003cc:	f894 30bb 	ldrb.w	r3, [r4, #187]	@ 0xbb
200003d0:	2b02      	cmp	r3, #2
200003d2:	f000 817d 	beq.w	200006d0 <dcd_rp2040_irq+0x334>
200003d6:	f894 30fb 	ldrb.w	r3, [r4, #251]	@ 0xfb
200003da:	2b02      	cmp	r3, #2
200003dc:	f000 816c 	beq.w	200006b8 <dcd_rp2040_irq+0x31c>
200003e0:	f894 313b 	ldrb.w	r3, [r4, #315]	@ 0x13b
200003e4:	2b02      	cmp	r3, #2
200003e6:	f000 8144 	beq.w	20000672 <dcd_rp2040_irq+0x2d6>
200003ea:	f894 317b 	ldrb.w	r3, [r4, #379]	@ 0x17b
200003ee:	2b02      	cmp	r3, #2
200003f0:	f000 8133 	beq.w	2000065a <dcd_rp2040_irq+0x2be>
200003f4:	f894 31bb 	ldrb.w	r3, [r4, #443]	@ 0x1bb
200003f8:	2b02      	cmp	r3, #2
200003fa:	f000 81b6 	beq.w	2000076a <dcd_rp2040_irq+0x3ce>
200003fe:	f894 31fb 	ldrb.w	r3, [r4, #507]	@ 0x1fb
20000402:	2b02      	cmp	r3, #2
20000404:	f000 81a6 	beq.w	20000754 <dcd_rp2040_irq+0x3b8>
20000408:	f894 323b 	ldrb.w	r3, [r4, #571]	@ 0x23b
2000040c:	2b02      	cmp	r3, #2
2000040e:	f000 8196 	beq.w	2000073e <dcd_rp2040_irq+0x3a2>
20000412:	f894 327b 	ldrb.w	r3, [r4, #635]	@ 0x27b
20000416:	2b02      	cmp	r3, #2
20000418:	f000 8186 	beq.w	20000728 <dcd_rp2040_irq+0x38c>
2000041c:	f894 32bb 	ldrb.w	r3, [r4, #699]	@ 0x2bb
20000420:	2b02      	cmp	r3, #2
20000422:	f000 8176 	beq.w	20000712 <dcd_rp2040_irq+0x376>
20000426:	f894 32fb 	ldrb.w	r3, [r4, #763]	@ 0x2fb
2000042a:	2b02      	cmp	r3, #2
2000042c:	f000 8166 	beq.w	200006fc <dcd_rp2040_irq+0x360>
20000430:	f894 333b 	ldrb.w	r3, [r4, #827]	@ 0x33b
20000434:	2b02      	cmp	r3, #2
20000436:	f000 8156 	beq.w	200006e6 <dcd_rp2040_irq+0x34a>
2000043a:	f894 337b 	ldrb.w	r3, [r4, #891]	@ 0x37b
2000043e:	2b02      	cmp	r3, #2
20000440:	f000 80a4 	beq.w	2000058c <dcd_rp2040_irq+0x1f0>
20000444:	f894 33bb 	ldrb.w	r3, [r4, #955]	@ 0x3bb
20000448:	2b02      	cmp	r3, #2
2000044a:	f000 8199 	beq.w	20000780 <dcd_rp2040_irq+0x3e4>
2000044e:	f894 33fb 	ldrb.w	r3, [r4, #1019]	@ 0x3fb
20000452:	2b02      	cmp	r3, #2
20000454:	f000 80b4 	beq.w	200005c0 <dcd_rp2040_irq+0x224>
20000458:	b93e      	cbnz	r6, 2000046a <dcd_rp2040_irq+0xce>
2000045a:	4b90      	ldr	r3, [pc, #576]	@ (2000069c <dcd_rp2040_irq+0x300>)
2000045c:	781b      	ldrb	r3, [r3, #0]
2000045e:	b923      	cbnz	r3, 2000046a <dcd_rp2040_irq+0xce>
20000460:	f44f 3200 	mov.w	r2, #131072	@ 0x20000
20000464:	4b8e      	ldr	r3, [pc, #568]	@ (200006a0 <dcd_rp2040_irq+0x304>)
20000466:	f8c3 2090 	str.w	r2, [r3, #144]	@ 0x90
2000046a:	f44f 7240 	mov.w	r2, #768	@ 0x300
2000046e:	4b87      	ldr	r3, [pc, #540]	@ (2000068c <dcd_rp2040_irq+0x2f0>)
20000470:	2101      	movs	r1, #1
20000472:	6c9b      	ldr	r3, [r3, #72]	@ 0x48
20000474:	a801      	add	r0, sp, #4
20000476:	f3c3 030a 	ubfx	r3, r3, #0, #11
2000047a:	f8ad 2004 	strh.w	r2, [sp, #4]
2000047e:	9302      	str	r3, [sp, #8]
20000480:	f000 fb94 	bl	20000bac <dcd_event_handler>
20000484:	06ea      	lsls	r2, r5, #27
20000486:	f44f 3600 	mov.w	r6, #131072	@ 0x20000
2000048a:	4c86      	ldr	r4, [pc, #536]	@ (200006a4 <dcd_rp2040_irq+0x308>)
2000048c:	d507      	bpl.n	2000049e <dcd_rp2040_irq+0x102>
2000048e:	f7ff ff3d 	bl	2000030c <hw_handle_buff_status>
20000492:	4626      	mov	r6, r4
20000494:	e003      	b.n	2000049e <dcd_rp2040_irq+0x102>
20000496:	06ea      	lsls	r2, r5, #27
20000498:	f04f 0410 	mov.w	r4, #16
2000049c:	d4f7      	bmi.n	2000048e <dcd_rp2040_irq+0xf2>
2000049e:	03eb      	lsls	r3, r5, #15
200004a0:	d522      	bpl.n	200004e8 <dcd_rp2040_irq+0x14c>
200004a2:	4c7c      	ldr	r4, [pc, #496]	@ (20000694 <dcd_rp2040_irq+0x2f8>)
200004a4:	f446 3680 	orr.w	r6, r6, #65536	@ 0x10000
200004a8:	7ea3      	ldrb	r3, [r4, #26]
200004aa:	2b00      	cmp	r3, #0
200004ac:	f040 8099 	bne.w	200005e2 <dcd_rp2040_irq+0x246>
200004b0:	2301      	movs	r3, #1
200004b2:	f894 203a 	ldrb.w	r2, [r4, #58]	@ 0x3a
200004b6:	70e3      	strb	r3, [r4, #3]
200004b8:	2a00      	cmp	r2, #0
200004ba:	f040 80ad 	bne.w	20000618 <dcd_rp2040_irq+0x27c>
200004be:	2301      	movs	r3, #1
200004c0:	f44f 61c0 	mov.w	r1, #1536	@ 0x600
200004c4:	4a78      	ldr	r2, [pc, #480]	@ (200006a8 <dcd_rp2040_irq+0x30c>)
200004c6:	f884 3023 	strb.w	r3, [r4, #35]	@ 0x23
200004ca:	f8ad 1004 	strh.w	r1, [sp, #4]
200004ce:	e892 0003 	ldmia.w	r2, {r0, r1}
200004d2:	aa04      	add	r2, sp, #16
200004d4:	e902 0003 	stmdb	r2, {r0, r1}
200004d8:	4619      	mov	r1, r3
200004da:	a801      	add	r0, sp, #4
200004dc:	f000 fb66 	bl	20000bac <dcd_event_handler>
200004e0:	f44f 3200 	mov.w	r2, #131072	@ 0x20000
200004e4:	4b6e      	ldr	r3, [pc, #440]	@ (200006a0 <dcd_rp2040_irq+0x304>)
200004e6:	651a      	str	r2, [r3, #80]	@ 0x50
200004e8:	04e9      	lsls	r1, r5, #19
200004ea:	d408      	bmi.n	200004fe <dcd_rp2040_irq+0x162>
200004ec:	046a      	lsls	r2, r5, #17
200004ee:	d41d      	bmi.n	2000052c <dcd_rp2040_irq+0x190>
200004f0:	042b      	lsls	r3, r5, #16
200004f2:	d42a      	bmi.n	2000054a <dcd_rp2040_irq+0x1ae>
200004f4:	42ae      	cmp	r6, r5
200004f6:	f040 81c5 	bne.w	20000884 <dcd_rp2040_irq+0x4e8>
200004fa:	b005      	add	sp, #20
200004fc:	bdf0      	pop	{r4, r5, r6, r7, pc}
200004fe:	2400      	movs	r4, #0
20000500:	4b62      	ldr	r3, [pc, #392]	@ (2000068c <dcd_rp2040_irq+0x2f0>)
20000502:	f446 5680 	orr.w	r6, r6, #4096	@ 0x1000
20000506:	601c      	str	r4, [r3, #0]
20000508:	f7ff fece 	bl	200002a8 <reset_non_control_endpoints>
2000050c:	f44f 7380 	mov.w	r3, #256	@ 0x100
20000510:	2101      	movs	r1, #1
20000512:	a801      	add	r0, sp, #4
20000514:	f8ad 3004 	strh.w	r3, [sp, #4]
20000518:	f88d 4008 	strb.w	r4, [sp, #8]
2000051c:	f000 fb46 	bl	20000bac <dcd_event_handler>
20000520:	f44f 2200 	mov.w	r2, #524288	@ 0x80000
20000524:	4b5e      	ldr	r3, [pc, #376]	@ (200006a0 <dcd_rp2040_irq+0x304>)
20000526:	651a      	str	r2, [r3, #80]	@ 0x50
20000528:	046a      	lsls	r2, r5, #17
2000052a:	d5e1      	bpl.n	200004f0 <dcd_rp2040_irq+0x154>
2000052c:	f44f 6380 	mov.w	r3, #1024	@ 0x400
20000530:	2101      	movs	r1, #1
20000532:	a801      	add	r0, sp, #4
20000534:	f8ad 3004 	strh.w	r3, [sp, #4]
20000538:	f000 fb38 	bl	20000bac <dcd_event_handler>
2000053c:	2210      	movs	r2, #16
2000053e:	4b58      	ldr	r3, [pc, #352]	@ (200006a0 <dcd_rp2040_irq+0x304>)
20000540:	f446 4680 	orr.w	r6, r6, #16384	@ 0x4000
20000544:	651a      	str	r2, [r3, #80]	@ 0x50
20000546:	042b      	lsls	r3, r5, #16
20000548:	d5d4      	bpl.n	200004f4 <dcd_rp2040_irq+0x158>
2000054a:	f44f 63a0 	mov.w	r3, #1280	@ 0x500
2000054e:	2101      	movs	r1, #1
20000550:	a801      	add	r0, sp, #4
20000552:	f8ad 3004 	strh.w	r3, [sp, #4]
20000556:	f000 fb29 	bl	20000bac <dcd_event_handler>
2000055a:	f44f 6200 	mov.w	r2, #2048	@ 0x800
2000055e:	4b50      	ldr	r3, [pc, #320]	@ (200006a0 <dcd_rp2040_irq+0x304>)
20000560:	f446 4600 	orr.w	r6, r6, #32768	@ 0x8000
20000564:	651a      	str	r2, [r3, #80]	@ 0x50
20000566:	e7c5      	b.n	200004f4 <dcd_rp2040_irq+0x158>
20000568:	f894 603a 	ldrb.w	r6, [r4, #58]	@ 0x3a
2000056c:	2e00      	cmp	r6, #0
2000056e:	f43f af28 	beq.w	200003c2 <dcd_rp2040_irq+0x26>
20000572:	f894 303c 	ldrb.w	r3, [r4, #60]	@ 0x3c
20000576:	2b00      	cmp	r3, #0
20000578:	f43f af23 	beq.w	200003c2 <dcd_rp2040_irq+0x26>
2000057c:	2300      	movs	r3, #0
2000057e:	f104 0020 	add.w	r0, r4, #32
20000582:	f884 303c 	strb.w	r3, [r4, #60]	@ 0x3c
20000586:	f000 fac1 	bl	20000b0c <hw_endpoint_start_next_buffer>
2000058a:	e71a      	b.n	200003c2 <dcd_rp2040_irq+0x26>
2000058c:	f894 737a 	ldrb.w	r7, [r4, #890]	@ 0x37a
20000590:	2f00      	cmp	r7, #0
20000592:	f43f af57 	beq.w	20000444 <dcd_rp2040_irq+0xa8>
20000596:	f894 337c 	ldrb.w	r3, [r4, #892]	@ 0x37c
2000059a:	2b00      	cmp	r3, #0
2000059c:	f040 8164 	bne.w	20000868 <dcd_rp2040_irq+0x4cc>
200005a0:	f894 33bb 	ldrb.w	r3, [r4, #955]	@ 0x3bb
200005a4:	2b02      	cmp	r3, #2
200005a6:	f040 80f4 	bne.w	20000792 <dcd_rp2040_irq+0x3f6>
200005aa:	f894 33ba 	ldrb.w	r3, [r4, #954]	@ 0x3ba
200005ae:	2b00      	cmp	r3, #0
200005b0:	f040 80eb 	bne.w	2000078a <dcd_rp2040_irq+0x3ee>
200005b4:	f894 33fb 	ldrb.w	r3, [r4, #1019]	@ 0x3fb
200005b8:	2b02      	cmp	r3, #2
200005ba:	f47f af56 	bne.w	2000046a <dcd_rp2040_irq+0xce>
200005be:	463e      	mov	r6, r7
200005c0:	f894 33fa 	ldrb.w	r3, [r4, #1018]	@ 0x3fa
200005c4:	2b00      	cmp	r3, #0
200005c6:	f43f af47 	beq.w	20000458 <dcd_rp2040_irq+0xbc>
200005ca:	f894 33fc 	ldrb.w	r3, [r4, #1020]	@ 0x3fc
200005ce:	2b00      	cmp	r3, #0
200005d0:	f43f af4b 	beq.w	2000046a <dcd_rp2040_irq+0xce>
200005d4:	2300      	movs	r3, #0
200005d6:	4835      	ldr	r0, [pc, #212]	@ (200006ac <dcd_rp2040_irq+0x310>)
200005d8:	f884 33fc 	strb.w	r3, [r4, #1020]	@ 0x3fc
200005dc:	f000 fa96 	bl	20000b0c <hw_endpoint_start_next_buffer>
200005e0:	e743      	b.n	2000046a <dcd_rp2040_irq+0xce>
200005e2:	2102      	movs	r1, #2
200005e4:	4b32      	ldr	r3, [pc, #200]	@ (200006b0 <dcd_rp2040_irq+0x314>)
200005e6:	4a29      	ldr	r2, [pc, #164]	@ (2000068c <dcd_rp2040_irq+0x2f0>)
200005e8:	6619      	str	r1, [r3, #96]	@ 0x60
200005ea:	6e53      	ldr	r3, [r2, #100]	@ 0x64
200005ec:	079f      	lsls	r7, r3, #30
200005ee:	d5fc      	bpl.n	200005ea <dcd_rp2040_irq+0x24e>
200005f0:	f44f 5240 	mov.w	r2, #12288	@ 0x3000
200005f4:	2100      	movs	r1, #0
200005f6:	4827      	ldr	r0, [pc, #156]	@ (20000694 <dcd_rp2040_irq+0x2f8>)
200005f8:	f000 fa66 	bl	20000ac8 <_hw_endpoint_buffer_control_update32>
200005fc:	4825      	ldr	r0, [pc, #148]	@ (20000694 <dcd_rp2040_irq+0x2f8>)
200005fe:	f000 fa5d 	bl	20000abc <hw_endpoint_reset_transfer>
20000602:	2202      	movs	r2, #2
20000604:	4b26      	ldr	r3, [pc, #152]	@ (200006a0 <dcd_rp2040_irq+0x304>)
20000606:	665a      	str	r2, [r3, #100]	@ 0x64
20000608:	661a      	str	r2, [r3, #96]	@ 0x60
2000060a:	2301      	movs	r3, #1
2000060c:	f894 203a 	ldrb.w	r2, [r4, #58]	@ 0x3a
20000610:	70e3      	strb	r3, [r4, #3]
20000612:	2a00      	cmp	r2, #0
20000614:	f43f af53 	beq.w	200004be <dcd_rp2040_irq+0x122>
20000618:	4a25      	ldr	r2, [pc, #148]	@ (200006b0 <dcd_rp2040_irq+0x314>)
2000061a:	6613      	str	r3, [r2, #96]	@ 0x60
2000061c:	f5a2 5200 	sub.w	r2, r2, #8192	@ 0x2000
20000620:	6e53      	ldr	r3, [r2, #100]	@ 0x64
20000622:	07d8      	lsls	r0, r3, #31
20000624:	d5fc      	bpl.n	20000620 <dcd_rp2040_irq+0x284>
20000626:	f44f 5240 	mov.w	r2, #12288	@ 0x3000
2000062a:	2100      	movs	r1, #0
2000062c:	4821      	ldr	r0, [pc, #132]	@ (200006b4 <dcd_rp2040_irq+0x318>)
2000062e:	f000 fa4b 	bl	20000ac8 <_hw_endpoint_buffer_control_update32>
20000632:	4820      	ldr	r0, [pc, #128]	@ (200006b4 <dcd_rp2040_irq+0x318>)
20000634:	f000 fa42 	bl	20000abc <hw_endpoint_reset_transfer>
20000638:	2201      	movs	r2, #1
2000063a:	4b19      	ldr	r3, [pc, #100]	@ (200006a0 <dcd_rp2040_irq+0x304>)
2000063c:	665a      	str	r2, [r3, #100]	@ 0x64
2000063e:	661a      	str	r2, [r3, #96]	@ 0x60
20000640:	e73d      	b.n	200004be <dcd_rp2040_irq+0x122>
20000642:	f894 707a 	ldrb.w	r7, [r4, #122]	@ 0x7a
20000646:	2f00      	cmp	r7, #0
20000648:	f43f aec0 	beq.w	200003cc <dcd_rp2040_irq+0x30>
2000064c:	f894 307c 	ldrb.w	r3, [r4, #124]	@ 0x7c
20000650:	2b00      	cmp	r3, #0
20000652:	f040 8101 	bne.w	20000858 <dcd_rp2040_irq+0x4bc>
20000656:	463e      	mov	r6, r7
20000658:	e6b8      	b.n	200003cc <dcd_rp2040_irq+0x30>
2000065a:	f894 717a 	ldrb.w	r7, [r4, #378]	@ 0x17a
2000065e:	2f00      	cmp	r7, #0
20000660:	f43f aec8 	beq.w	200003f4 <dcd_rp2040_irq+0x58>
20000664:	f894 317c 	ldrb.w	r3, [r4, #380]	@ 0x17c
20000668:	2b00      	cmp	r3, #0
2000066a:	f040 80ed 	bne.w	20000848 <dcd_rp2040_irq+0x4ac>
2000066e:	463e      	mov	r6, r7
20000670:	e6c0      	b.n	200003f4 <dcd_rp2040_irq+0x58>
20000672:	f894 713a 	ldrb.w	r7, [r4, #314]	@ 0x13a
20000676:	2f00      	cmp	r7, #0
20000678:	f43f aeb7 	beq.w	200003ea <dcd_rp2040_irq+0x4e>
2000067c:	f894 313c 	ldrb.w	r3, [r4, #316]	@ 0x13c
20000680:	2b00      	cmp	r3, #0
20000682:	f040 80d9 	bne.w	20000838 <dcd_rp2040_irq+0x49c>
20000686:	463e      	mov	r6, r7
20000688:	e6af      	b.n	200003ea <dcd_rp2040_irq+0x4e>
2000068a:	bf00      	nop
2000068c:	50110000 	.word	0x50110000
20000690:	400b0000 	.word	0x400b0000
20000694:	200019d4 	.word	0x200019d4
20000698:	200019cc 	.word	0x200019cc
2000069c:	20001e46 	.word	0x20001e46
200006a0:	50113000 	.word	0x50113000
200006a4:	00020010 	.word	0x00020010
200006a8:	50100000 	.word	0x50100000
200006ac:	20001db4 	.word	0x20001db4
200006b0:	50112000 	.word	0x50112000
200006b4:	200019f4 	.word	0x200019f4
200006b8:	f894 70fa 	ldrb.w	r7, [r4, #250]	@ 0xfa
200006bc:	2f00      	cmp	r7, #0
200006be:	f43f ae8f 	beq.w	200003e0 <dcd_rp2040_irq+0x44>
200006c2:	f894 30fc 	ldrb.w	r3, [r4, #252]	@ 0xfc
200006c6:	2b00      	cmp	r3, #0
200006c8:	f040 808e 	bne.w	200007e8 <dcd_rp2040_irq+0x44c>
200006cc:	463e      	mov	r6, r7
200006ce:	e687      	b.n	200003e0 <dcd_rp2040_irq+0x44>
200006d0:	f894 70ba 	ldrb.w	r7, [r4, #186]	@ 0xba
200006d4:	2f00      	cmp	r7, #0
200006d6:	f43f ae7e 	beq.w	200003d6 <dcd_rp2040_irq+0x3a>
200006da:	f894 30bc 	ldrb.w	r3, [r4, #188]	@ 0xbc
200006de:	2b00      	cmp	r3, #0
200006e0:	d17a      	bne.n	200007d8 <dcd_rp2040_irq+0x43c>
200006e2:	463e      	mov	r6, r7
200006e4:	e677      	b.n	200003d6 <dcd_rp2040_irq+0x3a>
200006e6:	f894 733a 	ldrb.w	r7, [r4, #826]	@ 0x33a
200006ea:	2f00      	cmp	r7, #0
200006ec:	f43f aea5 	beq.w	2000043a <dcd_rp2040_irq+0x9e>
200006f0:	f894 333c 	ldrb.w	r3, [r4, #828]	@ 0x33c
200006f4:	2b00      	cmp	r3, #0
200006f6:	d157      	bne.n	200007a8 <dcd_rp2040_irq+0x40c>
200006f8:	463e      	mov	r6, r7
200006fa:	e69e      	b.n	2000043a <dcd_rp2040_irq+0x9e>
200006fc:	f894 72fa 	ldrb.w	r7, [r4, #762]	@ 0x2fa
20000700:	2f00      	cmp	r7, #0
20000702:	f43f ae95 	beq.w	20000430 <dcd_rp2040_irq+0x94>
20000706:	f894 32fc 	ldrb.w	r3, [r4, #764]	@ 0x2fc
2000070a:	2b00      	cmp	r3, #0
2000070c:	d15c      	bne.n	200007c8 <dcd_rp2040_irq+0x42c>
2000070e:	463e      	mov	r6, r7
20000710:	e68e      	b.n	20000430 <dcd_rp2040_irq+0x94>
20000712:	f894 72ba 	ldrb.w	r7, [r4, #698]	@ 0x2ba
20000716:	2f00      	cmp	r7, #0
20000718:	f43f ae85 	beq.w	20000426 <dcd_rp2040_irq+0x8a>
2000071c:	f894 32bc 	ldrb.w	r3, [r4, #700]	@ 0x2bc
20000720:	2b00      	cmp	r3, #0
20000722:	d149      	bne.n	200007b8 <dcd_rp2040_irq+0x41c>
20000724:	463e      	mov	r6, r7
20000726:	e67e      	b.n	20000426 <dcd_rp2040_irq+0x8a>
20000728:	f894 727a 	ldrb.w	r7, [r4, #634]	@ 0x27a
2000072c:	2f00      	cmp	r7, #0
2000072e:	f43f ae75 	beq.w	2000041c <dcd_rp2040_irq+0x80>
20000732:	f894 327c 	ldrb.w	r3, [r4, #636]	@ 0x27c
20000736:	2b00      	cmp	r3, #0
20000738:	d176      	bne.n	20000828 <dcd_rp2040_irq+0x48c>
2000073a:	463e      	mov	r6, r7
2000073c:	e66e      	b.n	2000041c <dcd_rp2040_irq+0x80>
2000073e:	f894 723a 	ldrb.w	r7, [r4, #570]	@ 0x23a
20000742:	2f00      	cmp	r7, #0
20000744:	f43f ae65 	beq.w	20000412 <dcd_rp2040_irq+0x76>
20000748:	f894 323c 	ldrb.w	r3, [r4, #572]	@ 0x23c
2000074c:	2b00      	cmp	r3, #0
2000074e:	d163      	bne.n	20000818 <dcd_rp2040_irq+0x47c>
20000750:	463e      	mov	r6, r7
20000752:	e65e      	b.n	20000412 <dcd_rp2040_irq+0x76>
20000754:	f894 71fa 	ldrb.w	r7, [r4, #506]	@ 0x1fa
20000758:	2f00      	cmp	r7, #0
2000075a:	f43f ae55 	beq.w	20000408 <dcd_rp2040_irq+0x6c>
2000075e:	f894 31fc 	ldrb.w	r3, [r4, #508]	@ 0x1fc
20000762:	2b00      	cmp	r3, #0
20000764:	d150      	bne.n	20000808 <dcd_rp2040_irq+0x46c>
20000766:	463e      	mov	r6, r7
20000768:	e64e      	b.n	20000408 <dcd_rp2040_irq+0x6c>
2000076a:	f894 71ba 	ldrb.w	r7, [r4, #442]	@ 0x1ba
2000076e:	2f00      	cmp	r7, #0
20000770:	f43f ae45 	beq.w	200003fe <dcd_rp2040_irq+0x62>
20000774:	f894 31bc 	ldrb.w	r3, [r4, #444]	@ 0x1bc
20000778:	2b00      	cmp	r3, #0
2000077a:	d13d      	bne.n	200007f8 <dcd_rp2040_irq+0x45c>
2000077c:	463e      	mov	r6, r7
2000077e:	e63e      	b.n	200003fe <dcd_rp2040_irq+0x62>
20000780:	f894 33ba 	ldrb.w	r3, [r4, #954]	@ 0x3ba
20000784:	2b00      	cmp	r3, #0
20000786:	f43f ae62 	beq.w	2000044e <dcd_rp2040_irq+0xb2>
2000078a:	f894 33bc 	ldrb.w	r3, [r4, #956]	@ 0x3bc
2000078e:	2b00      	cmp	r3, #0
20000790:	d171      	bne.n	20000876 <dcd_rp2040_irq+0x4da>
20000792:	f894 33fb 	ldrb.w	r3, [r4, #1019]	@ 0x3fb
20000796:	2b02      	cmp	r3, #2
20000798:	f47f ae67 	bne.w	2000046a <dcd_rp2040_irq+0xce>
2000079c:	f894 33fa 	ldrb.w	r3, [r4, #1018]	@ 0x3fa
200007a0:	2b00      	cmp	r3, #0
200007a2:	f43f ae62 	beq.w	2000046a <dcd_rp2040_irq+0xce>
200007a6:	e710      	b.n	200005ca <dcd_rp2040_irq+0x22e>
200007a8:	2300      	movs	r3, #0
200007aa:	4839      	ldr	r0, [pc, #228]	@ (20000890 <dcd_rp2040_irq+0x4f4>)
200007ac:	f884 333c 	strb.w	r3, [r4, #828]	@ 0x33c
200007b0:	463e      	mov	r6, r7
200007b2:	f000 f9ab 	bl	20000b0c <hw_endpoint_start_next_buffer>
200007b6:	e640      	b.n	2000043a <dcd_rp2040_irq+0x9e>
200007b8:	2300      	movs	r3, #0
200007ba:	4836      	ldr	r0, [pc, #216]	@ (20000894 <dcd_rp2040_irq+0x4f8>)
200007bc:	f884 32bc 	strb.w	r3, [r4, #700]	@ 0x2bc
200007c0:	463e      	mov	r6, r7
200007c2:	f000 f9a3 	bl	20000b0c <hw_endpoint_start_next_buffer>
200007c6:	e62e      	b.n	20000426 <dcd_rp2040_irq+0x8a>
200007c8:	2300      	movs	r3, #0
200007ca:	4833      	ldr	r0, [pc, #204]	@ (20000898 <dcd_rp2040_irq+0x4fc>)
200007cc:	f884 32fc 	strb.w	r3, [r4, #764]	@ 0x2fc
200007d0:	463e      	mov	r6, r7
200007d2:	f000 f99b 	bl	20000b0c <hw_endpoint_start_next_buffer>
200007d6:	e62b      	b.n	20000430 <dcd_rp2040_irq+0x94>
200007d8:	2300      	movs	r3, #0
200007da:	4830      	ldr	r0, [pc, #192]	@ (2000089c <dcd_rp2040_irq+0x500>)
200007dc:	f884 30bc 	strb.w	r3, [r4, #188]	@ 0xbc
200007e0:	463e      	mov	r6, r7
200007e2:	f000 f993 	bl	20000b0c <hw_endpoint_start_next_buffer>
200007e6:	e5f6      	b.n	200003d6 <dcd_rp2040_irq+0x3a>
200007e8:	2300      	movs	r3, #0
200007ea:	482d      	ldr	r0, [pc, #180]	@ (200008a0 <dcd_rp2040_irq+0x504>)
200007ec:	f884 30fc 	strb.w	r3, [r4, #252]	@ 0xfc
200007f0:	463e      	mov	r6, r7
200007f2:	f000 f98b 	bl	20000b0c <hw_endpoint_start_next_buffer>
200007f6:	e5f3      	b.n	200003e0 <dcd_rp2040_irq+0x44>
200007f8:	2300      	movs	r3, #0
200007fa:	482a      	ldr	r0, [pc, #168]	@ (200008a4 <dcd_rp2040_irq+0x508>)
200007fc:	f884 31bc 	strb.w	r3, [r4, #444]	@ 0x1bc
20000800:	463e      	mov	r6, r7
20000802:	f000 f983 	bl	20000b0c <hw_endpoint_start_next_buffer>
20000806:	e5fa      	b.n	200003fe <dcd_rp2040_irq+0x62>
20000808:	2300      	movs	r3, #0
2000080a:	4827      	ldr	r0, [pc, #156]	@ (200008a8 <dcd_rp2040_irq+0x50c>)
2000080c:	f884 31fc 	strb.w	r3, [r4, #508]	@ 0x1fc
20000810:	463e      	mov	r6, r7
20000812:	f000 f97b 	bl	20000b0c <hw_endpoint_start_next_buffer>
20000816:	e5f7      	b.n	20000408 <dcd_rp2040_irq+0x6c>
20000818:	2300      	movs	r3, #0
2000081a:	4824      	ldr	r0, [pc, #144]	@ (200008ac <dcd_rp2040_irq+0x510>)
2000081c:	f884 323c 	strb.w	r3, [r4, #572]	@ 0x23c
20000820:	463e      	mov	r6, r7
20000822:	f000 f973 	bl	20000b0c <hw_endpoint_start_next_buffer>
20000826:	e5f4      	b.n	20000412 <dcd_rp2040_irq+0x76>
20000828:	2300      	movs	r3, #0
2000082a:	4821      	ldr	r0, [pc, #132]	@ (200008b0 <dcd_rp2040_irq+0x514>)
2000082c:	f884 327c 	strb.w	r3, [r4, #636]	@ 0x27c
20000830:	463e      	mov	r6, r7
20000832:	f000 f96b 	bl	20000b0c <hw_endpoint_start_next_buffer>
20000836:	e5f1      	b.n	2000041c <dcd_rp2040_irq+0x80>
20000838:	2300      	movs	r3, #0
2000083a:	481e      	ldr	r0, [pc, #120]	@ (200008b4 <dcd_rp2040_irq+0x518>)
2000083c:	f884 313c 	strb.w	r3, [r4, #316]	@ 0x13c
20000840:	463e      	mov	r6, r7
20000842:	f000 f963 	bl	20000b0c <hw_endpoint_start_next_buffer>
20000846:	e5d0      	b.n	200003ea <dcd_rp2040_irq+0x4e>
20000848:	2300      	movs	r3, #0
2000084a:	481b      	ldr	r0, [pc, #108]	@ (200008b8 <dcd_rp2040_irq+0x51c>)
2000084c:	f884 317c 	strb.w	r3, [r4, #380]	@ 0x17c
20000850:	463e      	mov	r6, r7
20000852:	f000 f95b 	bl	20000b0c <hw_endpoint_start_next_buffer>
20000856:	e5cd      	b.n	200003f4 <dcd_rp2040_irq+0x58>
20000858:	2300      	movs	r3, #0
2000085a:	4818      	ldr	r0, [pc, #96]	@ (200008bc <dcd_rp2040_irq+0x520>)
2000085c:	f884 307c 	strb.w	r3, [r4, #124]	@ 0x7c
20000860:	463e      	mov	r6, r7
20000862:	f000 f953 	bl	20000b0c <hw_endpoint_start_next_buffer>
20000866:	e5b1      	b.n	200003cc <dcd_rp2040_irq+0x30>
20000868:	2300      	movs	r3, #0
2000086a:	4815      	ldr	r0, [pc, #84]	@ (200008c0 <dcd_rp2040_irq+0x524>)
2000086c:	f884 337c 	strb.w	r3, [r4, #892]	@ 0x37c
20000870:	f000 f94c 	bl	20000b0c <hw_endpoint_start_next_buffer>
20000874:	e694      	b.n	200005a0 <dcd_rp2040_irq+0x204>
20000876:	2300      	movs	r3, #0
20000878:	4812      	ldr	r0, [pc, #72]	@ (200008c4 <dcd_rp2040_irq+0x528>)
2000087a:	f884 33bc 	strb.w	r3, [r4, #956]	@ 0x3bc
2000087e:	f000 f945 	bl	20000b0c <hw_endpoint_start_next_buffer>
20000882:	e786      	b.n	20000792 <dcd_rp2040_irq+0x3f6>
20000884:	4810      	ldr	r0, [pc, #64]	@ (200008c8 <dcd_rp2040_irq+0x52c>)
20000886:	ea86 0105 	eor.w	r1, r6, r5
2000088a:	f000 fc71 	bl	20001170 <__panic_veneer>
2000088e:	bf00      	nop
20000890:	20001cf4 	.word	0x20001cf4
20000894:	20001c74 	.word	0x20001c74
20000898:	20001cb4 	.word	0x20001cb4
2000089c:	20001a74 	.word	0x20001a74
200008a0:	20001ab4 	.word	0x20001ab4
200008a4:	20001b74 	.word	0x20001b74
200008a8:	20001bb4 	.word	0x20001bb4
200008ac:	20001bf4 	.word	0x20001bf4
200008b0:	20001c34 	.word	0x20001c34
200008b4:	20001af4 	.word	0x20001af4
200008b8:	20001b34 	.word	0x20001b34
200008bc:	20001a34 	.word	0x20001a34
200008c0:	20001d34 	.word	0x20001d34
200008c4:	20001d74 	.word	0x20001d74
200008c8:	10006504 	.word	0x10006504

200008cc <prepare_ep_buffer>:
200008cc:	e92d 47f0 	stmdb	sp!, {r4, r5, r6, r7, r8, r9, sl, lr}
200008d0:	8a84      	ldrh	r4, [r0, #20]
200008d2:	8b05      	ldrh	r5, [r0, #24]
200008d4:	78c2      	ldrb	r2, [r0, #3]
200008d6:	42a5      	cmp	r5, r4
200008d8:	bf28      	it	cs
200008da:	4625      	movcs	r5, r4
200008dc:	1e17      	subs	r7, r2, #0
200008de:	bf18      	it	ne
200008e0:	2701      	movne	r7, #1
200008e2:	1b64      	subs	r4, r4, r5
200008e4:	7846      	ldrb	r6, [r0, #1]
200008e6:	f082 0201 	eor.w	r2, r2, #1
200008ea:	b2a4      	uxth	r4, r4
200008ec:	4603      	mov	r3, r0
200008ee:	70c2      	strb	r2, [r0, #3]
200008f0:	8284      	strh	r4, [r0, #20]
200008f2:	f445 6080 	orr.w	r0, r5, #1024	@ 0x400
200008f6:	ea40 3047 	orr.w	r0, r0, r7, lsl #13
200008fa:	bba6      	cbnz	r6, 20000966 <prepare_ep_buffer+0x9a>
200008fc:	e9d3 2603 	ldrd	r2, r6, [r3, #12]
20000900:	1e6f      	subs	r7, r5, #1
20000902:	eb02 1e81 	add.w	lr, r2, r1, lsl #6
20000906:	b355      	cbz	r5, 2000095e <prepare_ep_buffer+0x92>
20000908:	2f05      	cmp	r7, #5
2000090a:	bf98      	it	ls
2000090c:	1c72      	addls	r2, r6, #1
2000090e:	d931      	bls.n	20000974 <prepare_ep_buffer+0xa8>
20000910:	eb02 1c81 	add.w	ip, r2, r1, lsl #6
20000914:	1c72      	adds	r2, r6, #1
20000916:	ebac 0402 	sub.w	r4, ip, r2
2000091a:	2c02      	cmp	r4, #2
2000091c:	d92a      	bls.n	20000974 <prepare_ep_buffer+0xa8>
2000091e:	4632      	mov	r2, r6
20000920:	ea4f 0995 	mov.w	r9, r5, lsr #2
20000924:	ea4f 0a89 	mov.w	sl, r9, lsl #2
20000928:	eb06 0889 	add.w	r8, r6, r9, lsl #2
2000092c:	f852 4b04 	ldr.w	r4, [r2], #4
20000930:	4542      	cmp	r2, r8
20000932:	f84c 4b04 	str.w	r4, [ip], #4
20000936:	d1f9      	bne.n	2000092c <prepare_ep_buffer+0x60>
20000938:	4555      	cmp	r5, sl
2000093a:	eba7 070a 	sub.w	r7, r7, sl
2000093e:	eb0e 040a 	add.w	r4, lr, sl
20000942:	d00a      	beq.n	2000095a <prepare_ep_buffer+0x8e>
20000944:	f816 6029 	ldrb.w	r6, [r6, r9, lsl #2]
20000948:	f80e 6029 	strb.w	r6, [lr, r9, lsl #2]
2000094c:	b12f      	cbz	r7, 2000095a <prepare_ep_buffer+0x8e>
2000094e:	7856      	ldrb	r6, [r2, #1]
20000950:	2f01      	cmp	r7, #1
20000952:	7066      	strb	r6, [r4, #1]
20000954:	d001      	beq.n	2000095a <prepare_ep_buffer+0x8e>
20000956:	7892      	ldrb	r2, [r2, #2]
20000958:	70a2      	strb	r2, [r4, #2]
2000095a:	691e      	ldr	r6, [r3, #16]
2000095c:	8a9c      	ldrh	r4, [r3, #20]
2000095e:	442e      	add	r6, r5
20000960:	611e      	str	r6, [r3, #16]
20000962:	f440 4000 	orr.w	r0, r0, #32768	@ 0x8000
20000966:	b90c      	cbnz	r4, 2000096c <prepare_ep_buffer+0xa0>
20000968:	f440 4080 	orr.w	r0, r0, #16384	@ 0x4000
2000096c:	b101      	cbz	r1, 20000970 <prepare_ep_buffer+0xa4>
2000096e:	0400      	lsls	r0, r0, #16
20000970:	e8bd 87f0 	ldmia.w	sp!, {r4, r5, r6, r7, r8, r9, sl, pc}
20000974:	f10e 3eff 	add.w	lr, lr, #4294967295
20000978:	442e      	add	r6, r5
2000097a:	e000      	b.n	2000097e <prepare_ep_buffer+0xb2>
2000097c:	3201      	adds	r2, #1
2000097e:	f812 4c01 	ldrb.w	r4, [r2, #-1]
20000982:	42b2      	cmp	r2, r6
20000984:	f80e 4f01 	strb.w	r4, [lr, #1]!
20000988:	d1f8      	bne.n	2000097c <prepare_ep_buffer+0xb0>
2000098a:	e7e6      	b.n	2000095a <prepare_ep_buffer+0x8e>

2000098c <sync_ep_buffer>:
2000098c:	6883      	ldr	r3, [r0, #8]
2000098e:	4602      	mov	r2, r0
20000990:	6818      	ldr	r0, [r3, #0]
20000992:	b101      	cbz	r1, 20000996 <sync_ep_buffer+0xa>
20000994:	0c00      	lsrs	r0, r0, #16
20000996:	7853      	ldrb	r3, [r2, #1]
20000998:	f3c0 0009 	ubfx	r0, r0, #0, #10
2000099c:	2b00      	cmp	r3, #0
2000099e:	d03c      	beq.n	20000a1a <sync_ep_buffer+0x8e>
200009a0:	e92d 41f0 	stmdb	sp!, {r4, r5, r6, r7, r8, lr}
200009a4:	e9d2 3403 	ldrd	r3, r4, [r2, #12]
200009a8:	1e46      	subs	r6, r0, #1
200009aa:	eb03 1e81 	add.w	lr, r3, r1, lsl #6
200009ae:	b340      	cbz	r0, 20000a02 <sync_ep_buffer+0x76>
200009b0:	2e05      	cmp	r6, #5
200009b2:	d93b      	bls.n	20000a2c <sync_ep_buffer+0xa0>
200009b4:	0189      	lsls	r1, r1, #6
200009b6:	1c4d      	adds	r5, r1, #1
200009b8:	441d      	add	r5, r3
200009ba:	1b65      	subs	r5, r4, r5
200009bc:	2d02      	cmp	r5, #2
200009be:	d935      	bls.n	20000a2c <sync_ep_buffer+0xa0>
200009c0:	4673      	mov	r3, lr
200009c2:	4621      	mov	r1, r4
200009c4:	f400 777f 	and.w	r7, r0, #1020	@ 0x3fc
200009c8:	ea4f 0890 	mov.w	r8, r0, lsr #2
200009cc:	18fd      	adds	r5, r7, r3
200009ce:	f853 cb04 	ldr.w	ip, [r3], #4
200009d2:	42ab      	cmp	r3, r5
200009d4:	f841 cb04 	str.w	ip, [r1], #4
200009d8:	d1f9      	bne.n	200009ce <sync_ep_buffer+0x42>
200009da:	42b8      	cmp	r0, r7
200009dc:	eba6 0607 	sub.w	r6, r6, r7
200009e0:	eb04 0307 	add.w	r3, r4, r7
200009e4:	eb0e 0107 	add.w	r1, lr, r7
200009e8:	d00a      	beq.n	20000a00 <sync_ep_buffer+0x74>
200009ea:	f81e 5028 	ldrb.w	r5, [lr, r8, lsl #2]
200009ee:	f804 5028 	strb.w	r5, [r4, r8, lsl #2]
200009f2:	b12e      	cbz	r6, 20000a00 <sync_ep_buffer+0x74>
200009f4:	784c      	ldrb	r4, [r1, #1]
200009f6:	2e01      	cmp	r6, #1
200009f8:	705c      	strb	r4, [r3, #1]
200009fa:	d001      	beq.n	20000a00 <sync_ep_buffer+0x74>
200009fc:	7889      	ldrb	r1, [r1, #2]
200009fe:	7099      	strb	r1, [r3, #2]
20000a00:	6914      	ldr	r4, [r2, #16]
20000a02:	8ad3      	ldrh	r3, [r2, #22]
20000a04:	4404      	add	r4, r0
20000a06:	4403      	add	r3, r0
20000a08:	82d3      	strh	r3, [r2, #22]
20000a0a:	8b13      	ldrh	r3, [r2, #24]
20000a0c:	6114      	str	r4, [r2, #16]
20000a0e:	4283      	cmp	r3, r0
20000a10:	bf84      	itt	hi
20000a12:	2300      	movhi	r3, #0
20000a14:	8293      	strhhi	r3, [r2, #20]
20000a16:	e8bd 81f0 	ldmia.w	sp!, {r4, r5, r6, r7, r8, pc}
20000a1a:	8ad3      	ldrh	r3, [r2, #22]
20000a1c:	4403      	add	r3, r0
20000a1e:	82d3      	strh	r3, [r2, #22]
20000a20:	8b13      	ldrh	r3, [r2, #24]
20000a22:	4283      	cmp	r3, r0
20000a24:	bf84      	itt	hi
20000a26:	2300      	movhi	r3, #0
20000a28:	8293      	strhhi	r3, [r2, #20]
20000a2a:	4770      	bx	lr
20000a2c:	3c01      	subs	r4, #1
20000a2e:	eb0e 0100 	add.w	r1, lr, r0
20000a32:	f81e 3b01 	ldrb.w	r3, [lr], #1
20000a36:	4571      	cmp	r1, lr
20000a38:	f804 3f01 	strb.w	r3, [r4, #1]!
20000a3c:	d1f9      	bne.n	20000a32 <sync_ep_buffer+0xa6>
20000a3e:	e7df      	b.n	20000a00 <sync_ep_buffer+0x74>

20000a40 <_hw_endpoint_xfer_sync>:
20000a40:	b510      	push	{r4, lr}
20000a42:	4604      	mov	r4, r0
20000a44:	6883      	ldr	r3, [r0, #8]
20000a46:	2100      	movs	r1, #0
20000a48:	681b      	ldr	r3, [r3, #0]
20000a4a:	f7ff ff9f 	bl	2000098c <sync_ep_buffer>
20000a4e:	6863      	ldr	r3, [r4, #4]
20000a50:	681b      	ldr	r3, [r3, #0]
20000a52:	005b      	lsls	r3, r3, #1
20000a54:	d502      	bpl.n	20000a5c <_hw_endpoint_xfer_sync+0x1c>
20000a56:	8b23      	ldrh	r3, [r4, #24]
20000a58:	4283      	cmp	r3, r0
20000a5a:	d000      	beq.n	20000a5e <_hw_endpoint_xfer_sync+0x1e>
20000a5c:	bd10      	pop	{r4, pc}
20000a5e:	4620      	mov	r0, r4
20000a60:	e8bd 4010 	ldmia.w	sp!, {r4, lr}
20000a64:	2101      	movs	r1, #1
20000a66:	f7ff bf91 	b.w	2000098c <sync_ep_buffer>
20000a6a:	bf00      	nop

20000a6c <e15_is_bulkin_ep>:
20000a6c:	4b08      	ldr	r3, [pc, #32]	@ (20000a90 <e15_is_bulkin_ep+0x24>)
20000a6e:	6c1b      	ldr	r3, [r3, #64]	@ 0x40
20000a70:	f013 0302 	ands.w	r3, r3, #2
20000a74:	d102      	bne.n	20000a7c <e15_is_bulkin_ep+0x10>
20000a76:	7882      	ldrb	r2, [r0, #2]
20000a78:	09d2      	lsrs	r2, r2, #7
20000a7a:	d101      	bne.n	20000a80 <e15_is_bulkin_ep+0x14>
20000a7c:	2000      	movs	r0, #0
20000a7e:	4770      	bx	lr
20000a80:	7ec0      	ldrb	r0, [r0, #27]
20000a82:	f1a0 0002 	sub.w	r0, r0, #2
20000a86:	fab0 f080 	clz	r0, r0
20000a8a:	0940      	lsrs	r0, r0, #5
20000a8c:	4770      	bx	lr
20000a8e:	bf00      	nop
20000a90:	50110000 	.word	0x50110000

20000a94 <e15_is_critical_frame_period>:
20000a94:	b508      	push	{r3, lr}
20000a96:	f7ff ffe9 	bl	20000a6c <e15_is_bulkin_ep>
20000a9a:	b150      	cbz	r0, 20000ab2 <e15_is_critical_frame_period+0x1e>
20000a9c:	4a05      	ldr	r2, [pc, #20]	@ (20000ab4 <e15_is_critical_frame_period+0x20>)
20000a9e:	4b06      	ldr	r3, [pc, #24]	@ (20000ab8 <e15_is_critical_frame_period+0x24>)
20000aa0:	6a90      	ldr	r0, [r2, #40]	@ 0x28
20000aa2:	681b      	ldr	r3, [r3, #0]
20000aa4:	f5a0 7048 	sub.w	r0, r0, #800	@ 0x320
20000aa8:	1ac0      	subs	r0, r0, r3
20000aaa:	28c6      	cmp	r0, #198	@ 0xc6
20000aac:	bf8c      	ite	hi
20000aae:	2000      	movhi	r0, #0
20000ab0:	2001      	movls	r0, #1
20000ab2:	bd08      	pop	{r3, pc}
20000ab4:	400b0000 	.word	0x400b0000
20000ab8:	200019cc 	.word	0x200019cc

20000abc <hw_endpoint_reset_transfer>:
20000abc:	2300      	movs	r3, #0
20000abe:	e9c0 3304 	strd	r3, r3, [r0, #16]
20000ac2:	7683      	strb	r3, [r0, #26]
20000ac4:	4770      	bx	lr
20000ac6:	bf00      	nop

20000ac8 <_hw_endpoint_buffer_control_update32>:
20000ac8:	b510      	push	{r4, lr}
20000aca:	6883      	ldr	r3, [r0, #8]
20000acc:	b109      	cbz	r1, 20000ad2 <_hw_endpoint_buffer_control_update32+0xa>
20000ace:	681c      	ldr	r4, [r3, #0]
20000ad0:	4021      	ands	r1, r4
20000ad2:	b182      	cbz	r2, 20000af6 <_hw_endpoint_buffer_control_update32+0x2e>
20000ad4:	4311      	orrs	r1, r2
20000ad6:	0552      	lsls	r2, r2, #21
20000ad8:	d50d      	bpl.n	20000af6 <_hw_endpoint_buffer_control_update32+0x2e>
20000ada:	681a      	ldr	r2, [r3, #0]
20000adc:	0554      	lsls	r4, r2, #21
20000ade:	d40c      	bmi.n	20000afa <_hw_endpoint_buffer_control_update32+0x32>
20000ae0:	4a08      	ldr	r2, [pc, #32]	@ (20000b04 <_hw_endpoint_buffer_control_update32+0x3c>)
20000ae2:	f421 6480 	bic.w	r4, r1, #1024	@ 0x400
20000ae6:	601c      	str	r4, [r3, #0]
20000ae8:	6c12      	ldr	r2, [r2, #64]	@ 0x40
20000aea:	0792      	lsls	r2, r2, #30
20000aec:	d403      	bmi.n	20000af6 <_hw_endpoint_buffer_control_update32+0x2e>
20000aee:	230c      	movs	r3, #12
20000af0:	3b03      	subs	r3, #3
20000af2:	d2fd      	bcs.n	20000af0 <_hw_endpoint_buffer_control_update32+0x28>
20000af4:	6883      	ldr	r3, [r0, #8]
20000af6:	6019      	str	r1, [r3, #0]
20000af8:	bd10      	pop	{r4, pc}
20000afa:	7881      	ldrb	r1, [r0, #2]
20000afc:	4802      	ldr	r0, [pc, #8]	@ (20000b08 <_hw_endpoint_buffer_control_update32+0x40>)
20000afe:	f000 fb37 	bl	20001170 <__panic_veneer>
20000b02:	bf00      	nop
20000b04:	50110000 	.word	0x50110000
20000b08:	10006518 	.word	0x10006518

20000b0c <hw_endpoint_start_next_buffer>:
20000b0c:	b530      	push	{r4, r5, lr}
20000b0e:	6843      	ldr	r3, [r0, #4]
20000b10:	2100      	movs	r1, #0
20000b12:	b083      	sub	sp, #12
20000b14:	4604      	mov	r4, r0
20000b16:	681d      	ldr	r5, [r3, #0]
20000b18:	f7ff fed8 	bl	200008cc <prepare_ep_buffer>
20000b1c:	4b13      	ldr	r3, [pc, #76]	@ (20000b6c <hw_endpoint_start_next_buffer+0x60>)
20000b1e:	f440 5280 	orr.w	r2, r0, #4096	@ 0x1000
20000b22:	6c19      	ldr	r1, [r3, #64]	@ 0x40
20000b24:	78a3      	ldrb	r3, [r4, #2]
20000b26:	0789      	lsls	r1, r1, #30
20000b28:	d50e      	bpl.n	20000b48 <hw_endpoint_start_next_buffer+0x3c>
20000b2a:	065b      	lsls	r3, r3, #25
20000b2c:	d00e      	beq.n	20000b4c <hw_endpoint_start_next_buffer+0x40>
20000b2e:	f025 45a0 	bic.w	r5, r5, #1342177280	@ 0x50000000
20000b32:	f045 5500 	orr.w	r5, r5, #536870912	@ 0x20000000
20000b36:	2100      	movs	r1, #0
20000b38:	4620      	mov	r0, r4
20000b3a:	6863      	ldr	r3, [r4, #4]
20000b3c:	601d      	str	r5, [r3, #0]
20000b3e:	b003      	add	sp, #12
20000b40:	e8bd 4030 	ldmia.w	sp!, {r4, r5, lr}
20000b44:	f7ff bfc0 	b.w	20000ac8 <_hw_endpoint_buffer_control_update32>
20000b48:	09db      	lsrs	r3, r3, #7
20000b4a:	d0f0      	beq.n	20000b2e <hw_endpoint_start_next_buffer+0x22>
20000b4c:	8aa3      	ldrh	r3, [r4, #20]
20000b4e:	2b00      	cmp	r3, #0
20000b50:	d0ed      	beq.n	20000b2e <hw_endpoint_start_next_buffer+0x22>
20000b52:	2101      	movs	r1, #1
20000b54:	4620      	mov	r0, r4
20000b56:	9201      	str	r2, [sp, #4]
20000b58:	f7ff feb8 	bl	200008cc <prepare_ep_buffer>
20000b5c:	9a01      	ldr	r2, [sp, #4]
20000b5e:	f025 5500 	bic.w	r5, r5, #536870912	@ 0x20000000
20000b62:	4302      	orrs	r2, r0
20000b64:	f045 45a0 	orr.w	r5, r5, #1342177280	@ 0x50000000
20000b68:	e7e5      	b.n	20000b36 <hw_endpoint_start_next_buffer+0x2a>
20000b6a:	bf00      	nop
20000b6c:	50110000 	.word	0x50110000

20000b70 <hw_endpoint_xfer_continue>:
20000b70:	b538      	push	{r3, r4, r5, lr}
20000b72:	7e85      	ldrb	r5, [r0, #26]
20000b74:	4604      	mov	r4, r0
20000b76:	b195      	cbz	r5, 20000b9e <hw_endpoint_xfer_continue+0x2e>
20000b78:	f7ff ff62 	bl	20000a40 <_hw_endpoint_xfer_sync>
20000b7c:	8aa3      	ldrh	r3, [r4, #20]
20000b7e:	b90b      	cbnz	r3, 20000b84 <hw_endpoint_xfer_continue+0x14>
20000b80:	4628      	mov	r0, r5
20000b82:	bd38      	pop	{r3, r4, r5, pc}
20000b84:	4620      	mov	r0, r4
20000b86:	f7ff ff85 	bl	20000a94 <e15_is_critical_frame_period>
20000b8a:	b120      	cbz	r0, 20000b96 <hw_endpoint_xfer_continue+0x26>
20000b8c:	2301      	movs	r3, #1
20000b8e:	7723      	strb	r3, [r4, #28]
20000b90:	2500      	movs	r5, #0
20000b92:	4628      	mov	r0, r5
20000b94:	bd38      	pop	{r3, r4, r5, pc}
20000b96:	4620      	mov	r0, r4
20000b98:	f7ff ffb8 	bl	20000b0c <hw_endpoint_start_next_buffer>
20000b9c:	e7f8      	b.n	20000b90 <hw_endpoint_xfer_continue+0x20>
20000b9e:	7881      	ldrb	r1, [r0, #2]
20000ba0:	4801      	ldr	r0, [pc, #4]	@ (20000ba8 <hw_endpoint_xfer_continue+0x38>)
20000ba2:	f000 fae5 	bl	20001170 <__panic_veneer>
20000ba6:	bf00      	nop
20000ba8:	10006538 	.word	0x10006538

20000bac <dcd_event_handler>:
20000bac:	e92d 43f0 	stmdb	sp!, {r4, r5, r6, r7, r8, r9, lr}
20000bb0:	7843      	ldrb	r3, [r0, #1]
20000bb2:	4681      	mov	r9, r0
20000bb4:	3b02      	subs	r3, #2
20000bb6:	460d      	mov	r5, r1
20000bb8:	b085      	sub	sp, #20
20000bba:	2b04      	cmp	r3, #4
20000bbc:	d813      	bhi.n	20000be6 <dcd_event_handler+0x3a>
20000bbe:	e8df f003 	tbb	[pc, r3]
20000bc2:	4a03      	.short	0x4a03
20000bc4:	736a      	.short	0x736a
20000bc6:	44          	.byte	0x44
20000bc7:	00          	.byte	0x00
20000bc8:	2100      	movs	r1, #0
20000bca:	4b7b      	ldr	r3, [pc, #492]	@ (20000db8 <dcd_event_handler+0x20c>)
20000bcc:	781a      	ldrb	r2, [r3, #0]
20000bce:	f022 0201 	bic.w	r2, r2, #1
20000bd2:	701a      	strb	r2, [r3, #0]
20000bd4:	781a      	ldrb	r2, [r3, #0]
20000bd6:	f022 0202 	bic.w	r2, r2, #2
20000bda:	701a      	strb	r2, [r3, #0]
20000bdc:	7059      	strb	r1, [r3, #1]
20000bde:	781a      	ldrb	r2, [r3, #0]
20000be0:	f361 0282 	bfi	r2, r1, #2, #1
20000be4:	701a      	strb	r2, [r3, #0]
20000be6:	4b75      	ldr	r3, [pc, #468]	@ (20000dbc <dcd_event_handler+0x210>)
20000be8:	681c      	ldr	r4, [r3, #0]
20000bea:	6963      	ldr	r3, [r4, #20]
20000bec:	f3ef 8210 	mrs	r2, PRIMASK
20000bf0:	b672      	cpsid	i
20000bf2:	e8d3 0fcf 	ldaexb	r0, [r3]
20000bf6:	2101      	movs	r1, #1
20000bf8:	2800      	cmp	r0, #0
20000bfa:	d1fa      	bne.n	20000bf2 <dcd_event_handler+0x46>
20000bfc:	e8c3 1f40 	strexb	r0, r1, [r3]
20000c00:	2800      	cmp	r0, #0
20000c02:	d1f6      	bne.n	20000bf2 <dcd_event_handler+0x46>
20000c04:	f3bf 8f5f 	dmb	sy
20000c08:	61a2      	str	r2, [r4, #24]
20000c0a:	4649      	mov	r1, r9
20000c0c:	4620      	mov	r0, r4
20000c0e:	f000 fab3 	bl	20001178 <__tu_fifo_write_veneer>
20000c12:	2300      	movs	r3, #0
20000c14:	6962      	ldr	r2, [r4, #20]
20000c16:	e8c2 3f8f 	stlb	r3, [r2]
20000c1a:	69a3      	ldr	r3, [r4, #24]
20000c1c:	f383 8810 	msr	PRIMASK, r3
20000c20:	b948      	cbnz	r0, 20000c36 <dcd_event_handler+0x8a>
20000c22:	f04f 23e0 	mov.w	r3, #3758153728	@ 0xe000e000
20000c26:	f8d3 3df0 	ldr.w	r3, [r3, #3568]	@ 0xdf0
20000c2a:	07db      	lsls	r3, r3, #31
20000c2c:	d50a      	bpl.n	20000c44 <dcd_event_handler+0x98>
20000c2e:	be00      	bkpt	0x0000
20000c30:	b005      	add	sp, #20
20000c32:	e8bd 83f0 	ldmia.w	sp!, {r4, r5, r6, r7, r8, r9, pc}
20000c36:	462a      	mov	r2, r5
20000c38:	f899 1001 	ldrb.w	r1, [r9, #1]
20000c3c:	f899 0000 	ldrb.w	r0, [r9]
20000c40:	f000 fa8a 	bl	20001158 <__tud_event_hook_cb_veneer>
20000c44:	b005      	add	sp, #20
20000c46:	e8bd 83f0 	ldmia.w	sp!, {r4, r5, r6, r7, r8, r9, pc}
20000c4a:	4a5d      	ldr	r2, [pc, #372]	@ (20000dc0 <dcd_event_handler+0x214>)
20000c4c:	7813      	ldrb	r3, [r2, #0]
20000c4e:	3301      	adds	r3, #1
20000c50:	b2db      	uxtb	r3, r3
20000c52:	7013      	strb	r3, [r2, #0]
20000c54:	e7c7      	b.n	20000be6 <dcd_event_handler+0x3a>
20000c56:	2400      	movs	r4, #0
20000c58:	4e5a      	ldr	r6, [pc, #360]	@ (20000dc4 <dcd_event_handler+0x218>)
20000c5a:	4623      	mov	r3, r4
20000c5c:	7831      	ldrb	r1, [r6, #0]
20000c5e:	f8df 816c 	ldr.w	r8, [pc, #364]	@ 20000dcc <dcd_event_handler+0x220>
20000c62:	4f59      	ldr	r7, [pc, #356]	@ (20000dc8 <dcd_event_handler+0x21c>)
20000c64:	e011      	b.n	20000c8a <dcd_event_handler+0xde>
20000c66:	683b      	ldr	r3, [r7, #0]
20000c68:	eb13 1344 	adds.w	r3, r3, r4, lsl #5
20000c6c:	d007      	beq.n	20000c7e <dcd_event_handler+0xd2>
20000c6e:	69db      	ldr	r3, [r3, #28]
20000c70:	b12b      	cbz	r3, 20000c7e <dcd_event_handler+0xd2>
20000c72:	f8d9 1004 	ldr.w	r1, [r9, #4]
20000c76:	f899 0000 	ldrb.w	r0, [r9]
20000c7a:	4798      	blx	r3
20000c7c:	7831      	ldrb	r1, [r6, #0]
20000c7e:	3401      	adds	r4, #1
20000c80:	b2e4      	uxtb	r4, r4
20000c82:	1c4a      	adds	r2, r1, #1
20000c84:	42a2      	cmp	r2, r4
20000c86:	4623      	mov	r3, r4
20000c88:	db17      	blt.n	20000cba <dcd_event_handler+0x10e>
20000c8a:	42a1      	cmp	r1, r4
20000c8c:	d8eb      	bhi.n	20000c66 <dcd_event_handler+0xba>
20000c8e:	1a5b      	subs	r3, r3, r1
20000c90:	eb08 1343 	add.w	r3, r8, r3, lsl #5
20000c94:	e7eb      	b.n	20000c6e <dcd_event_handler+0xc2>
20000c96:	4b48      	ldr	r3, [pc, #288]	@ (20000db8 <dcd_event_handler+0x20c>)
20000c98:	781a      	ldrb	r2, [r3, #0]
20000c9a:	07d6      	lsls	r6, r2, #31
20000c9c:	d5d2      	bpl.n	20000c44 <dcd_event_handler+0x98>
20000c9e:	781a      	ldrb	r2, [r3, #0]
20000ca0:	f042 0204 	orr.w	r2, r2, #4
20000ca4:	701a      	strb	r2, [r3, #0]
20000ca6:	e79e      	b.n	20000be6 <dcd_event_handler+0x3a>
20000ca8:	4b43      	ldr	r3, [pc, #268]	@ (20000db8 <dcd_event_handler+0x20c>)
20000caa:	781a      	ldrb	r2, [r3, #0]
20000cac:	07d4      	lsls	r4, r2, #31
20000cae:	d5c9      	bpl.n	20000c44 <dcd_event_handler+0x98>
20000cb0:	781a      	ldrb	r2, [r3, #0]
20000cb2:	f022 0204 	bic.w	r2, r2, #4
20000cb6:	701a      	strb	r2, [r3, #0]
20000cb8:	e795      	b.n	20000be6 <dcd_event_handler+0x3a>
20000cba:	4c3f      	ldr	r4, [pc, #252]	@ (20000db8 <dcd_event_handler+0x20c>)
20000cbc:	7823      	ldrb	r3, [r4, #0]
20000cbe:	0758      	lsls	r0, r3, #29
20000cc0:	d43a      	bmi.n	20000d38 <dcd_event_handler+0x18c>
20000cc2:	78e3      	ldrb	r3, [r4, #3]
20000cc4:	07da      	lsls	r2, r3, #31
20000cc6:	d5bd      	bpl.n	20000c44 <dcd_event_handler+0x98>
20000cc8:	2303      	movs	r3, #3
20000cca:	2600      	movs	r6, #0
20000ccc:	4a3b      	ldr	r2, [pc, #236]	@ (20000dbc <dcd_event_handler+0x210>)
20000cce:	f899 1000 	ldrb.w	r1, [r9]
20000cd2:	6814      	ldr	r4, [r2, #0]
20000cd4:	f8d9 2004 	ldr.w	r2, [r9, #4]
20000cd8:	f88d 1004 	strb.w	r1, [sp, #4]
20000cdc:	f88d 3005 	strb.w	r3, [sp, #5]
20000ce0:	6963      	ldr	r3, [r4, #20]
20000ce2:	f8cd 6006 	str.w	r6, [sp, #6]
20000ce6:	f8cd 600a 	str.w	r6, [sp, #10]
20000cea:	f8ad 600e 	strh.w	r6, [sp, #14]
20000cee:	9202      	str	r2, [sp, #8]
20000cf0:	f3ef 8210 	mrs	r2, PRIMASK
20000cf4:	b672      	cpsid	i
20000cf6:	e8d3 0fcf 	ldaexb	r0, [r3]
20000cfa:	2101      	movs	r1, #1
20000cfc:	2800      	cmp	r0, #0
20000cfe:	d1fa      	bne.n	20000cf6 <dcd_event_handler+0x14a>
20000d00:	e8c3 1f40 	strexb	r0, r1, [r3]
20000d04:	2800      	cmp	r0, #0
20000d06:	d1f6      	bne.n	20000cf6 <dcd_event_handler+0x14a>
20000d08:	f3bf 8f5f 	dmb	sy
20000d0c:	4620      	mov	r0, r4
20000d0e:	61a2      	str	r2, [r4, #24]
20000d10:	a901      	add	r1, sp, #4
20000d12:	f000 fa31 	bl	20001178 <__tu_fifo_write_veneer>
20000d16:	6963      	ldr	r3, [r4, #20]
20000d18:	e8c3 6f8f 	stlb	r6, [r3]
20000d1c:	69a3      	ldr	r3, [r4, #24]
20000d1e:	f383 8810 	msr	PRIMASK, r3
20000d22:	2800      	cmp	r0, #0
20000d24:	f43f af7d 	beq.w	20000c22 <dcd_event_handler+0x76>
20000d28:	462a      	mov	r2, r5
20000d2a:	f89d 1005 	ldrb.w	r1, [sp, #5]
20000d2e:	f89d 0004 	ldrb.w	r0, [sp, #4]
20000d32:	f000 fa11 	bl	20001158 <__tud_event_hook_cb_veneer>
20000d36:	e785      	b.n	20000c44 <dcd_event_handler+0x98>
20000d38:	7823      	ldrb	r3, [r4, #0]
20000d3a:	2700      	movs	r7, #0
20000d3c:	f023 0304 	bic.w	r3, r3, #4
20000d40:	7023      	strb	r3, [r4, #0]
20000d42:	2305      	movs	r3, #5
20000d44:	4a1d      	ldr	r2, [pc, #116]	@ (20000dbc <dcd_event_handler+0x210>)
20000d46:	f88d 3005 	strb.w	r3, [sp, #5]
20000d4a:	6816      	ldr	r6, [r2, #0]
20000d4c:	f899 2000 	ldrb.w	r2, [r9]
20000d50:	f8ad 700e 	strh.w	r7, [sp, #14]
20000d54:	f88d 2004 	strb.w	r2, [sp, #4]
20000d58:	6973      	ldr	r3, [r6, #20]
20000d5a:	f8cd 7006 	str.w	r7, [sp, #6]
20000d5e:	f8cd 700a 	str.w	r7, [sp, #10]
20000d62:	f3ef 8210 	mrs	r2, PRIMASK
20000d66:	b672      	cpsid	i
20000d68:	e8d3 0fcf 	ldaexb	r0, [r3]
20000d6c:	2101      	movs	r1, #1
20000d6e:	2800      	cmp	r0, #0
20000d70:	d1fa      	bne.n	20000d68 <dcd_event_handler+0x1bc>
20000d72:	e8c3 1f40 	strexb	r0, r1, [r3]
20000d76:	2800      	cmp	r0, #0
20000d78:	d1f6      	bne.n	20000d68 <dcd_event_handler+0x1bc>
20000d7a:	f3bf 8f5f 	dmb	sy
20000d7e:	4630      	mov	r0, r6
20000d80:	61b2      	str	r2, [r6, #24]
20000d82:	a901      	add	r1, sp, #4
20000d84:	f000 f9f8 	bl	20001178 <__tu_fifo_write_veneer>
20000d88:	6973      	ldr	r3, [r6, #20]
20000d8a:	e8c3 7f8f 	stlb	r7, [r3]
20000d8e:	69b3      	ldr	r3, [r6, #24]
20000d90:	f383 8810 	msr	PRIMASK, r3
20000d94:	b938      	cbnz	r0, 20000da6 <dcd_event_handler+0x1fa>
20000d96:	f04f 23e0 	mov.w	r3, #3758153728	@ 0xe000e000
20000d9a:	f8d3 3df0 	ldr.w	r3, [r3, #3568]	@ 0xdf0
20000d9e:	07d9      	lsls	r1, r3, #31
20000da0:	d58f      	bpl.n	20000cc2 <dcd_event_handler+0x116>
20000da2:	be00      	bkpt	0x0000
20000da4:	e78d      	b.n	20000cc2 <dcd_event_handler+0x116>
20000da6:	462a      	mov	r2, r5
20000da8:	f89d 1005 	ldrb.w	r1, [sp, #5]
20000dac:	f89d 0004 	ldrb.w	r0, [sp, #4]
20000db0:	f000 f9d2 	bl	20001158 <__tud_event_hook_cb_veneer>
20000db4:	e785      	b.n	20000cc2 <dcd_event_handler+0x116>
20000db6:	bf00      	nop
20000db8:	20001580 	.word	0x20001580
20000dbc:	200015d8 	.word	0x200015d8
20000dc0:	20001e47 	.word	0x20001e47
20000dc4:	20001e45 	.word	0x20001e45
20000dc8:	200013b0 	.word	0x200013b0
20000dcc:	10006784 	.word	0x10006784

20000dd0 <__aeabi_uldivmod>:
20000dd0:	b953      	cbnz	r3, 20000de8 <__aeabi_uldivmod+0x18>
20000dd2:	b94a      	cbnz	r2, 20000de8 <__aeabi_uldivmod+0x18>
20000dd4:	2900      	cmp	r1, #0
20000dd6:	bf08      	it	eq
20000dd8:	2800      	cmpeq	r0, #0
20000dda:	bf1c      	itt	ne
20000ddc:	f04f 31ff 	movne.w	r1, #4294967295
20000de0:	f04f 30ff 	movne.w	r0, #4294967295
20000de4:	f000 b9b2 	b.w	2000114c <__aeabi_idiv0>
20000de8:	f1ad 0c08 	sub.w	ip, sp, #8
20000dec:	e96d ce04 	strd	ip, lr, [sp, #-16]!
20000df0:	f000 f806 	bl	20000e00 <__udivmoddi4>
20000df4:	f8dd e004 	ldr.w	lr, [sp, #4]
20000df8:	e9dd 2302 	ldrd	r2, r3, [sp, #8]
20000dfc:	b004      	add	sp, #16
20000dfe:	4770      	bx	lr

20000e00 <__udivmoddi4>:
20000e00:	e92d 4ff0 	stmdb	sp!, {r4, r5, r6, r7, r8, r9, sl, fp, lr}
20000e04:	468c      	mov	ip, r1
20000e06:	9e09      	ldr	r6, [sp, #36]	@ 0x24
20000e08:	4604      	mov	r4, r0
20000e0a:	460f      	mov	r7, r1
20000e0c:	2b00      	cmp	r3, #0
20000e0e:	d148      	bne.n	20000ea2 <__udivmoddi4+0xa2>
20000e10:	428a      	cmp	r2, r1
20000e12:	4615      	mov	r5, r2
20000e14:	d95e      	bls.n	20000ed4 <__udivmoddi4+0xd4>
20000e16:	fab2 f382 	clz	r3, r2
20000e1a:	b13b      	cbz	r3, 20000e2c <__udivmoddi4+0x2c>
20000e1c:	f1c3 0220 	rsb	r2, r3, #32
20000e20:	409f      	lsls	r7, r3
20000e22:	409d      	lsls	r5, r3
20000e24:	409c      	lsls	r4, r3
20000e26:	fa20 f202 	lsr.w	r2, r0, r2
20000e2a:	4317      	orrs	r7, r2
20000e2c:	ea4f 4e15 	mov.w	lr, r5, lsr #16
20000e30:	fa1f fc85 	uxth.w	ip, r5
20000e34:	0c22      	lsrs	r2, r4, #16
20000e36:	fbb7 f1fe 	udiv	r1, r7, lr
20000e3a:	fb0e 7711 	mls	r7, lr, r1, r7
20000e3e:	fb01 f00c 	mul.w	r0, r1, ip
20000e42:	ea42 4207 	orr.w	r2, r2, r7, lsl #16
20000e46:	4290      	cmp	r0, r2
20000e48:	d907      	bls.n	20000e5a <__udivmoddi4+0x5a>
20000e4a:	18aa      	adds	r2, r5, r2
20000e4c:	f101 37ff 	add.w	r7, r1, #4294967295
20000e50:	d202      	bcs.n	20000e58 <__udivmoddi4+0x58>
20000e52:	4290      	cmp	r0, r2
20000e54:	f200 8158 	bhi.w	20001108 <__udivmoddi4+0x308>
20000e58:	4639      	mov	r1, r7
20000e5a:	1a12      	subs	r2, r2, r0
20000e5c:	b2a4      	uxth	r4, r4
20000e5e:	fbb2 f0fe 	udiv	r0, r2, lr
20000e62:	fb0e 2210 	mls	r2, lr, r0, r2
20000e66:	fb00 fc0c 	mul.w	ip, r0, ip
20000e6a:	ea44 4402 	orr.w	r4, r4, r2, lsl #16
20000e6e:	45a4      	cmp	ip, r4
20000e70:	d90b      	bls.n	20000e8a <__udivmoddi4+0x8a>
20000e72:	192c      	adds	r4, r5, r4
20000e74:	f100 32ff 	add.w	r2, r0, #4294967295
20000e78:	bf2c      	ite	cs
20000e7a:	2701      	movcs	r7, #1
20000e7c:	2700      	movcc	r7, #0
20000e7e:	45a4      	cmp	ip, r4
20000e80:	d902      	bls.n	20000e88 <__udivmoddi4+0x88>
20000e82:	2f00      	cmp	r7, #0
20000e84:	f000 8143 	beq.w	2000110e <__udivmoddi4+0x30e>
20000e88:	4610      	mov	r0, r2
20000e8a:	ea40 4001 	orr.w	r0, r0, r1, lsl #16
20000e8e:	eba4 040c 	sub.w	r4, r4, ip
20000e92:	2100      	movs	r1, #0
20000e94:	b11e      	cbz	r6, 20000e9e <__udivmoddi4+0x9e>
20000e96:	40dc      	lsrs	r4, r3
20000e98:	2300      	movs	r3, #0
20000e9a:	e9c6 4300 	strd	r4, r3, [r6]
20000e9e:	e8bd 8ff0 	ldmia.w	sp!, {r4, r5, r6, r7, r8, r9, sl, fp, pc}
20000ea2:	428b      	cmp	r3, r1
20000ea4:	d906      	bls.n	20000eb4 <__udivmoddi4+0xb4>
20000ea6:	b10e      	cbz	r6, 20000eac <__udivmoddi4+0xac>
20000ea8:	e9c6 0100 	strd	r0, r1, [r6]
20000eac:	2100      	movs	r1, #0
20000eae:	4608      	mov	r0, r1
20000eb0:	e8bd 8ff0 	ldmia.w	sp!, {r4, r5, r6, r7, r8, r9, sl, fp, pc}
20000eb4:	fab3 f183 	clz	r1, r3
20000eb8:	2900      	cmp	r1, #0
20000eba:	d151      	bne.n	20000f60 <__udivmoddi4+0x160>
20000ebc:	4563      	cmp	r3, ip
20000ebe:	f0c0 8116 	bcc.w	200010ee <__udivmoddi4+0x2ee>
20000ec2:	4282      	cmp	r2, r0
20000ec4:	f240 8113 	bls.w	200010ee <__udivmoddi4+0x2ee>
20000ec8:	4608      	mov	r0, r1
20000eca:	2e00      	cmp	r6, #0
20000ecc:	d0e7      	beq.n	20000e9e <__udivmoddi4+0x9e>
20000ece:	e9c6 4700 	strd	r4, r7, [r6]
20000ed2:	e7e4      	b.n	20000e9e <__udivmoddi4+0x9e>
20000ed4:	2a00      	cmp	r2, #0
20000ed6:	f000 80af 	beq.w	20001038 <__udivmoddi4+0x238>
20000eda:	fab2 f382 	clz	r3, r2
20000ede:	2b00      	cmp	r3, #0
20000ee0:	f040 80c2 	bne.w	20001068 <__udivmoddi4+0x268>
20000ee4:	1a8a      	subs	r2, r1, r2
20000ee6:	ea4f 4e15 	mov.w	lr, r5, lsr #16
20000eea:	b2af      	uxth	r7, r5
20000eec:	2101      	movs	r1, #1
20000eee:	0c20      	lsrs	r0, r4, #16
20000ef0:	fbb2 fcfe 	udiv	ip, r2, lr
20000ef4:	fb0e 221c 	mls	r2, lr, ip, r2
20000ef8:	ea40 4202 	orr.w	r2, r0, r2, lsl #16
20000efc:	fb07 f00c 	mul.w	r0, r7, ip
20000f00:	4290      	cmp	r0, r2
20000f02:	d90e      	bls.n	20000f22 <__udivmoddi4+0x122>
20000f04:	18aa      	adds	r2, r5, r2
20000f06:	f10c 38ff 	add.w	r8, ip, #4294967295
20000f0a:	bf2c      	ite	cs
20000f0c:	f04f 0901 	movcs.w	r9, #1
20000f10:	f04f 0900 	movcc.w	r9, #0
20000f14:	4290      	cmp	r0, r2
20000f16:	d903      	bls.n	20000f20 <__udivmoddi4+0x120>
20000f18:	f1b9 0f00 	cmp.w	r9, #0
20000f1c:	f000 80f0 	beq.w	20001100 <__udivmoddi4+0x300>
20000f20:	46c4      	mov	ip, r8
20000f22:	1a12      	subs	r2, r2, r0
20000f24:	b2a4      	uxth	r4, r4
20000f26:	fbb2 f0fe 	udiv	r0, r2, lr
20000f2a:	fb0e 2210 	mls	r2, lr, r0, r2
20000f2e:	fb00 f707 	mul.w	r7, r0, r7
20000f32:	ea44 4402 	orr.w	r4, r4, r2, lsl #16
20000f36:	42a7      	cmp	r7, r4
20000f38:	d90e      	bls.n	20000f58 <__udivmoddi4+0x158>
20000f3a:	192c      	adds	r4, r5, r4
20000f3c:	f100 32ff 	add.w	r2, r0, #4294967295
20000f40:	bf2c      	ite	cs
20000f42:	f04f 0e01 	movcs.w	lr, #1
20000f46:	f04f 0e00 	movcc.w	lr, #0
20000f4a:	42a7      	cmp	r7, r4
20000f4c:	d903      	bls.n	20000f56 <__udivmoddi4+0x156>
20000f4e:	f1be 0f00 	cmp.w	lr, #0
20000f52:	f000 80d2 	beq.w	200010fa <__udivmoddi4+0x2fa>
20000f56:	4610      	mov	r0, r2
20000f58:	1be4      	subs	r4, r4, r7
20000f5a:	ea40 400c 	orr.w	r0, r0, ip, lsl #16
20000f5e:	e799      	b.n	20000e94 <__udivmoddi4+0x94>
20000f60:	f1c1 0520 	rsb	r5, r1, #32
20000f64:	408b      	lsls	r3, r1
20000f66:	fa0c f401 	lsl.w	r4, ip, r1
20000f6a:	fa00 f901 	lsl.w	r9, r0, r1
20000f6e:	fa22 f705 	lsr.w	r7, r2, r5
20000f72:	fa2c fc05 	lsr.w	ip, ip, r5
20000f76:	408a      	lsls	r2, r1
20000f78:	431f      	orrs	r7, r3
20000f7a:	fa20 f305 	lsr.w	r3, r0, r5
20000f7e:	0c38      	lsrs	r0, r7, #16
20000f80:	4323      	orrs	r3, r4
20000f82:	fa1f fe87 	uxth.w	lr, r7
20000f86:	0c1c      	lsrs	r4, r3, #16
20000f88:	fbbc f8f0 	udiv	r8, ip, r0
20000f8c:	fb00 cc18 	mls	ip, r0, r8, ip
20000f90:	ea44 440c 	orr.w	r4, r4, ip, lsl #16
20000f94:	fb08 fc0e 	mul.w	ip, r8, lr
20000f98:	45a4      	cmp	ip, r4
20000f9a:	d90e      	bls.n	20000fba <__udivmoddi4+0x1ba>
20000f9c:	193c      	adds	r4, r7, r4
20000f9e:	f108 3aff 	add.w	sl, r8, #4294967295
20000fa2:	bf2c      	ite	cs
20000fa4:	f04f 0b01 	movcs.w	fp, #1
20000fa8:	f04f 0b00 	movcc.w	fp, #0
20000fac:	45a4      	cmp	ip, r4
20000fae:	d903      	bls.n	20000fb8 <__udivmoddi4+0x1b8>
20000fb0:	f1bb 0f00 	cmp.w	fp, #0
20000fb4:	f000 80b8 	beq.w	20001128 <__udivmoddi4+0x328>
20000fb8:	46d0      	mov	r8, sl
20000fba:	eba4 040c 	sub.w	r4, r4, ip
20000fbe:	fa1f fc83 	uxth.w	ip, r3
20000fc2:	fbb4 f3f0 	udiv	r3, r4, r0
20000fc6:	fb00 4413 	mls	r4, r0, r3, r4
20000fca:	fb03 fe0e 	mul.w	lr, r3, lr
20000fce:	ea4c 4404 	orr.w	r4, ip, r4, lsl #16
20000fd2:	45a6      	cmp	lr, r4
20000fd4:	d90e      	bls.n	20000ff4 <__udivmoddi4+0x1f4>
20000fd6:	193c      	adds	r4, r7, r4
20000fd8:	f103 30ff 	add.w	r0, r3, #4294967295
20000fdc:	bf2c      	ite	cs
20000fde:	f04f 0c01 	movcs.w	ip, #1
20000fe2:	f04f 0c00 	movcc.w	ip, #0
20000fe6:	45a6      	cmp	lr, r4
20000fe8:	d903      	bls.n	20000ff2 <__udivmoddi4+0x1f2>
20000fea:	f1bc 0f00 	cmp.w	ip, #0
20000fee:	f000 809f 	beq.w	20001130 <__udivmoddi4+0x330>
20000ff2:	4603      	mov	r3, r0
20000ff4:	ea43 4008 	orr.w	r0, r3, r8, lsl #16
20000ff8:	eba4 040e 	sub.w	r4, r4, lr
20000ffc:	fba0 ec02 	umull	lr, ip, r0, r2
20001000:	4564      	cmp	r4, ip
20001002:	4673      	mov	r3, lr
20001004:	46e0      	mov	r8, ip
20001006:	d302      	bcc.n	2000100e <__udivmoddi4+0x20e>
20001008:	d107      	bne.n	2000101a <__udivmoddi4+0x21a>
2000100a:	45f1      	cmp	r9, lr
2000100c:	d205      	bcs.n	2000101a <__udivmoddi4+0x21a>
2000100e:	ebbe 0302 	subs.w	r3, lr, r2
20001012:	eb6c 0c07 	sbc.w	ip, ip, r7
20001016:	3801      	subs	r0, #1
20001018:	46e0      	mov	r8, ip
2000101a:	b15e      	cbz	r6, 20001034 <__udivmoddi4+0x234>
2000101c:	ebb9 0203 	subs.w	r2, r9, r3
20001020:	eb64 0408 	sbc.w	r4, r4, r8
20001024:	fa04 f505 	lsl.w	r5, r4, r5
20001028:	fa22 f301 	lsr.w	r3, r2, r1
2000102c:	40cc      	lsrs	r4, r1
2000102e:	431d      	orrs	r5, r3
20001030:	e9c6 5400 	strd	r5, r4, [r6]
20001034:	2100      	movs	r1, #0
20001036:	e732      	b.n	20000e9e <__udivmoddi4+0x9e>
20001038:	0842      	lsrs	r2, r0, #1
2000103a:	462f      	mov	r7, r5
2000103c:	084b      	lsrs	r3, r1, #1
2000103e:	46ac      	mov	ip, r5
20001040:	ea42 72c1 	orr.w	r2, r2, r1, lsl #31
20001044:	46ae      	mov	lr, r5
20001046:	07c4      	lsls	r4, r0, #31
20001048:	0c11      	lsrs	r1, r2, #16
2000104a:	b292      	uxth	r2, r2
2000104c:	ea41 4103 	orr.w	r1, r1, r3, lsl #16
20001050:	ea42 4201 	orr.w	r2, r2, r1, lsl #16
20001054:	fbb1 f1f5 	udiv	r1, r1, r5
20001058:	fbb3 f0f5 	udiv	r0, r3, r5
2000105c:	231f      	movs	r3, #31
2000105e:	eba2 020c 	sub.w	r2, r2, ip
20001062:	ea41 4100 	orr.w	r1, r1, r0, lsl #16
20001066:	e742      	b.n	20000eee <__udivmoddi4+0xee>
20001068:	409d      	lsls	r5, r3
2000106a:	f1c3 0220 	rsb	r2, r3, #32
2000106e:	4099      	lsls	r1, r3
20001070:	409c      	lsls	r4, r3
20001072:	fa2c fc02 	lsr.w	ip, ip, r2
20001076:	ea4f 4e15 	mov.w	lr, r5, lsr #16
2000107a:	fa20 f202 	lsr.w	r2, r0, r2
2000107e:	b2af      	uxth	r7, r5
20001080:	fbbc f8fe 	udiv	r8, ip, lr
20001084:	430a      	orrs	r2, r1
20001086:	fb0e cc18 	mls	ip, lr, r8, ip
2000108a:	0c11      	lsrs	r1, r2, #16
2000108c:	ea41 410c 	orr.w	r1, r1, ip, lsl #16
20001090:	fb08 fc07 	mul.w	ip, r8, r7
20001094:	458c      	cmp	ip, r1
20001096:	d950      	bls.n	2000113a <__udivmoddi4+0x33a>
20001098:	1869      	adds	r1, r5, r1
2000109a:	f108 30ff 	add.w	r0, r8, #4294967295
2000109e:	bf2c      	ite	cs
200010a0:	f04f 0901 	movcs.w	r9, #1
200010a4:	f04f 0900 	movcc.w	r9, #0
200010a8:	458c      	cmp	ip, r1
200010aa:	d902      	bls.n	200010b2 <__udivmoddi4+0x2b2>
200010ac:	f1b9 0f00 	cmp.w	r9, #0
200010b0:	d030      	beq.n	20001114 <__udivmoddi4+0x314>
200010b2:	eba1 010c 	sub.w	r1, r1, ip
200010b6:	fbb1 f8fe 	udiv	r8, r1, lr
200010ba:	fb08 fc07 	mul.w	ip, r8, r7
200010be:	fb0e 1118 	mls	r1, lr, r8, r1
200010c2:	b292      	uxth	r2, r2
200010c4:	ea42 4201 	orr.w	r2, r2, r1, lsl #16
200010c8:	4562      	cmp	r2, ip
200010ca:	d234      	bcs.n	20001136 <__udivmoddi4+0x336>
200010cc:	18aa      	adds	r2, r5, r2
200010ce:	f108 31ff 	add.w	r1, r8, #4294967295
200010d2:	bf2c      	ite	cs
200010d4:	f04f 0901 	movcs.w	r9, #1
200010d8:	f04f 0900 	movcc.w	r9, #0
200010dc:	4562      	cmp	r2, ip
200010de:	d2be      	bcs.n	2000105e <__udivmoddi4+0x25e>
200010e0:	f1b9 0f00 	cmp.w	r9, #0
200010e4:	d1bb      	bne.n	2000105e <__udivmoddi4+0x25e>
200010e6:	f1a8 0102 	sub.w	r1, r8, #2
200010ea:	442a      	add	r2, r5
200010ec:	e7b7      	b.n	2000105e <__udivmoddi4+0x25e>
200010ee:	1a84      	subs	r4, r0, r2
200010f0:	eb6c 0203 	sbc.w	r2, ip, r3
200010f4:	2001      	movs	r0, #1
200010f6:	4617      	mov	r7, r2
200010f8:	e6e7      	b.n	20000eca <__udivmoddi4+0xca>
200010fa:	442c      	add	r4, r5
200010fc:	3802      	subs	r0, #2
200010fe:	e72b      	b.n	20000f58 <__udivmoddi4+0x158>
20001100:	f1ac 0c02 	sub.w	ip, ip, #2
20001104:	442a      	add	r2, r5
20001106:	e70c      	b.n	20000f22 <__udivmoddi4+0x122>
20001108:	3902      	subs	r1, #2
2000110a:	442a      	add	r2, r5
2000110c:	e6a5      	b.n	20000e5a <__udivmoddi4+0x5a>
2000110e:	442c      	add	r4, r5
20001110:	3802      	subs	r0, #2
20001112:	e6ba      	b.n	20000e8a <__udivmoddi4+0x8a>
20001114:	eba5 0c0c 	sub.w	ip, r5, ip
20001118:	f1a8 0002 	sub.w	r0, r8, #2
2000111c:	4461      	add	r1, ip
2000111e:	fbb1 f8fe 	udiv	r8, r1, lr
20001122:	fb08 fc07 	mul.w	ip, r8, r7
20001126:	e7ca      	b.n	200010be <__udivmoddi4+0x2be>
20001128:	f1a8 0802 	sub.w	r8, r8, #2
2000112c:	443c      	add	r4, r7
2000112e:	e744      	b.n	20000fba <__udivmoddi4+0x1ba>
20001130:	3b02      	subs	r3, #2
20001132:	443c      	add	r4, r7
20001134:	e75e      	b.n	20000ff4 <__udivmoddi4+0x1f4>
20001136:	4641      	mov	r1, r8
20001138:	e791      	b.n	2000105e <__udivmoddi4+0x25e>
2000113a:	eba1 010c 	sub.w	r1, r1, ip
2000113e:	4640      	mov	r0, r8
20001140:	fbb1 f8fe 	udiv	r8, r1, lr
20001144:	fb08 fc07 	mul.w	ip, r8, r7
20001148:	e7b9      	b.n	200010be <__udivmoddi4+0x2be>
2000114a:	bf00      	nop

2000114c <__aeabi_idiv0>:
2000114c:	4770      	bx	lr
2000114e:	bf00      	nop

20001150 <__time_us_64_veneer>:
20001150:	f85f f000 	ldr.w	pc, [pc]	@ 20001154 <__time_us_64_veneer+0x4>
20001154:	1000167d 	.word	0x1000167d

20001158 <__tud_event_hook_cb_veneer>:
20001158:	f85f f000 	ldr.w	pc, [pc]	@ 2000115c <__tud_event_hook_cb_veneer+0x4>
2000115c:	10004425 	.word	0x10004425

20001160 <__memset_veneer>:
20001160:	f85f f000 	ldr.w	pc, [pc]	@ 20001164 <__memset_veneer+0x4>
20001164:	10006071 	.word	0x10006071

20001168 <__best_effort_wfe_or_timeout_veneer>:
20001168:	f85f f000 	ldr.w	pc, [pc]	@ 2000116c <__best_effort_wfe_or_timeout_veneer+0x4>
2000116c:	10001575 	.word	0x10001575

20001170 <__panic_veneer>:
20001170:	f85f f000 	ldr.w	pc, [pc]	@ 20001174 <__panic_veneer+0x4>
20001174:	10000841 	.word	0x10000841

20001178 <__tu_fifo_write_veneer>:
20001178:	f85f f000 	ldr.w	pc, [pc]	@ 2000117c <__tu_fifo_write_veneer+0x4>
2000117c:	10005dfd 	.word	0x10005dfd

20001180 <striped_spin_lock_num>:
20001180:	00000010                                ....

20001184 <irq_handler_chain_slots>:
20001184:	00000000 	.word	0x00000000
20001188:	00010000 	.word	0x00010000
	...
20001194:	00020000 	.word	0x00020000
	...
200011a0:	00030000 	.word	0x00030000
	...
200011ac:	00ff0000 	.word	0x00ff0000
200011b0:	00000000 	.word	0x00000000

200011b4 <irq_handler_chain_first_slot>:
200011b4:	b501      	push	{r0, lr}
200011b6:	6848      	ldr	r0, [r1, #4]
200011b8:	3101      	adds	r1, #1
200011ba:	468e      	mov	lr, r1
200011bc:	4700      	bx	r0

200011be <irq_handler_chain_remove_tail>:
200011be:	4670      	mov	r0, lr
200011c0:	3809      	subs	r0, #9
200011c2:	4901      	ldr	r1, [pc, #4]	@ (200011c8 <irq_handler_chain_remove_tail+0xa>)
200011c4:	4788      	blx	r1
200011c6:	bd01      	pop	{r0, pc}
200011c8:	10000cb5 	.word	0x10000cb5

200011cc <default_alarm_pool>:
	...
200011e0:	20001228                                (.. 

200011e4 <stdio_usb>:
200011e4:	10003bd1 10003b7d 10003af5 10003a65     .;..};...:..e:..
200011f4:	00000000 00000100                       ........

200011fc <_usbd_qdef>:
200011fc:	200015dc 000c0010 00000000 00000000     ... ............
	...

20001218 <_usbd_rhport>:
20001218:	000000ff                                ....

2000121c <print_mutex>:
	...
