
C:/Users/User/ARINC_SPI/build/sniffer_mil.elf:     file format elf32-littlearm

Sections:
Idx Name          Size      VMA       LMA       File off  Algn
  0 .text         000063c0  10000000  10000000  00001000  2**3
                  CONTENTS, ALLOC, LOAD, READONLY, CODE
  1 .rodata       00000534  100063c0  100063c0  000073c0  2**3
                  CONTENTS, ALLOC, LOAD, READONLY, DATA
  2 .ARM.exidx    00000008  100068f4  100068f4  000078f4  2**2
                  CONTENTS, ALLOC, LOAD, READONLY, DATA
  3 .binary_info  00000020  100068fc  100068fc  000078fc  2**2
                  CONTENTS, ALLOC, LOAD, READONLY, DATA
  4 .ram_vector_table 00000110  20000000  20000000  0000a000  2**2
                  ALLOC
  5 .uninitialized_data 00000000  20000110  20000110  00009a44  2**0
                  CONTENTS
  6 .data         00001114  20000110  1000691c  00008110  2**3
                  CONTENTS, ALLOC, LOAD, READONLY, CODE
  7 .tdata        00000000  20001224  20001224  00009a44  2**0
                  CONTENTS, ALLOC, LOAD, DATA, THREAD_LOCAL
  8 .tbss         00000000  20001224  20001224  00000000  2**0
                  ALLOC, THREAD_LOCAL
  9 .bss          00000c28  20001228  10007a30  0000a228  2**3
                  ALLOC
 10 .heap         00000800  20001e50  10007a30  00009e50  2**2
                  ALLOC, READONLY
 11 .scratch_x    00000000  20080000  20080000  00009a44  2**0
                  CONTENTS
 12 .scratch_y    00000000  20081000  20081000  00009a44  2**0
                  CONTENTS
 13 .stack_dummy  00000800  20081000  20081000  0000a000  2**5
                  ALLOC, READONLY
 14 .flash_end    00000014  10007a30  10007a30  00009a30  2**2
                  CONTENTS, ALLOC, LOAD, READONLY, DATA
 15 .ARM.attributes 00000034  00000000  00000000  00009a44  2**0
                  CONTENTS, READONLY
 16 .comment      00000045  00000000  00000000  00009a78  2**0
                  CONTENTS, READONLY
 17 .debug_info   00036e84  00000000  00000000  00009abd  2**0
                  CONTENTS, READONLY, DEBUGGING, OCTETS
 18 .debug_abbrev 00009216  00000000  00000000  00040941  2**0
                  CONTENTS, READONLY, DEBUGGING, OCTETS
 19 .debug_loclists 0001b429  00000000  00000000  00049b57  2**0
                  CONTENTS, READONLY, DEBUGGING, OCTETS
 20 .debug_aranges 00001370  00000000  00000000  00064f80  2**3
                  CONTENTS, READONLY, DEBUGGING, OCTETS
 21 .debug_rnglists 00004cce  00000000  00000000  000662f0  2**0
                  CONTENTS, READONLY, DEBUGGING, OCTETS
 22 .debug_line   00022b1b  00000000  00000000  0006afbe  2**0
                  CONTENTS, READONLY, DEBUGGING, OCTETS
 23 .debug_str    000091be  00000000  00000000  0008dad9  2**0
                  CONTENTS, READONLY, DEBUGGING, OCTETS
 24 .debug_frame  000033e8  00000000  00000000  00096c98  2**2
                  CONTENTS, READONLY, DEBUGGING, OCTETS
 25 .debug_line_str 00000274  00000000  00000000  0009a080  2**0
                  CONTENTS, READONLY, DEBUGGING, OCTETS

C:/Users/User/ARINC_SPI/build/sniffer_mil.elf:     file format elf32-littlearm


Disassembly of section .text:

10000000 <__VECTOR_TABLE>:
10000000:	20082000 	.word	0x20082000
10000004:	1000015d 	.word	0x1000015d
10000008:	1000011b 	.word	0x1000011b
1000000c:	1000011d 	.word	0x1000011d
10000010:	10000111 	.word	0x10000111
10000014:	10000111 	.word	0x10000111
10000018:	10000111 	.word	0x10000111
1000001c:	10000111 	.word	0x10000111
10000020:	10000119 	.word	0x10000119
10000024:	10000119 	.word	0x10000119
10000028:	10000119 	.word	0x10000119
1000002c:	1000011f 	.word	0x1000011f
10000030:	10000111 	.word	0x10000111
10000034:	10000119 	.word	0x10000119
10000038:	10000121 	.word	0x10000121
1000003c:	10000123 	.word	0x10000123
10000040:	10000111 	.word	0x10000111
10000044:	10000111 	.word	0x10000111
10000048:	10000111 	.word	0x10000111
1000004c:	10000111 	.word	0x10000111
10000050:	10000111 	.word	0x10000111
10000054:	10000111 	.word	0x10000111
10000058:	10000111 	.word	0x10000111
1000005c:	10000111 	.word	0x10000111
10000060:	10000111 	.word	0x10000111
10000064:	10000111 	.word	0x10000111
10000068:	10000111 	.word	0x10000111
1000006c:	10000111 	.word	0x10000111
10000070:	10000111 	.word	0x10000111
10000074:	10000111 	.word	0x10000111
10000078:	10000111 	.word	0x10000111
1000007c:	10000111 	.word	0x10000111
10000080:	10000111 	.word	0x10000111
10000084:	10000111 	.word	0x10000111
10000088:	10000111 	.word	0x10000111
1000008c:	10000111 	.word	0x10000111
10000090:	10000111 	.word	0x10000111
10000094:	10000111 	.word	0x10000111
10000098:	10000111 	.word	0x10000111
1000009c:	10000111 	.word	0x10000111
100000a0:	10000111 	.word	0x10000111
100000a4:	10000111 	.word	0x10000111
100000a8:	10000111 	.word	0x10000111
100000ac:	10000111 	.word	0x10000111
100000b0:	10000111 	.word	0x10000111
100000b4:	10000111 	.word	0x10000111
100000b8:	10000111 	.word	0x10000111
100000bc:	10000111 	.word	0x10000111
100000c0:	10000111 	.word	0x10000111
100000c4:	10000111 	.word	0x10000111
100000c8:	10000111 	.word	0x10000111
100000cc:	10000111 	.word	0x10000111
100000d0:	10000111 	.word	0x10000111
100000d4:	10000111 	.word	0x10000111
100000d8:	10000111 	.word	0x10000111
100000dc:	10000111 	.word	0x10000111
100000e0:	10000111 	.word	0x10000111
100000e4:	10000111 	.word	0x10000111
100000e8:	10000111 	.word	0x10000111
100000ec:	10000111 	.word	0x10000111
100000f0:	10000111 	.word	0x10000111
100000f4:	10000111 	.word	0x10000111
100000f8:	10000111 	.word	0x10000111
100000fc:	10000111 	.word	0x10000111
10000100:	10000111 	.word	0x10000111
10000104:	10000111 	.word	0x10000111
10000108:	10000111 	.word	0x10000111
1000010c:	10000111 	.word	0x10000111

10000110 <__unhandled_user_irq>:
10000110:	f3ef 8005 	mrs	r0, IPSR
10000114:	3810      	subs	r0, #16

10000116 <unhandled_user_irq_num_in_r0>:
10000116:	be00      	bkpt	0x0000

10000118 <isr_invalid>:
10000118:	be00      	bkpt	0x0000

1000011a <isr_nmi>:
1000011a:	be00      	bkpt	0x0000

1000011c <isr_hardfault>:
1000011c:	be00      	bkpt	0x0000

1000011e <isr_svcall>:
1000011e:	be00      	bkpt	0x0000

10000120 <isr_pendsv>:
10000120:	be00      	bkpt	0x0000

10000122 <isr_systick>:
10000122:	be00      	bkpt	0x0000

10000124 <__default_isrs_end>:
10000124:	7188ebf2 	.word	0x7188ebf2
10000128:	100068fc 	.word	0x100068fc
1000012c:	1000691c 	.word	0x1000691c
10000130:	100001a0 	.word	0x100001a0
10000134:	e71aa390 	.word	0xe71aa390

10000138 <__binary_info_header_end>:
10000138:	ffffded3 	.word	0xffffded3
1000013c:	10210142 	.word	0x10210142
10000140:	000001ff 	.word	0x000001ff
10000144:	000078f8 	.word	0x000078f8
10000148:	ab123579 	.word	0xab123579

1000014c <_entry_point>:
1000014c:	f04f 0000 	mov.w	r0, #0

10000150 <_enter_vtable_in_r0>:
10000150:	491e      	ldr	r1, [pc, #120]	@ (100001cc <data_cpy_table+0x2c>)
10000152:	6008      	str	r0, [r1, #0]
10000154:	c806      	ldmia	r0!, {r1, r2}
10000156:	f381 8808 	msr	MSP, r1
1000015a:	4710      	bx	r2

1000015c <_reset_handler>:
1000015c:	f04f 4050 	mov.w	r0, #3489660928	@ 0xd0000000
10000160:	6800      	ldr	r0, [r0, #0]
10000162:	b110      	cbz	r0, 1000016a <hold_non_core0_in_bootrom+0x6>

10000164 <hold_non_core0_in_bootrom>:
10000164:	f04f 0000 	mov.w	r0, #0
10000168:	e7f2      	b.n	10000150 <_enter_vtable_in_r0>
1000016a:	a40d      	add	r4, pc, #52	@ (adr r4, 100001a0 <data_cpy_table>)
1000016c:	cc0e      	ldmia	r4!, {r1, r2, r3}
1000016e:	2900      	cmp	r1, #0
10000170:	d002      	beq.n	10000178 <hold_non_core0_in_bootrom+0x14>
10000172:	f000 f812 	bl	1000019a <data_cpy>
10000176:	e7f9      	b.n	1000016c <hold_non_core0_in_bootrom+0x8>
10000178:	4915      	ldr	r1, [pc, #84]	@ (100001d0 <data_cpy_table+0x30>)
1000017a:	4a16      	ldr	r2, [pc, #88]	@ (100001d4 <data_cpy_table+0x34>)
1000017c:	2000      	movs	r0, #0
1000017e:	e000      	b.n	10000182 <bss_fill_test>

10000180 <bss_fill_loop>:
10000180:	c101      	stmia	r1!, {r0}

10000182 <bss_fill_test>:
10000182:	4291      	cmp	r1, r2
10000184:	d1fc      	bne.n	10000180 <bss_fill_loop>

10000186 <platform_entry>:
10000186:	4914      	ldr	r1, [pc, #80]	@ (100001d8 <data_cpy_table+0x38>)
10000188:	4788      	blx	r1
1000018a:	4914      	ldr	r1, [pc, #80]	@ (100001dc <data_cpy_table+0x3c>)
1000018c:	4788      	blx	r1
1000018e:	4914      	ldr	r1, [pc, #80]	@ (100001e0 <data_cpy_table+0x40>)
10000190:	4788      	blx	r1
10000192:	be00      	bkpt	0x0000
10000194:	e7fd      	b.n	10000192 <platform_entry+0xc>

10000196 <data_cpy_loop>:
10000196:	c901      	ldmia	r1!, {r0}
10000198:	c201      	stmia	r2!, {r0}

1000019a <data_cpy>:
1000019a:	429a      	cmp	r2, r3
1000019c:	d3fb      	bcc.n	10000196 <data_cpy_loop>
1000019e:	4770      	bx	lr

100001a0 <data_cpy_table>:
100001a0:	1000691c 	.word	0x1000691c
100001a4:	20000110 	.word	0x20000110
100001a8:	20001224 	.word	0x20001224
100001ac:	10007a30 	.word	0x10007a30
100001b0:	20080000 	.word	0x20080000
100001b4:	20080000 	.word	0x20080000
100001b8:	10007a30 	.word	0x10007a30
100001bc:	20081000 	.word	0x20081000
100001c0:	20081000 	.word	0x20081000
100001c4:	00000000 	.word	0x00000000
100001c8:	4770      	bx	lr
100001ca:	0000      	.short	0x0000
100001cc:	e000ed08 	.word	0xe000ed08
100001d0:	20001224 	.word	0x20001224
100001d4:	20001e50 	.word	0x20001e50
100001d8:	1000365d 	.word	0x1000365d
100001dc:	100002ad 	.word	0x100002ad
100001e0:	10003655 	.word	0x10003655

100001e4 <_init>:
100001e4:	b5f8      	push	{r3, r4, r5, r6, r7, lr}
100001e6:	bf00      	nop

100001e8 <register_tm_clones>:
100001e8:	4b06      	ldr	r3, [pc, #24]	@ (10000204 <register_tm_clones+0x1c>)
100001ea:	4907      	ldr	r1, [pc, #28]	@ (10000208 <register_tm_clones+0x20>)
100001ec:	1ac9      	subs	r1, r1, r3
100001ee:	1089      	asrs	r1, r1, #2
100001f0:	bf48      	it	mi
100001f2:	3101      	addmi	r1, #1
100001f4:	1049      	asrs	r1, r1, #1
100001f6:	d003      	beq.n	10000200 <register_tm_clones+0x18>
100001f8:	4b04      	ldr	r3, [pc, #16]	@ (1000020c <register_tm_clones+0x24>)
100001fa:	b10b      	cbz	r3, 10000200 <register_tm_clones+0x18>
100001fc:	4801      	ldr	r0, [pc, #4]	@ (10000204 <register_tm_clones+0x1c>)
100001fe:	4718      	bx	r3
10000200:	4770      	bx	lr
10000202:	bf00      	nop
10000204:	20001224 	.word	0x20001224
10000208:	20001224 	.word	0x20001224
1000020c:	00000000 	.word	0x00000000

10000210 <frame_dummy>:
10000210:	b508      	push	{r3, lr}
10000212:	4b05      	ldr	r3, [pc, #20]	@ (10000228 <frame_dummy+0x18>)
10000214:	b11b      	cbz	r3, 1000021e <frame_dummy+0xe>
10000216:	4905      	ldr	r1, [pc, #20]	@ (1000022c <frame_dummy+0x1c>)
10000218:	4805      	ldr	r0, [pc, #20]	@ (10000230 <frame_dummy+0x20>)
1000021a:	f3af 8000 	nop.w
1000021e:	e8bd 4008 	ldmia.w	sp!, {r3, lr}
10000222:	f7ff bfe1 	b.w	100001e8 <register_tm_clones>
10000226:	bf00      	nop
10000228:	00000000 	.word	0x00000000
1000022c:	20001de0 	.word	0x20001de0
10000230:	100063c0 	.word	0x100063c0

10000234 <read_and_print_status.isra.0>:
10000234:	b510      	push	{r4, lr}
10000236:	2400      	movs	r4, #0
10000238:	b086      	sub	sp, #24
1000023a:	f10d 000e 	add.w	r0, sp, #14
1000023e:	f8ad 400e 	strh.w	r4, [sp, #14]
10000242:	f000 fa1f 	bl	10000684 <bus_read_word16_parity>
10000246:	b318      	cbz	r0, 10000290 <read_and_print_status.isra.0+0x5c>
10000248:	a904      	add	r1, sp, #16
1000024a:	f8bd 000e 	ldrh.w	r0, [sp, #14]
1000024e:	9404      	str	r4, [sp, #16]
10000250:	f88d 4014 	strb.w	r4, [sp, #20]
10000254:	f000 fab2 	bl	100007bc <mil1553_decode_status>
10000258:	f8bd 100e 	ldrh.w	r1, [sp, #14]
1000025c:	b198      	cbz	r0, 10000286 <read_and_print_status.isra.0+0x52>
1000025e:	480f      	ldr	r0, [pc, #60]	@ (1000029c <read_and_print_status.isra.0+0x68>)
10000260:	f003 fbe8 	bl	10003a34 <__wrap_printf>
10000264:	f89d 1013 	ldrb.w	r1, [sp, #19]
10000268:	f89d 4014 	ldrb.w	r4, [sp, #20]
1000026c:	f89d 3012 	ldrb.w	r3, [sp, #18]
10000270:	e9cd 1400 	strd	r1, r4, [sp]
10000274:	f89d 2011 	ldrb.w	r2, [sp, #17]
10000278:	f89d 1010 	ldrb.w	r1, [sp, #16]
1000027c:	4808      	ldr	r0, [pc, #32]	@ (100002a0 <read_and_print_status.isra.0+0x6c>)
1000027e:	f003 fbd9 	bl	10003a34 <__wrap_printf>
10000282:	b006      	add	sp, #24
10000284:	bd10      	pop	{r4, pc}
10000286:	4807      	ldr	r0, [pc, #28]	@ (100002a4 <read_and_print_status.isra.0+0x70>)
10000288:	f003 fbd4 	bl	10003a34 <__wrap_printf>
1000028c:	b006      	add	sp, #24
1000028e:	bd10      	pop	{r4, pc}
10000290:	4805      	ldr	r0, [pc, #20]	@ (100002a8 <read_and_print_status.isra.0+0x74>)
10000292:	f003 fb4f 	bl	10003934 <__wrap_puts>
10000296:	b006      	add	sp, #24
10000298:	bd10      	pop	{r4, pc}
1000029a:	bf00      	nop
1000029c:	100063f8 	.word	0x100063f8
100002a0:	10006408 	.word	0x10006408
100002a4:	100063d4 	.word	0x100063d4
100002a8:	100063c0 	.word	0x100063c0

100002ac <main>:
100002ac:	b530      	push	{r4, r5, lr}
100002ae:	b085      	sub	sp, #20
100002b0:	f003 fafc 	bl	100038ac <stdio_init_all>
100002b4:	f44f 6096 	mov.w	r0, #1200	@ 0x4b0
100002b8:	f001 f956 	bl	10001568 <sleep_ms>
100002bc:	f000 f944 	bl	10000548 <bus_init>
100002c0:	f000 f952 	bl	10000568 <bus_set_rx_mode>
100002c4:	f04f 4450 	mov.w	r4, #3489660928	@ 0xd0000000
100002c8:	6862      	ldr	r2, [r4, #4]
100002ca:	6863      	ldr	r3, [r4, #4]
100002cc:	0750      	lsls	r0, r2, #29
100002ce:	f003 0308 	and.w	r3, r3, #8
100002d2:	f140 8093 	bpl.w	100003fc <main+0x150>
100002d6:	2b00      	cmp	r3, #0
100002d8:	f040 8093 	bne.w	10000402 <main+0x156>
100002dc:	2400      	movs	r4, #0
100002de:	f242 7010 	movw	r0, #10000	@ 0x2710
100002e2:	2100      	movs	r1, #0
100002e4:	f001 f8d4 	bl	10001490 <sleep_us>
100002e8:	a803      	add	r0, sp, #12
100002ea:	f88d 400c 	strb.w	r4, [sp, #12]
100002ee:	f000 f979 	bl	100005e4 <bus_read_sync>
100002f2:	2800      	cmp	r0, #0
100002f4:	f000 8092 	beq.w	1000041c <main+0x170>
100002f8:	f89d 200c 	ldrb.w	r2, [sp, #12]
100002fc:	2a01      	cmp	r2, #1
100002fe:	f040 8084 	bne.w	1000040a <main+0x15e>
10000302:	4883      	ldr	r0, [pc, #524]	@ (10000510 <main+0x264>)
10000304:	f003 fb16 	bl	10003934 <__wrap_puts>
10000308:	a802      	add	r0, sp, #8
1000030a:	f8ad 4008 	strh.w	r4, [sp, #8]
1000030e:	f000 f9b9 	bl	10000684 <bus_read_word16_parity>
10000312:	2800      	cmp	r0, #0
10000314:	f000 808c 	beq.w	10000430 <main+0x184>
10000318:	a903      	add	r1, sp, #12
1000031a:	f8bd 0008 	ldrh.w	r0, [sp, #8]
1000031e:	9403      	str	r4, [sp, #12]
10000320:	f000 fa36 	bl	10000790 <mil1553_decode_command>
10000324:	f8bd 1008 	ldrh.w	r1, [sp, #8]
10000328:	2800      	cmp	r0, #0
1000032a:	f000 808f 	beq.w	1000044c <main+0x1a0>
1000032e:	4879      	ldr	r0, [pc, #484]	@ (10000514 <main+0x268>)
10000330:	f003 fb80 	bl	10003a34 <__wrap_printf>
10000334:	f89d 400f 	ldrb.w	r4, [sp, #15]
10000338:	4877      	ldr	r0, [pc, #476]	@ (10000518 <main+0x26c>)
1000033a:	9400      	str	r4, [sp, #0]
1000033c:	f89d 300e 	ldrb.w	r3, [sp, #14]
10000340:	f89d 200d 	ldrb.w	r2, [sp, #13]
10000344:	f89d 100c 	ldrb.w	r1, [sp, #12]
10000348:	f003 fb74 	bl	10003a34 <__wrap_printf>
1000034c:	f89d 400d 	ldrb.w	r4, [sp, #13]
10000350:	2c00      	cmp	r4, #0
10000352:	d17f      	bne.n	10000454 <main+0x1a8>
10000354:	f89d 300f 	ldrb.w	r3, [sp, #15]
10000358:	4625      	mov	r5, r4
1000035a:	b9c3      	cbnz	r3, 1000038e <main+0xe2>
1000035c:	e02b      	b.n	100003b6 <main+0x10a>
1000035e:	486f      	ldr	r0, [pc, #444]	@ (1000051c <main+0x270>)
10000360:	f003 fae8 	bl	10003934 <__wrap_puts>
10000364:	f10d 000a 	add.w	r0, sp, #10
10000368:	f8ad 500a 	strh.w	r5, [sp, #10]
1000036c:	f000 f98a 	bl	10000684 <bus_read_word16_parity>
10000370:	4621      	mov	r1, r4
10000372:	2800      	cmp	r0, #0
10000374:	f000 80bf 	beq.w	100004f6 <main+0x24a>
10000378:	f8bd 200a 	ldrh.w	r2, [sp, #10]
1000037c:	4868      	ldr	r0, [pc, #416]	@ (10000520 <main+0x274>)
1000037e:	f003 fb59 	bl	10003a34 <__wrap_printf>
10000382:	3401      	adds	r4, #1
10000384:	f89d 200f 	ldrb.w	r2, [sp, #15]
10000388:	b2e3      	uxtb	r3, r4
1000038a:	429a      	cmp	r2, r3
1000038c:	d913      	bls.n	100003b6 <main+0x10a>
1000038e:	f10d 000a 	add.w	r0, sp, #10
10000392:	f88d 500a 	strb.w	r5, [sp, #10]
10000396:	f000 f925 	bl	100005e4 <bus_read_sync>
1000039a:	2800      	cmp	r0, #0
1000039c:	d043      	beq.n	10000426 <main+0x17a>
1000039e:	f89d 200a 	ldrb.w	r2, [sp, #10]
100003a2:	2a02      	cmp	r2, #2
100003a4:	d0db      	beq.n	1000035e <main+0xb2>
100003a6:	495f      	ldr	r1, [pc, #380]	@ (10000524 <main+0x278>)
100003a8:	485f      	ldr	r0, [pc, #380]	@ (10000528 <main+0x27c>)
100003aa:	f003 fb43 	bl	10003a34 <__wrap_printf>
100003ae:	2100      	movs	r1, #0
100003b0:	485e      	ldr	r0, [pc, #376]	@ (1000052c <main+0x280>)
100003b2:	f001 f86d 	bl	10001490 <sleep_us>
100003b6:	f04f 4450 	mov.w	r4, #3489660928	@ 0xd0000000
100003ba:	6862      	ldr	r2, [r4, #4]
100003bc:	6863      	ldr	r3, [r4, #4]
100003be:	0751      	lsls	r1, r2, #29
100003c0:	f003 0308 	and.w	r3, r3, #8
100003c4:	d53c      	bpl.n	10000440 <main+0x194>
100003c6:	2b00      	cmp	r3, #0
100003c8:	d13c      	bne.n	10000444 <main+0x198>
100003ca:	f242 7010 	movw	r0, #10000	@ 0x2710
100003ce:	2100      	movs	r1, #0
100003d0:	f001 f85e 	bl	10001490 <sleep_us>
100003d4:	2300      	movs	r3, #0
100003d6:	f10d 000a 	add.w	r0, sp, #10
100003da:	f88d 300a 	strb.w	r3, [sp, #10]
100003de:	f000 f901 	bl	100005e4 <bus_read_sync>
100003e2:	2800      	cmp	r0, #0
100003e4:	f000 808b 	beq.w	100004fe <main+0x252>
100003e8:	f89d 200a 	ldrb.w	r2, [sp, #10]
100003ec:	2a01      	cmp	r2, #1
100003ee:	d17d      	bne.n	100004ec <main+0x240>
100003f0:	4847      	ldr	r0, [pc, #284]	@ (10000510 <main+0x264>)
100003f2:	f003 fa9f 	bl	10003934 <__wrap_puts>
100003f6:	f7ff ff1d 	bl	10000234 <read_and_print_status.isra.0>
100003fa:	e763      	b.n	100002c4 <main+0x18>
100003fc:	2b00      	cmp	r3, #0
100003fe:	f47f af6d 	bne.w	100002dc <main+0x30>
10000402:	200a      	movs	r0, #10
10000404:	f001 f8b0 	bl	10001568 <sleep_ms>
10000408:	e75e      	b.n	100002c8 <main+0x1c>
1000040a:	4949      	ldr	r1, [pc, #292]	@ (10000530 <main+0x284>)
1000040c:	4846      	ldr	r0, [pc, #280]	@ (10000528 <main+0x27c>)
1000040e:	f003 fb11 	bl	10003a34 <__wrap_printf>
10000412:	2100      	movs	r1, #0
10000414:	4845      	ldr	r0, [pc, #276]	@ (1000052c <main+0x280>)
10000416:	f001 f83b 	bl	10001490 <sleep_us>
1000041a:	e753      	b.n	100002c4 <main+0x18>
1000041c:	4944      	ldr	r1, [pc, #272]	@ (10000530 <main+0x284>)
1000041e:	4845      	ldr	r0, [pc, #276]	@ (10000534 <main+0x288>)
10000420:	f003 fb08 	bl	10003a34 <__wrap_printf>
10000424:	e7f5      	b.n	10000412 <main+0x166>
10000426:	493f      	ldr	r1, [pc, #252]	@ (10000524 <main+0x278>)
10000428:	4842      	ldr	r0, [pc, #264]	@ (10000534 <main+0x288>)
1000042a:	f003 fb03 	bl	10003a34 <__wrap_printf>
1000042e:	e7be      	b.n	100003ae <main+0x102>
10000430:	4841      	ldr	r0, [pc, #260]	@ (10000538 <main+0x28c>)
10000432:	f003 fa7f 	bl	10003934 <__wrap_puts>
10000436:	2100      	movs	r1, #0
10000438:	483c      	ldr	r0, [pc, #240]	@ (1000052c <main+0x280>)
1000043a:	f001 f829 	bl	10001490 <sleep_us>
1000043e:	e741      	b.n	100002c4 <main+0x18>
10000440:	2b00      	cmp	r3, #0
10000442:	d1c2      	bne.n	100003ca <main+0x11e>
10000444:	200a      	movs	r0, #10
10000446:	f001 f88f 	bl	10001568 <sleep_ms>
1000044a:	e7b6      	b.n	100003ba <main+0x10e>
1000044c:	483b      	ldr	r0, [pc, #236]	@ (1000053c <main+0x290>)
1000044e:	f003 faf1 	bl	10003a34 <__wrap_printf>
10000452:	e7de      	b.n	10000412 <main+0x166>
10000454:	f04f 4450 	mov.w	r4, #3489660928	@ 0xd0000000
10000458:	6862      	ldr	r2, [r4, #4]
1000045a:	6863      	ldr	r3, [r4, #4]
1000045c:	0752      	lsls	r2, r2, #29
1000045e:	f003 0308 	and.w	r3, r3, #8
10000462:	d53d      	bpl.n	100004e0 <main+0x234>
10000464:	2b00      	cmp	r3, #0
10000466:	d13d      	bne.n	100004e4 <main+0x238>
10000468:	f242 7010 	movw	r0, #10000	@ 0x2710
1000046c:	2100      	movs	r1, #0
1000046e:	f001 f80f 	bl	10001490 <sleep_us>
10000472:	f89d 300f 	ldrb.w	r3, [sp, #15]
10000476:	2b00      	cmp	r3, #0
10000478:	d0ac      	beq.n	100003d4 <main+0x128>
1000047a:	2400      	movs	r4, #0
1000047c:	4625      	mov	r5, r4
1000047e:	e016      	b.n	100004ae <main+0x202>
10000480:	4826      	ldr	r0, [pc, #152]	@ (1000051c <main+0x270>)
10000482:	f003 fa57 	bl	10003934 <__wrap_puts>
10000486:	f10d 000a 	add.w	r0, sp, #10
1000048a:	f8ad 500a 	strh.w	r5, [sp, #10]
1000048e:	f000 f8f9 	bl	10000684 <bus_read_word16_parity>
10000492:	4621      	mov	r1, r4
10000494:	2800      	cmp	r0, #0
10000496:	d037      	beq.n	10000508 <main+0x25c>
10000498:	f8bd 200a 	ldrh.w	r2, [sp, #10]
1000049c:	4820      	ldr	r0, [pc, #128]	@ (10000520 <main+0x274>)
1000049e:	f003 fac9 	bl	10003a34 <__wrap_printf>
100004a2:	3401      	adds	r4, #1
100004a4:	f89d 200f 	ldrb.w	r2, [sp, #15]
100004a8:	b2e3      	uxtb	r3, r4
100004aa:	429a      	cmp	r2, r3
100004ac:	d992      	bls.n	100003d4 <main+0x128>
100004ae:	f10d 000a 	add.w	r0, sp, #10
100004b2:	f88d 500a 	strb.w	r5, [sp, #10]
100004b6:	f000 f895 	bl	100005e4 <bus_read_sync>
100004ba:	b160      	cbz	r0, 100004d6 <main+0x22a>
100004bc:	f89d 200a 	ldrb.w	r2, [sp, #10]
100004c0:	2a02      	cmp	r2, #2
100004c2:	d0dd      	beq.n	10000480 <main+0x1d4>
100004c4:	4917      	ldr	r1, [pc, #92]	@ (10000524 <main+0x278>)
100004c6:	4818      	ldr	r0, [pc, #96]	@ (10000528 <main+0x27c>)
100004c8:	f003 fab4 	bl	10003a34 <__wrap_printf>
100004cc:	2100      	movs	r1, #0
100004ce:	4817      	ldr	r0, [pc, #92]	@ (1000052c <main+0x280>)
100004d0:	f000 ffde 	bl	10001490 <sleep_us>
100004d4:	e77e      	b.n	100003d4 <main+0x128>
100004d6:	4913      	ldr	r1, [pc, #76]	@ (10000524 <main+0x278>)
100004d8:	4816      	ldr	r0, [pc, #88]	@ (10000534 <main+0x288>)
100004da:	f003 faab 	bl	10003a34 <__wrap_printf>
100004de:	e7f5      	b.n	100004cc <main+0x220>
100004e0:	2b00      	cmp	r3, #0
100004e2:	d1c1      	bne.n	10000468 <main+0x1bc>
100004e4:	200a      	movs	r0, #10
100004e6:	f001 f83f 	bl	10001568 <sleep_ms>
100004ea:	e7b5      	b.n	10000458 <main+0x1ac>
100004ec:	4914      	ldr	r1, [pc, #80]	@ (10000540 <main+0x294>)
100004ee:	480e      	ldr	r0, [pc, #56]	@ (10000528 <main+0x27c>)
100004f0:	f003 faa0 	bl	10003a34 <__wrap_printf>
100004f4:	e78d      	b.n	10000412 <main+0x166>
100004f6:	4813      	ldr	r0, [pc, #76]	@ (10000544 <main+0x298>)
100004f8:	f003 fa9c 	bl	10003a34 <__wrap_printf>
100004fc:	e757      	b.n	100003ae <main+0x102>
100004fe:	4910      	ldr	r1, [pc, #64]	@ (10000540 <main+0x294>)
10000500:	480c      	ldr	r0, [pc, #48]	@ (10000534 <main+0x288>)
10000502:	f003 fa97 	bl	10003a34 <__wrap_printf>
10000506:	e784      	b.n	10000412 <main+0x166>
10000508:	480e      	ldr	r0, [pc, #56]	@ (10000544 <main+0x298>)
1000050a:	f003 fa93 	bl	10003a34 <__wrap_printf>
1000050e:	e7dd      	b.n	100004cc <main+0x220>
10000510:	10006468 	.word	0x10006468
10000514:	100064a8 	.word	0x100064a8
10000518:	100064b4 	.word	0x100064b4
1000051c:	100064e4 	.word	0x100064e4
10000520:	10006508 	.word	0x10006508
10000524:	100064dc 	.word	0x100064dc
10000528:	1000644c 	.word	0x1000644c
1000052c:	00013880 	.word	0x00013880
10000530:	10006438 	.word	0x10006438
10000534:	1000643c 	.word	0x1000643c
10000538:	10006478 	.word	0x10006478
1000053c:	10006488 	.word	0x10006488
10000540:	1000651c 	.word	0x1000651c
10000544:	100064f0 	.word	0x100064f0

10000548 <bus_init>:
10000548:	b508      	push	{r3, lr}
1000054a:	2002      	movs	r0, #2
1000054c:	f000 f952 	bl	100007f4 <gpio_init>
10000550:	2003      	movs	r0, #3
10000552:	f000 f94f 	bl	100007f4 <gpio_init>
10000556:	2202      	movs	r2, #2
10000558:	f04f 0300 	mov.w	r3, #0
1000055c:	ec43 2044 	gpioc_bit_oe_put r2, r3
10000560:	2203      	movs	r2, #3
10000562:	ec43 2044 	gpioc_bit_oe_put r2, r3
10000566:	bd08      	pop	{r3, pc}

10000568 <bus_set_rx_mode>:
10000568:	2202      	movs	r2, #2
1000056a:	f04f 0300 	mov.w	r3, #0
1000056e:	ec43 2044 	gpioc_bit_oe_put r2, r3
10000572:	2203      	movs	r2, #3
10000574:	ec43 2044 	gpioc_bit_oe_put r2, r3
10000578:	4770      	bx	lr
1000057a:	bf00      	nop

1000057c <bus_read_bit>:
1000057c:	b308      	cbz	r0, 100005c2 <bus_read_bit+0x46>
1000057e:	f04f 4250 	mov.w	r2, #3489660928	@ 0xd0000000
10000582:	b538      	push	{r3, r4, r5, lr}
10000584:	6853      	ldr	r3, [r2, #4]
10000586:	6852      	ldr	r2, [r2, #4]
10000588:	f013 0304 	ands.w	r3, r3, #4
1000058c:	4604      	mov	r4, r0
1000058e:	f002 0208 	and.w	r2, r2, #8
10000592:	d102      	bne.n	1000059a <bus_read_bit+0x1e>
10000594:	b9ba      	cbnz	r2, 100005c6 <bus_read_bit+0x4a>
10000596:	2000      	movs	r0, #0
10000598:	bd38      	pop	{r3, r4, r5, pc}
1000059a:	2a00      	cmp	r2, #0
1000059c:	d1fb      	bne.n	10000596 <bus_read_bit+0x1a>
1000059e:	2501      	movs	r5, #1
100005a0:	f644 6020 	movw	r0, #20000	@ 0x4e20
100005a4:	2100      	movs	r1, #0
100005a6:	f000 ff73 	bl	10001490 <sleep_us>
100005aa:	f04f 4350 	mov.w	r3, #3489660928	@ 0xd0000000
100005ae:	685a      	ldr	r2, [r3, #4]
100005b0:	685b      	ldr	r3, [r3, #4]
100005b2:	0752      	lsls	r2, r2, #29
100005b4:	f003 0308 	and.w	r3, r3, #8
100005b8:	d507      	bpl.n	100005ca <bus_read_bit+0x4e>
100005ba:	2b00      	cmp	r3, #0
100005bc:	d1eb      	bne.n	10000596 <bus_read_bit+0x1a>
100005be:	b14d      	cbz	r5, 100005d4 <bus_read_bit+0x58>
100005c0:	e7e9      	b.n	10000596 <bus_read_bit+0x1a>
100005c2:	2000      	movs	r0, #0
100005c4:	4770      	bx	lr
100005c6:	461d      	mov	r5, r3
100005c8:	e7ea      	b.n	100005a0 <bus_read_bit+0x24>
100005ca:	2b00      	cmp	r3, #0
100005cc:	d0e3      	beq.n	10000596 <bus_read_bit+0x1a>
100005ce:	2d00      	cmp	r5, #0
100005d0:	d0e1      	beq.n	10000596 <bus_read_bit+0x1a>
100005d2:	462b      	mov	r3, r5
100005d4:	f644 6020 	movw	r0, #20000	@ 0x4e20
100005d8:	2100      	movs	r1, #0
100005da:	7023      	strb	r3, [r4, #0]
100005dc:	f000 ff58 	bl	10001490 <sleep_us>
100005e0:	2001      	movs	r0, #1
100005e2:	bd38      	pop	{r3, r4, r5, pc}

100005e4 <bus_read_sync>:
100005e4:	e92d 41f0 	stmdb	sp!, {r4, r5, r6, r7, r8, lr}
100005e8:	2508      	movs	r5, #8
100005ea:	2600      	movs	r6, #0
100005ec:	f04f 4850 	mov.w	r8, #3489660928	@ 0xd0000000
100005f0:	4607      	mov	r7, r0
100005f2:	f8d8 3004 	ldr.w	r3, [r8, #4]
100005f6:	f8d8 2004 	ldr.w	r2, [r8, #4]
100005fa:	f013 0304 	ands.w	r3, r3, #4
100005fe:	f002 0208 	and.w	r2, r2, #8
10000602:	d003      	beq.n	1000060c <bus_read_sync+0x28>
10000604:	b34a      	cbz	r2, 1000065a <bus_read_sync+0x76>
10000606:	2000      	movs	r0, #0
10000608:	e8bd 81f0 	ldmia.w	sp!, {r4, r5, r6, r7, r8, pc}
1000060c:	2a00      	cmp	r2, #0
1000060e:	d0fa      	beq.n	10000606 <bus_read_sync+0x22>
10000610:	461c      	mov	r4, r3
10000612:	f644 6020 	movw	r0, #20000	@ 0x4e20
10000616:	2100      	movs	r1, #0
10000618:	f000 ff3a 	bl	10001490 <sleep_us>
1000061c:	f8d8 2004 	ldr.w	r2, [r8, #4]
10000620:	f8d8 3004 	ldr.w	r3, [r8, #4]
10000624:	0752      	lsls	r2, r2, #29
10000626:	f003 0308 	and.w	r3, r3, #8
1000062a:	d518      	bpl.n	1000065e <bus_read_sync+0x7a>
1000062c:	2b00      	cmp	r3, #0
1000062e:	d1ea      	bne.n	10000606 <bus_read_sync+0x22>
10000630:	2c00      	cmp	r4, #0
10000632:	d1e8      	bne.n	10000606 <bus_read_sync+0x22>
10000634:	f644 6020 	movw	r0, #20000	@ 0x4e20
10000638:	2100      	movs	r1, #0
1000063a:	f000 ff29 	bl	10001490 <sleep_us>
1000063e:	0076      	lsls	r6, r6, #1
10000640:	b2f6      	uxtb	r6, r6
10000642:	3d01      	subs	r5, #1
10000644:	d1d5      	bne.n	100005f2 <bus_read_sync+0xe>
10000646:	2ef0      	cmp	r6, #240	@ 0xf0
10000648:	d017      	beq.n	1000067a <bus_read_sync+0x96>
1000064a:	2e0f      	cmp	r6, #15
1000064c:	d1db      	bne.n	10000606 <bus_read_sync+0x22>
1000064e:	b10f      	cbz	r7, 10000654 <bus_read_sync+0x70>
10000650:	2302      	movs	r3, #2
10000652:	703b      	strb	r3, [r7, #0]
10000654:	2001      	movs	r0, #1
10000656:	e8bd 81f0 	ldmia.w	sp!, {r4, r5, r6, r7, r8, pc}
1000065a:	2401      	movs	r4, #1
1000065c:	e7d9      	b.n	10000612 <bus_read_sync+0x2e>
1000065e:	2b00      	cmp	r3, #0
10000660:	d0d1      	beq.n	10000606 <bus_read_sync+0x22>
10000662:	2c00      	cmp	r4, #0
10000664:	d0cf      	beq.n	10000606 <bus_read_sync+0x22>
10000666:	0076      	lsls	r6, r6, #1
10000668:	f644 6020 	movw	r0, #20000	@ 0x4e20
1000066c:	2100      	movs	r1, #0
1000066e:	f046 0601 	orr.w	r6, r6, #1
10000672:	f000 ff0d 	bl	10001490 <sleep_us>
10000676:	b2f6      	uxtb	r6, r6
10000678:	e7e3      	b.n	10000642 <bus_read_sync+0x5e>
1000067a:	2f00      	cmp	r7, #0
1000067c:	d0ea      	beq.n	10000654 <bus_read_sync+0x70>
1000067e:	2301      	movs	r3, #1
10000680:	703b      	strb	r3, [r7, #0]
10000682:	e7e7      	b.n	10000654 <bus_read_sync+0x70>

10000684 <bus_read_word16_parity>:
10000684:	e92d 41f0 	stmdb	sp!, {r4, r5, r6, r7, r8, lr}
10000688:	2500      	movs	r5, #0
1000068a:	b082      	sub	sp, #8
1000068c:	f88d 5007 	strb.w	r5, [sp, #7]
10000690:	b170      	cbz	r0, 100006b0 <bus_read_word16_parity+0x2c>
10000692:	4607      	mov	r7, r0
10000694:	2610      	movs	r6, #16
10000696:	f04f 4850 	mov.w	r8, #3489660928	@ 0xd0000000
1000069a:	f8d8 3004 	ldr.w	r3, [r8, #4]
1000069e:	f8d8 2004 	ldr.w	r2, [r8, #4]
100006a2:	f013 0304 	ands.w	r3, r3, #4
100006a6:	f002 0208 	and.w	r2, r2, #8
100006aa:	d005      	beq.n	100006b8 <bus_read_word16_parity+0x34>
100006ac:	2a00      	cmp	r2, #0
100006ae:	d05f      	beq.n	10000770 <bus_read_word16_parity+0xec>
100006b0:	2000      	movs	r0, #0
100006b2:	b002      	add	sp, #8
100006b4:	e8bd 81f0 	ldmia.w	sp!, {r4, r5, r6, r7, r8, pc}
100006b8:	2a00      	cmp	r2, #0
100006ba:	d0f9      	beq.n	100006b0 <bus_read_word16_parity+0x2c>
100006bc:	461c      	mov	r4, r3
100006be:	f644 6020 	movw	r0, #20000	@ 0x4e20
100006c2:	2100      	movs	r1, #0
100006c4:	f000 fee4 	bl	10001490 <sleep_us>
100006c8:	f8d8 2004 	ldr.w	r2, [r8, #4]
100006cc:	f8d8 3004 	ldr.w	r3, [r8, #4]
100006d0:	0752      	lsls	r2, r2, #29
100006d2:	f003 0308 	and.w	r3, r3, #8
100006d6:	d54d      	bpl.n	10000774 <bus_read_word16_parity+0xf0>
100006d8:	2b00      	cmp	r3, #0
100006da:	d1e9      	bne.n	100006b0 <bus_read_word16_parity+0x2c>
100006dc:	2c00      	cmp	r4, #0
100006de:	d1e7      	bne.n	100006b0 <bus_read_word16_parity+0x2c>
100006e0:	f644 6020 	movw	r0, #20000	@ 0x4e20
100006e4:	2100      	movs	r1, #0
100006e6:	f000 fed3 	bl	10001490 <sleep_us>
100006ea:	006d      	lsls	r5, r5, #1
100006ec:	b2ad      	uxth	r5, r5
100006ee:	3e01      	subs	r6, #1
100006f0:	d1d3      	bne.n	1000069a <bus_read_word16_parity+0x16>
100006f2:	f10d 0007 	add.w	r0, sp, #7
100006f6:	f7ff ff41 	bl	1000057c <bus_read_bit>
100006fa:	2800      	cmp	r0, #0
100006fc:	d0d8      	beq.n	100006b0 <bus_read_word16_parity+0x2c>
100006fe:	ea85 0355 	eor.w	r3, r5, r5, lsr #1
10000702:	f003 0301 	and.w	r3, r3, #1
10000706:	f3c5 0280 	ubfx	r2, r5, #2, #1
1000070a:	ea83 33d5 	eor.w	r3, r3, r5, lsr #15
1000070e:	4053      	eors	r3, r2
10000710:	f3c5 02c0 	ubfx	r2, r5, #3, #1
10000714:	4053      	eors	r3, r2
10000716:	f3c5 1200 	ubfx	r2, r5, #4, #1
1000071a:	4053      	eors	r3, r2
1000071c:	f3c5 1240 	ubfx	r2, r5, #5, #1
10000720:	4053      	eors	r3, r2
10000722:	f3c5 1280 	ubfx	r2, r5, #6, #1
10000726:	4053      	eors	r3, r2
10000728:	f3c5 12c0 	ubfx	r2, r5, #7, #1
1000072c:	4053      	eors	r3, r2
1000072e:	f3c5 2200 	ubfx	r2, r5, #8, #1
10000732:	4053      	eors	r3, r2
10000734:	f3c5 2240 	ubfx	r2, r5, #9, #1
10000738:	4053      	eors	r3, r2
1000073a:	f3c5 2280 	ubfx	r2, r5, #10, #1
1000073e:	4053      	eors	r3, r2
10000740:	f3c5 22c0 	ubfx	r2, r5, #11, #1
10000744:	4053      	eors	r3, r2
10000746:	f3c5 3200 	ubfx	r2, r5, #12, #1
1000074a:	4053      	eors	r3, r2
1000074c:	f3c5 3240 	ubfx	r2, r5, #13, #1
10000750:	4053      	eors	r3, r2
10000752:	b2db      	uxtb	r3, r3
10000754:	f3c5 3280 	ubfx	r2, r5, #14, #1
10000758:	1a9b      	subs	r3, r3, r2
1000075a:	fab3 f383 	clz	r3, r3
1000075e:	f89d 2007 	ldrb.w	r2, [sp, #7]
10000762:	095b      	lsrs	r3, r3, #5
10000764:	429a      	cmp	r2, r3
10000766:	d1a3      	bne.n	100006b0 <bus_read_word16_parity+0x2c>
10000768:	803d      	strh	r5, [r7, #0]
1000076a:	b002      	add	sp, #8
1000076c:	e8bd 81f0 	ldmia.w	sp!, {r4, r5, r6, r7, r8, pc}
10000770:	2401      	movs	r4, #1
10000772:	e7a4      	b.n	100006be <bus_read_word16_parity+0x3a>
10000774:	2b00      	cmp	r3, #0
10000776:	d09b      	beq.n	100006b0 <bus_read_word16_parity+0x2c>
10000778:	2c00      	cmp	r4, #0
1000077a:	d099      	beq.n	100006b0 <bus_read_word16_parity+0x2c>
1000077c:	006d      	lsls	r5, r5, #1
1000077e:	f644 6020 	movw	r0, #20000	@ 0x4e20
10000782:	2100      	movs	r1, #0
10000784:	f045 0501 	orr.w	r5, r5, #1
10000788:	f000 fe82 	bl	10001490 <sleep_us>
1000078c:	b2ad      	uxth	r5, r5
1000078e:	e7ae      	b.n	100006ee <bus_read_word16_parity+0x6a>

10000790 <mil1553_decode_command>:
10000790:	b189      	cbz	r1, 100007b6 <mil1553_decode_command+0x26>
10000792:	b500      	push	{lr}
10000794:	f3c0 2c80 	ubfx	ip, r0, #10, #1
10000798:	ea4f 2ed0 	mov.w	lr, r0, lsr #11
1000079c:	f3c0 1244 	ubfx	r2, r0, #5, #5
100007a0:	f000 031f 	and.w	r3, r0, #31
100007a4:	f881 e000 	strb.w	lr, [r1]
100007a8:	2001      	movs	r0, #1
100007aa:	f881 c001 	strb.w	ip, [r1, #1]
100007ae:	708a      	strb	r2, [r1, #2]
100007b0:	70cb      	strb	r3, [r1, #3]
100007b2:	f85d fb04 	ldr.w	pc, [sp], #4
100007b6:	4608      	mov	r0, r1
100007b8:	4770      	bx	lr
100007ba:	bf00      	nop

100007bc <mil1553_decode_status>:
100007bc:	b1b9      	cbz	r1, 100007ee <mil1553_decode_status+0x32>
100007be:	2200      	movs	r2, #0
100007c0:	b510      	push	{r4, lr}
100007c2:	f3c0 2480 	ubfx	r4, r0, #10, #1
100007c6:	f3c0 2e00 	ubfx	lr, r0, #8, #1
100007ca:	f364 0207 	bfi	r2, r4, #0, #8
100007ce:	0ac3      	lsrs	r3, r0, #11
100007d0:	f3c0 1c00 	ubfx	ip, r0, #4, #1
100007d4:	f36e 220f 	bfi	r2, lr, #8, #8
100007d8:	700b      	strb	r3, [r1, #0]
100007da:	f36c 4217 	bfi	r2, ip, #16, #8
100007de:	f3c0 0340 	ubfx	r3, r0, #1, #1
100007e2:	f363 621f 	bfi	r2, r3, #24, #8
100007e6:	2001      	movs	r0, #1
100007e8:	f8c1 2001 	str.w	r2, [r1, #1]
100007ec:	bd10      	pop	{r4, pc}
100007ee:	4608      	mov	r0, r1
100007f0:	4770      	bx	lr
100007f2:	bf00      	nop

100007f4 <gpio_init>:
100007f4:	b430      	push	{r4, r5}
100007f6:	f04f 0300 	mov.w	r3, #0
100007fa:	ec43 0044 	gpioc_bit_oe_put r0, r3
100007fe:	ec43 0040 	gpioc_bit_out_put r0, r3
10000802:	2505      	movs	r5, #5
10000804:	f44f 7480 	mov.w	r4, #256	@ 0x100
10000808:	4b0b      	ldr	r3, [pc, #44]	@ (10000838 <gpio_init+0x44>)
1000080a:	00c2      	lsls	r2, r0, #3
1000080c:	f853 1020 	ldr.w	r1, [r3, r0, lsl #2]
10000810:	eb03 0080 	add.w	r0, r3, r0, lsl #2
10000814:	f081 0140 	eor.w	r1, r1, #64	@ 0x40
10000818:	f102 4380 	add.w	r3, r2, #1073741824	@ 0x40000000
1000081c:	f503 3320 	add.w	r3, r3, #163840	@ 0x28000
10000820:	f001 02c0 	and.w	r2, r1, #192	@ 0xc0
10000824:	f500 5180 	add.w	r1, r0, #4096	@ 0x1000
10000828:	f500 5040 	add.w	r0, r0, #12288	@ 0x3000
1000082c:	600a      	str	r2, [r1, #0]
1000082e:	605d      	str	r5, [r3, #4]
10000830:	6004      	str	r4, [r0, #0]
10000832:	bc30      	pop	{r4, r5}
10000834:	4770      	bx	lr
10000836:	bf00      	nop
10000838:	40038004 	.word	0x40038004

1000083c <panic>:
1000083c:	b40f      	push	{r0, r1, r2, r3}
1000083e:	b500      	push	{lr}
10000840:	b083      	sub	sp, #12
10000842:	9c04      	ldr	r4, [sp, #16]
10000844:	4807      	ldr	r0, [pc, #28]	@ (10000864 <panic+0x28>)
10000846:	f003 f875 	bl	10003934 <__wrap_puts>
1000084a:	b13c      	cbz	r4, 1000085c <panic+0x20>
1000084c:	a905      	add	r1, sp, #20
1000084e:	4620      	mov	r0, r4
10000850:	9101      	str	r1, [sp, #4]
10000852:	f002 fee5 	bl	10003620 <weak_raw_vprintf>
10000856:	4804      	ldr	r0, [pc, #16]	@ (10000868 <panic+0x2c>)
10000858:	f003 f86c 	bl	10003934 <__wrap_puts>
1000085c:	2001      	movs	r0, #1
1000085e:	f002 fef7 	bl	10003650 <_exit>
10000862:	bf00      	nop
10000864:	10006524 	.word	0x10006524
10000868:	10006534 	.word	0x10006534

1000086c <hw_claim_or_assert>:
1000086c:	b570      	push	{r4, r5, r6, lr}
1000086e:	4686      	mov	lr, r0
10000870:	f3ef 8510 	mrs	r5, PRIMASK
10000874:	b672      	cpsid	i
10000876:	4c12      	ldr	r4, [pc, #72]	@ (100008c0 <hw_claim_or_assert+0x54>)
10000878:	e8d4 6fcf 	ldaexb	r6, [r4]
1000087c:	2001      	movs	r0, #1
1000087e:	2e00      	cmp	r6, #0
10000880:	d1fa      	bne.n	10000878 <hw_claim_or_assert+0xc>
10000882:	e8c4 0f46 	strexb	r6, r0, [r4]
10000886:	2e00      	cmp	r6, #0
10000888:	d1f6      	bne.n	10000878 <hw_claim_or_assert+0xc>
1000088a:	f3bf 8f5f 	dmb	sy
1000088e:	f04f 0c01 	mov.w	ip, #1
10000892:	08c8      	lsrs	r0, r1, #3
10000894:	f001 0307 	and.w	r3, r1, #7
10000898:	fa0c f303 	lsl.w	r3, ip, r3
1000089c:	f81e c000 	ldrb.w	ip, [lr, r0]
100008a0:	ea1c 0603 	ands.w	r6, ip, r3
100008a4:	d108      	bne.n	100008b8 <hw_claim_or_assert+0x4c>
100008a6:	ea4c 0c03 	orr.w	ip, ip, r3
100008aa:	f80e c000 	strb.w	ip, [lr, r0]
100008ae:	e8c4 6f8f 	stlb	r6, [r4]
100008b2:	f385 8810 	msr	PRIMASK, r5
100008b6:	bd70      	pop	{r4, r5, r6, pc}
100008b8:	4610      	mov	r0, r2
100008ba:	f7ff ffbf 	bl	1000083c <panic>
100008be:	bf00      	nop
100008c0:	2000155f 	.word	0x2000155f

100008c4 <hw_claim_unused_from_range>:
100008c4:	b5f8      	push	{r3, r4, r5, r6, r7, lr}
100008c6:	f3ef 8710 	mrs	r7, PRIMASK
100008ca:	b672      	cpsid	i
100008cc:	4e1c      	ldr	r6, [pc, #112]	@ (10000940 <hw_claim_unused_from_range+0x7c>)
100008ce:	e8d6 5fcf 	ldaexb	r5, [r6]
100008d2:	2401      	movs	r4, #1
100008d4:	2d00      	cmp	r5, #0
100008d6:	d1fa      	bne.n	100008ce <hw_claim_unused_from_range+0xa>
100008d8:	e8c6 4f45 	strexb	r5, r4, [r6]
100008dc:	2d00      	cmp	r5, #0
100008de:	d1f6      	bne.n	100008ce <hw_claim_unused_from_range+0xa>
100008e0:	f3bf 8f5f 	dmb	sy
100008e4:	429a      	cmp	r2, r3
100008e6:	d81b      	bhi.n	10000920 <hw_claim_unused_from_range+0x5c>
100008e8:	2501      	movs	r5, #1
100008ea:	e002      	b.n	100008f2 <hw_claim_unused_from_range+0x2e>
100008ec:	3201      	adds	r2, #1
100008ee:	4293      	cmp	r3, r2
100008f0:	d322      	bcc.n	10000938 <hw_claim_unused_from_range+0x74>
100008f2:	08d4      	lsrs	r4, r2, #3
100008f4:	f810 e004 	ldrb.w	lr, [r0, r4]
100008f8:	f002 0c07 	and.w	ip, r2, #7
100008fc:	fa05 fc0c 	lsl.w	ip, r5, ip
10000900:	ea1e 0f0c 	tst.w	lr, ip
10000904:	d1f2      	bne.n	100008ec <hw_claim_unused_from_range+0x28>
10000906:	ea4e 0e0c 	orr.w	lr, lr, ip
1000090a:	f800 e004 	strb.w	lr, [r0, r4]
1000090e:	4610      	mov	r0, r2
10000910:	2300      	movs	r3, #0
10000912:	e8c6 3f8f 	stlb	r3, [r6]
10000916:	f387 8810 	msr	PRIMASK, r7
1000091a:	4298      	cmp	r0, r3
1000091c:	db07      	blt.n	1000092e <hw_claim_unused_from_range+0x6a>
1000091e:	bdf8      	pop	{r3, r4, r5, r6, r7, pc}
10000920:	2300      	movs	r3, #0
10000922:	e8c6 3f8f 	stlb	r3, [r6]
10000926:	f387 8810 	msr	PRIMASK, r7
1000092a:	f04f 30ff 	mov.w	r0, #4294967295
1000092e:	2900      	cmp	r1, #0
10000930:	d0f5      	beq.n	1000091e <hw_claim_unused_from_range+0x5a>
10000932:	9806      	ldr	r0, [sp, #24]
10000934:	f7ff ff82 	bl	1000083c <panic>
10000938:	f04f 30ff 	mov.w	r0, #4294967295
1000093c:	e7e8      	b.n	10000910 <hw_claim_unused_from_range+0x4c>
1000093e:	bf00      	nop
10000940:	2000155f 	.word	0x2000155f

10000944 <next_striped_spin_lock_num>:
10000944:	4a04      	ldr	r2, [pc, #16]	@ (10000958 <next_striped_spin_lock_num+0x14>)
10000946:	7810      	ldrb	r0, [r2, #0]
10000948:	1c43      	adds	r3, r0, #1
1000094a:	b2db      	uxtb	r3, r3
1000094c:	2b18      	cmp	r3, #24
1000094e:	bf28      	it	cs
10000950:	2310      	movcs	r3, #16
10000952:	7013      	strb	r3, [r2, #0]
10000954:	4770      	bx	lr
10000956:	bf00      	nop
10000958:	20001180 	.word	0x20001180

1000095c <spin_lock_claim_unused>:
1000095c:	b510      	push	{r4, lr}
1000095e:	4c05      	ldr	r4, [pc, #20]	@ (10000974 <spin_lock_claim_unused+0x18>)
10000960:	b082      	sub	sp, #8
10000962:	4601      	mov	r1, r0
10000964:	231f      	movs	r3, #31
10000966:	2218      	movs	r2, #24
10000968:	9400      	str	r4, [sp, #0]
1000096a:	4803      	ldr	r0, [pc, #12]	@ (10000978 <spin_lock_claim_unused+0x1c>)
1000096c:	f7ff ffaa 	bl	100008c4 <hw_claim_unused_from_range>
10000970:	b002      	add	sp, #8
10000972:	bd10      	pop	{r4, pc}
10000974:	10006538 	.word	0x10006538
10000978:	20001970 	.word	0x20001970

1000097c <spinlock_set_extexclall>:
1000097c:	f04f 22e0 	mov.w	r2, #3758153728	@ 0xe000e000
10000980:	6893      	ldr	r3, [r2, #8]
10000982:	f043 5300 	orr.w	r3, r3, #536870912	@ 0x20000000
10000986:	6093      	str	r3, [r2, #8]
10000988:	4770      	bx	lr
1000098a:	bf00      	nop

1000098c <spin_locks_reset>:
1000098c:	2100      	movs	r1, #0
1000098e:	4b04      	ldr	r3, [pc, #16]	@ (100009a0 <spin_locks_reset+0x14>)
10000990:	f103 0220 	add.w	r2, r3, #32
10000994:	e8c3 1f8f 	stlb	r1, [r3]
10000998:	3301      	adds	r3, #1
1000099a:	4293      	cmp	r3, r2
1000099c:	d1fa      	bne.n	10000994 <spin_locks_reset+0x8>
1000099e:	4770      	bx	lr
100009a0:	20001554 	.word	0x20001554

100009a4 <runtime_init_per_core_irq_priorities>:
100009a4:	f04f 23e0 	mov.w	r3, #3758153728	@ 0xe000e000
100009a8:	f04f 3280 	mov.w	r2, #2155905152	@ 0x80808080
100009ac:	f8c3 2400 	str.w	r2, [r3, #1024]	@ 0x400
100009b0:	f8c3 2404 	str.w	r2, [r3, #1028]	@ 0x404
100009b4:	f8c3 2408 	str.w	r2, [r3, #1032]	@ 0x408
100009b8:	f8c3 240c 	str.w	r2, [r3, #1036]	@ 0x40c
100009bc:	f8c3 2410 	str.w	r2, [r3, #1040]	@ 0x410
100009c0:	f8c3 2414 	str.w	r2, [r3, #1044]	@ 0x414
100009c4:	f8c3 2418 	str.w	r2, [r3, #1048]	@ 0x418
100009c8:	f8c3 241c 	str.w	r2, [r3, #1052]	@ 0x41c
100009cc:	f8c3 2420 	str.w	r2, [r3, #1056]	@ 0x420
100009d0:	f8c3 2424 	str.w	r2, [r3, #1060]	@ 0x424
100009d4:	f8c3 2428 	str.w	r2, [r3, #1064]	@ 0x428
100009d8:	f8c3 242c 	str.w	r2, [r3, #1068]	@ 0x42c
100009dc:	f8c3 2430 	str.w	r2, [r3, #1072]	@ 0x430
100009e0:	b662      	cpsie	i
100009e2:	4770      	bx	lr

100009e4 <irq_set_enabled>:
100009e4:	2301      	movs	r3, #1
100009e6:	f000 021f 	and.w	r2, r0, #31
100009ea:	4093      	lsls	r3, r2
100009ec:	0940      	lsrs	r0, r0, #5
100009ee:	b141      	cbz	r1, 10000a02 <irq_set_enabled+0x1e>
100009f0:	0080      	lsls	r0, r0, #2
100009f2:	f100 4060 	add.w	r0, r0, #3758096384	@ 0xe0000000
100009f6:	f500 4061 	add.w	r0, r0, #57600	@ 0xe100
100009fa:	f8c0 3180 	str.w	r3, [r0, #384]	@ 0x180
100009fe:	6003      	str	r3, [r0, #0]
10000a00:	4770      	bx	lr
10000a02:	4a02      	ldr	r2, [pc, #8]	@ (10000a0c <irq_set_enabled+0x28>)
10000a04:	3020      	adds	r0, #32
10000a06:	f842 3020 	str.w	r3, [r2, r0, lsl #2]
10000a0a:	4770      	bx	lr
10000a0c:	e000e100 	.word	0xe000e100

10000a10 <irq_is_enabled>:
10000a10:	2301      	movs	r3, #1
10000a12:	4a06      	ldr	r2, [pc, #24]	@ (10000a2c <irq_is_enabled+0x1c>)
10000a14:	0941      	lsrs	r1, r0, #5
10000a16:	f852 2021 	ldr.w	r2, [r2, r1, lsl #2]
10000a1a:	f000 001f 	and.w	r0, r0, #31
10000a1e:	fa03 f000 	lsl.w	r0, r3, r0
10000a22:	4010      	ands	r0, r2
10000a24:	3800      	subs	r0, #0
10000a26:	bf18      	it	ne
10000a28:	2001      	movne	r0, #1
10000a2a:	4770      	bx	lr
10000a2c:	e000e100 	.word	0xe000e100

10000a30 <irq_set_pending>:
10000a30:	2201      	movs	r2, #1
10000a32:	0943      	lsrs	r3, r0, #5
10000a34:	4903      	ldr	r1, [pc, #12]	@ (10000a44 <irq_set_pending+0x14>)
10000a36:	f000 001f 	and.w	r0, r0, #31
10000a3a:	4082      	lsls	r2, r0
10000a3c:	3340      	adds	r3, #64	@ 0x40
10000a3e:	f841 2023 	str.w	r2, [r1, r3, lsl #2]
10000a42:	4770      	bx	lr
10000a44:	e000e100 	.word	0xe000e100

10000a48 <irq_has_shared_handler>:
10000a48:	4a05      	ldr	r2, [pc, #20]	@ (10000a60 <irq_has_shared_handler+0x18>)
10000a4a:	3010      	adds	r0, #16
10000a4c:	6892      	ldr	r2, [r2, #8]
10000a4e:	4b05      	ldr	r3, [pc, #20]	@ (10000a64 <irq_has_shared_handler+0x1c>)
10000a50:	f852 0020 	ldr.w	r0, [r2, r0, lsl #2]
10000a54:	1ac0      	subs	r0, r0, r3
10000a56:	282f      	cmp	r0, #47	@ 0x2f
10000a58:	bf8c      	ite	hi
10000a5a:	2000      	movhi	r0, #0
10000a5c:	2001      	movls	r0, #1
10000a5e:	4770      	bx	lr
10000a60:	e000ed00 	.word	0xe000ed00
10000a64:	20001184 	.word	0x20001184

10000a68 <irq_set_exclusive_handler>:
10000a68:	b5f8      	push	{r3, r4, r5, r6, r7, lr}
10000a6a:	460d      	mov	r5, r1
10000a6c:	f3ef 8710 	mrs	r7, PRIMASK
10000a70:	b672      	cpsid	i
10000a72:	4e12      	ldr	r6, [pc, #72]	@ (10000abc <irq_set_exclusive_handler+0x54>)
10000a74:	e8d6 2fcf 	ldaexb	r2, [r6]
10000a78:	2301      	movs	r3, #1
10000a7a:	2a00      	cmp	r2, #0
10000a7c:	d1fa      	bne.n	10000a74 <irq_set_exclusive_handler+0xc>
10000a7e:	e8c6 3f42 	strexb	r2, r3, [r6]
10000a82:	2a00      	cmp	r2, #0
10000a84:	d1f6      	bne.n	10000a74 <irq_set_exclusive_handler+0xc>
10000a86:	f3bf 8f5f 	dmb	sy
10000a8a:	4b0d      	ldr	r3, [pc, #52]	@ (10000ac0 <irq_set_exclusive_handler+0x58>)
10000a8c:	f100 0410 	add.w	r4, r0, #16
10000a90:	689b      	ldr	r3, [r3, #8]
10000a92:	4a0c      	ldr	r2, [pc, #48]	@ (10000ac4 <irq_set_exclusive_handler+0x5c>)
10000a94:	f853 3024 	ldr.w	r3, [r3, r4, lsl #2]
10000a98:	4293      	cmp	r3, r2
10000a9a:	d003      	beq.n	10000aa4 <irq_set_exclusive_handler+0x3c>
10000a9c:	4299      	cmp	r1, r3
10000a9e:	d001      	beq.n	10000aa4 <irq_set_exclusive_handler+0x3c>
10000aa0:	f000 ffe2 	bl	10001a68 <hard_assertion_failure>
10000aa4:	4b06      	ldr	r3, [pc, #24]	@ (10000ac0 <irq_set_exclusive_handler+0x58>)
10000aa6:	689b      	ldr	r3, [r3, #8]
10000aa8:	f843 5024 	str.w	r5, [r3, r4, lsl #2]
10000aac:	f3bf 8f5f 	dmb	sy
10000ab0:	2300      	movs	r3, #0
10000ab2:	e8c6 3f8f 	stlb	r3, [r6]
10000ab6:	f387 8810 	msr	PRIMASK, r7
10000aba:	bdf8      	pop	{r3, r4, r5, r6, r7, pc}
10000abc:	2000155d 	.word	0x2000155d
10000ac0:	e000ed00 	.word	0xe000ed00
10000ac4:	10000111 	.word	0x10000111

10000ac8 <irq_add_shared_handler>:
10000ac8:	e92d 4ff0 	stmdb	sp!, {r4, r5, r6, r7, r8, r9, sl, fp, lr}
10000acc:	4681      	mov	r9, r0
10000ace:	468b      	mov	fp, r1
10000ad0:	4616      	mov	r6, r2
10000ad2:	b083      	sub	sp, #12
10000ad4:	f3ef 8310 	mrs	r3, PRIMASK
10000ad8:	b672      	cpsid	i
10000ada:	f8df a1d0 	ldr.w	sl, [pc, #464]	@ 10000cac <irq_add_shared_handler+0x1e4>
10000ade:	9300      	str	r3, [sp, #0]
10000ae0:	e8da 1fcf 	ldaexb	r1, [sl]
10000ae4:	2301      	movs	r3, #1
10000ae6:	2900      	cmp	r1, #0
10000ae8:	d1fa      	bne.n	10000ae0 <irq_add_shared_handler+0x18>
10000aea:	e8ca 3f41 	strexb	r1, r3, [sl]
10000aee:	2900      	cmp	r1, #0
10000af0:	d1f6      	bne.n	10000ae0 <irq_add_shared_handler+0x18>
10000af2:	f3bf 8f5f 	dmb	sy
10000af6:	4b66      	ldr	r3, [pc, #408]	@ (10000c90 <irq_add_shared_handler+0x1c8>)
10000af8:	f993 4000 	ldrsb.w	r4, [r3]
10000afc:	2c00      	cmp	r4, #0
10000afe:	f2c0 80a0 	blt.w	10000c42 <irq_add_shared_handler+0x17a>
10000b02:	4d64      	ldr	r5, [pc, #400]	@ (10000c94 <irq_add_shared_handler+0x1cc>)
10000b04:	eb04 0744 	add.w	r7, r4, r4, lsl #1
10000b08:	eb05 0887 	add.w	r8, r5, r7, lsl #2
10000b0c:	f898 1006 	ldrb.w	r1, [r8, #6]
10000b10:	f109 0910 	add.w	r9, r9, #16
10000b14:	7019      	strb	r1, [r3, #0]
10000b16:	4b60      	ldr	r3, [pc, #384]	@ (10000c98 <irq_add_shared_handler+0x1d0>)
10000b18:	00bf      	lsls	r7, r7, #2
10000b1a:	689b      	ldr	r3, [r3, #8]
10000b1c:	f853 0029 	ldr.w	r0, [r3, r9, lsl #2]
10000b20:	0063      	lsls	r3, r4, #1
10000b22:	1b41      	subs	r1, r0, r5
10000b24:	292f      	cmp	r1, #47	@ 0x2f
10000b26:	d92f      	bls.n	10000b88 <irq_add_shared_handler+0xc0>
10000b28:	495c      	ldr	r1, [pc, #368]	@ (10000c9c <irq_add_shared_handler+0x1d4>)
10000b2a:	4288      	cmp	r0, r1
10000b2c:	f040 80a4 	bne.w	10000c78 <irq_add_shared_handler+0x1b0>
10000b30:	441c      	add	r4, r3
10000b32:	4b5b      	ldr	r3, [pc, #364]	@ (10000ca0 <irq_add_shared_handler+0x1d8>)
10000b34:	3702      	adds	r7, #2
10000b36:	442f      	add	r7, r5
10000b38:	3b04      	subs	r3, #4
10000b3a:	1bdb      	subs	r3, r3, r7
10000b3c:	f3c3 034a 	ubfx	r3, r3, #1, #11
10000b40:	ea6f 43c3 	mvn.w	r3, r3, lsl #19
10000b44:	f44f 4121 	mov.w	r1, #41216	@ 0xa100
10000b48:	ea6f 43d3 	mvn.w	r3, r3, lsr #19
10000b4c:	f825 1024 	strh.w	r1, [r5, r4, lsl #2]
10000b50:	eb05 0484 	add.w	r4, r5, r4, lsl #2
10000b54:	8063      	strh	r3, [r4, #2]
10000b56:	f64b 5301 	movw	r3, #48385	@ 0xbd01
10000b5a:	80a3      	strh	r3, [r4, #4]
10000b5c:	23ff      	movs	r3, #255	@ 0xff
10000b5e:	f048 0001 	orr.w	r0, r8, #1
10000b62:	71e6      	strb	r6, [r4, #7]
10000b64:	f8c4 b008 	str.w	fp, [r4, #8]
10000b68:	71a3      	strb	r3, [r4, #6]
10000b6a:	4b4b      	ldr	r3, [pc, #300]	@ (10000c98 <irq_add_shared_handler+0x1d0>)
10000b6c:	689b      	ldr	r3, [r3, #8]
10000b6e:	f843 0029 	str.w	r0, [r3, r9, lsl #2]
10000b72:	f3bf 8f5f 	dmb	sy
10000b76:	2300      	movs	r3, #0
10000b78:	e8ca 3f8f 	stlb	r3, [sl]
10000b7c:	9b00      	ldr	r3, [sp, #0]
10000b7e:	f383 8810 	msr	PRIMASK, r3
10000b82:	b003      	add	sp, #12
10000b84:	e8bd 8ff0 	ldmia.w	sp!, {r4, r5, r6, r7, r8, r9, sl, fp, pc}
10000b88:	f020 0e01 	bic.w	lr, r0, #1
10000b8c:	f89e 1007 	ldrb.w	r1, [lr, #7]
10000b90:	42b1      	cmp	r1, r6
10000b92:	d82e      	bhi.n	10000bf2 <irq_add_shared_handler+0x12a>
10000b94:	f44f 4321 	mov.w	r3, #41216	@ 0xa100
10000b98:	53eb      	strh	r3, [r5, r7]
10000b9a:	4b41      	ldr	r3, [pc, #260]	@ (10000ca0 <irq_add_shared_handler+0x1d8>)
10000b9c:	1cb9      	adds	r1, r7, #2
10000b9e:	4429      	add	r1, r5
10000ba0:	3b04      	subs	r3, #4
10000ba2:	3704      	adds	r7, #4
10000ba4:	1a5b      	subs	r3, r3, r1
10000ba6:	442f      	add	r7, r5
10000ba8:	f1ae 0104 	sub.w	r1, lr, #4
10000bac:	1bc9      	subs	r1, r1, r7
10000bae:	f3c1 044a 	ubfx	r4, r1, #1, #11
10000bb2:	493c      	ldr	r1, [pc, #240]	@ (10000ca4 <irq_add_shared_handler+0x1dc>)
10000bb4:	f3c3 034a 	ubfx	r3, r3, #1, #11
10000bb8:	430b      	orrs	r3, r1
10000bba:	4321      	orrs	r1, r4
10000bbc:	f8a8 1004 	strh.w	r1, [r8, #4]
10000bc0:	4939      	ldr	r1, [pc, #228]	@ (10000ca8 <irq_add_shared_handler+0x1e0>)
10000bc2:	f8a8 3002 	strh.w	r3, [r8, #2]
10000bc6:	f64a 20aa 	movw	r0, #43690	@ 0xaaaa
10000bca:	4673      	mov	r3, lr
10000bcc:	1b5b      	subs	r3, r3, r5
10000bce:	415b      	adcs	r3, r3
10000bd0:	4358      	muls	r0, r3
10000bd2:	0d00      	lsrs	r0, r0, #20
10000bd4:	f888 6007 	strb.w	r6, [r8, #7]
10000bd8:	f888 0006 	strb.w	r0, [r8, #6]
10000bdc:	f8c8 b008 	str.w	fp, [r8, #8]
10000be0:	f048 0001 	orr.w	r0, r8, #1
10000be4:	f8ce 1000 	str.w	r1, [lr]
10000be8:	e7bf      	b.n	10000b6a <irq_add_shared_handler+0xa2>
10000bea:	79d1      	ldrb	r1, [r2, #7]
10000bec:	42b1      	cmp	r1, r6
10000bee:	d92e      	bls.n	10000c4e <irq_add_shared_handler+0x186>
10000bf0:	4696      	mov	lr, r2
10000bf2:	f99e c006 	ldrsb.w	ip, [lr, #6]
10000bf6:	eb0c 024c 	add.w	r2, ip, ip, lsl #1
10000bfa:	f1bc 0f00 	cmp.w	ip, #0
10000bfe:	eb05 0282 	add.w	r2, r5, r2, lsl #2
10000c02:	daf2      	bge.n	10000bea <irq_add_shared_handler+0x122>
10000c04:	f64b 5101 	movw	r1, #48385	@ 0xbd01
10000c08:	f10e 0204 	add.w	r2, lr, #4
10000c0c:	f1a8 0704 	sub.w	r7, r8, #4
10000c10:	1abf      	subs	r7, r7, r2
10000c12:	f3c7 074a 	ubfx	r7, r7, #1, #11
10000c16:	ea6f 47c7 	mvn.w	r7, r7, lsl #19
10000c1a:	ea6f 47d7 	mvn.w	r7, r7, lsr #19
10000c1e:	f88e 4006 	strb.w	r4, [lr, #6]
10000c22:	eb03 0804 	add.w	r8, r3, r4
10000c26:	4c20      	ldr	r4, [pc, #128]	@ (10000ca8 <irq_add_shared_handler+0x1e0>)
10000c28:	eb05 0388 	add.w	r3, r5, r8, lsl #2
10000c2c:	f8ae 7004 	strh.w	r7, [lr, #4]
10000c30:	f845 4028 	str.w	r4, [r5, r8, lsl #2]
10000c34:	8099      	strh	r1, [r3, #4]
10000c36:	f883 c006 	strb.w	ip, [r3, #6]
10000c3a:	71de      	strb	r6, [r3, #7]
10000c3c:	f8c3 b008 	str.w	fp, [r3, #8]
10000c40:	e793      	b.n	10000b6a <irq_add_shared_handler+0xa2>
10000c42:	f000 ff11 	bl	10001a68 <hard_assertion_failure>
10000c46:	4b12      	ldr	r3, [pc, #72]	@ (10000c90 <irq_add_shared_handler+0x1c8>)
10000c48:	f993 4000 	ldrsb.w	r4, [r3]
10000c4c:	e759      	b.n	10000b02 <irq_add_shared_handler+0x3a>
10000c4e:	4672      	mov	r2, lr
10000c50:	f832 1f04 	ldrh.w	r1, [r2, #4]!
10000c54:	0549      	lsls	r1, r1, #21
10000c56:	d414      	bmi.n	10000c82 <irq_add_shared_handler+0x1ba>
10000c58:	1549      	asrs	r1, r1, #21
10000c5a:	3102      	adds	r1, #2
10000c5c:	eb02 0141 	add.w	r1, r2, r1, lsl #1
10000c60:	9101      	str	r1, [sp, #4]
10000c62:	f06f 0107 	mvn.w	r1, #7
10000c66:	1bc9      	subs	r1, r1, r7
10000c68:	9f01      	ldr	r7, [sp, #4]
10000c6a:	1b49      	subs	r1, r1, r5
10000c6c:	4439      	add	r1, r7
10000c6e:	f3c1 014a 	ubfx	r1, r1, #1, #11
10000c72:	f441 4160 	orr.w	r1, r1, #57344	@ 0xe000
10000c76:	e7c9      	b.n	10000c0c <irq_add_shared_handler+0x144>
10000c78:	9301      	str	r3, [sp, #4]
10000c7a:	f000 fef5 	bl	10001a68 <hard_assertion_failure>
10000c7e:	9b01      	ldr	r3, [sp, #4]
10000c80:	e756      	b.n	10000b30 <irq_add_shared_handler+0x68>
10000c82:	f501 11ff 	add.w	r1, r1, #2088960	@ 0x1fe000
10000c86:	f501 51ff 	add.w	r1, r1, #8160	@ 0x1fe0
10000c8a:	311f      	adds	r1, #31
10000c8c:	e7e4      	b.n	10000c58 <irq_add_shared_handler+0x190>
10000c8e:	bf00      	nop
10000c90:	20001e48 	.word	0x20001e48
10000c94:	20001184 	.word	0x20001184
10000c98:	e000ed00 	.word	0xe000ed00
10000c9c:	10000111 	.word	0x10000111
10000ca0:	200011b4 	.word	0x200011b4
10000ca4:	ffffe000 	.word	0xffffe000
10000ca8:	47804801 	.word	0x47804801
10000cac:	2000155d 	.word	0x2000155d

10000cb0 <irq_add_tail_to_free_list>:
10000cb0:	b5f0      	push	{r4, r5, r6, r7, lr}
10000cb2:	f3ef 8505 	mrs	r5, IPSR
10000cb6:	b2ed      	uxtb	r5, r5
10000cb8:	f3ef 8c10 	mrs	ip, PRIMASK
10000cbc:	b672      	cpsid	i
10000cbe:	4926      	ldr	r1, [pc, #152]	@ (10000d58 <irq_add_tail_to_free_list+0xa8>)
10000cc0:	e8d1 2fcf 	ldaexb	r2, [r1]
10000cc4:	2301      	movs	r3, #1
10000cc6:	2a00      	cmp	r2, #0
10000cc8:	d1fa      	bne.n	10000cc0 <irq_add_tail_to_free_list+0x10>
10000cca:	e8c1 3f42 	strexb	r2, r3, [r1]
10000cce:	2a00      	cmp	r2, #0
10000cd0:	d1f6      	bne.n	10000cc0 <irq_add_tail_to_free_list+0x10>
10000cd2:	f3bf 8f5f 	dmb	sy
10000cd6:	4e21      	ldr	r6, [pc, #132]	@ (10000d5c <irq_add_tail_to_free_list+0xac>)
10000cd8:	f040 0e01 	orr.w	lr, r0, #1
10000cdc:	68b4      	ldr	r4, [r6, #8]
10000cde:	f64a 23aa 	movw	r3, #43690	@ 0xaaaa
10000ce2:	f854 7025 	ldr.w	r7, [r4, r5, lsl #2]
10000ce6:	4a1e      	ldr	r2, [pc, #120]	@ (10000d60 <irq_add_tail_to_free_list+0xb0>)
10000ce8:	4604      	mov	r4, r0
10000cea:	1aa4      	subs	r4, r4, r2
10000cec:	4164      	adcs	r4, r4
10000cee:	4363      	muls	r3, r4
10000cf0:	0d1b      	lsrs	r3, r3, #20
10000cf2:	4577      	cmp	r7, lr
10000cf4:	b25b      	sxtb	r3, r3
10000cf6:	d01b      	beq.n	10000d30 <irq_add_tail_to_free_list+0x80>
10000cf8:	f992 4006 	ldrsb.w	r4, [r2, #6]
10000cfc:	429c      	cmp	r4, r3
10000cfe:	d01c      	beq.n	10000d3a <irq_add_tail_to_free_list+0x8a>
10000d00:	f992 4012 	ldrsb.w	r4, [r2, #18]
10000d04:	429c      	cmp	r4, r3
10000d06:	d023      	beq.n	10000d50 <irq_add_tail_to_free_list+0xa0>
10000d08:	f992 401e 	ldrsb.w	r4, [r2, #30]
10000d0c:	429c      	cmp	r4, r3
10000d0e:	d021      	beq.n	10000d54 <irq_add_tail_to_free_list+0xa4>
10000d10:	f992 402a 	ldrsb.w	r4, [r2, #42]	@ 0x2a
10000d14:	429c      	cmp	r4, r3
10000d16:	bf08      	it	eq
10000d18:	2403      	moveq	r4, #3
10000d1a:	d00f      	beq.n	10000d3c <irq_add_tail_to_free_list+0x8c>
10000d1c:	4a11      	ldr	r2, [pc, #68]	@ (10000d64 <irq_add_tail_to_free_list+0xb4>)
10000d1e:	2400      	movs	r4, #0
10000d20:	7815      	ldrb	r5, [r2, #0]
10000d22:	7013      	strb	r3, [r2, #0]
10000d24:	7185      	strb	r5, [r0, #6]
10000d26:	e8c1 4f8f 	stlb	r4, [r1]
10000d2a:	f38c 8810 	msr	PRIMASK, ip
10000d2e:	bdf0      	pop	{r4, r5, r6, r7, pc}
10000d30:	68b2      	ldr	r2, [r6, #8]
10000d32:	4c0d      	ldr	r4, [pc, #52]	@ (10000d68 <irq_add_tail_to_free_list+0xb8>)
10000d34:	f842 4025 	str.w	r4, [r2, r5, lsl #2]
10000d38:	e7f0      	b.n	10000d1c <irq_add_tail_to_free_list+0x6c>
10000d3a:	2400      	movs	r4, #0
10000d3c:	eb04 0444 	add.w	r4, r4, r4, lsl #1
10000d40:	eb02 0284 	add.w	r2, r2, r4, lsl #2
10000d44:	24ff      	movs	r4, #255	@ 0xff
10000d46:	7194      	strb	r4, [r2, #6]
10000d48:	f64b 5401 	movw	r4, #48385	@ 0xbd01
10000d4c:	8094      	strh	r4, [r2, #4]
10000d4e:	e7e5      	b.n	10000d1c <irq_add_tail_to_free_list+0x6c>
10000d50:	2401      	movs	r4, #1
10000d52:	e7f3      	b.n	10000d3c <irq_add_tail_to_free_list+0x8c>
10000d54:	2402      	movs	r4, #2
10000d56:	e7f1      	b.n	10000d3c <irq_add_tail_to_free_list+0x8c>
10000d58:	2000155d 	.word	0x2000155d
10000d5c:	e000ed00 	.word	0xe000ed00
10000d60:	20001184 	.word	0x20001184
10000d64:	20001e48 	.word	0x20001e48
10000d68:	10000111 	.word	0x10000111

10000d6c <user_irq_claim_unused>:
10000d6c:	b510      	push	{r4, lr}
10000d6e:	4c07      	ldr	r4, [pc, #28]	@ (10000d8c <user_irq_claim_unused+0x20>)
10000d70:	b082      	sub	sp, #8
10000d72:	4601      	mov	r1, r0
10000d74:	2305      	movs	r3, #5
10000d76:	2200      	movs	r2, #0
10000d78:	9400      	str	r4, [sp, #0]
10000d7a:	4805      	ldr	r0, [pc, #20]	@ (10000d90 <user_irq_claim_unused+0x24>)
10000d7c:	f7ff fda2 	bl	100008c4 <hw_claim_unused_from_range>
10000d80:	2800      	cmp	r0, #0
10000d82:	bfa8      	it	ge
10000d84:	f1c0 0033 	rsbge	r0, r0, #51	@ 0x33
10000d88:	b002      	add	sp, #8
10000d8a:	bd10      	pop	{r4, pc}
10000d8c:	10006554 	.word	0x10006554
10000d90:	20001e4c 	.word	0x20001e4c

10000d94 <lock_init>:
10000d94:	4b01      	ldr	r3, [pc, #4]	@ (10000d9c <lock_init+0x8>)
10000d96:	440b      	add	r3, r1
10000d98:	6003      	str	r3, [r0, #0]
10000d9a:	4770      	bx	lr
10000d9c:	20001554 	.word	0x20001554

10000da0 <runtime_init_mutex>:
10000da0:	b570      	push	{r4, r5, r6, lr}
10000da2:	4c10      	ldr	r4, [pc, #64]	@ (10000de4 <runtime_init_mutex+0x44>)
10000da4:	4d10      	ldr	r5, [pc, #64]	@ (10000de8 <runtime_init_mutex+0x48>)
10000da6:	42ac      	cmp	r4, r5
10000da8:	d20e      	bcs.n	10000dc8 <runtime_init_mutex+0x28>
10000daa:	26ff      	movs	r6, #255	@ 0xff
10000dac:	6823      	ldr	r3, [r4, #0]
10000dae:	b163      	cbz	r3, 10000dca <runtime_init_mutex+0x2a>
10000db0:	f7ff fdc8 	bl	10000944 <next_striped_spin_lock_num>
10000db4:	4601      	mov	r1, r0
10000db6:	4620      	mov	r0, r4
10000db8:	f7ff ffec 	bl	10000d94 <lock_init>
10000dbc:	80a6      	strh	r6, [r4, #4]
10000dbe:	f3bf 8f5f 	dmb	sy
10000dc2:	3408      	adds	r4, #8
10000dc4:	42ac      	cmp	r4, r5
10000dc6:	d3f1      	bcc.n	10000dac <runtime_init_mutex+0xc>
10000dc8:	bd70      	pop	{r4, r5, r6, pc}
10000dca:	f7ff fdbb 	bl	10000944 <next_striped_spin_lock_num>
10000dce:	4601      	mov	r1, r0
10000dd0:	4620      	mov	r0, r4
10000dd2:	f7ff ffdf 	bl	10000d94 <lock_init>
10000dd6:	7126      	strb	r6, [r4, #4]
10000dd8:	f3bf 8f5f 	dmb	sy
10000ddc:	3408      	adds	r4, #8
10000dde:	42ac      	cmp	r4, r5
10000de0:	d3e4      	bcc.n	10000dac <runtime_init_mutex+0xc>
10000de2:	bd70      	pop	{r4, r5, r6, pc}
10000de4:	2000121c 	.word	0x2000121c
10000de8:	20001224 	.word	0x20001224

10000dec <mutex_init>:
10000dec:	b510      	push	{r4, lr}
10000dee:	4604      	mov	r4, r0
10000df0:	f7ff fda8 	bl	10000944 <next_striped_spin_lock_num>
10000df4:	4601      	mov	r1, r0
10000df6:	4620      	mov	r0, r4
10000df8:	f7ff ffcc 	bl	10000d94 <lock_init>
10000dfc:	23ff      	movs	r3, #255	@ 0xff
10000dfe:	7123      	strb	r3, [r4, #4]
10000e00:	f3bf 8f5f 	dmb	sy
10000e04:	bd10      	pop	{r4, pc}
10000e06:	bf00      	nop

10000e08 <critical_section_init>:
10000e08:	b510      	push	{r4, lr}
10000e0a:	4604      	mov	r4, r0
10000e0c:	2001      	movs	r0, #1
10000e0e:	f7ff fda5 	bl	1000095c <spin_lock_claim_unused>
10000e12:	4b03      	ldr	r3, [pc, #12]	@ (10000e20 <critical_section_init+0x18>)
10000e14:	4403      	add	r3, r0
10000e16:	6023      	str	r3, [r4, #0]
10000e18:	f3bf 8f5f 	dmb	sy
10000e1c:	bd10      	pop	{r4, pc}
10000e1e:	bf00      	nop
10000e20:	20001554 	.word	0x20001554

10000e24 <critical_section_init_with_lock_num>:
10000e24:	4b02      	ldr	r3, [pc, #8]	@ (10000e30 <critical_section_init_with_lock_num+0xc>)
10000e26:	440b      	add	r3, r1
10000e28:	6003      	str	r3, [r0, #0]
10000e2a:	f3bf 8f5f 	dmb	sy
10000e2e:	4770      	bx	lr
10000e30:	20001554 	.word	0x20001554

10000e34 <sleep_until_callback>:
10000e34:	4b0d      	ldr	r3, [pc, #52]	@ (10000e6c <sleep_until_callback+0x38>)
10000e36:	681a      	ldr	r2, [r3, #0]
10000e38:	f3ef 8110 	mrs	r1, PRIMASK
10000e3c:	b672      	cpsid	i
10000e3e:	e8d2 cfcf 	ldaexb	ip, [r2]
10000e42:	2001      	movs	r0, #1
10000e44:	f1bc 0f00 	cmp.w	ip, #0
10000e48:	d1f9      	bne.n	10000e3e <sleep_until_callback+0xa>
10000e4a:	e8c2 0f4c 	strexb	ip, r0, [r2]
10000e4e:	f1bc 0f00 	cmp.w	ip, #0
10000e52:	d1f4      	bne.n	10000e3e <sleep_until_callback+0xa>
10000e54:	f3bf 8f5f 	dmb	sy
10000e58:	2200      	movs	r2, #0
10000e5a:	681b      	ldr	r3, [r3, #0]
10000e5c:	e8c3 2f8f 	stlb	r2, [r3]
10000e60:	f381 8810 	msr	PRIMASK, r1
10000e64:	bf40      	sev
10000e66:	2000      	movs	r0, #0
10000e68:	2100      	movs	r1, #0
10000e6a:	4770      	bx	lr
10000e6c:	20001e28 	.word	0x20001e28

10000e70 <alarm_pool_irq_handler>:
10000e70:	e92d 4ff0 	stmdb	sp!, {r4, r5, r6, r7, r8, r9, sl, fp, lr}
10000e74:	ed2d 8b02 	vpush	{d8}
10000e78:	b085      	sub	sp, #20
10000e7a:	f3ef 8305 	mrs	r3, IPSR
10000e7e:	b2db      	uxtb	r3, r3
10000e80:	3b10      	subs	r3, #16
10000e82:	089a      	lsrs	r2, r3, #2
10000e84:	bf18      	it	ne
10000e86:	2201      	movne	r2, #1
10000e88:	f04f 0101 	mov.w	r1, #1
10000e8c:	f003 0b03 	and.w	fp, r3, #3
10000e90:	bf18      	it	ne
10000e92:	4daf      	ldrne	r5, [pc, #700]	@ (10001150 <alarm_pool_irq_handler+0x2e0>)
10000e94:	4baf      	ldr	r3, [pc, #700]	@ (10001154 <alarm_pool_irq_handler+0x2e4>)
10000e96:	bf08      	it	eq
10000e98:	4daf      	ldreq	r5, [pc, #700]	@ (10001158 <alarm_pool_irq_handler+0x2e8>)
10000e9a:	eb0b 0282 	add.w	r2, fp, r2, lsl #2
10000e9e:	f853 6022 	ldr.w	r6, [r3, r2, lsl #2]
10000ea2:	fa01 f20b 	lsl.w	r2, r1, fp
10000ea6:	f505 5341 	add.w	r3, r5, #12352	@ 0x3040
10000eaa:	ed9f 8ba7 	vldr	d8, [pc, #668]	@ 10001148 <alarm_pool_irq_handler+0x2d8>
10000eae:	9201      	str	r2, [sp, #4]
10000eb0:	605a      	str	r2, [r3, #4]
10000eb2:	e02f      	b.n	10000f14 <alarm_pool_irq_handler+0xa4>
10000eb4:	88b3      	ldrh	r3, [r6, #4]
10000eb6:	041c      	lsls	r4, r3, #16
10000eb8:	f140 8093 	bpl.w	10000fe2 <alarm_pool_irq_handler+0x172>
10000ebc:	79b3      	ldrb	r3, [r6, #6]
10000ebe:	2b00      	cmp	r3, #0
10000ec0:	f040 80dd 	bne.w	1000107e <alarm_pool_irq_handler+0x20e>
10000ec4:	f9b6 2008 	ldrsh.w	r2, [r6, #8]
10000ec8:	2a00      	cmp	r2, #0
10000eca:	f2c0 811e 	blt.w	1000110a <alarm_pool_irq_handler+0x29a>
10000ece:	6973      	ldr	r3, [r6, #20]
10000ed0:	eb02 0242 	add.w	r2, r2, r2, lsl #1
10000ed4:	eb03 03c2 	add.w	r3, r3, r2, lsl #3
10000ed8:	e9d3 4702 	ldrd	r4, r7, [r3, #8]
10000edc:	f1b7 3fff 	cmp.w	r7, #4294967295
10000ee0:	bf08      	it	eq
10000ee2:	f1b4 3fff 	cmpeq.w	r4, #4294967295
10000ee6:	d00e      	beq.n	10000f06 <alarm_pool_irq_handler+0x96>
10000ee8:	eb05 018b 	add.w	r1, r5, fp, lsl #2
10000eec:	6aab      	ldr	r3, [r5, #40]	@ 0x28
10000eee:	690a      	ldr	r2, [r1, #16]
10000ef0:	1ad2      	subs	r2, r2, r3
10000ef2:	1ae3      	subs	r3, r4, r3
10000ef4:	4293      	cmp	r3, r2
10000ef6:	d305      	bcc.n	10000f04 <alarm_pool_irq_handler+0x94>
10000ef8:	2301      	movs	r3, #1
10000efa:	6a2a      	ldr	r2, [r5, #32]
10000efc:	fa03 f30b 	lsl.w	r3, r3, fp
10000f00:	4213      	tst	r3, r2
10000f02:	d100      	bne.n	10000f06 <alarm_pool_irq_handler+0x96>
10000f04:	610c      	str	r4, [r1, #16]
10000f06:	4628      	mov	r0, r5
10000f08:	f000 fc18 	bl	1000173c <timer_time_us_64>
10000f0c:	42a0      	cmp	r0, r4
10000f0e:	41b9      	sbcs	r1, r7
10000f10:	f2c0 80fb 	blt.w	1000110a <alarm_pool_irq_handler+0x29a>
10000f14:	f9b6 3008 	ldrsh.w	r3, [r6, #8]
10000f18:	9a01      	ldr	r2, [sp, #4]
10000f1a:	2b00      	cmp	r3, #0
10000f1c:	9300      	str	r3, [sp, #0]
10000f1e:	63ea      	str	r2, [r5, #60]	@ 0x3c
10000f20:	dbc8      	blt.n	10000eb4 <alarm_pool_irq_handler+0x44>
10000f22:	f8d6 8014 	ldr.w	r8, [r6, #20]
10000f26:	eb03 0943 	add.w	r9, r3, r3, lsl #1
10000f2a:	4628      	mov	r0, r5
10000f2c:	eb08 07c9 	add.w	r7, r8, r9, lsl #3
10000f30:	e9d7 4a02 	ldrd	r4, sl, [r7, #8]
10000f34:	f000 fc02 	bl	1000173c <timer_time_us_64>
10000f38:	42a0      	cmp	r0, r4
10000f3a:	eb71 010a 	sbcs.w	r1, r1, sl
10000f3e:	dbb9      	blt.n	10000eb4 <alarm_pool_irq_handler+0x44>
10000f40:	f1ba 0f00 	cmp.w	sl, #0
10000f44:	f2c0 80c3 	blt.w	100010ce <alarm_pool_irq_handler+0x25e>
10000f48:	e9d7 3104 	ldrd	r3, r1, [r7, #16]
10000f4c:	4a83      	ldr	r2, [pc, #524]	@ (1000115c <alarm_pool_irq_handler+0x2ec>)
10000f4e:	4293      	cmp	r3, r2
10000f50:	f000 80ed 	beq.w	1000112e <alarm_pool_irq_handler+0x2be>
10000f54:	887a      	ldrh	r2, [r7, #2]
10000f56:	f9b6 0008 	ldrsh.w	r0, [r6, #8]
10000f5a:	b292      	uxth	r2, r2
10000f5c:	ea42 4000 	orr.w	r0, r2, r0, lsl #16
10000f60:	4798      	blx	r3
10000f62:	4602      	mov	r2, r0
10000f64:	460b      	mov	r3, r1
10000f66:	ea52 0103 	orrs.w	r1, r2, r3
10000f6a:	f000 80b0 	beq.w	100010ce <alarm_pool_irq_handler+0x25e>
10000f6e:	2b00      	cmp	r3, #0
10000f70:	f280 80d1 	bge.w	10001116 <alarm_pool_irq_handler+0x2a6>
10000f74:	ebb4 0e02 	subs.w	lr, r4, r2
10000f78:	eb6a 0a03 	sbc.w	sl, sl, r3
10000f7c:	f938 3039 	ldrsh.w	r3, [r8, r9, lsl #3]
10000f80:	e9c7 ea02 	strd	lr, sl, [r7, #8]
10000f84:	2b00      	cmp	r3, #0
10000f86:	db95      	blt.n	10000eb4 <alarm_pool_irq_handler+0x44>
10000f88:	6971      	ldr	r1, [r6, #20]
10000f8a:	eb03 0243 	add.w	r2, r3, r3, lsl #1
10000f8e:	eb01 02c2 	add.w	r2, r1, r2, lsl #3
10000f92:	e9d2 7002 	ldrd	r7, r0, [r2, #8]
10000f96:	45be      	cmp	lr, r7
10000f98:	eb7a 0c00 	sbcs.w	ip, sl, r0
10000f9c:	ea4f 0243 	mov.w	r2, r3, lsl #1
10000fa0:	db88      	blt.n	10000eb4 <alarm_pool_irq_handler+0x44>
10000fa2:	46b4      	mov	ip, r6
10000fa4:	f82c 3f08 	strh.w	r3, [ip, #8]!
10000fa8:	e006      	b.n	10000fb8 <alarm_pool_irq_handler+0x148>
10000faa:	eb03 0043 	add.w	r0, r3, r3, lsl #1
10000fae:	eb01 00c0 	add.w	r0, r1, r0, lsl #3
10000fb2:	005a      	lsls	r2, r3, #1
10000fb4:	e9d0 7002 	ldrd	r7, r0, [r0, #8]
10000fb8:	45be      	cmp	lr, r7
10000fba:	441a      	add	r2, r3
10000fbc:	eb7a 0000 	sbcs.w	r0, sl, r0
10000fc0:	eb01 04c2 	add.w	r4, r1, r2, lsl #3
10000fc4:	db04      	blt.n	10000fd0 <alarm_pool_irq_handler+0x160>
10000fc6:	f931 3032 	ldrsh.w	r3, [r1, r2, lsl #3]
10000fca:	46a4      	mov	ip, r4
10000fcc:	2b00      	cmp	r3, #0
10000fce:	daec      	bge.n	10000faa <alarm_pool_irq_handler+0x13a>
10000fd0:	f828 3039 	strh.w	r3, [r8, r9, lsl #3]
10000fd4:	9b00      	ldr	r3, [sp, #0]
10000fd6:	f8ac 3000 	strh.w	r3, [ip]
10000fda:	88b3      	ldrh	r3, [r6, #4]
10000fdc:	041c      	lsls	r4, r3, #16
10000fde:	f53f af6d 	bmi.w	10000ebc <alarm_pool_irq_handler+0x4c>
10000fe2:	6933      	ldr	r3, [r6, #16]
10000fe4:	f3ef 8210 	mrs	r2, PRIMASK
10000fe8:	b672      	cpsid	i
10000fea:	e8d3 0fcf 	ldaexb	r0, [r3]
10000fee:	2101      	movs	r1, #1
10000ff0:	2800      	cmp	r0, #0
10000ff2:	d1fa      	bne.n	10000fea <alarm_pool_irq_handler+0x17a>
10000ff4:	e8c3 1f40 	strexb	r0, r1, [r3]
10000ff8:	2800      	cmp	r0, #0
10000ffa:	d1f6      	bne.n	10000fea <alarm_pool_irq_handler+0x17a>
10000ffc:	f3bf 8f5f 	dmb	sy
10001000:	f64f 74ff 	movw	r4, #65535	@ 0xffff
10001004:	88b0      	ldrh	r0, [r6, #4]
10001006:	2300      	movs	r3, #0
10001008:	6931      	ldr	r1, [r6, #16]
1000100a:	b200      	sxth	r0, r0
1000100c:	80b4      	strh	r4, [r6, #4]
1000100e:	e8c1 3f8f 	stlb	r3, [r1]
10001012:	f382 8810 	msr	PRIMASK, r2
10001016:	4298      	cmp	r0, r3
10001018:	f6ff af50 	blt.w	10000ebc <alarm_pool_irq_handler+0x4c>
1000101c:	4607      	mov	r7, r0
1000101e:	46a9      	mov	r9, r5
10001020:	6974      	ldr	r4, [r6, #20]
10001022:	f106 0808 	add.w	r8, r6, #8
10001026:	eb07 0e47 	add.w	lr, r7, r7, lsl #1
1000102a:	eb04 03ce 	add.w	r3, r4, lr, lsl #3
1000102e:	e9d3 5002 	ldrd	r5, r0, [r3, #8]
10001032:	f9b6 3008 	ldrsh.w	r3, [r6, #8]
10001036:	46c4      	mov	ip, r8
10001038:	2b00      	cmp	r3, #0
1000103a:	db13      	blt.n	10001064 <alarm_pool_irq_handler+0x1f4>
1000103c:	46b2      	mov	sl, r6
1000103e:	9700      	str	r7, [sp, #0]
10001040:	e004      	b.n	1000104c <alarm_pool_irq_handler+0x1dc>
10001042:	f934 3036 	ldrsh.w	r3, [r4, r6, lsl #3]
10001046:	4694      	mov	ip, r2
10001048:	2b00      	cmp	r3, #0
1000104a:	db09      	blt.n	10001060 <alarm_pool_irq_handler+0x1f0>
1000104c:	eb03 0643 	add.w	r6, r3, r3, lsl #1
10001050:	eb04 02c6 	add.w	r2, r4, r6, lsl #3
10001054:	e9d2 7102 	ldrd	r7, r1, [r2, #8]
10001058:	42bd      	cmp	r5, r7
1000105a:	eb70 0101 	sbcs.w	r1, r0, r1
1000105e:	daf0      	bge.n	10001042 <alarm_pool_irq_handler+0x1d2>
10001060:	4656      	mov	r6, sl
10001062:	9f00      	ldr	r7, [sp, #0]
10001064:	f8ac 7000 	strh.w	r7, [ip]
10001068:	f934 703e 	ldrsh.w	r7, [r4, lr, lsl #3]
1000106c:	f824 303e 	strh.w	r3, [r4, lr, lsl #3]
10001070:	2f00      	cmp	r7, #0
10001072:	dad8      	bge.n	10001026 <alarm_pool_irq_handler+0x1b6>
10001074:	79b3      	ldrb	r3, [r6, #6]
10001076:	464d      	mov	r5, r9
10001078:	2b00      	cmp	r3, #0
1000107a:	f43f af23 	beq.w	10000ec4 <alarm_pool_irq_handler+0x54>
1000107e:	2300      	movs	r3, #0
10001080:	71b3      	strb	r3, [r6, #6]
10001082:	f9b6 3008 	ldrsh.w	r3, [r6, #8]
10001086:	f106 0808 	add.w	r8, r6, #8
1000108a:	1c58      	adds	r0, r3, #1
1000108c:	d03d      	beq.n	1000110a <alarm_pool_irq_handler+0x29a>
1000108e:	461a      	mov	r2, r3
10001090:	6977      	ldr	r7, [r6, #20]
10001092:	e003      	b.n	1000109c <alarm_pool_irq_handler+0x22c>
10001094:	4680      	mov	r8, r0
10001096:	1c59      	adds	r1, r3, #1
10001098:	f43f af16 	beq.w	10000ec8 <alarm_pool_irq_handler+0x58>
1000109c:	eb03 0143 	add.w	r1, r3, r3, lsl #1
100010a0:	eb07 00c1 	add.w	r0, r7, r1, lsl #3
100010a4:	f8b0 c002 	ldrh.w	ip, [r0, #2]
100010a8:	461c      	mov	r4, r3
100010aa:	f41c 4f00 	tst.w	ip, #32768	@ 0x8000
100010ae:	469e      	mov	lr, r3
100010b0:	f937 3031 	ldrsh.w	r3, [r7, r1, lsl #3]
100010b4:	d0ee      	beq.n	10001094 <alarm_pool_irq_handler+0x224>
100010b6:	4294      	cmp	r4, r2
100010b8:	ed80 8b02 	vstr	d8, [r0, #8]
100010bc:	d005      	beq.n	100010ca <alarm_pool_irq_handler+0x25a>
100010be:	f8a8 3000 	strh.w	r3, [r8]
100010c2:	8932      	ldrh	r2, [r6, #8]
100010c4:	f827 2031 	strh.w	r2, [r7, r1, lsl #3]
100010c8:	8134      	strh	r4, [r6, #8]
100010ca:	4672      	mov	r2, lr
100010cc:	e7e3      	b.n	10001096 <alarm_pool_irq_handler+0x226>
100010ce:	f838 3039 	ldrh.w	r3, [r8, r9, lsl #3]
100010d2:	8133      	strh	r3, [r6, #8]
100010d4:	6933      	ldr	r3, [r6, #16]
100010d6:	f3ef 8210 	mrs	r2, PRIMASK
100010da:	b672      	cpsid	i
100010dc:	e8d3 0fcf 	ldaexb	r0, [r3]
100010e0:	2101      	movs	r1, #1
100010e2:	2800      	cmp	r0, #0
100010e4:	d1fa      	bne.n	100010dc <alarm_pool_irq_handler+0x26c>
100010e6:	e8c3 1f40 	strexb	r0, r1, [r3]
100010ea:	2800      	cmp	r0, #0
100010ec:	d1f6      	bne.n	100010dc <alarm_pool_irq_handler+0x26c>
100010ee:	f3bf 8f5f 	dmb	sy
100010f2:	8873      	ldrh	r3, [r6, #2]
100010f4:	6931      	ldr	r1, [r6, #16]
100010f6:	f828 3039 	strh.w	r3, [r8, r9, lsl #3]
100010fa:	9b00      	ldr	r3, [sp, #0]
100010fc:	8073      	strh	r3, [r6, #2]
100010fe:	2300      	movs	r3, #0
10001100:	e8c1 3f8f 	stlb	r3, [r1]
10001104:	f382 8810 	msr	PRIMASK, r2
10001108:	e6d4      	b.n	10000eb4 <alarm_pool_irq_handler+0x44>
1000110a:	bf40      	sev
1000110c:	b005      	add	sp, #20
1000110e:	ecbd 8b02 	vpop	{d8}
10001112:	e8bd 8ff0 	ldmia.w	sp!, {r4, r5, r6, r7, r8, r9, sl, fp, pc}
10001116:	4628      	mov	r0, r5
10001118:	e9cd 2302 	strd	r2, r3, [sp, #8]
1000111c:	f000 fb0e 	bl	1000173c <timer_time_us_64>
10001120:	9a02      	ldr	r2, [sp, #8]
10001122:	9b03      	ldr	r3, [sp, #12]
10001124:	eb10 0e02 	adds.w	lr, r0, r2
10001128:	eb43 0a01 	adc.w	sl, r3, r1
1000112c:	e726      	b.n	10000f7c <alarm_pool_irq_handler+0x10c>
1000112e:	4608      	mov	r0, r1
10001130:	690b      	ldr	r3, [r1, #16]
10001132:	9102      	str	r1, [sp, #8]
10001134:	4798      	blx	r3
10001136:	2800      	cmp	r0, #0
10001138:	d0c9      	beq.n	100010ce <alarm_pool_irq_handler+0x25e>
1000113a:	9902      	ldr	r1, [sp, #8]
1000113c:	e9d1 2300 	ldrd	r2, r3, [r1]
10001140:	e711      	b.n	10000f66 <alarm_pool_irq_handler+0xf6>
10001142:	bf00      	nop
10001144:	f3af 8000 	nop.w
10001148:	ffffffff 	.word	0xffffffff
1000114c:	ffffffff 	.word	0xffffffff
10001150:	400b8000 	.word	0x400b8000
10001154:	20001e00 	.word	0x20001e00
10001158:	400b0000 	.word	0x400b0000
1000115c:	10000e71 	.word	0x10000e71

10001160 <runtime_init_default_alarm_pool>:
10001160:	e92d 4ff8 	stmdb	sp!, {r3, r4, r5, r6, r7, r8, r9, sl, fp, lr}
10001164:	4c36      	ldr	r4, [pc, #216]	@ (10001240 <runtime_init_default_alarm_pool+0xe0>)
10001166:	6925      	ldr	r5, [r4, #16]
10001168:	b12d      	cbz	r5, 10001176 <runtime_init_default_alarm_pool+0x16>
1000116a:	e8bd 4ff8 	ldmia.w	sp!, {r3, r4, r5, r6, r7, r8, r9, sl, fp, lr}
1000116e:	210a      	movs	r1, #10
10001170:	4834      	ldr	r0, [pc, #208]	@ (10001244 <runtime_init_default_alarm_pool+0xe4>)
10001172:	f7ff be0f 	b.w	10000d94 <lock_init>
10001176:	f8df 80e4 	ldr.w	r8, [pc, #228]	@ 1000125c <runtime_init_default_alarm_pool+0xfc>
1000117a:	2103      	movs	r1, #3
1000117c:	4640      	mov	r0, r8
1000117e:	f000 facb 	bl	10001718 <timer_hardware_alarm_claim>
10001182:	2603      	movs	r6, #3
10001184:	f8c4 800c 	str.w	r8, [r4, #12]
10001188:	f7ff fbdc 	bl	10000944 <next_striped_spin_lock_num>
1000118c:	f04f 4c50 	mov.w	ip, #3489660928	@ 0xd0000000
10001190:	4b2d      	ldr	r3, [pc, #180]	@ (10001248 <runtime_init_default_alarm_pool+0xe8>)
10001192:	7026      	strb	r6, [r4, #0]
10001194:	4403      	add	r3, r0
10001196:	6123      	str	r3, [r4, #16]
10001198:	f8dc 3000 	ldr.w	r3, [ip]
1000119c:	210f      	movs	r1, #15
1000119e:	7063      	strb	r3, [r4, #1]
100011a0:	6963      	ldr	r3, [r4, #20]
100011a2:	8061      	strh	r1, [r4, #2]
100011a4:	831d      	strh	r5, [r3, #24]
100011a6:	f04f 0504 	mov.w	r5, #4
100011aa:	f8a3 5078 	strh.w	r5, [r3, #120]	@ 0x78
100011ae:	f04f 0505 	mov.w	r5, #5
100011b2:	f8a3 5090 	strh.w	r5, [r3, #144]	@ 0x90
100011b6:	f04f 0506 	mov.w	r5, #6
100011ba:	f8a3 50a8 	strh.w	r5, [r3, #168]	@ 0xa8
100011be:	f04f 0507 	mov.w	r5, #7
100011c2:	210e      	movs	r1, #14
100011c4:	f64f 72ff 	movw	r2, #65535	@ 0xffff
100011c8:	2708      	movs	r7, #8
100011ca:	f04f 0e0a 	mov.w	lr, #10
100011ce:	f8a3 50c0 	strh.w	r5, [r3, #192]	@ 0xc0
100011d2:	f04f 0901 	mov.w	r9, #1
100011d6:	f04f 0c0c 	mov.w	ip, #12
100011da:	f04f 0b02 	mov.w	fp, #2
100011de:	f04f 0a09 	mov.w	sl, #9
100011e2:	200d      	movs	r0, #13
100011e4:	f04f 050b 	mov.w	r5, #11
100011e8:	f8a3 1168 	strh.w	r1, [r3, #360]	@ 0x168
100011ec:	4917      	ldr	r1, [pc, #92]	@ (1000124c <runtime_init_default_alarm_pool+0xec>)
100011ee:	80a2      	strh	r2, [r4, #4]
100011f0:	f8a3 e108 	strh.w	lr, [r3, #264]	@ 0x108
100011f4:	60a1      	str	r1, [r4, #8]
100011f6:	f8a3 b048 	strh.w	fp, [r3, #72]	@ 0x48
100011fa:	f8a3 a0f0 	strh.w	sl, [r3, #240]	@ 0xf0
100011fe:	f8a3 5120 	strh.w	r5, [r3, #288]	@ 0x120
10001202:	f8a3 c138 	strh.w	ip, [r3, #312]	@ 0x138
10001206:	f8a3 0150 	strh.w	r0, [r3, #336]	@ 0x150
1000120a:	f8a3 9030 	strh.w	r9, [r3, #48]	@ 0x30
1000120e:	f8a3 6060 	strh.w	r6, [r3, #96]	@ 0x60
10001212:	f8a3 70d8 	strh.w	r7, [r3, #216]	@ 0xd8
10001216:	801a      	strh	r2, [r3, #0]
10001218:	4b0d      	ldr	r3, [pc, #52]	@ (10001250 <runtime_init_default_alarm_pool+0xf0>)
1000121a:	4630      	mov	r0, r6
1000121c:	f8c8 7020 	str.w	r7, [r8, #32]
10001220:	490c      	ldr	r1, [pc, #48]	@ (10001254 <runtime_init_default_alarm_pool+0xf4>)
10001222:	60dc      	str	r4, [r3, #12]
10001224:	f7ff fc20 	bl	10000a68 <irq_set_exclusive_handler>
10001228:	4649      	mov	r1, r9
1000122a:	4630      	mov	r0, r6
1000122c:	f7ff fbda 	bl	100009e4 <irq_set_enabled>
10001230:	4b09      	ldr	r3, [pc, #36]	@ (10001258 <runtime_init_default_alarm_pool+0xf8>)
10001232:	210a      	movs	r1, #10
10001234:	641f      	str	r7, [r3, #64]	@ 0x40
10001236:	4803      	ldr	r0, [pc, #12]	@ (10001244 <runtime_init_default_alarm_pool+0xe4>)
10001238:	e8bd 4ff8 	ldmia.w	sp!, {r3, r4, r5, r6, r7, r8, r9, sl, fp, lr}
1000123c:	f7ff bdaa 	b.w	10000d94 <lock_init>
10001240:	200011cc 	.word	0x200011cc
10001244:	20001e28 	.word	0x20001e28
10001248:	20001554 	.word	0x20001554
1000124c:	0010ffff 	.word	0x0010ffff
10001250:	20001e00 	.word	0x20001e00
10001254:	10000e71 	.word	0x10000e71
10001258:	400b2000 	.word	0x400b2000
1000125c:	400b0000 	.word	0x400b0000

10001260 <alarm_pool_get_default>:
10001260:	4800      	ldr	r0, [pc, #0]	@ (10001264 <alarm_pool_get_default+0x4>)
10001262:	4770      	bx	lr
10001264:	200011cc 	.word	0x200011cc

10001268 <alarm_pool_add_alarm_at>:
10001268:	b5f8      	push	{r3, r4, r5, r6, r7, lr}
1000126a:	f89d 5020 	ldrb.w	r5, [sp, #32]
1000126e:	4604      	mov	r4, r0
10001270:	4617      	mov	r7, r2
10001272:	461e      	mov	r6, r3
10001274:	b935      	cbnz	r5, 10001284 <alarm_pool_add_alarm_at+0x1c>
10001276:	f000 fa69 	bl	1000174c <time_us_64>
1000127a:	4287      	cmp	r7, r0
1000127c:	eb66 0101 	sbc.w	r1, r6, r1
10001280:	2900      	cmp	r1, #0
10001282:	db5c      	blt.n	1000133e <alarm_pool_add_alarm_at+0xd6>
10001284:	6921      	ldr	r1, [r4, #16]
10001286:	f3ef 8310 	mrs	r3, PRIMASK
1000128a:	b672      	cpsid	i
1000128c:	e8d1 0fcf 	ldaexb	r0, [r1]
10001290:	2201      	movs	r2, #1
10001292:	2800      	cmp	r0, #0
10001294:	d1fa      	bne.n	1000128c <alarm_pool_add_alarm_at+0x24>
10001296:	e8c1 2f40 	strexb	r0, r2, [r1]
1000129a:	2800      	cmp	r0, #0
1000129c:	d1f6      	bne.n	1000128c <alarm_pool_add_alarm_at+0x24>
1000129e:	f3bf 8f5f 	dmb	sy
100012a2:	f9b4 2002 	ldrsh.w	r2, [r4, #2]
100012a6:	6965      	ldr	r5, [r4, #20]
100012a8:	eb02 0142 	add.w	r1, r2, r2, lsl #1
100012ac:	2a00      	cmp	r2, #0
100012ae:	ea4f 0cc1 	mov.w	ip, r1, lsl #3
100012b2:	6920      	ldr	r0, [r4, #16]
100012b4:	eb05 01c1 	add.w	r1, r5, r1, lsl #3
100012b8:	db39      	blt.n	1000132e <alarm_pool_add_alarm_at+0xc6>
100012ba:	f835 e00c 	ldrh.w	lr, [r5, ip]
100012be:	f8a4 e002 	strh.w	lr, [r4, #2]
100012c2:	f04f 0e00 	mov.w	lr, #0
100012c6:	e8c0 ef8f 	stlb	lr, [r0]
100012ca:	f383 8810 	msr	PRIMASK, r3
100012ce:	8848      	ldrh	r0, [r1, #2]
100012d0:	9b06      	ldr	r3, [sp, #24]
100012d2:	3001      	adds	r0, #1
100012d4:	f3c0 000e 	ubfx	r0, r0, #0, #15
100012d8:	2801      	cmp	r0, #1
100012da:	bf38      	it	cc
100012dc:	2001      	movcc	r0, #1
100012de:	610b      	str	r3, [r1, #16]
100012e0:	9b07      	ldr	r3, [sp, #28]
100012e2:	8048      	strh	r0, [r1, #2]
100012e4:	614b      	str	r3, [r1, #20]
100012e6:	e9c1 7602 	strd	r7, r6, [r1, #8]
100012ea:	ea40 4002 	orr.w	r0, r0, r2, lsl #16
100012ee:	6923      	ldr	r3, [r4, #16]
100012f0:	f3ef 8110 	mrs	r1, PRIMASK
100012f4:	b672      	cpsid	i
100012f6:	e8d3 7fcf 	ldaexb	r7, [r3]
100012fa:	2601      	movs	r6, #1
100012fc:	2f00      	cmp	r7, #0
100012fe:	d1fa      	bne.n	100012f6 <alarm_pool_add_alarm_at+0x8e>
10001300:	e8c3 6f47 	strexb	r7, r6, [r3]
10001304:	2f00      	cmp	r7, #0
10001306:	d1f6      	bne.n	100012f6 <alarm_pool_add_alarm_at+0x8e>
10001308:	f3bf 8f5f 	dmb	sy
1000130c:	88a3      	ldrh	r3, [r4, #4]
1000130e:	f825 300c 	strh.w	r3, [r5, ip]
10001312:	80a2      	strh	r2, [r4, #4]
10001314:	6923      	ldr	r3, [r4, #16]
10001316:	e8c3 ef8f 	stlb	lr, [r3]
1000131a:	f381 8810 	msr	PRIMASK, r1
1000131e:	2201      	movs	r2, #1
10001320:	68e3      	ldr	r3, [r4, #12]
10001322:	7821      	ldrb	r1, [r4, #0]
10001324:	f503 5301 	add.w	r3, r3, #8256	@ 0x2040
10001328:	408a      	lsls	r2, r1
1000132a:	605a      	str	r2, [r3, #4]
1000132c:	bdf8      	pop	{r3, r4, r5, r6, r7, pc}
1000132e:	2200      	movs	r2, #0
10001330:	e8c0 2f8f 	stlb	r2, [r0]
10001334:	f383 8810 	msr	PRIMASK, r3
10001338:	f04f 30ff 	mov.w	r0, #4294967295
1000133c:	bdf8      	pop	{r3, r4, r5, r6, r7, pc}
1000133e:	4628      	mov	r0, r5
10001340:	bdf8      	pop	{r3, r4, r5, r6, r7, pc}
10001342:	bf00      	nop

10001344 <alarm_pool_add_alarm_at_force_in_context>:
10001344:	4601      	mov	r1, r0
10001346:	b5f0      	push	{r4, r5, r6, r7, lr}
10001348:	6900      	ldr	r0, [r0, #16]
1000134a:	f3ef 8710 	mrs	r7, PRIMASK
1000134e:	b672      	cpsid	i
10001350:	e8d0 5fcf 	ldaexb	r5, [r0]
10001354:	2401      	movs	r4, #1
10001356:	2d00      	cmp	r5, #0
10001358:	d1fa      	bne.n	10001350 <alarm_pool_add_alarm_at_force_in_context+0xc>
1000135a:	e8c0 4f45 	strexb	r5, r4, [r0]
1000135e:	2d00      	cmp	r5, #0
10001360:	d1f6      	bne.n	10001350 <alarm_pool_add_alarm_at_force_in_context+0xc>
10001362:	f3bf 8f5f 	dmb	sy
10001366:	f9b1 e002 	ldrsh.w	lr, [r1, #2]
1000136a:	694c      	ldr	r4, [r1, #20]
1000136c:	eb0e 0c4e 	add.w	ip, lr, lr, lsl #1
10001370:	f1be 0f00 	cmp.w	lr, #0
10001374:	ea4f 05cc 	mov.w	r5, ip, lsl #3
10001378:	6908      	ldr	r0, [r1, #16]
1000137a:	eb04 0ccc 	add.w	ip, r4, ip, lsl #3
1000137e:	db3c      	blt.n	100013fa <alarm_pool_add_alarm_at_force_in_context+0xb6>
10001380:	5b66      	ldrh	r6, [r4, r5]
10001382:	804e      	strh	r6, [r1, #2]
10001384:	2600      	movs	r6, #0
10001386:	e8c0 6f8f 	stlb	r6, [r0]
1000138a:	f387 8810 	msr	PRIMASK, r7
1000138e:	f8bc 0002 	ldrh.w	r0, [ip, #2]
10001392:	e9cc 2302 	strd	r2, r3, [ip, #8]
10001396:	3001      	adds	r0, #1
10001398:	f3c0 000e 	ubfx	r0, r0, #0, #15
1000139c:	2801      	cmp	r0, #1
1000139e:	bf38      	it	cc
100013a0:	2001      	movcc	r0, #1
100013a2:	9b05      	ldr	r3, [sp, #20]
100013a4:	f8ac 0002 	strh.w	r0, [ip, #2]
100013a8:	f8cc 3010 	str.w	r3, [ip, #16]
100013ac:	9b06      	ldr	r3, [sp, #24]
100013ae:	ea40 400e 	orr.w	r0, r0, lr, lsl #16
100013b2:	f8cc 3014 	str.w	r3, [ip, #20]
100013b6:	690b      	ldr	r3, [r1, #16]
100013b8:	f3ef 8210 	mrs	r2, PRIMASK
100013bc:	b672      	cpsid	i
100013be:	e8d3 cfcf 	ldaexb	ip, [r3]
100013c2:	2701      	movs	r7, #1
100013c4:	f1bc 0f00 	cmp.w	ip, #0
100013c8:	d1f9      	bne.n	100013be <alarm_pool_add_alarm_at_force_in_context+0x7a>
100013ca:	e8c3 7f4c 	strexb	ip, r7, [r3]
100013ce:	f1bc 0f00 	cmp.w	ip, #0
100013d2:	d1f4      	bne.n	100013be <alarm_pool_add_alarm_at_force_in_context+0x7a>
100013d4:	f3bf 8f5f 	dmb	sy
100013d8:	888b      	ldrh	r3, [r1, #4]
100013da:	5363      	strh	r3, [r4, r5]
100013dc:	f8a1 e004 	strh.w	lr, [r1, #4]
100013e0:	690b      	ldr	r3, [r1, #16]
100013e2:	e8c3 6f8f 	stlb	r6, [r3]
100013e6:	f382 8810 	msr	PRIMASK, r2
100013ea:	2201      	movs	r2, #1
100013ec:	68cb      	ldr	r3, [r1, #12]
100013ee:	7809      	ldrb	r1, [r1, #0]
100013f0:	f503 5301 	add.w	r3, r3, #8256	@ 0x2040
100013f4:	408a      	lsls	r2, r1
100013f6:	605a      	str	r2, [r3, #4]
100013f8:	bdf0      	pop	{r4, r5, r6, r7, pc}
100013fa:	2300      	movs	r3, #0
100013fc:	e8c0 3f8f 	stlb	r3, [r0]
10001400:	f387 8810 	msr	PRIMASK, r7
10001404:	f04f 30ff 	mov.w	r0, #4294967295
10001408:	bdf0      	pop	{r4, r5, r6, r7, pc}
1000140a:	bf00      	nop

1000140c <alarm_pool_cancel_alarm>:
1000140c:	4603      	mov	r3, r0
1000140e:	8940      	ldrh	r0, [r0, #10]
10001410:	ebb0 4f21 	cmp.w	r0, r1, asr #16
10001414:	dd37      	ble.n	10001486 <alarm_pool_cancel_alarm+0x7a>
10001416:	6958      	ldr	r0, [r3, #20]
10001418:	140a      	asrs	r2, r1, #16
1000141a:	eb02 0242 	add.w	r2, r2, r2, lsl #1
1000141e:	b510      	push	{r4, lr}
10001420:	eb00 00c2 	add.w	r0, r0, r2, lsl #3
10001424:	691c      	ldr	r4, [r3, #16]
10001426:	f3ef 8c10 	mrs	ip, PRIMASK
1000142a:	b672      	cpsid	i
1000142c:	e8d4 efcf 	ldaexb	lr, [r4]
10001430:	2201      	movs	r2, #1
10001432:	f1be 0f00 	cmp.w	lr, #0
10001436:	d1f9      	bne.n	1000142c <alarm_pool_cancel_alarm+0x20>
10001438:	e8c4 2f4e 	strexb	lr, r2, [r4]
1000143c:	f1be 0f00 	cmp.w	lr, #0
10001440:	d1f4      	bne.n	1000142c <alarm_pool_cancel_alarm+0x20>
10001442:	f3bf 8f5f 	dmb	sy
10001446:	8842      	ldrh	r2, [r0, #2]
10001448:	b289      	uxth	r1, r1
1000144a:	b292      	uxth	r2, r2
1000144c:	428a      	cmp	r2, r1
1000144e:	d007      	beq.n	10001460 <alarm_pool_cancel_alarm+0x54>
10001450:	2200      	movs	r2, #0
10001452:	691b      	ldr	r3, [r3, #16]
10001454:	e8c3 2f8f 	stlb	r2, [r3]
10001458:	f38c 8810 	msr	PRIMASK, ip
1000145c:	2000      	movs	r0, #0
1000145e:	bd10      	pop	{r4, pc}
10001460:	f442 4200 	orr.w	r2, r2, #32768	@ 0x8000
10001464:	8042      	strh	r2, [r0, #2]
10001466:	2101      	movs	r1, #1
10001468:	2200      	movs	r2, #0
1000146a:	6918      	ldr	r0, [r3, #16]
1000146c:	7199      	strb	r1, [r3, #6]
1000146e:	e8c0 2f8f 	stlb	r2, [r0]
10001472:	f38c 8810 	msr	PRIMASK, ip
10001476:	781c      	ldrb	r4, [r3, #0]
10001478:	68da      	ldr	r2, [r3, #12]
1000147a:	4608      	mov	r0, r1
1000147c:	f502 5301 	add.w	r3, r2, #8256	@ 0x2040
10001480:	40a1      	lsls	r1, r4
10001482:	6059      	str	r1, [r3, #4]
10001484:	bd10      	pop	{r4, pc}
10001486:	2000      	movs	r0, #0
10001488:	4770      	bx	lr
1000148a:	bf00      	nop

1000148c <alarm_pool_core_num>:
1000148c:	7840      	ldrb	r0, [r0, #1]
1000148e:	4770      	bx	lr

10001490 <sleep_us>:
10001490:	e92d 41f0 	stmdb	sp!, {r4, r5, r6, r7, r8, lr}
10001494:	b082      	sub	sp, #8
10001496:	4604      	mov	r4, r0
10001498:	460e      	mov	r6, r1
1000149a:	f000 f957 	bl	1000174c <time_us_64>
1000149e:	f04f 32ff 	mov.w	r2, #4294967295
100014a2:	f06f 4300 	mvn.w	r3, #2147483648	@ 0x80000000
100014a6:	1824      	adds	r4, r4, r0
100014a8:	eb46 0601 	adc.w	r6, r6, r1
100014ac:	42a2      	cmp	r2, r4
100014ae:	eb73 0106 	sbcs.w	r1, r3, r6
100014b2:	bf3c      	itt	cc
100014b4:	4614      	movcc	r4, r2
100014b6:	461e      	movcc	r6, r3
100014b8:	1fa5      	subs	r5, r4, #6
100014ba:	f146 37ff 	adc.w	r7, r6, #4294967295
100014be:	42ac      	cmp	r4, r5
100014c0:	eb76 0307 	sbcs.w	r3, r6, r7
100014c4:	bf3c      	itt	cc
100014c6:	2500      	movcc	r5, #0
100014c8:	462f      	movcc	r7, r5
100014ca:	f000 f93f 	bl	1000174c <time_us_64>
100014ce:	1a28      	subs	r0, r5, r0
100014d0:	eb67 0c01 	sbc.w	ip, r7, r1
100014d4:	2801      	cmp	r0, #1
100014d6:	f17c 0c00 	sbcs.w	ip, ip, #0
100014da:	da06      	bge.n	100014ea <sleep_us+0x5a>
100014dc:	4620      	mov	r0, r4
100014de:	4631      	mov	r1, r6
100014e0:	b002      	add	sp, #8
100014e2:	e8bd 41f0 	ldmia.w	sp!, {r4, r5, r6, r7, r8, lr}
100014e6:	f000 b93b 	b.w	10001760 <busy_wait_until>
100014ea:	f000 f92f 	bl	1000174c <time_us_64>
100014ee:	4285      	cmp	r5, r0
100014f0:	eb67 0101 	sbc.w	r1, r7, r1
100014f4:	2900      	cmp	r1, #0
100014f6:	db0a      	blt.n	1000150e <sleep_us+0x7e>
100014f8:	2100      	movs	r1, #0
100014fa:	4b17      	ldr	r3, [pc, #92]	@ (10001558 <sleep_us+0xc8>)
100014fc:	462a      	mov	r2, r5
100014fe:	9300      	str	r3, [sp, #0]
10001500:	4816      	ldr	r0, [pc, #88]	@ (1000155c <sleep_us+0xcc>)
10001502:	463b      	mov	r3, r7
10001504:	9101      	str	r1, [sp, #4]
10001506:	f7ff ff1d 	bl	10001344 <alarm_pool_add_alarm_at_force_in_context>
1000150a:	3001      	adds	r0, #1
1000150c:	d0e6      	beq.n	100014dc <sleep_us+0x4c>
1000150e:	f04f 0c00 	mov.w	ip, #0
10001512:	4a13      	ldr	r2, [pc, #76]	@ (10001560 <sleep_us+0xd0>)
10001514:	4913      	ldr	r1, [pc, #76]	@ (10001564 <sleep_us+0xd4>)
10001516:	6a53      	ldr	r3, [r2, #36]	@ 0x24
10001518:	429f      	cmp	r7, r3
1000151a:	d804      	bhi.n	10001526 <sleep_us+0x96>
1000151c:	6a90      	ldr	r0, [r2, #40]	@ 0x28
1000151e:	42a8      	cmp	r0, r5
10001520:	d2dc      	bcs.n	100014dc <sleep_us+0x4c>
10001522:	429f      	cmp	r7, r3
10001524:	d1da      	bne.n	100014dc <sleep_us+0x4c>
10001526:	680b      	ldr	r3, [r1, #0]
10001528:	f3ef 8010 	mrs	r0, PRIMASK
1000152c:	b672      	cpsid	i
1000152e:	e8d3 8fcf 	ldaexb	r8, [r3]
10001532:	f05f 0e01 	movs.w	lr, #1
10001536:	f1b8 0f00 	cmp.w	r8, #0
1000153a:	d1f8      	bne.n	1000152e <sleep_us+0x9e>
1000153c:	e8c3 ef48 	strexb	r8, lr, [r3]
10001540:	f1b8 0f00 	cmp.w	r8, #0
10001544:	d1f3      	bne.n	1000152e <sleep_us+0x9e>
10001546:	f3bf 8f5f 	dmb	sy
1000154a:	680b      	ldr	r3, [r1, #0]
1000154c:	e8c3 cf8f 	stlb	ip, [r3]
10001550:	f380 8810 	msr	PRIMASK, r0
10001554:	bf20      	wfe
10001556:	e7de      	b.n	10001516 <sleep_us+0x86>
10001558:	10000e35 	.word	0x10000e35
1000155c:	200011cc 	.word	0x200011cc
10001560:	400b0000 	.word	0x400b0000
10001564:	20001e28 	.word	0x20001e28

10001568 <sleep_ms>:
10001568:	e92d 41f0 	stmdb	sp!, {r4, r5, r6, r7, r8, lr}
1000156c:	b082      	sub	sp, #8
1000156e:	4606      	mov	r6, r0
10001570:	f000 f8ec 	bl	1000174c <time_us_64>
10001574:	f44f 737a 	mov.w	r3, #1000	@ 0x3e8
10001578:	4604      	mov	r4, r0
1000157a:	f04f 30ff 	mov.w	r0, #4294967295
1000157e:	f06f 4200 	mvn.w	r2, #2147483648	@ 0x80000000
10001582:	fbe6 4103 	umlal	r4, r1, r6, r3
10001586:	42a0      	cmp	r0, r4
10001588:	eb72 0301 	sbcs.w	r3, r2, r1
1000158c:	bf3a      	itte	cc
1000158e:	4604      	movcc	r4, r0
10001590:	4615      	movcc	r5, r2
10001592:	460d      	movcs	r5, r1
10001594:	1fa6      	subs	r6, r4, #6
10001596:	f145 37ff 	adc.w	r7, r5, #4294967295
1000159a:	42b4      	cmp	r4, r6
1000159c:	eb75 0307 	sbcs.w	r3, r5, r7
100015a0:	bf3c      	itt	cc
100015a2:	2600      	movcc	r6, #0
100015a4:	4637      	movcc	r7, r6
100015a6:	f000 f8d1 	bl	1000174c <time_us_64>
100015aa:	1a30      	subs	r0, r6, r0
100015ac:	eb67 0101 	sbc.w	r1, r7, r1
100015b0:	2801      	cmp	r0, #1
100015b2:	f171 0100 	sbcs.w	r1, r1, #0
100015b6:	da06      	bge.n	100015c6 <sleep_ms+0x5e>
100015b8:	4620      	mov	r0, r4
100015ba:	4629      	mov	r1, r5
100015bc:	b002      	add	sp, #8
100015be:	e8bd 41f0 	ldmia.w	sp!, {r4, r5, r6, r7, r8, lr}
100015c2:	f000 b8cd 	b.w	10001760 <busy_wait_until>
100015c6:	f000 f8c1 	bl	1000174c <time_us_64>
100015ca:	4286      	cmp	r6, r0
100015cc:	eb67 0101 	sbc.w	r1, r7, r1
100015d0:	2900      	cmp	r1, #0
100015d2:	db0a      	blt.n	100015ea <sleep_ms+0x82>
100015d4:	2100      	movs	r1, #0
100015d6:	4b17      	ldr	r3, [pc, #92]	@ (10001634 <sleep_ms+0xcc>)
100015d8:	4632      	mov	r2, r6
100015da:	9300      	str	r3, [sp, #0]
100015dc:	4816      	ldr	r0, [pc, #88]	@ (10001638 <sleep_ms+0xd0>)
100015de:	463b      	mov	r3, r7
100015e0:	9101      	str	r1, [sp, #4]
100015e2:	f7ff feaf 	bl	10001344 <alarm_pool_add_alarm_at_force_in_context>
100015e6:	3001      	adds	r0, #1
100015e8:	d0e6      	beq.n	100015b8 <sleep_ms+0x50>
100015ea:	f04f 0c00 	mov.w	ip, #0
100015ee:	4a13      	ldr	r2, [pc, #76]	@ (1000163c <sleep_ms+0xd4>)
100015f0:	4913      	ldr	r1, [pc, #76]	@ (10001640 <sleep_ms+0xd8>)
100015f2:	6a53      	ldr	r3, [r2, #36]	@ 0x24
100015f4:	429f      	cmp	r7, r3
100015f6:	d804      	bhi.n	10001602 <sleep_ms+0x9a>
100015f8:	6a90      	ldr	r0, [r2, #40]	@ 0x28
100015fa:	42b0      	cmp	r0, r6
100015fc:	d2dc      	bcs.n	100015b8 <sleep_ms+0x50>
100015fe:	429f      	cmp	r7, r3
10001600:	d1da      	bne.n	100015b8 <sleep_ms+0x50>
10001602:	680b      	ldr	r3, [r1, #0]
10001604:	f3ef 8010 	mrs	r0, PRIMASK
10001608:	b672      	cpsid	i
1000160a:	e8d3 8fcf 	ldaexb	r8, [r3]
1000160e:	f05f 0e01 	movs.w	lr, #1
10001612:	f1b8 0f00 	cmp.w	r8, #0
10001616:	d1f8      	bne.n	1000160a <sleep_ms+0xa2>
10001618:	e8c3 ef48 	strexb	r8, lr, [r3]
1000161c:	f1b8 0f00 	cmp.w	r8, #0
10001620:	d1f3      	bne.n	1000160a <sleep_ms+0xa2>
10001622:	f3bf 8f5f 	dmb	sy
10001626:	680b      	ldr	r3, [r1, #0]
10001628:	e8c3 cf8f 	stlb	ip, [r3]
1000162c:	f380 8810 	msr	PRIMASK, r0
10001630:	bf20      	wfe
10001632:	e7de      	b.n	100015f2 <sleep_ms+0x8a>
10001634:	10000e35 	.word	0x10000e35
10001638:	200011cc 	.word	0x200011cc
1000163c:	400b0000 	.word	0x400b0000
10001640:	20001e28 	.word	0x20001e28

10001644 <best_effort_wfe_or_timeout>:
10001644:	e92d 43f0 	stmdb	sp!, {r4, r5, r6, r7, r8, r9, lr}
10001648:	4606      	mov	r6, r0
1000164a:	460d      	mov	r5, r1
1000164c:	b083      	sub	sp, #12
1000164e:	f3ef 8405 	mrs	r4, IPSR
10001652:	b2e4      	uxtb	r4, r4
10001654:	b13c      	cbz	r4, 10001666 <best_effort_wfe_or_timeout+0x22>
10001656:	4b2d      	ldr	r3, [pc, #180]	@ (1000170c <best_effort_wfe_or_timeout+0xc8>)
10001658:	6a5a      	ldr	r2, [r3, #36]	@ 0x24
1000165a:	42aa      	cmp	r2, r5
1000165c:	d21c      	bcs.n	10001698 <best_effort_wfe_or_timeout+0x54>
1000165e:	2000      	movs	r0, #0
10001660:	b003      	add	sp, #12
10001662:	e8bd 83f0 	ldmia.w	sp!, {r4, r5, r6, r7, r8, r9, pc}
10001666:	4f2a      	ldr	r7, [pc, #168]	@ (10001710 <best_effort_wfe_or_timeout+0xcc>)
10001668:	f8d7 900c 	ldr.w	r9, [r7, #12]
1000166c:	f897 8000 	ldrb.w	r8, [r7]
10001670:	4648      	mov	r0, r9
10001672:	f000 f863 	bl	1000173c <timer_time_us_64>
10001676:	f108 0804 	add.w	r8, r8, #4
1000167a:	f859 3028 	ldr.w	r3, [r9, r8, lsl #2]
1000167e:	1a1b      	subs	r3, r3, r0
10001680:	1a30      	subs	r0, r6, r0
10001682:	eb65 0101 	sbc.w	r1, r5, r1
10001686:	4298      	cmp	r0, r3
10001688:	f171 0100 	sbcs.w	r1, r1, #0
1000168c:	db10      	blt.n	100016b0 <best_effort_wfe_or_timeout+0x6c>
1000168e:	bf20      	wfe
10001690:	4b1e      	ldr	r3, [pc, #120]	@ (1000170c <best_effort_wfe_or_timeout+0xc8>)
10001692:	6a5a      	ldr	r2, [r3, #36]	@ 0x24
10001694:	42aa      	cmp	r2, r5
10001696:	d3e2      	bcc.n	1000165e <best_effort_wfe_or_timeout+0x1a>
10001698:	bf14      	ite	ne
1000169a:	2401      	movne	r4, #1
1000169c:	2400      	moveq	r4, #0
1000169e:	6a9b      	ldr	r3, [r3, #40]	@ 0x28
100016a0:	42b3      	cmp	r3, r6
100016a2:	bf34      	ite	cc
100016a4:	4620      	movcc	r0, r4
100016a6:	f044 0001 	orrcs.w	r0, r4, #1
100016aa:	b003      	add	sp, #12
100016ac:	e8bd 83f0 	ldmia.w	sp!, {r4, r5, r6, r7, r8, r9, pc}
100016b0:	f000 f84c 	bl	1000174c <time_us_64>
100016b4:	4286      	cmp	r6, r0
100016b6:	eb65 0101 	sbc.w	r1, r5, r1
100016ba:	2900      	cmp	r1, #0
100016bc:	db14      	blt.n	100016e8 <best_effort_wfe_or_timeout+0xa4>
100016be:	4b15      	ldr	r3, [pc, #84]	@ (10001714 <best_effort_wfe_or_timeout+0xd0>)
100016c0:	4638      	mov	r0, r7
100016c2:	e9cd 3400 	strd	r3, r4, [sp]
100016c6:	4632      	mov	r2, r6
100016c8:	462b      	mov	r3, r5
100016ca:	f7ff fe3b 	bl	10001344 <alarm_pool_add_alarm_at_force_in_context>
100016ce:	1e01      	subs	r1, r0, #0
100016d0:	dd0a      	ble.n	100016e8 <best_effort_wfe_or_timeout+0xa4>
100016d2:	4b0e      	ldr	r3, [pc, #56]	@ (1000170c <best_effort_wfe_or_timeout+0xc8>)
100016d4:	6a5a      	ldr	r2, [r3, #36]	@ 0x24
100016d6:	42aa      	cmp	r2, r5
100016d8:	d316      	bcc.n	10001708 <best_effort_wfe_or_timeout+0xc4>
100016da:	6a9b      	ldr	r3, [r3, #40]	@ 0x28
100016dc:	42b3      	cmp	r3, r6
100016de:	d311      	bcc.n	10001704 <best_effort_wfe_or_timeout+0xc0>
100016e0:	480b      	ldr	r0, [pc, #44]	@ (10001710 <best_effort_wfe_or_timeout+0xcc>)
100016e2:	f7ff fe93 	bl	1000140c <alarm_pool_cancel_alarm>
100016e6:	e7b6      	b.n	10001656 <best_effort_wfe_or_timeout+0x12>
100016e8:	4b08      	ldr	r3, [pc, #32]	@ (1000170c <best_effort_wfe_or_timeout+0xc8>)
100016ea:	6a5c      	ldr	r4, [r3, #36]	@ 0x24
100016ec:	42ac      	cmp	r4, r5
100016ee:	d3b6      	bcc.n	1000165e <best_effort_wfe_or_timeout+0x1a>
100016f0:	1b64      	subs	r4, r4, r5
100016f2:	bf18      	it	ne
100016f4:	2401      	movne	r4, #1
100016f6:	6a9b      	ldr	r3, [r3, #40]	@ 0x28
100016f8:	42b3      	cmp	r3, r6
100016fa:	bf34      	ite	cc
100016fc:	4620      	movcc	r0, r4
100016fe:	f044 0001 	orrcs.w	r0, r4, #1
10001702:	e7ad      	b.n	10001660 <best_effort_wfe_or_timeout+0x1c>
10001704:	42aa      	cmp	r2, r5
10001706:	d1eb      	bne.n	100016e0 <best_effort_wfe_or_timeout+0x9c>
10001708:	bf20      	wfe
1000170a:	e7e9      	b.n	100016e0 <best_effort_wfe_or_timeout+0x9c>
1000170c:	400b0000 	.word	0x400b0000
10001710:	200011cc 	.word	0x200011cc
10001714:	10000e35 	.word	0x10000e35

10001718 <timer_hardware_alarm_claim>:
10001718:	b410      	push	{r4}
1000171a:	4b05      	ldr	r3, [pc, #20]	@ (10001730 <timer_hardware_alarm_claim+0x18>)
1000171c:	4c05      	ldr	r4, [pc, #20]	@ (10001734 <timer_hardware_alarm_claim+0x1c>)
1000171e:	4a06      	ldr	r2, [pc, #24]	@ (10001738 <timer_hardware_alarm_claim+0x20>)
10001720:	42a0      	cmp	r0, r4
10001722:	bf14      	ite	ne
10001724:	4618      	movne	r0, r3
10001726:	1c58      	addeq	r0, r3, #1
10001728:	f85d 4b04 	ldr.w	r4, [sp], #4
1000172c:	f7ff b89e 	b.w	1000086c <hw_claim_or_assert>
10001730:	20001974 	.word	0x20001974
10001734:	400b8000 	.word	0x400b8000
10001738:	10006570 	.word	0x10006570

1000173c <timer_time_us_64>:
1000173c:	4603      	mov	r3, r0
1000173e:	6a41      	ldr	r1, [r0, #36]	@ 0x24
10001740:	460a      	mov	r2, r1
10001742:	6a98      	ldr	r0, [r3, #40]	@ 0x28
10001744:	6a59      	ldr	r1, [r3, #36]	@ 0x24
10001746:	428a      	cmp	r2, r1
10001748:	d1fa      	bne.n	10001740 <timer_time_us_64+0x4>
1000174a:	4770      	bx	lr

1000174c <time_us_64>:
1000174c:	4b03      	ldr	r3, [pc, #12]	@ (1000175c <time_us_64+0x10>)
1000174e:	6a59      	ldr	r1, [r3, #36]	@ 0x24
10001750:	460a      	mov	r2, r1
10001752:	6a98      	ldr	r0, [r3, #40]	@ 0x28
10001754:	6a59      	ldr	r1, [r3, #36]	@ 0x24
10001756:	4291      	cmp	r1, r2
10001758:	d1fa      	bne.n	10001750 <time_us_64+0x4>
1000175a:	4770      	bx	lr
1000175c:	400b0000 	.word	0x400b0000

10001760 <busy_wait_until>:
10001760:	4a07      	ldr	r2, [pc, #28]	@ (10001780 <busy_wait_until+0x20>)
10001762:	6a53      	ldr	r3, [r2, #36]	@ 0x24
10001764:	4299      	cmp	r1, r3
10001766:	d8fc      	bhi.n	10001762 <busy_wait_until+0x2>
10001768:	4299      	cmp	r1, r3
1000176a:	d107      	bne.n	1000177c <busy_wait_until+0x1c>
1000176c:	4b04      	ldr	r3, [pc, #16]	@ (10001780 <busy_wait_until+0x20>)
1000176e:	e002      	b.n	10001776 <busy_wait_until+0x16>
10001770:	6a5a      	ldr	r2, [r3, #36]	@ 0x24
10001772:	4291      	cmp	r1, r2
10001774:	d102      	bne.n	1000177c <busy_wait_until+0x1c>
10001776:	6a9a      	ldr	r2, [r3, #40]	@ 0x28
10001778:	4290      	cmp	r0, r2
1000177a:	d8f9      	bhi.n	10001770 <busy_wait_until+0x10>
1000177c:	4770      	bx	lr
1000177e:	bf00      	nop
10001780:	400b0000 	.word	0x400b0000

10001784 <clock_configure_undivided>:
10001784:	eb00 0c40 	add.w	ip, r0, r0, lsl #1
10001788:	ea4f 0c8c 	mov.w	ip, ip, lsl #2
1000178c:	f10c 4c80 	add.w	ip, ip, #1073741824	@ 0x40000000
10001790:	f50c 3c80 	add.w	ip, ip, #65536	@ 0x10000
10001794:	b5f0      	push	{r4, r5, r6, r7, lr}
10001796:	4616      	mov	r6, r2
10001798:	f8dc 2004 	ldr.w	r2, [ip, #4]
1000179c:	1f05      	subs	r5, r0, #4
1000179e:	f5b2 3f80 	cmp.w	r2, #65536	@ 0x10000
100017a2:	bf38      	it	cc
100017a4:	f44f 3280 	movcc.w	r2, #65536	@ 0x10000
100017a8:	b2ed      	uxtb	r5, r5
100017aa:	bf38      	it	cc
100017ac:	f8cc 2004 	strcc.w	r2, [ip, #4]
100017b0:	2d01      	cmp	r5, #1
100017b2:	d92a      	bls.n	1000180a <clock_configure_undivided+0x86>
100017b4:	f44f 6700 	mov.w	r7, #2048	@ 0x800
100017b8:	4c25      	ldr	r4, [pc, #148]	@ (10001850 <clock_configure_undivided+0xcc>)
100017ba:	f50c 5240 	add.w	r2, ip, #12288	@ 0x3000
100017be:	6017      	str	r7, [r2, #0]
100017c0:	f854 2020 	ldr.w	r2, [r4, r0, lsl #2]
100017c4:	b9b2      	cbnz	r2, 100017f4 <clock_configure_undivided+0x70>
100017c6:	f8dc 2000 	ldr.w	r2, [ip]
100017ca:	2d01      	cmp	r5, #1
100017cc:	ea82 1246 	eor.w	r2, r2, r6, lsl #5
100017d0:	f002 02e0 	and.w	r2, r2, #224	@ 0xe0
100017d4:	f50c 5680 	add.w	r6, ip, #4096	@ 0x1000
100017d8:	6032      	str	r2, [r6, #0]
100017da:	d92a      	bls.n	10001832 <clock_configure_undivided+0xae>
100017dc:	f44f 6100 	mov.w	r1, #2048	@ 0x800
100017e0:	f844 3020 	str.w	r3, [r4, r0, lsl #2]
100017e4:	f44f 3380 	mov.w	r3, #65536	@ 0x10000
100017e8:	f50c 5200 	add.w	r2, ip, #8192	@ 0x2000
100017ec:	6011      	str	r1, [r2, #0]
100017ee:	f8cc 3004 	str.w	r3, [ip, #4]
100017f2:	bdf0      	pop	{r4, r5, r6, r7, pc}
100017f4:	6967      	ldr	r7, [r4, #20]
100017f6:	fbb7 fef2 	udiv	lr, r7, r2
100017fa:	f10e 0e01 	add.w	lr, lr, #1
100017fe:	eb0e 0e4e 	add.w	lr, lr, lr, lsl #1
10001802:	f1be 0e03 	subs.w	lr, lr, #3
10001806:	d2fc      	bcs.n	10001802 <clock_configure_undivided+0x7e>
10001808:	e7dd      	b.n	100017c6 <clock_configure_undivided+0x42>
1000180a:	2901      	cmp	r1, #1
1000180c:	d1d2      	bne.n	100017b4 <clock_configure_undivided+0x30>
1000180e:	2403      	movs	r4, #3
10001810:	f50c 5240 	add.w	r2, ip, #12288	@ 0x3000
10001814:	6014      	str	r4, [r2, #0]
10001816:	f8dc 2008 	ldr.w	r2, [ip, #8]
1000181a:	07d2      	lsls	r2, r2, #31
1000181c:	d5fb      	bpl.n	10001816 <clock_configure_undivided+0x92>
1000181e:	f8dc 2000 	ldr.w	r2, [ip]
10001822:	4c0b      	ldr	r4, [pc, #44]	@ (10001850 <clock_configure_undivided+0xcc>)
10001824:	ea82 1246 	eor.w	r2, r2, r6, lsl #5
10001828:	f002 02e0 	and.w	r2, r2, #224	@ 0xe0
1000182c:	f50c 5680 	add.w	r6, ip, #4096	@ 0x1000
10001830:	6032      	str	r2, [r6, #0]
10001832:	2201      	movs	r2, #1
10001834:	f8dc 5000 	ldr.w	r5, [ip]
10001838:	404d      	eors	r5, r1
1000183a:	f005 0503 	and.w	r5, r5, #3
1000183e:	6035      	str	r5, [r6, #0]
10001840:	fa02 f101 	lsl.w	r1, r2, r1
10001844:	f8dc 2008 	ldr.w	r2, [ip, #8]
10001848:	420a      	tst	r2, r1
1000184a:	d0fb      	beq.n	10001844 <clock_configure_undivided+0xc0>
1000184c:	e7c6      	b.n	100017dc <clock_configure_undivided+0x58>
1000184e:	bf00      	nop
10001850:	20001978 	.word	0x20001978

10001854 <clock_get_hz>:
10001854:	4b01      	ldr	r3, [pc, #4]	@ (1000185c <clock_get_hz+0x8>)
10001856:	f853 0020 	ldr.w	r0, [r3, r0, lsl #2]
1000185a:	4770      	bx	lr
1000185c:	20001978 	.word	0x20001978

10001860 <pll_init>:
10001860:	b470      	push	{r4, r5, r6}
10001862:	9d03      	ldr	r5, [sp, #12]
10001864:	6804      	ldr	r4, [r0, #0]
10001866:	032d      	lsls	r5, r5, #12
10001868:	ea45 4503 	orr.w	r5, r5, r3, lsl #16
1000186c:	4b1b      	ldr	r3, [pc, #108]	@ (100018dc <pll_init+0x7c>)
1000186e:	2c00      	cmp	r4, #0
10001870:	fbb3 f3f1 	udiv	r3, r3, r1
10001874:	fbb2 f6f3 	udiv	r6, r2, r3
10001878:	db1f      	blt.n	100018ba <pll_init+0x5a>
1000187a:	4a19      	ldr	r2, [pc, #100]	@ (100018e0 <pll_init+0x80>)
1000187c:	4b19      	ldr	r3, [pc, #100]	@ (100018e4 <pll_init+0x84>)
1000187e:	4290      	cmp	r0, r2
10001880:	bf14      	ite	ne
10001882:	f44f 4280 	movne.w	r2, #16384	@ 0x4000
10001886:	f44f 4200 	moveq.w	r2, #32768	@ 0x8000
1000188a:	4c17      	ldr	r4, [pc, #92]	@ (100018e8 <pll_init+0x88>)
1000188c:	601a      	str	r2, [r3, #0]
1000188e:	f503 5380 	add.w	r3, r3, #4096	@ 0x1000
10001892:	601a      	str	r2, [r3, #0]
10001894:	68a3      	ldr	r3, [r4, #8]
10001896:	ea32 0303 	bics.w	r3, r2, r3
1000189a:	d1fb      	bne.n	10001894 <pll_init+0x34>
1000189c:	2221      	movs	r2, #33	@ 0x21
1000189e:	f500 5340 	add.w	r3, r0, #12288	@ 0x3000
100018a2:	3304      	adds	r3, #4
100018a4:	6001      	str	r1, [r0, #0]
100018a6:	6086      	str	r6, [r0, #8]
100018a8:	601a      	str	r2, [r3, #0]
100018aa:	6802      	ldr	r2, [r0, #0]
100018ac:	2a00      	cmp	r2, #0
100018ae:	dafc      	bge.n	100018aa <pll_init+0x4a>
100018b0:	2208      	movs	r2, #8
100018b2:	60c5      	str	r5, [r0, #12]
100018b4:	601a      	str	r2, [r3, #0]
100018b6:	bc70      	pop	{r4, r5, r6}
100018b8:	4770      	bx	lr
100018ba:	6803      	ldr	r3, [r0, #0]
100018bc:	f003 033f 	and.w	r3, r3, #63	@ 0x3f
100018c0:	428b      	cmp	r3, r1
100018c2:	d1da      	bne.n	1000187a <pll_init+0x1a>
100018c4:	6883      	ldr	r3, [r0, #8]
100018c6:	f3c3 030b 	ubfx	r3, r3, #0, #12
100018ca:	42b3      	cmp	r3, r6
100018cc:	d1d5      	bne.n	1000187a <pll_init+0x1a>
100018ce:	68c3      	ldr	r3, [r0, #12]
100018d0:	f403 23ee 	and.w	r3, r3, #487424	@ 0x77000
100018d4:	42ab      	cmp	r3, r5
100018d6:	d1d0      	bne.n	1000187a <pll_init+0x1a>
100018d8:	e7ed      	b.n	100018b6 <pll_init+0x56>
100018da:	bf00      	nop
100018dc:	00b71b00 	.word	0x00b71b00
100018e0:	40058000 	.word	0x40058000
100018e4:	40022000 	.word	0x40022000
100018e8:	40020000 	.word	0x40020000

100018ec <watchdog_reboot>:
100018ec:	b430      	push	{r4, r5}
100018ee:	f04f 4480 	mov.w	r4, #1073741824	@ 0x40000000
100018f2:	4b1c      	ldr	r3, [pc, #112]	@ (10001964 <watchdog_reboot+0x78>)
100018f4:	601c      	str	r4, [r3, #0]
100018f6:	b1e0      	cbz	r0, 10001932 <watchdog_reboot+0x46>
100018f8:	4c1b      	ldr	r4, [pc, #108]	@ (10001968 <watchdog_reboot+0x7c>)
100018fa:	f5a3 5340 	sub.w	r3, r3, #12288	@ 0x3000
100018fe:	61dc      	str	r4, [r3, #28]
10001900:	4c1a      	ldr	r4, [pc, #104]	@ (1000196c <watchdog_reboot+0x80>)
10001902:	f040 0001 	orr.w	r0, r0, #1
10001906:	4044      	eors	r4, r0
10001908:	621c      	str	r4, [r3, #32]
1000190a:	6259      	str	r1, [r3, #36]	@ 0x24
1000190c:	6298      	str	r0, [r3, #40]	@ 0x28
1000190e:	f04f 4580 	mov.w	r5, #1073741824	@ 0x40000000
10001912:	f04f 61e0 	mov.w	r1, #117440512	@ 0x7000000
10001916:	4b13      	ldr	r3, [pc, #76]	@ (10001964 <watchdog_reboot+0x78>)
10001918:	4815      	ldr	r0, [pc, #84]	@ (10001970 <watchdog_reboot+0x84>)
1000191a:	4c16      	ldr	r4, [pc, #88]	@ (10001974 <watchdog_reboot+0x88>)
1000191c:	601d      	str	r5, [r3, #0]
1000191e:	6084      	str	r4, [r0, #8]
10001920:	6019      	str	r1, [r3, #0]
10001922:	b94a      	cbnz	r2, 10001938 <watchdog_reboot+0x4c>
10001924:	bc30      	pop	{r4, r5}
10001926:	f04f 4200 	mov.w	r2, #2147483648	@ 0x80000000
1000192a:	f5a3 5380 	sub.w	r3, r3, #4096	@ 0x1000
1000192e:	601a      	str	r2, [r3, #0]
10001930:	4770      	bx	lr
10001932:	4b11      	ldr	r3, [pc, #68]	@ (10001978 <watchdog_reboot+0x8c>)
10001934:	61d8      	str	r0, [r3, #28]
10001936:	e7ea      	b.n	1000190e <watchdog_reboot+0x22>
10001938:	f44f 737a 	mov.w	r3, #1000	@ 0x3e8
1000193c:	fb03 f202 	mul.w	r2, r3, r2
10001940:	f1b2 7f80 	cmp.w	r2, #16777216	@ 0x1000000
10001944:	bf2a      	itet	cs
10001946:	f06f 437f 	mvncs.w	r3, #4278190080	@ 0xff000000
1000194a:	4613      	movcc	r3, r2
1000194c:	461a      	movcs	r2, r3
1000194e:	f04f 4180 	mov.w	r1, #1073741824	@ 0x40000000
10001952:	4c0a      	ldr	r4, [pc, #40]	@ (1000197c <watchdog_reboot+0x90>)
10001954:	4808      	ldr	r0, [pc, #32]	@ (10001978 <watchdog_reboot+0x8c>)
10001956:	6023      	str	r3, [r4, #0]
10001958:	4b09      	ldr	r3, [pc, #36]	@ (10001980 <watchdog_reboot+0x94>)
1000195a:	6042      	str	r2, [r0, #4]
1000195c:	bc30      	pop	{r4, r5}
1000195e:	6019      	str	r1, [r3, #0]
10001960:	4770      	bx	lr
10001962:	bf00      	nop
10001964:	400db000 	.word	0x400db000
10001968:	b007c0d3 	.word	0xb007c0d3
1000196c:	4ff83f2d 	.word	0x4ff83f2d
10001970:	4001a000 	.word	0x4001a000
10001974:	01fffff3 	.word	0x01fffff3
10001978:	400d8000 	.word	0x400d8000
1000197c:	20001dd8 	.word	0x20001dd8
10001980:	400da000 	.word	0x400da000

10001984 <tick_start>:
10001984:	2301      	movs	r3, #1
10001986:	eb00 0040 	add.w	r0, r0, r0, lsl #1
1000198a:	0080      	lsls	r0, r0, #2
1000198c:	f100 4080 	add.w	r0, r0, #1073741824	@ 0x40000000
10001990:	f500 1084 	add.w	r0, r0, #1081344	@ 0x108000
10001994:	6041      	str	r1, [r0, #4]
10001996:	6003      	str	r3, [r0, #0]
10001998:	4770      	bx	lr
1000199a:	bf00      	nop

1000199c <rom_reboot.constprop.0.isra.0>:
1000199c:	2300      	movs	r3, #0
1000199e:	b570      	push	{r4, r5, r6, lr}
100019a0:	8adb      	ldrh	r3, [r3, #22]
100019a2:	4604      	mov	r4, r0
100019a4:	460d      	mov	r5, r1
100019a6:	2200      	movs	r2, #0
100019a8:	e842 f200 	tt	r2, r2
100019ac:	0252      	lsls	r2, r2, #9
100019ae:	bf54      	ite	pl
100019b0:	2110      	movpl	r1, #16
100019b2:	2104      	movmi	r1, #4
100019b4:	f244 2052 	movw	r0, #16978	@ 0x4252
100019b8:	4798      	blx	r3
100019ba:	4686      	mov	lr, r0
100019bc:	462b      	mov	r3, r5
100019be:	4622      	mov	r2, r4
100019c0:	46f4      	mov	ip, lr
100019c2:	e8bd 4070 	ldmia.w	sp!, {r4, r5, r6, lr}
100019c6:	210a      	movs	r1, #10
100019c8:	f44f 7081 	mov.w	r0, #258	@ 0x102
100019cc:	4760      	bx	ip
100019ce:	bf00      	nop

100019d0 <rom_func_lookup>:
100019d0:	2300      	movs	r3, #0
100019d2:	8adb      	ldrh	r3, [r3, #22]
100019d4:	2200      	movs	r2, #0
100019d6:	e842 f200 	tt	r2, r2
100019da:	0252      	lsls	r2, r2, #9
100019dc:	d401      	bmi.n	100019e2 <rom_func_lookup+0x12>
100019de:	2110      	movs	r1, #16
100019e0:	4718      	bx	r3
100019e2:	2104      	movs	r1, #4
100019e4:	4718      	bx	r3
100019e6:	bf00      	nop

100019e8 <rom_reset_usb_boot_extra>:
100019e8:	b508      	push	{r3, lr}
100019ea:	4603      	mov	r3, r0
100019ec:	4608      	mov	r0, r1
100019ee:	1e19      	subs	r1, r3, #0
100019f0:	db02      	blt.n	100019f8 <rom_reset_usb_boot_extra+0x10>
100019f2:	b11a      	cbz	r2, 100019fc <rom_reset_usb_boot_extra+0x14>
100019f4:	f040 0030 	orr.w	r0, r0, #48	@ 0x30
100019f8:	f7ff ffd0 	bl	1000199c <rom_reboot.constprop.0.isra.0>
100019fc:	f040 0020 	orr.w	r0, r0, #32
10001a00:	e7fa      	b.n	100019f8 <rom_reset_usb_boot_extra+0x10>
10001a02:	bf00      	nop

10001a04 <runtime_init_bootrom_locking_enable>:
10001a04:	4a03      	ldr	r2, [pc, #12]	@ (10001a14 <runtime_init_bootrom_locking_enable+0x10>)
10001a06:	f8d2 3828 	ldr.w	r3, [r2, #2088]	@ 0x828
10001a0a:	2b00      	cmp	r3, #0
10001a0c:	d0fb      	beq.n	10001a06 <runtime_init_bootrom_locking_enable+0x2>
10001a0e:	f3bf 8f5f 	dmb	sy
10001a12:	4770      	bx	lr
10001a14:	400e0000 	.word	0x400e0000

10001a18 <runtime_init_boot_locks_reset>:
10001a18:	2100      	movs	r1, #0
10001a1a:	4b04      	ldr	r3, [pc, #16]	@ (10001a2c <runtime_init_boot_locks_reset+0x14>)
10001a1c:	4a04      	ldr	r2, [pc, #16]	@ (10001a30 <runtime_init_boot_locks_reset+0x18>)
10001a1e:	f3bf 8f5f 	dmb	sy
10001a22:	f843 1b04 	str.w	r1, [r3], #4
10001a26:	4293      	cmp	r3, r2
10001a28:	d1f9      	bne.n	10001a1e <runtime_init_boot_locks_reset+0x6>
10001a2a:	4770      	bx	lr
10001a2c:	400e080c 	.word	0x400e080c
10001a30:	400e082c 	.word	0x400e082c

10001a34 <xosc_init>:
10001a34:	b410      	push	{r4}
10001a36:	f44f 708d 	mov.w	r0, #282	@ 0x11a
10001a3a:	f44f 642a 	mov.w	r4, #2720	@ 0xaa0
10001a3e:	4a06      	ldr	r2, [pc, #24]	@ (10001a58 <xosc_init+0x24>)
10001a40:	4b06      	ldr	r3, [pc, #24]	@ (10001a5c <xosc_init+0x28>)
10001a42:	4907      	ldr	r1, [pc, #28]	@ (10001a60 <xosc_init+0x2c>)
10001a44:	6014      	str	r4, [r2, #0]
10001a46:	60d0      	str	r0, [r2, #12]
10001a48:	6019      	str	r1, [r3, #0]
10001a4a:	6853      	ldr	r3, [r2, #4]
10001a4c:	2b00      	cmp	r3, #0
10001a4e:	dafc      	bge.n	10001a4a <xosc_init+0x16>
10001a50:	f85d 4b04 	ldr.w	r4, [sp], #4
10001a54:	4770      	bx	lr
10001a56:	bf00      	nop
10001a58:	40048000 	.word	0x40048000
10001a5c:	4004a000 	.word	0x4004a000
10001a60:	00fab000 	.word	0x00fab000

10001a64 <first_per_core_initializer>:
10001a64:	4770      	bx	lr
10001a66:	bf00      	nop

10001a68 <hard_assertion_failure>:
10001a68:	b508      	push	{r3, lr}
10001a6a:	4801      	ldr	r0, [pc, #4]	@ (10001a70 <hard_assertion_failure+0x8>)
10001a6c:	f7fe fee6 	bl	1000083c <panic>
10001a70:	10006594 	.word	0x10006594

10001a74 <runtime_run_initializers>:
10001a74:	b538      	push	{r3, r4, r5, lr}
10001a76:	4c05      	ldr	r4, [pc, #20]	@ (10001a8c <runtime_run_initializers+0x18>)
10001a78:	4d05      	ldr	r5, [pc, #20]	@ (10001a90 <runtime_run_initializers+0x1c>)
10001a7a:	42ac      	cmp	r4, r5
10001a7c:	d204      	bcs.n	10001a88 <runtime_run_initializers+0x14>
10001a7e:	f854 3b04 	ldr.w	r3, [r4], #4
10001a82:	4798      	blx	r3
10001a84:	42ac      	cmp	r4, r5
10001a86:	d3fa      	bcc.n	10001a7e <runtime_run_initializers+0xa>
10001a88:	bd38      	pop	{r3, r4, r5, pc}
10001a8a:	bf00      	nop
10001a8c:	10006378 	.word	0x10006378
10001a90:	100063b8 	.word	0x100063b8

10001a94 <runtime_init_early_resets>:
10001a94:	b410      	push	{r4}
10001a96:	4807      	ldr	r0, [pc, #28]	@ (10001ab4 <runtime_init_early_resets+0x20>)
10001a98:	4c07      	ldr	r4, [pc, #28]	@ (10001ab8 <runtime_init_early_resets+0x24>)
10001a9a:	4b08      	ldr	r3, [pc, #32]	@ (10001abc <runtime_init_early_resets+0x28>)
10001a9c:	4a08      	ldr	r2, [pc, #32]	@ (10001ac0 <runtime_init_early_resets+0x2c>)
10001a9e:	4909      	ldr	r1, [pc, #36]	@ (10001ac4 <runtime_init_early_resets+0x30>)
10001aa0:	6004      	str	r4, [r0, #0]
10001aa2:	601a      	str	r2, [r3, #0]
10001aa4:	688b      	ldr	r3, [r1, #8]
10001aa6:	ea32 0303 	bics.w	r3, r2, r3
10001aaa:	d1fb      	bne.n	10001aa4 <runtime_init_early_resets+0x10>
10001aac:	f85d 4b04 	ldr.w	r4, [sp], #4
10001ab0:	4770      	bx	lr
10001ab2:	bf00      	nop
10001ab4:	40022000 	.word	0x40022000
10001ab8:	efef3b7f 	.word	0xefef3b7f
10001abc:	40023000 	.word	0x40023000
10001ac0:	03f3fff6 	.word	0x03f3fff6
10001ac4:	40020000 	.word	0x40020000

10001ac8 <runtime_init_usb_power_down>:
10001ac8:	4b04      	ldr	r3, [pc, #16]	@ (10001adc <runtime_init_usb_power_down+0x14>)
10001aca:	6cdb      	ldr	r3, [r3, #76]	@ 0x4c
10001acc:	f5b3 4f00 	cmp.w	r3, #32768	@ 0x8000
10001ad0:	d103      	bne.n	10001ada <runtime_init_usb_power_down+0x12>
10001ad2:	f44f 2280 	mov.w	r2, #262144	@ 0x40000
10001ad6:	4b02      	ldr	r3, [pc, #8]	@ (10001ae0 <runtime_init_usb_power_down+0x18>)
10001ad8:	64da      	str	r2, [r3, #76]	@ 0x4c
10001ada:	4770      	bx	lr
10001adc:	50110000 	.word	0x50110000
10001ae0:	50112000 	.word	0x50112000

10001ae4 <runtime_init_per_core_enable_coprocessors>:
10001ae4:	f04f 22e0 	mov.w	r2, #3758153728	@ 0xe000e000
10001ae8:	4b04      	ldr	r3, [pc, #16]	@ (10001afc <runtime_init_per_core_enable_coprocessors+0x18>)
10001aea:	f8d2 1d88 	ldr.w	r1, [r2, #3464]	@ 0xd88
10001aee:	430b      	orrs	r3, r1
10001af0:	f8c2 3d88 	str.w	r3, [r2, #3464]	@ 0xd88
10001af4:	ee10 0430 			dcp_rcmp r0
10001af8:	4770      	bx	lr
10001afa:	bf00      	nop
10001afc:	00300303 	.word	0x00300303

10001b00 <runtime_init_post_clock_resets>:
10001b00:	f06f 4160 	mvn.w	r1, #3758096384	@ 0xe0000000
10001b04:	4b04      	ldr	r3, [pc, #16]	@ (10001b18 <runtime_init_post_clock_resets+0x18>)
10001b06:	4a05      	ldr	r2, [pc, #20]	@ (10001b1c <runtime_init_post_clock_resets+0x1c>)
10001b08:	6019      	str	r1, [r3, #0]
10001b0a:	6893      	ldr	r3, [r2, #8]
10001b0c:	43db      	mvns	r3, r3
10001b0e:	f033 4360 	bics.w	r3, r3, #3758096384	@ 0xe0000000
10001b12:	d1fa      	bne.n	10001b0a <runtime_init_post_clock_resets+0xa>
10001b14:	4770      	bx	lr
10001b16:	bf00      	nop
10001b18:	40023000 	.word	0x40023000
10001b1c:	40020000 	.word	0x40020000

10001b20 <runtime_init_bootrom_reset>:
10001b20:	b510      	push	{r4, lr}
10001b22:	f245 2053 	movw	r0, #21075	@ 0x5253
10001b26:	f7ff ff53 	bl	100019d0 <rom_func_lookup>
10001b2a:	e8bd 4010 	ldmia.w	sp!, {r4, lr}
10001b2e:	4603      	mov	r3, r0
10001b30:	2004      	movs	r0, #4
10001b32:	4718      	bx	r3

10001b34 <runtime_init_per_core_bootrom_reset>:
10001b34:	b510      	push	{r4, lr}
10001b36:	f245 2053 	movw	r0, #21075	@ 0x5253
10001b3a:	f7ff ff49 	bl	100019d0 <rom_func_lookup>
10001b3e:	e8bd 4010 	ldmia.w	sp!, {r4, lr}
10001b42:	4603      	mov	r3, r0
10001b44:	2001      	movs	r0, #1
10001b46:	4718      	bx	r3

10001b48 <runtime_init_spin_locks_reset>:
10001b48:	f7fe bf20 	b.w	1000098c <spin_locks_reset>

10001b4c <runtime_init_install_ram_vector_table>:
10001b4c:	4914      	ldr	r1, [pc, #80]	@ (10001ba0 <runtime_init_install_ram_vector_table+0x54>)
10001b4e:	4b15      	ldr	r3, [pc, #84]	@ (10001ba4 <runtime_init_install_ram_vector_table+0x58>)
10001b50:	b570      	push	{r4, r5, r6, lr}
10001b52:	1a5c      	subs	r4, r3, r1
10001b54:	10a6      	asrs	r6, r4, #2
10001b56:	2e44      	cmp	r6, #68	@ 0x44
10001b58:	4632      	mov	r2, r6
10001b5a:	bf28      	it	cs
10001b5c:	2244      	movcs	r2, #68	@ 0x44
10001b5e:	4d12      	ldr	r5, [pc, #72]	@ (10001ba8 <runtime_init_install_ram_vector_table+0x5c>)
10001b60:	0092      	lsls	r2, r2, #2
10001b62:	4628      	mov	r0, r5
10001b64:	f004 fb3a 	bl	100061dc <memcpy>
10001b68:	f5b4 7f86 	cmp.w	r4, #268	@ 0x10c
10001b6c:	d813      	bhi.n	10001b96 <runtime_init_install_ram_vector_table+0x4a>
10001b6e:	4a0f      	ldr	r2, [pc, #60]	@ (10001bac <runtime_init_install_ram_vector_table+0x60>)
10001b70:	f1c6 0044 	rsb	r0, r6, #68	@ 0x44
10001b74:	d012      	beq.n	10001b9c <runtime_init_install_ram_vector_table+0x50>
10001b76:	192b      	adds	r3, r5, r4
10001b78:	0841      	lsrs	r1, r0, #1
10001b7a:	eb03 01c1 	add.w	r1, r3, r1, lsl #3
10001b7e:	e9c3 2200 	strd	r2, r2, [r3]
10001b82:	3308      	adds	r3, #8
10001b84:	428b      	cmp	r3, r1
10001b86:	d1fa      	bne.n	10001b7e <runtime_init_install_ram_vector_table+0x32>
10001b88:	07c3      	lsls	r3, r0, #31
10001b8a:	d504      	bpl.n	10001b96 <runtime_init_install_ram_vector_table+0x4a>
10001b8c:	f020 0001 	bic.w	r0, r0, #1
10001b90:	4430      	add	r0, r6
10001b92:	f845 2020 	str.w	r2, [r5, r0, lsl #2]
10001b96:	4b06      	ldr	r3, [pc, #24]	@ (10001bb0 <runtime_init_install_ram_vector_table+0x64>)
10001b98:	609d      	str	r5, [r3, #8]
10001b9a:	bd70      	pop	{r4, r5, r6, pc}
10001b9c:	2043      	movs	r0, #67	@ 0x43
10001b9e:	e7f8      	b.n	10001b92 <runtime_init_install_ram_vector_table+0x46>
10001ba0:	10000000 	.word	0x10000000
10001ba4:	10000110 	.word	0x10000110
10001ba8:	20000000 	.word	0x20000000
10001bac:	10000111 	.word	0x10000111
10001bb0:	e000ed00 	.word	0xe000ed00

10001bb4 <runtime_init_clocks>:
10001bb4:	2300      	movs	r3, #0
10001bb6:	b570      	push	{r4, r5, r6, lr}
10001bb8:	4c2b      	ldr	r4, [pc, #172]	@ (10001c68 <runtime_init_clocks+0xb4>)
10001bba:	b082      	sub	sp, #8
10001bbc:	f8c4 3084 	str.w	r3, [r4, #132]	@ 0x84
10001bc0:	f7ff ff38 	bl	10001a34 <xosc_init>
10001bc4:	2201      	movs	r2, #1
10001bc6:	4b29      	ldr	r3, [pc, #164]	@ (10001c6c <runtime_init_clocks+0xb8>)
10001bc8:	63da      	str	r2, [r3, #60]	@ 0x3c
10001bca:	6c63      	ldr	r3, [r4, #68]	@ 0x44
10001bcc:	2b01      	cmp	r3, #1
10001bce:	d1fc      	bne.n	10001bca <runtime_init_clocks+0x16>
10001bd0:	2103      	movs	r1, #3
10001bd2:	4a26      	ldr	r2, [pc, #152]	@ (10001c6c <runtime_init_clocks+0xb8>)
10001bd4:	4b24      	ldr	r3, [pc, #144]	@ (10001c68 <runtime_init_clocks+0xb4>)
10001bd6:	6311      	str	r1, [r2, #48]	@ 0x30
10001bd8:	6b9c      	ldr	r4, [r3, #56]	@ 0x38
10001bda:	2c01      	cmp	r4, #1
10001bdc:	d1fc      	bne.n	10001bd8 <runtime_init_clocks+0x24>
10001bde:	2602      	movs	r6, #2
10001be0:	2505      	movs	r5, #5
10001be2:	4621      	mov	r1, r4
10001be4:	2305      	movs	r3, #5
10001be6:	4a22      	ldr	r2, [pc, #136]	@ (10001c70 <runtime_init_clocks+0xbc>)
10001be8:	4822      	ldr	r0, [pc, #136]	@ (10001c74 <runtime_init_clocks+0xc0>)
10001bea:	9600      	str	r6, [sp, #0]
10001bec:	f7ff fe38 	bl	10001860 <pll_init>
10001bf0:	4621      	mov	r1, r4
10001bf2:	462b      	mov	r3, r5
10001bf4:	4a20      	ldr	r2, [pc, #128]	@ (10001c78 <runtime_init_clocks+0xc4>)
10001bf6:	4821      	ldr	r0, [pc, #132]	@ (10001c7c <runtime_init_clocks+0xc8>)
10001bf8:	9500      	str	r5, [sp, #0]
10001bfa:	f7ff fe31 	bl	10001860 <pll_init>
10001bfe:	2200      	movs	r2, #0
10001c00:	2004      	movs	r0, #4
10001c02:	4631      	mov	r1, r6
10001c04:	4b1e      	ldr	r3, [pc, #120]	@ (10001c80 <runtime_init_clocks+0xcc>)
10001c06:	f7ff fdbd 	bl	10001784 <clock_configure_undivided>
10001c0a:	4621      	mov	r1, r4
10001c0c:	4628      	mov	r0, r5
10001c0e:	2200      	movs	r2, #0
10001c10:	4b1c      	ldr	r3, [pc, #112]	@ (10001c84 <runtime_init_clocks+0xd0>)
10001c12:	f7ff fdb7 	bl	10001784 <clock_configure_undivided>
10001c16:	2200      	movs	r2, #0
10001c18:	2008      	movs	r0, #8
10001c1a:	4611      	mov	r1, r2
10001c1c:	4b1a      	ldr	r3, [pc, #104]	@ (10001c88 <runtime_init_clocks+0xd4>)
10001c1e:	f7ff fdb1 	bl	10001784 <clock_configure_undivided>
10001c22:	2200      	movs	r2, #0
10001c24:	2009      	movs	r0, #9
10001c26:	4611      	mov	r1, r2
10001c28:	4b17      	ldr	r3, [pc, #92]	@ (10001c88 <runtime_init_clocks+0xd4>)
10001c2a:	f7ff fdab 	bl	10001784 <clock_configure_undivided>
10001c2e:	2200      	movs	r2, #0
10001c30:	2006      	movs	r0, #6
10001c32:	4611      	mov	r1, r2
10001c34:	4b13      	ldr	r3, [pc, #76]	@ (10001c84 <runtime_init_clocks+0xd0>)
10001c36:	f7ff fda5 	bl	10001784 <clock_configure_undivided>
10001c3a:	2200      	movs	r2, #0
10001c3c:	4b11      	ldr	r3, [pc, #68]	@ (10001c84 <runtime_init_clocks+0xd0>)
10001c3e:	2007      	movs	r0, #7
10001c40:	4611      	mov	r1, r2
10001c42:	f7ff fd9f 	bl	10001784 <clock_configure_undivided>
10001c46:	2004      	movs	r0, #4
10001c48:	f7ff fe04 	bl	10001854 <clock_get_hz>
10001c4c:	2400      	movs	r4, #0
10001c4e:	4b0f      	ldr	r3, [pc, #60]	@ (10001c8c <runtime_init_clocks+0xd8>)
10001c50:	fba3 3500 	umull	r3, r5, r3, r0
10001c54:	0cad      	lsrs	r5, r5, #18
10001c56:	b2e0      	uxtb	r0, r4
10001c58:	4629      	mov	r1, r5
10001c5a:	3401      	adds	r4, #1
10001c5c:	f7ff fe92 	bl	10001984 <tick_start>
10001c60:	2c06      	cmp	r4, #6
10001c62:	d1f8      	bne.n	10001c56 <runtime_init_clocks+0xa2>
10001c64:	b002      	add	sp, #8
10001c66:	bd70      	pop	{r4, r5, r6, pc}
10001c68:	40010000 	.word	0x40010000
10001c6c:	40013000 	.word	0x40013000
10001c70:	59682f00 	.word	0x59682f00
10001c74:	40050000 	.word	0x40050000
10001c78:	47868c00 	.word	0x47868c00
10001c7c:	40058000 	.word	0x40058000
10001c80:	00b71b00 	.word	0x00b71b00
10001c84:	08f0d180 	.word	0x08f0d180
10001c88:	02dc6c00 	.word	0x02dc6c00
10001c8c:	431bde83 	.word	0x431bde83

10001c90 <generic_save_state>:
10001c90:	b086      	sub	sp, #24
10001c92:	b403      	push	{r0, r1}
10001c94:	fc51 0408 	dcp_pxmd r0, r1
10001c98:	e9cd 0102 	strd	r0, r1, [sp, #8]
10001c9c:	fc51 0409 	dcp_pymd r0, r1
10001ca0:	e9cd 0104 	strd	r0, r1, [sp, #16]
10001ca4:	ec51 040a 	dcp_refd r0, r1
10001ca8:	e9cd 0106 	strd	r0, r1, [sp, #24]
10001cac:	bc03      	pop	{r0, r1}
10001cae:	47f0      	blx	lr

10001cb0 <generic_restore_state>:
10001cb0:	e8bd 5000 	ldmia.w	sp!, {ip, lr}
10001cb4:	ec4e c400 	dcp_wxmd ip, lr
10001cb8:	e8bd 5000 	ldmia.w	sp!, {ip, lr}
10001cbc:	ec4e c401 	dcp_wymd ip, lr
10001cc0:	e8bd 5000 	ldmia.w	sp!, {ip, lr}
10001cc4:	ec4e c402 	dcp_wefd ip, lr
10001cc8:	bd00      	pop	{pc}
10001cca:	0000      	movs	r0, r0
10001ccc:	b500      	push	{lr}
10001cce:	f7ff ffdf 	bl	10001c90 <generic_save_state>
10001cd2:	e002      	b.n	10001cda <__wrap___aeabi_dadd+0x6>

10001cd4 <__wrap___aeabi_dadd>:
10001cd4:	fe10 f430 	dcp_pcmp APSR_nzcv
10001cd8:	d4f8      	bmi.n	10001ccc <generic_restore_state+0x1c>
10001cda:	ec41 0410 	dcp_wxup r0, r1
10001cde:	ec43 2411 	dcp_wyup r2, r3
10001ce2:	ee00 0401 			dcp_add0
10001ce6:	ee10 0401 			dcp_add1
10001cea:	ee80 0420 			dcp_nrdd
10001cee:	ec51 0410 	dcp_rdda r0, r1
10001cf2:	4770      	bx	lr
10001cf4:	b500      	push	{lr}
10001cf6:	f7ff ffcb 	bl	10001c90 <generic_save_state>
10001cfa:	e002      	b.n	10001d02 <__wrap___aeabi_dsub+0x6>

10001cfc <__wrap___aeabi_dsub>:
10001cfc:	fe10 f430 	dcp_pcmp APSR_nzcv
10001d00:	d4f8      	bmi.n	10001cf4 <__wrap___aeabi_dadd+0x20>
10001d02:	ec41 0410 	dcp_wxup r0, r1
10001d06:	ec43 2411 	dcp_wyup r2, r3
10001d0a:	ee00 0401 			dcp_add0
10001d0e:	ee10 0421 			dcp_sub1
10001d12:	ee80 0420 			dcp_nrdd
10001d16:	ec51 0430 	dcp_rdds r0, r1
10001d1a:	4770      	bx	lr
10001d1c:	b500      	push	{lr}
10001d1e:	f7ff ffb7 	bl	10001c90 <generic_save_state>
10001d22:	e002      	b.n	10001d2a <__wrap___aeabi_dmul+0x6>

10001d24 <__wrap___aeabi_dmul>:
10001d24:	fe10 f430 	dcp_pcmp APSR_nzcv
10001d28:	d4f8      	bmi.n	10001d1c <__wrap___aeabi_dsub+0x20>
10001d2a:	b510      	push	{r4, lr}
10001d2c:	ec41 0410 	dcp_wxup r0, r1
10001d30:	ec43 2411 	dcp_wyup r2, r3
10001d34:	ec51 0404 	dcp_rxms r0, r1, #0x0
10001d38:	ec53 2405 	dcp_ryms r2, r3, #0x0
10001d3c:	fba0 4c02 	umull	r4, ip, r0, r2
10001d40:	f05f 0e00 	movs.w	lr, #0
10001d44:	fbe0 ce03 	umlal	ip, lr, r0, r3
10001d48:	fbe1 ce02 	umlal	ip, lr, r1, r2
10001d4c:	ec4c 4420 	dcp_wxms r4, ip
10001d50:	2400      	movs	r4, #0
10001d52:	fbe1 e403 	umlal	lr, r4, r1, r3
10001d56:	ec44 e430 	dcp_wxmo lr, r4
10001d5a:	ee80 0420 			dcp_nrdd
10001d5e:	ec51 0450 	dcp_rddm r0, r1
10001d62:	e8bd 4010 	ldmia.w	sp!, {r4, lr}
10001d66:	4770      	bx	lr
10001d68:	b500      	push	{lr}
10001d6a:	f7ff ff91 	bl	10001c90 <generic_save_state>
10001d6e:	e002      	b.n	10001d76 <__wrap___aeabi_ddiv+0x6>

10001d70 <__wrap___aeabi_ddiv>:
10001d70:	fe10 f430 	dcp_pcmp APSR_nzcv
10001d74:	d4f8      	bmi.n	10001d68 <__wrap___aeabi_dmul+0x44>
10001d76:	ec41 0410 	dcp_wxup r0, r1
10001d7a:	ec43 2411 	dcp_wyup r2, r3
10001d7e:	ec51 0421 	dcp_rymr r0, r1
10001d82:	fba0 1201 	umull	r1, r2, r0, r1
10001d86:	ea6f 0282 	mvn.w	r2, r2, lsl #2
10001d8a:	fb52 0010 	smmlar	r0, r2, r0, r0
10001d8e:	fb52 f212 	smmulr	r2, r2, r2
10001d92:	fb52 0010 	smmlar	r0, r2, r0, r0
10001d96:	eba0 7cd0 	sub.w	ip, r0, r0, lsr #31
10001d9a:	ec53 2404 	dcp_rxms r2, r3, #0x0
10001d9e:	fb5c f113 	smmulr	r1, ip, r3
10001da2:	ec53 2415 	dcp_ryms r2, r3, #0x1
10001da6:	fba1 2002 	umull	r2, r0, r1, r2
10001daa:	fb01 0003 	mla	r0, r1, r3, r0
10001dae:	ec53 2444 	dcp_rxms r2, r3, #0x4
10001db2:	eba2 0000 	sub.w	r0, r2, r0
10001db6:	fb50 f21c 	smmulr	r2, r0, ip
10001dba:	ea4f 1311 	mov.w	r3, r1, lsr #4
10001dbe:	eb12 7001 	adds.w	r0, r2, r1, lsl #28
10001dc2:	eb43 71e2 	adc.w	r1, r3, r2, asr #31
10001dc6:	ea40 5051 	orr.w	r0, r0, r1, lsr #21
10001dca:	ea20 5091 	bic.w	r0, r0, r1, lsr #22
10001dce:	f020 0007 	bic.w	r0, r0, #7
10001dd2:	ec53 2475 	dcp_ryms r2, r3, #0x7
10001dd6:	fba0 3c02 	umull	r3, ip, r0, r2
10001dda:	ec53 2475 	dcp_ryms r2, r3, #0x7
10001dde:	fb00 cc03 	mla	ip, r0, r3, ip
10001de2:	fb01 cc02 	mla	ip, r1, r2, ip
10001de6:	ec53 2404 	dcp_rxms r2, r3, #0x0
10001dea:	ebac 4c82 	sub.w	ip, ip, r2, lsl #18
10001dee:	ea40 705c 	orr.w	r0, r0, ip, lsr #29
10001df2:	f1a0 0001 	sub.w	r0, r0, #1
10001df6:	ec41 0440 	dcp_wxdd r0, r1
10001dfa:	ee80 0420 			dcp_nrdd
10001dfe:	ec51 0470 	dcp_rddd r0, r1
10001e02:	4770      	bx	lr
10001e04:	b500      	push	{lr}
10001e06:	f7ff ff43 	bl	10001c90 <generic_save_state>
10001e0a:	e002      	b.n	10001e12 <__wrap___aeabi_i2d+0x6>

10001e0c <__wrap___aeabi_i2d>:
10001e0c:	fe10 f430 	dcp_pcmp APSR_nzcv
10001e10:	d4f8      	bmi.n	10001e04 <__wrap___aeabi_ddiv+0x94>
10001e12:	ec40 0470 	dcp_wxic r0, r0
10001e16:	ee00 0401 			dcp_add0
10001e1a:	ee10 0421 			dcp_sub1
10001e1e:	ee80 0420 			dcp_nrdd
10001e22:	ec51 0430 	dcp_rdds r0, r1
10001e26:	4770      	bx	lr
10001e28:	b500      	push	{lr}
10001e2a:	f7ff ff31 	bl	10001c90 <generic_save_state>
10001e2e:	e002      	b.n	10001e36 <__wrap___aeabi_ui2d+0x6>

10001e30 <__wrap___aeabi_ui2d>:
10001e30:	fe10 f430 	dcp_pcmp APSR_nzcv
10001e34:	d4f8      	bmi.n	10001e28 <__wrap___aeabi_i2d+0x1c>
10001e36:	ec40 0460 	dcp_wxuc r0, r0
10001e3a:	ee00 0401 			dcp_add0
10001e3e:	ee10 0421 			dcp_sub1
10001e42:	ee80 0420 			dcp_nrdd
10001e46:	ec51 0430 	dcp_rdds r0, r1
10001e4a:	4770      	bx	lr
10001e4c:	b500      	push	{lr}
10001e4e:	f7ff ff1f 	bl	10001c90 <generic_save_state>
10001e52:	e002      	b.n	10001e5a <double2int_z_entry>

10001e54 <__wrap___aeabi_d2iz>:
10001e54:	fe10 f430 	dcp_pcmp APSR_nzcv
10001e58:	d4f8      	bmi.n	10001e4c <__wrap___aeabi_ui2d+0x1c>

10001e5a <double2int_z_entry>:
10001e5a:	ec41 0480 	dcp_wxdc r0, r1
10001e5e:	ee00 0401 			dcp_add0
10001e62:	ee10 0401 			dcp_add1
10001e66:	ee80 0440 			dcp_ntdc
10001e6a:	ee10 0413 			dcp_rdic r0
10001e6e:	4770      	bx	lr
10001e70:	b500      	push	{lr}
10001e72:	f7ff ff0d 	bl	10001c90 <generic_save_state>
10001e76:	e002      	b.n	10001e7e <double2uint_z_entry>

10001e78 <__wrap___aeabi_d2uiz>:
10001e78:	fe10 f430 	dcp_pcmp APSR_nzcv
10001e7c:	d4f8      	bmi.n	10001e70 <double2int_z_entry+0x16>

10001e7e <double2uint_z_entry>:
10001e7e:	ec41 0480 	dcp_wxdc r0, r1
10001e82:	ee00 0401 			dcp_add0
10001e86:	ee10 0401 			dcp_add1
10001e8a:	ee80 0440 			dcp_ntdc
10001e8e:	ee10 0433 			dcp_rduc r0
10001e92:	4770      	bx	lr
10001e94:	b500      	push	{lr}
10001e96:	f7ff fefb 	bl	10001c90 <generic_save_state>
10001e9a:	e002      	b.n	10001ea2 <__wrap___aeabi_dcmpun+0x6>

10001e9c <__wrap___aeabi_dcmpun>:
10001e9c:	fe10 f430 	dcp_pcmp APSR_nzcv
10001ea0:	d4f8      	bmi.n	10001e94 <double2uint_z_entry+0x16>
10001ea2:	ec41 0410 	dcp_wxup r0, r1
10001ea6:	ec43 2411 	dcp_wyup r2, r3
10001eaa:	ee00 0401 			dcp_add0
10001eae:	ee10 0430 			dcp_rcmp r0
10001eb2:	f3c0 7000 	ubfx	r0, r0, #28, #1
10001eb6:	4770      	bx	lr
10001eb8:	b500      	push	{lr}
10001eba:	f7ff fee9 	bl	10001c90 <generic_save_state>
10001ebe:	e002      	b.n	10001ec6 <__wrap___aeabi_dcmplt+0x6>

10001ec0 <__wrap___aeabi_dcmplt>:
10001ec0:	fe10 f430 	dcp_pcmp APSR_nzcv
10001ec4:	d4f8      	bmi.n	10001eb8 <__wrap___aeabi_dcmpun+0x1c>
10001ec6:	ec43 2410 	dcp_wxup r2, r3
10001eca:	ec41 0411 	dcp_wyup r0, r1
10001ece:	ee00 0401 			dcp_add0
10001ed2:	ee10 f430 			dcp_rcmp APSR_nzcv
10001ed6:	bf8c      	ite	hi
10001ed8:	2001      	movhi	r0, #1
10001eda:	2000      	movls	r0, #0
10001edc:	4770      	bx	lr
10001ede:	bf00      	nop
10001ee0:	b500      	push	{lr}
10001ee2:	f7ff fed5 	bl	10001c90 <generic_save_state>
10001ee6:	e002      	b.n	10001eee <__wrap___aeabi_dcmple+0x6>

10001ee8 <__wrap___aeabi_dcmple>:
10001ee8:	fe10 f430 	dcp_pcmp APSR_nzcv
10001eec:	d4f8      	bmi.n	10001ee0 <__wrap___aeabi_dcmplt+0x20>
10001eee:	ec43 2410 	dcp_wxup r2, r3
10001ef2:	ec41 0411 	dcp_wyup r0, r1
10001ef6:	ee00 0401 			dcp_add0
10001efa:	ee10 f430 			dcp_rcmp APSR_nzcv
10001efe:	bf2c      	ite	cs
10001f00:	2001      	movcs	r0, #1
10001f02:	2000      	movcc	r0, #0
10001f04:	4770      	bx	lr
10001f06:	bf00      	nop
10001f08:	b500      	push	{lr}
10001f0a:	f7ff fec1 	bl	10001c90 <generic_save_state>
10001f0e:	e002      	b.n	10001f16 <__wrap___aeabi_dcmpge+0x6>

10001f10 <__wrap___aeabi_dcmpge>:
10001f10:	fe10 f430 	dcp_pcmp APSR_nzcv
10001f14:	d4f8      	bmi.n	10001f08 <__wrap___aeabi_dcmple+0x20>
10001f16:	ec41 0410 	dcp_wxup r0, r1
10001f1a:	ec43 2411 	dcp_wyup r2, r3
10001f1e:	ee00 0401 			dcp_add0
10001f22:	ee10 f430 			dcp_rcmp APSR_nzcv
10001f26:	bf2c      	ite	cs
10001f28:	2001      	movcs	r0, #1
10001f2a:	2000      	movcc	r0, #0
10001f2c:	4770      	bx	lr
10001f2e:	bf00      	nop
10001f30:	b500      	push	{lr}
10001f32:	f7ff fead 	bl	10001c90 <generic_save_state>
10001f36:	e002      	b.n	10001f3e <__wrap___aeabi_dcmpgt+0x6>

10001f38 <__wrap___aeabi_dcmpgt>:
10001f38:	fe10 f430 	dcp_pcmp APSR_nzcv
10001f3c:	d4f8      	bmi.n	10001f30 <__wrap___aeabi_dcmpge+0x20>
10001f3e:	ec41 0410 	dcp_wxup r0, r1
10001f42:	ec43 2411 	dcp_wyup r2, r3
10001f46:	ee00 0401 			dcp_add0
10001f4a:	ee10 f430 			dcp_rcmp APSR_nzcv
10001f4e:	bf8c      	ite	hi
10001f50:	2001      	movhi	r0, #1
10001f52:	2000      	movls	r0, #0
10001f54:	4770      	bx	lr
10001f56:	bf00      	nop

10001f58 <_out_null>:
10001f58:	4770      	bx	lr
10001f5a:	bf00      	nop

10001f5c <_out_rev>:
10001f5c:	e92d 4ff0 	stmdb	sp!, {r4, r5, r6, r7, r8, r9, sl, fp, lr}
10001f60:	b083      	sub	sp, #12
10001f62:	4699      	mov	r9, r3
10001f64:	e9dd ab0d 	ldrd	sl, fp, [sp, #52]	@ 0x34
10001f68:	9b0f      	ldr	r3, [sp, #60]	@ 0x3c
10001f6a:	4688      	mov	r8, r1
10001f6c:	4611      	mov	r1, r2
10001f6e:	079a      	lsls	r2, r3, #30
10001f70:	4607      	mov	r7, r0
10001f72:	d116      	bne.n	10001fa2 <_out_rev+0x46>
10001f74:	45da      	cmp	sl, fp
10001f76:	d23a      	bcs.n	10001fee <_out_rev+0x92>
10001f78:	460c      	mov	r4, r1
10001f7a:	460d      	mov	r5, r1
10001f7c:	ebab 060a 	sub.w	r6, fp, sl
10001f80:	440e      	add	r6, r1
10001f82:	4622      	mov	r2, r4
10001f84:	464b      	mov	r3, r9
10001f86:	4641      	mov	r1, r8
10001f88:	2020      	movs	r0, #32
10001f8a:	3401      	adds	r4, #1
10001f8c:	47b8      	blx	r7
10001f8e:	42b4      	cmp	r4, r6
10001f90:	d1f7      	bne.n	10001f82 <_out_rev+0x26>
10001f92:	4629      	mov	r1, r5
10001f94:	f1ba 0f00 	cmp.w	sl, #0
10001f98:	d108      	bne.n	10001fac <_out_rev+0x50>
10001f9a:	4620      	mov	r0, r4
10001f9c:	b003      	add	sp, #12
10001f9e:	e8bd 8ff0 	ldmia.w	sp!, {r4, r5, r6, r7, r8, r9, sl, fp, pc}
10001fa2:	460c      	mov	r4, r1
10001fa4:	f1ba 0f00 	cmp.w	sl, #0
10001fa8:	d010      	beq.n	10001fcc <_out_rev+0x70>
10001faa:	460e      	mov	r6, r1
10001fac:	4655      	mov	r5, sl
10001fae:	9b0c      	ldr	r3, [sp, #48]	@ 0x30
10001fb0:	442e      	add	r6, r5
10001fb2:	449a      	add	sl, r3
10001fb4:	9101      	str	r1, [sp, #4]
10001fb6:	1b72      	subs	r2, r6, r5
10001fb8:	464b      	mov	r3, r9
10001fba:	3d01      	subs	r5, #1
10001fbc:	4641      	mov	r1, r8
10001fbe:	f81a 0d01 	ldrb.w	r0, [sl, #-1]!
10001fc2:	4634      	mov	r4, r6
10001fc4:	47b8      	blx	r7
10001fc6:	2d00      	cmp	r5, #0
10001fc8:	d1f5      	bne.n	10001fb6 <_out_rev+0x5a>
10001fca:	9901      	ldr	r1, [sp, #4]
10001fcc:	9b0f      	ldr	r3, [sp, #60]	@ 0x3c
10001fce:	079b      	lsls	r3, r3, #30
10001fd0:	d5e3      	bpl.n	10001f9a <_out_rev+0x3e>
10001fd2:	1a65      	subs	r5, r4, r1
10001fd4:	45ab      	cmp	fp, r5
10001fd6:	d9e0      	bls.n	10001f9a <_out_rev+0x3e>
10001fd8:	4622      	mov	r2, r4
10001fda:	464b      	mov	r3, r9
10001fdc:	4641      	mov	r1, r8
10001fde:	2020      	movs	r0, #32
10001fe0:	3501      	adds	r5, #1
10001fe2:	47b8      	blx	r7
10001fe4:	455d      	cmp	r5, fp
10001fe6:	f104 0401 	add.w	r4, r4, #1
10001fea:	d3f5      	bcc.n	10001fd8 <_out_rev+0x7c>
10001fec:	e7d5      	b.n	10001f9a <_out_rev+0x3e>
10001fee:	460c      	mov	r4, r1
10001ff0:	f1ba 0f00 	cmp.w	sl, #0
10001ff4:	d1d9      	bne.n	10001faa <_out_rev+0x4e>
10001ff6:	e7d0      	b.n	10001f9a <_out_rev+0x3e>

10001ff8 <_ntoa_format>:
10001ff8:	e92d 4ff0 	stmdb	sp!, {r4, r5, r6, r7, r8, r9, sl, fp, lr}
10001ffc:	9f0f      	ldr	r7, [sp, #60]	@ 0x3c
10001ffe:	f8dd 8024 	ldr.w	r8, [sp, #36]	@ 0x24
10002002:	f017 0f02 	tst.w	r7, #2
10002006:	9c0a      	ldr	r4, [sp, #40]	@ 0x28
10002008:	f89d a02c 	ldrb.w	sl, [sp, #44]	@ 0x2c
1000200c:	9d0e      	ldr	r5, [sp, #56]	@ 0x38
1000200e:	e9dd 960c 	ldrd	r9, r6, [sp, #48]	@ 0x30
10002012:	d144      	bne.n	1000209e <_ntoa_format+0xa6>
10002014:	bbf5      	cbnz	r5, 10002094 <_ntoa_format+0x9c>
10002016:	42b4      	cmp	r4, r6
10002018:	d241      	bcs.n	1000209e <_ntoa_format+0xa6>
1000201a:	f007 0b01 	and.w	fp, r7, #1
1000201e:	f104 3cff 	add.w	ip, r4, #4294967295
10002022:	f04f 0e30 	mov.w	lr, #48	@ 0x30
10002026:	44c4      	add	ip, r8
10002028:	e004      	b.n	10002034 <_ntoa_format+0x3c>
1000202a:	3401      	adds	r4, #1
1000202c:	42a6      	cmp	r6, r4
1000202e:	f80c ef01 	strb.w	lr, [ip, #1]!
10002032:	d901      	bls.n	10002038 <_ntoa_format+0x40>
10002034:	2c20      	cmp	r4, #32
10002036:	d1f8      	bne.n	1000202a <_ntoa_format+0x32>
10002038:	f1bb 0f00 	cmp.w	fp, #0
1000203c:	f000 8088 	beq.w	10002150 <_ntoa_format+0x158>
10002040:	42a5      	cmp	r5, r4
10002042:	d92c      	bls.n	1000209e <_ntoa_format+0xa6>
10002044:	f104 3cff 	add.w	ip, r4, #4294967295
10002048:	f04f 0e30 	mov.w	lr, #48	@ 0x30
1000204c:	44c4      	add	ip, r8
1000204e:	e004      	b.n	1000205a <_ntoa_format+0x62>
10002050:	3401      	adds	r4, #1
10002052:	42ac      	cmp	r4, r5
10002054:	f80c ef01 	strb.w	lr, [ip, #1]!
10002058:	d021      	beq.n	1000209e <_ntoa_format+0xa6>
1000205a:	2c20      	cmp	r4, #32
1000205c:	d1f8      	bne.n	10002050 <_ntoa_format+0x58>
1000205e:	f017 0f10 	tst.w	r7, #16
10002062:	d00e      	beq.n	10002082 <_ntoa_format+0x8a>
10002064:	f417 6f80 	tst.w	r7, #1024	@ 0x400
10002068:	d154      	bne.n	10002114 <_ntoa_format+0x11c>
1000206a:	42a6      	cmp	r6, r4
1000206c:	d063      	beq.n	10002136 <_ntoa_format+0x13e>
1000206e:	42a5      	cmp	r5, r4
10002070:	d061      	beq.n	10002136 <_ntoa_format+0x13e>
10002072:	f1b9 0f10 	cmp.w	r9, #16
10002076:	d050      	beq.n	1000211a <_ntoa_format+0x122>
10002078:	f1b9 0f02 	cmp.w	r9, #2
1000207c:	d056      	beq.n	1000212c <_ntoa_format+0x134>
1000207e:	2c20      	cmp	r4, #32
10002080:	d129      	bne.n	100020d6 <_ntoa_format+0xde>
10002082:	2420      	movs	r4, #32
10002084:	e9cd 570b 	strd	r5, r7, [sp, #44]	@ 0x2c
10002088:	e9cd 8409 	strd	r8, r4, [sp, #36]	@ 0x24
1000208c:	e8bd 4ff0 	ldmia.w	sp!, {r4, r5, r6, r7, r8, r9, sl, fp, lr}
10002090:	f7ff bf64 	b.w	10001f5c <_out_rev>
10002094:	f017 0b01 	ands.w	fp, r7, #1
10002098:	d134      	bne.n	10002104 <_ntoa_format+0x10c>
1000209a:	42b4      	cmp	r4, r6
1000209c:	d3bf      	bcc.n	1000201e <_ntoa_format+0x26>
1000209e:	f017 0f10 	tst.w	r7, #16
100020a2:	d01e      	beq.n	100020e2 <_ntoa_format+0xea>
100020a4:	f417 6f80 	tst.w	r7, #1024	@ 0x400
100020a8:	d1e3      	bne.n	10002072 <_ntoa_format+0x7a>
100020aa:	2c00      	cmp	r4, #0
100020ac:	d1dd      	bne.n	1000206a <_ntoa_format+0x72>
100020ae:	f1b9 0f10 	cmp.w	r9, #16
100020b2:	d063      	beq.n	1000217c <_ntoa_format+0x184>
100020b4:	f1b9 0f02 	cmp.w	r9, #2
100020b8:	d077      	beq.n	100021aa <_ntoa_format+0x1b2>
100020ba:	2430      	movs	r4, #48	@ 0x30
100020bc:	f888 4000 	strb.w	r4, [r8]
100020c0:	2401      	movs	r4, #1
100020c2:	f1ba 0f00 	cmp.w	sl, #0
100020c6:	d111      	bne.n	100020ec <_ntoa_format+0xf4>
100020c8:	077e      	lsls	r6, r7, #29
100020ca:	d548      	bpl.n	1000215e <_ntoa_format+0x166>
100020cc:	262b      	movs	r6, #43	@ 0x2b
100020ce:	f808 6004 	strb.w	r6, [r8, r4]
100020d2:	3401      	adds	r4, #1
100020d4:	e7d6      	b.n	10002084 <_ntoa_format+0x8c>
100020d6:	4626      	mov	r6, r4
100020d8:	3401      	adds	r4, #1
100020da:	f04f 0c30 	mov.w	ip, #48	@ 0x30
100020de:	f808 c006 	strb.w	ip, [r8, r6]
100020e2:	2c20      	cmp	r4, #32
100020e4:	d0cd      	beq.n	10002082 <_ntoa_format+0x8a>
100020e6:	f1ba 0f00 	cmp.w	sl, #0
100020ea:	d0ed      	beq.n	100020c8 <_ntoa_format+0xd0>
100020ec:	262d      	movs	r6, #45	@ 0x2d
100020ee:	f808 6004 	strb.w	r6, [r8, r4]
100020f2:	3401      	adds	r4, #1
100020f4:	e9cd 570b 	strd	r5, r7, [sp, #44]	@ 0x2c
100020f8:	e9cd 8409 	strd	r8, r4, [sp, #36]	@ 0x24
100020fc:	e8bd 4ff0 	ldmia.w	sp!, {r4, r5, r6, r7, r8, r9, sl, fp, lr}
10002100:	f7ff bf2c 	b.w	10001f5c <_out_rev>
10002104:	f1ba 0f00 	cmp.w	sl, #0
10002108:	d030      	beq.n	1000216c <_ntoa_format+0x174>
1000210a:	42b4      	cmp	r4, r6
1000210c:	f105 35ff 	add.w	r5, r5, #4294967295
10002110:	d385      	bcc.n	1000201e <_ntoa_format+0x26>
10002112:	e795      	b.n	10002040 <_ntoa_format+0x48>
10002114:	f1b9 0f10 	cmp.w	r9, #16
10002118:	d1b3      	bne.n	10002082 <_ntoa_format+0x8a>
1000211a:	06be      	lsls	r6, r7, #26
1000211c:	d53b      	bpl.n	10002196 <_ntoa_format+0x19e>
1000211e:	2c20      	cmp	r4, #32
10002120:	d0af      	beq.n	10002082 <_ntoa_format+0x8a>
10002122:	2658      	movs	r6, #88	@ 0x58
10002124:	f808 6004 	strb.w	r6, [r8, r4]
10002128:	3401      	adds	r4, #1
1000212a:	e7a8      	b.n	1000207e <_ntoa_format+0x86>
1000212c:	2c20      	cmp	r4, #32
1000212e:	d0a8      	beq.n	10002082 <_ntoa_format+0x8a>
10002130:	4626      	mov	r6, r4
10002132:	3401      	adds	r4, #1
10002134:	e007      	b.n	10002146 <_ntoa_format+0x14e>
10002136:	1e66      	subs	r6, r4, #1
10002138:	d0b9      	beq.n	100020ae <_ntoa_format+0xb6>
1000213a:	f1b9 0f10 	cmp.w	r9, #16
1000213e:	d036      	beq.n	100021ae <_ntoa_format+0x1b6>
10002140:	f1b9 0f02 	cmp.w	r9, #2
10002144:	d1c9      	bne.n	100020da <_ntoa_format+0xe2>
10002146:	f04f 0c62 	mov.w	ip, #98	@ 0x62
1000214a:	f808 c006 	strb.w	ip, [r8, r6]
1000214e:	e796      	b.n	1000207e <_ntoa_format+0x86>
10002150:	f017 0f10 	tst.w	r7, #16
10002154:	d0c5      	beq.n	100020e2 <_ntoa_format+0xea>
10002156:	f417 6f80 	tst.w	r7, #1024	@ 0x400
1000215a:	d086      	beq.n	1000206a <_ntoa_format+0x72>
1000215c:	e789      	b.n	10002072 <_ntoa_format+0x7a>
1000215e:	073e      	lsls	r6, r7, #28
10002160:	d590      	bpl.n	10002084 <_ntoa_format+0x8c>
10002162:	2620      	movs	r6, #32
10002164:	f808 6004 	strb.w	r6, [r8, r4]
10002168:	3401      	adds	r4, #1
1000216a:	e78b      	b.n	10002084 <_ntoa_format+0x8c>
1000216c:	f017 0f0c 	tst.w	r7, #12
10002170:	d000      	beq.n	10002174 <_ntoa_format+0x17c>
10002172:	3d01      	subs	r5, #1
10002174:	42b4      	cmp	r4, r6
10002176:	f4ff af52 	bcc.w	1000201e <_ntoa_format+0x26>
1000217a:	e761      	b.n	10002040 <_ntoa_format+0x48>
1000217c:	06bc      	lsls	r4, r7, #26
1000217e:	d412      	bmi.n	100021a6 <_ntoa_format+0x1ae>
10002180:	2478      	movs	r4, #120	@ 0x78
10002182:	f888 4000 	strb.w	r4, [r8]
10002186:	2430      	movs	r4, #48	@ 0x30
10002188:	f888 4001 	strb.w	r4, [r8, #1]
1000218c:	2402      	movs	r4, #2
1000218e:	f1ba 0f00 	cmp.w	sl, #0
10002192:	d099      	beq.n	100020c8 <_ntoa_format+0xd0>
10002194:	e7aa      	b.n	100020ec <_ntoa_format+0xf4>
10002196:	2c20      	cmp	r4, #32
10002198:	f43f af73 	beq.w	10002082 <_ntoa_format+0x8a>
1000219c:	2678      	movs	r6, #120	@ 0x78
1000219e:	f808 6004 	strb.w	r6, [r8, r4]
100021a2:	3401      	adds	r4, #1
100021a4:	e76b      	b.n	1000207e <_ntoa_format+0x86>
100021a6:	2458      	movs	r4, #88	@ 0x58
100021a8:	e7eb      	b.n	10002182 <_ntoa_format+0x18a>
100021aa:	2462      	movs	r4, #98	@ 0x62
100021ac:	e7e9      	b.n	10002182 <_ntoa_format+0x18a>
100021ae:	f017 0f20 	tst.w	r7, #32
100021b2:	f1a4 0c02 	sub.w	ip, r4, #2
100021b6:	d004      	beq.n	100021c2 <_ntoa_format+0x1ca>
100021b8:	f04f 0e58 	mov.w	lr, #88	@ 0x58
100021bc:	f808 e00c 	strb.w	lr, [r8, ip]
100021c0:	e78b      	b.n	100020da <_ntoa_format+0xe2>
100021c2:	f04f 0e78 	mov.w	lr, #120	@ 0x78
100021c6:	f808 e00c 	strb.w	lr, [r8, ip]
100021ca:	e786      	b.n	100020da <_ntoa_format+0xe2>

100021cc <_out_char>:
100021cc:	b900      	cbnz	r0, 100021d0 <_out_char+0x4>
100021ce:	4770      	bx	lr
100021d0:	f001 bb6e 	b.w	100038b0 <__wrap_putchar>

100021d4 <_out_fct>:
100021d4:	b110      	cbz	r0, 100021dc <_out_fct+0x8>
100021d6:	e9d1 3100 	ldrd	r3, r1, [r1]
100021da:	4718      	bx	r3
100021dc:	4770      	bx	lr
100021de:	bf00      	nop

100021e0 <_ftoa>:
100021e0:	e92d 4ff0 	stmdb	sp!, {r4, r5, r6, r7, r8, r9, sl, fp, lr}
100021e4:	b097      	sub	sp, #92	@ 0x5c
100021e6:	ed9d 7b20 	vldr	d7, [sp, #128]	@ 0x80
100021ea:	e9dd 5b22 	ldrd	r5, fp, [sp, #136]	@ 0x88
100021ee:	4607      	mov	r7, r0
100021f0:	4688      	mov	r8, r1
100021f2:	ec51 0b17 	vmov	r0, r1, d7
100021f6:	9c24      	ldr	r4, [sp, #144]	@ 0x90
100021f8:	4699      	mov	r9, r3
100021fa:	920c      	str	r2, [sp, #48]	@ 0x30
100021fc:	460b      	mov	r3, r1
100021fe:	4602      	mov	r2, r0
10002200:	ed8d 7b04 	vstr	d7, [sp, #16]
10002204:	9407      	str	r4, [sp, #28]
10002206:	f7ff fe49 	bl	10001e9c <__wrap___aeabi_dcmpun>
1000220a:	2800      	cmp	r0, #0
1000220c:	f040 81f4 	bne.w	100025f8 <_ftoa+0x418>
10002210:	e9dd 0104 	ldrd	r0, r1, [sp, #16]
10002214:	f04f 32ff 	mov.w	r2, #4294967295
10002218:	f46f 1380 	mvn.w	r3, #1048576	@ 0x100000
1000221c:	f7ff fe50 	bl	10001ec0 <__wrap___aeabi_dcmplt>
10002220:	2800      	cmp	r0, #0
10002222:	f040 811b 	bne.w	1000245c <_ftoa+0x27c>
10002226:	e9dd 0104 	ldrd	r0, r1, [sp, #16]
1000222a:	f04f 32ff 	mov.w	r2, #4294967295
1000222e:	4bac      	ldr	r3, [pc, #688]	@ (100024e0 <_ftoa+0x300>)
10002230:	f7ff fe82 	bl	10001f38 <__wrap___aeabi_dcmpgt>
10002234:	2800      	cmp	r0, #0
10002236:	f040 80ee 	bne.w	10002416 <_ftoa+0x236>
1000223a:	e9dd 0104 	ldrd	r0, r1, [sp, #16]
1000223e:	a3a4      	add	r3, pc, #656	@ (adr r3, 100024d0 <_ftoa+0x2f0>)
10002240:	e9d3 2300 	ldrd	r2, r3, [r3]
10002244:	f7ff fe78 	bl	10001f38 <__wrap___aeabi_dcmpgt>
10002248:	2800      	cmp	r0, #0
1000224a:	f040 80d3 	bne.w	100023f4 <_ftoa+0x214>
1000224e:	e9dd 0104 	ldrd	r0, r1, [sp, #16]
10002252:	a3a1      	add	r3, pc, #644	@ (adr r3, 100024d8 <_ftoa+0x2f8>)
10002254:	e9d3 2300 	ldrd	r2, r3, [r3]
10002258:	f7ff fe32 	bl	10001ec0 <__wrap___aeabi_dcmplt>
1000225c:	2800      	cmp	r0, #0
1000225e:	f040 80c9 	bne.w	100023f4 <_ftoa+0x214>
10002262:	e9dd 0104 	ldrd	r0, r1, [sp, #16]
10002266:	2200      	movs	r2, #0
10002268:	2300      	movs	r3, #0
1000226a:	f7ff fe29 	bl	10001ec0 <__wrap___aeabi_dcmplt>
1000226e:	2800      	cmp	r0, #0
10002270:	f040 80e8 	bne.w	10002444 <_ftoa+0x264>
10002274:	4623      	mov	r3, r4
10002276:	900d      	str	r0, [sp, #52]	@ 0x34
10002278:	f413 6f80 	tst.w	r3, #1024	@ 0x400
1000227c:	bf08      	it	eq
1000227e:	2506      	moveq	r5, #6
10002280:	2130      	movs	r1, #48	@ 0x30
10002282:	462b      	mov	r3, r5
10002284:	aa0e      	add	r2, sp, #56	@ 0x38
10002286:	f1a5 0620 	sub.w	r6, r5, #32
1000228a:	e005      	b.n	10002298 <_ftoa+0xb8>
1000228c:	3b01      	subs	r3, #1
1000228e:	42b3      	cmp	r3, r6
10002290:	f802 1b01 	strb.w	r1, [r2], #1
10002294:	f000 8193 	beq.w	100025be <_ftoa+0x3de>
10002298:	2b09      	cmp	r3, #9
1000229a:	d8f7      	bhi.n	1000228c <_ftoa+0xac>
1000229c:	461e      	mov	r6, r3
1000229e:	1aed      	subs	r5, r5, r3
100022a0:	e9dd 0104 	ldrd	r0, r1, [sp, #16]
100022a4:	f7ff fdd6 	bl	10001e54 <__wrap___aeabi_d2iz>
100022a8:	4b8e      	ldr	r3, [pc, #568]	@ (100024e4 <_ftoa+0x304>)
100022aa:	4604      	mov	r4, r0
100022ac:	eb03 03c6 	add.w	r3, r3, r6, lsl #3
100022b0:	ed93 7b00 	vldr	d7, [r3]
100022b4:	ed8d 7b08 	vstr	d7, [sp, #32]
100022b8:	f7ff fda8 	bl	10001e0c <__wrap___aeabi_i2d>
100022bc:	4602      	mov	r2, r0
100022be:	460b      	mov	r3, r1
100022c0:	e9dd 0104 	ldrd	r0, r1, [sp, #16]
100022c4:	f7ff fd1a 	bl	10001cfc <__wrap___aeabi_dsub>
100022c8:	e9dd 2308 	ldrd	r2, r3, [sp, #32]
100022cc:	f7ff fd2a 	bl	10001d24 <__wrap___aeabi_dmul>
100022d0:	4602      	mov	r2, r0
100022d2:	460b      	mov	r3, r1
100022d4:	e9cd 230a 	strd	r2, r3, [sp, #40]	@ 0x28
100022d8:	f7ff fdce 	bl	10001e78 <__wrap___aeabi_d2uiz>
100022dc:	4682      	mov	sl, r0
100022de:	f7ff fda7 	bl	10001e30 <__wrap___aeabi_ui2d>
100022e2:	4602      	mov	r2, r0
100022e4:	460b      	mov	r3, r1
100022e6:	e9dd 010a 	ldrd	r0, r1, [sp, #40]	@ 0x28
100022ea:	f7ff fd07 	bl	10001cfc <__wrap___aeabi_dsub>
100022ee:	4602      	mov	r2, r0
100022f0:	460b      	mov	r3, r1
100022f2:	e9cd 230a 	strd	r2, r3, [sp, #40]	@ 0x28
100022f6:	2200      	movs	r2, #0
100022f8:	4b7b      	ldr	r3, [pc, #492]	@ (100024e8 <_ftoa+0x308>)
100022fa:	f7ff fe1d 	bl	10001f38 <__wrap___aeabi_dcmpgt>
100022fe:	2800      	cmp	r0, #0
10002300:	f000 80fe 	beq.w	10002500 <_ftoa+0x320>
10002304:	f10a 0a01 	add.w	sl, sl, #1
10002308:	4650      	mov	r0, sl
1000230a:	f7ff fd91 	bl	10001e30 <__wrap___aeabi_ui2d>
1000230e:	4602      	mov	r2, r0
10002310:	460b      	mov	r3, r1
10002312:	e9dd 0108 	ldrd	r0, r1, [sp, #32]
10002316:	f7ff fde7 	bl	10001ee8 <__wrap___aeabi_dcmple>
1000231a:	b110      	cbz	r0, 10002322 <_ftoa+0x142>
1000231c:	f04f 0a00 	mov.w	sl, #0
10002320:	3401      	adds	r4, #1
10002322:	2e00      	cmp	r6, #0
10002324:	f000 80fd 	beq.w	10002522 <_ftoa+0x342>
10002328:	1e68      	subs	r0, r5, #1
1000232a:	ab0e      	add	r3, sp, #56	@ 0x38
1000232c:	f8df c1cc 	ldr.w	ip, [pc, #460]	@ 100024fc <_ftoa+0x31c>
10002330:	4418      	add	r0, r3
10002332:	e00f      	b.n	10002354 <_ftoa+0x174>
10002334:	fbac 210a 	umull	r2, r1, ip, sl
10002338:	08c9      	lsrs	r1, r1, #3
1000233a:	eb01 0281 	add.w	r2, r1, r1, lsl #2
1000233e:	ebaa 0242 	sub.w	r2, sl, r2, lsl #1
10002342:	3230      	adds	r2, #48	@ 0x30
10002344:	f1ba 0f09 	cmp.w	sl, #9
10002348:	f800 2f01 	strb.w	r2, [r0, #1]!
1000234c:	f240 811c 	bls.w	10002588 <_ftoa+0x3a8>
10002350:	468a      	mov	sl, r1
10002352:	461d      	mov	r5, r3
10002354:	2d20      	cmp	r5, #32
10002356:	f105 0301 	add.w	r3, r5, #1
1000235a:	f106 36ff 	add.w	r6, r6, #4294967295
1000235e:	d1e9      	bne.n	10002334 <_ftoa+0x154>
10002360:	2520      	movs	r5, #32
10002362:	1e69      	subs	r1, r5, #1
10002364:	ab0e      	add	r3, sp, #56	@ 0x38
10002366:	4861      	ldr	r0, [pc, #388]	@ (100024ec <_ftoa+0x30c>)
10002368:	4419      	add	r1, r3
1000236a:	e010      	b.n	1000238e <_ftoa+0x1ae>
1000236c:	fb80 6204 	smull	r6, r2, r0, r4
10002370:	ebc3 03a2 	rsb	r3, r3, r2, asr #2
10002374:	eb03 0283 	add.w	r2, r3, r3, lsl #2
10002378:	eba4 0442 	sub.w	r4, r4, r2, lsl #1
1000237c:	f104 0230 	add.w	r2, r4, #48	@ 0x30
10002380:	3501      	adds	r5, #1
10002382:	461c      	mov	r4, r3
10002384:	f801 2f01 	strb.w	r2, [r1, #1]!
10002388:	2b00      	cmp	r3, #0
1000238a:	f000 80eb 	beq.w	10002564 <_ftoa+0x384>
1000238e:	2d20      	cmp	r5, #32
10002390:	ea4f 73e4 	mov.w	r3, r4, asr #31
10002394:	d1ea      	bne.n	1000236c <_ftoa+0x18c>
10002396:	9b07      	ldr	r3, [sp, #28]
10002398:	f003 0303 	and.w	r3, r3, #3
1000239c:	2b01      	cmp	r3, #1
1000239e:	d118      	bne.n	100023d2 <_ftoa+0x1f2>
100023a0:	f1bb 0f00 	cmp.w	fp, #0
100023a4:	d015      	beq.n	100023d2 <_ftoa+0x1f2>
100023a6:	9b0d      	ldr	r3, [sp, #52]	@ 0x34
100023a8:	2b00      	cmp	r3, #0
100023aa:	f000 810a 	beq.w	100025c2 <_ftoa+0x3e2>
100023ae:	f10b 3bff 	add.w	fp, fp, #4294967295
100023b2:	f1bb 0f20 	cmp.w	fp, #32
100023b6:	d90c      	bls.n	100023d2 <_ftoa+0x1f2>
100023b8:	1e6b      	subs	r3, r5, #1
100023ba:	a90e      	add	r1, sp, #56	@ 0x38
100023bc:	2230      	movs	r2, #48	@ 0x30
100023be:	440b      	add	r3, r1
100023c0:	e005      	b.n	100023ce <_ftoa+0x1ee>
100023c2:	3501      	adds	r5, #1
100023c4:	455d      	cmp	r5, fp
100023c6:	f803 2f01 	strb.w	r2, [r3, #1]!
100023ca:	f080 80d1 	bcs.w	10002570 <_ftoa+0x390>
100023ce:	2d20      	cmp	r5, #32
100023d0:	d1f7      	bne.n	100023c2 <_ftoa+0x1e2>
100023d2:	9b07      	ldr	r3, [sp, #28]
100023d4:	ac0e      	add	r4, sp, #56	@ 0x38
100023d6:	e9cd b302 	strd	fp, r3, [sp, #8]
100023da:	4641      	mov	r1, r8
100023dc:	464b      	mov	r3, r9
100023de:	4638      	mov	r0, r7
100023e0:	9a0c      	ldr	r2, [sp, #48]	@ 0x30
100023e2:	9501      	str	r5, [sp, #4]
100023e4:	9400      	str	r4, [sp, #0]
100023e6:	f7ff fdb9 	bl	10001f5c <_out_rev>
100023ea:	4682      	mov	sl, r0
100023ec:	4650      	mov	r0, sl
100023ee:	b017      	add	sp, #92	@ 0x5c
100023f0:	e8bd 8ff0 	ldmia.w	sp!, {r4, r5, r6, r7, r8, r9, sl, fp, pc}
100023f4:	9b07      	ldr	r3, [sp, #28]
100023f6:	ed9d 7b04 	vldr	d7, [sp, #16]
100023fa:	e9cd b323 	strd	fp, r3, [sp, #140]	@ 0x8c
100023fe:	4641      	mov	r1, r8
10002400:	464b      	mov	r3, r9
10002402:	4638      	mov	r0, r7
10002404:	9a0c      	ldr	r2, [sp, #48]	@ 0x30
10002406:	ed8d 7b20 	vstr	d7, [sp, #128]	@ 0x80
1000240a:	9522      	str	r5, [sp, #136]	@ 0x88
1000240c:	b017      	add	sp, #92	@ 0x5c
1000240e:	e8bd 4ff0 	ldmia.w	sp!, {r4, r5, r6, r7, r8, r9, sl, fp, lr}
10002412:	f000 b945 	b.w	100026a0 <_etoa>
10002416:	0761      	lsls	r1, r4, #29
10002418:	4623      	mov	r3, r4
1000241a:	bf4c      	ite	mi
1000241c:	2304      	movmi	r3, #4
1000241e:	2303      	movpl	r3, #3
10002420:	4641      	mov	r1, r8
10002422:	9321      	str	r3, [sp, #132]	@ 0x84
10002424:	4638      	mov	r0, r7
10002426:	464b      	mov	r3, r9
10002428:	9a07      	ldr	r2, [sp, #28]
1000242a:	bf48      	it	mi
1000242c:	4c30      	ldrmi	r4, [pc, #192]	@ (100024f0 <_ftoa+0x310>)
1000242e:	e9cd b222 	strd	fp, r2, [sp, #136]	@ 0x88
10002432:	bf58      	it	pl
10002434:	4c2f      	ldrpl	r4, [pc, #188]	@ (100024f4 <_ftoa+0x314>)
10002436:	9a0c      	ldr	r2, [sp, #48]	@ 0x30
10002438:	9420      	str	r4, [sp, #128]	@ 0x80
1000243a:	b017      	add	sp, #92	@ 0x5c
1000243c:	e8bd 4ff0 	ldmia.w	sp!, {r4, r5, r6, r7, r8, r9, sl, fp, lr}
10002440:	f7ff bd8c 	b.w	10001f5c <_out_rev>
10002444:	e9dd 2304 	ldrd	r2, r3, [sp, #16]
10002448:	2000      	movs	r0, #0
1000244a:	2100      	movs	r1, #0
1000244c:	f7ff fc56 	bl	10001cfc <__wrap___aeabi_dsub>
10002450:	2301      	movs	r3, #1
10002452:	e9cd 0104 	strd	r0, r1, [sp, #16]
10002456:	930d      	str	r3, [sp, #52]	@ 0x34
10002458:	4623      	mov	r3, r4
1000245a:	e70d      	b.n	10002278 <_ftoa+0x98>
1000245c:	4623      	mov	r3, r4
1000245e:	079c      	lsls	r4, r3, #30
10002460:	f040 80aa 	bne.w	100025b8 <_ftoa+0x3d8>
10002464:	f1bb 0f04 	cmp.w	fp, #4
10002468:	f240 80a6 	bls.w	100025b8 <_ftoa+0x3d8>
1000246c:	9b0c      	ldr	r3, [sp, #48]	@ 0x30
1000246e:	461d      	mov	r5, r3
10002470:	1f1c      	subs	r4, r3, #4
10002472:	eb04 0a0b 	add.w	sl, r4, fp
10002476:	462a      	mov	r2, r5
10002478:	464b      	mov	r3, r9
1000247a:	4641      	mov	r1, r8
1000247c:	2020      	movs	r0, #32
1000247e:	3501      	adds	r5, #1
10002480:	47b8      	blx	r7
10002482:	45aa      	cmp	sl, r5
10002484:	d1f7      	bne.n	10002476 <_ftoa+0x296>
10002486:	4655      	mov	r5, sl
10002488:	4c1b      	ldr	r4, [pc, #108]	@ (100024f8 <_ftoa+0x318>)
1000248a:	1f26      	subs	r6, r4, #4
1000248c:	f814 0d01 	ldrb.w	r0, [r4, #-1]!
10002490:	462a      	mov	r2, r5
10002492:	464b      	mov	r3, r9
10002494:	4641      	mov	r1, r8
10002496:	47b8      	blx	r7
10002498:	42b4      	cmp	r4, r6
1000249a:	f105 0501 	add.w	r5, r5, #1
1000249e:	d1f5      	bne.n	1000248c <_ftoa+0x2ac>
100024a0:	9b07      	ldr	r3, [sp, #28]
100024a2:	f10a 0a04 	add.w	sl, sl, #4
100024a6:	0798      	lsls	r0, r3, #30
100024a8:	d5a0      	bpl.n	100023ec <_ftoa+0x20c>
100024aa:	9c0c      	ldr	r4, [sp, #48]	@ 0x30
100024ac:	ebaa 0304 	sub.w	r3, sl, r4
100024b0:	459b      	cmp	fp, r3
100024b2:	d99b      	bls.n	100023ec <_ftoa+0x20c>
100024b4:	4652      	mov	r2, sl
100024b6:	464b      	mov	r3, r9
100024b8:	4641      	mov	r1, r8
100024ba:	2020      	movs	r0, #32
100024bc:	f10a 0a01 	add.w	sl, sl, #1
100024c0:	47b8      	blx	r7
100024c2:	ebaa 0304 	sub.w	r3, sl, r4
100024c6:	455b      	cmp	r3, fp
100024c8:	d3f4      	bcc.n	100024b4 <_ftoa+0x2d4>
100024ca:	e78f      	b.n	100023ec <_ftoa+0x20c>
100024cc:	f3af 8000 	nop.w
100024d0:	00000000 	.word	0x00000000
100024d4:	41cdcd65 	.word	0x41cdcd65
100024d8:	00000000 	.word	0x00000000
100024dc:	c1cdcd65 	.word	0xc1cdcd65
100024e0:	7fefffff 	.word	0x7fefffff
100024e4:	100066e8 	.word	0x100066e8
100024e8:	3fe00000 	.word	0x3fe00000
100024ec:	66666667 	.word	0x66666667
100024f0:	100065e0 	.word	0x100065e0
100024f4:	100065e8 	.word	0x100065e8
100024f8:	100065f4 	.word	0x100065f4
100024fc:	cccccccd 	.word	0xcccccccd
10002500:	2200      	movs	r2, #0
10002502:	e9dd 010a 	ldrd	r0, r1, [sp, #40]	@ 0x28
10002506:	4b63      	ldr	r3, [pc, #396]	@ (10002694 <_ftoa+0x4b4>)
10002508:	f7ff fcda 	bl	10001ec0 <__wrap___aeabi_dcmplt>
1000250c:	2800      	cmp	r0, #0
1000250e:	f47f af08 	bne.w	10002322 <_ftoa+0x142>
10002512:	f1ba 0f00 	cmp.w	sl, #0
10002516:	d16a      	bne.n	100025ee <_ftoa+0x40e>
10002518:	f10a 0a01 	add.w	sl, sl, #1
1000251c:	2e00      	cmp	r6, #0
1000251e:	f47f af03 	bne.w	10002328 <_ftoa+0x148>
10002522:	4620      	mov	r0, r4
10002524:	f7ff fc72 	bl	10001e0c <__wrap___aeabi_i2d>
10002528:	4602      	mov	r2, r0
1000252a:	460b      	mov	r3, r1
1000252c:	e9dd 0104 	ldrd	r0, r1, [sp, #16]
10002530:	f7ff fbe4 	bl	10001cfc <__wrap___aeabi_dsub>
10002534:	4602      	mov	r2, r0
10002536:	460b      	mov	r3, r1
10002538:	e9cd 2304 	strd	r2, r3, [sp, #16]
1000253c:	2200      	movs	r2, #0
1000253e:	4b55      	ldr	r3, [pc, #340]	@ (10002694 <_ftoa+0x4b4>)
10002540:	f7ff fcbe 	bl	10001ec0 <__wrap___aeabi_dcmplt>
10002544:	2800      	cmp	r0, #0
10002546:	f47f af0c 	bne.w	10002362 <_ftoa+0x182>
1000254a:	e9dd 0104 	ldrd	r0, r1, [sp, #16]
1000254e:	2200      	movs	r2, #0
10002550:	4b50      	ldr	r3, [pc, #320]	@ (10002694 <_ftoa+0x4b4>)
10002552:	f7ff fcf1 	bl	10001f38 <__wrap___aeabi_dcmpgt>
10002556:	2800      	cmp	r0, #0
10002558:	f47f af03 	bne.w	10002362 <_ftoa+0x182>
1000255c:	3401      	adds	r4, #1
1000255e:	f024 0401 	bic.w	r4, r4, #1
10002562:	e6fe      	b.n	10002362 <_ftoa+0x182>
10002564:	9b07      	ldr	r3, [sp, #28]
10002566:	f003 0303 	and.w	r3, r3, #3
1000256a:	2b01      	cmp	r3, #1
1000256c:	f000 8082 	beq.w	10002674 <_ftoa+0x494>
10002570:	2d20      	cmp	r5, #32
10002572:	f43f af2e 	beq.w	100023d2 <_ftoa+0x1f2>
10002576:	9b0d      	ldr	r3, [sp, #52]	@ 0x34
10002578:	b37b      	cbz	r3, 100025da <_ftoa+0x3fa>
1000257a:	222d      	movs	r2, #45	@ 0x2d
1000257c:	eb0d 0305 	add.w	r3, sp, r5
10002580:	f883 2038 	strb.w	r2, [r3, #56]	@ 0x38
10002584:	3501      	adds	r5, #1
10002586:	e724      	b.n	100023d2 <_ftoa+0x1f2>
10002588:	2b20      	cmp	r3, #32
1000258a:	f43f aee9 	beq.w	10002360 <_ftoa+0x180>
1000258e:	aa0e      	add	r2, sp, #56	@ 0x38
10002590:	4415      	add	r5, r2
10002592:	441e      	add	r6, r3
10002594:	2230      	movs	r2, #48	@ 0x30
10002596:	e004      	b.n	100025a2 <_ftoa+0x3c2>
10002598:	2b20      	cmp	r3, #32
1000259a:	f805 2f01 	strb.w	r2, [r5, #1]!
1000259e:	f43f aedf 	beq.w	10002360 <_ftoa+0x180>
100025a2:	429e      	cmp	r6, r3
100025a4:	f103 0301 	add.w	r3, r3, #1
100025a8:	d1f6      	bne.n	10002598 <_ftoa+0x3b8>
100025aa:	222e      	movs	r2, #46	@ 0x2e
100025ac:	eb0d 0306 	add.w	r3, sp, r6
100025b0:	f883 2038 	strb.w	r2, [r3, #56]	@ 0x38
100025b4:	1c75      	adds	r5, r6, #1
100025b6:	e6d4      	b.n	10002362 <_ftoa+0x182>
100025b8:	f8dd a030 	ldr.w	sl, [sp, #48]	@ 0x30
100025bc:	e763      	b.n	10002486 <_ftoa+0x2a6>
100025be:	2520      	movs	r5, #32
100025c0:	e66e      	b.n	100022a0 <_ftoa+0xc0>
100025c2:	9b07      	ldr	r3, [sp, #28]
100025c4:	f013 0f0c 	tst.w	r3, #12
100025c8:	d050      	beq.n	1000266c <_ftoa+0x48c>
100025ca:	f10b 3bff 	add.w	fp, fp, #4294967295
100025ce:	45ab      	cmp	fp, r5
100025d0:	f63f aef2 	bhi.w	100023b8 <_ftoa+0x1d8>
100025d4:	2d20      	cmp	r5, #32
100025d6:	f43f aefc 	beq.w	100023d2 <_ftoa+0x1f2>
100025da:	9b07      	ldr	r3, [sp, #28]
100025dc:	075a      	lsls	r2, r3, #29
100025de:	d501      	bpl.n	100025e4 <_ftoa+0x404>
100025e0:	222b      	movs	r2, #43	@ 0x2b
100025e2:	e7cb      	b.n	1000257c <_ftoa+0x39c>
100025e4:	071b      	lsls	r3, r3, #28
100025e6:	f57f aef4 	bpl.w	100023d2 <_ftoa+0x1f2>
100025ea:	2220      	movs	r2, #32
100025ec:	e7c6      	b.n	1000257c <_ftoa+0x39c>
100025ee:	f01a 0f01 	tst.w	sl, #1
100025f2:	f43f ae96 	beq.w	10002322 <_ftoa+0x142>
100025f6:	e78f      	b.n	10002518 <_ftoa+0x338>
100025f8:	07a6      	lsls	r6, r4, #30
100025fa:	d134      	bne.n	10002666 <_ftoa+0x486>
100025fc:	f1bb 0f03 	cmp.w	fp, #3
10002600:	d931      	bls.n	10002666 <_ftoa+0x486>
10002602:	9b0c      	ldr	r3, [sp, #48]	@ 0x30
10002604:	461d      	mov	r5, r3
10002606:	1edc      	subs	r4, r3, #3
10002608:	eb04 0a0b 	add.w	sl, r4, fp
1000260c:	462a      	mov	r2, r5
1000260e:	464b      	mov	r3, r9
10002610:	4641      	mov	r1, r8
10002612:	2020      	movs	r0, #32
10002614:	3501      	adds	r5, #1
10002616:	47b8      	blx	r7
10002618:	4555      	cmp	r5, sl
1000261a:	d1f7      	bne.n	1000260c <_ftoa+0x42c>
1000261c:	4655      	mov	r5, sl
1000261e:	4c1e      	ldr	r4, [pc, #120]	@ (10002698 <_ftoa+0x4b8>)
10002620:	1ee6      	subs	r6, r4, #3
10002622:	f814 0d01 	ldrb.w	r0, [r4, #-1]!
10002626:	462a      	mov	r2, r5
10002628:	464b      	mov	r3, r9
1000262a:	4641      	mov	r1, r8
1000262c:	47b8      	blx	r7
1000262e:	42a6      	cmp	r6, r4
10002630:	f105 0501 	add.w	r5, r5, #1
10002634:	d1f5      	bne.n	10002622 <_ftoa+0x442>
10002636:	9b07      	ldr	r3, [sp, #28]
10002638:	f10a 0a03 	add.w	sl, sl, #3
1000263c:	079d      	lsls	r5, r3, #30
1000263e:	f57f aed5 	bpl.w	100023ec <_ftoa+0x20c>
10002642:	9c0c      	ldr	r4, [sp, #48]	@ 0x30
10002644:	ebaa 0304 	sub.w	r3, sl, r4
10002648:	459b      	cmp	fp, r3
1000264a:	f67f aecf 	bls.w	100023ec <_ftoa+0x20c>
1000264e:	4652      	mov	r2, sl
10002650:	464b      	mov	r3, r9
10002652:	4641      	mov	r1, r8
10002654:	2020      	movs	r0, #32
10002656:	f10a 0a01 	add.w	sl, sl, #1
1000265a:	47b8      	blx	r7
1000265c:	ebaa 0304 	sub.w	r3, sl, r4
10002660:	459b      	cmp	fp, r3
10002662:	d8f4      	bhi.n	1000264e <_ftoa+0x46e>
10002664:	e6c2      	b.n	100023ec <_ftoa+0x20c>
10002666:	f8dd a030 	ldr.w	sl, [sp, #48]	@ 0x30
1000266a:	e7d7      	b.n	1000261c <_ftoa+0x43c>
1000266c:	45ab      	cmp	fp, r5
1000266e:	f63f aea3 	bhi.w	100023b8 <_ftoa+0x1d8>
10002672:	e6ae      	b.n	100023d2 <_ftoa+0x1f2>
10002674:	f1bb 0f00 	cmp.w	fp, #0
10002678:	f43f af7a 	beq.w	10002570 <_ftoa+0x390>
1000267c:	9b0d      	ldr	r3, [sp, #52]	@ 0x34
1000267e:	2b00      	cmp	r3, #0
10002680:	d09f      	beq.n	100025c2 <_ftoa+0x3e2>
10002682:	f10b 3bff 	add.w	fp, fp, #4294967295
10002686:	455d      	cmp	r5, fp
10002688:	f4ff ae96 	bcc.w	100023b8 <_ftoa+0x1d8>
1000268c:	2d20      	cmp	r5, #32
1000268e:	f47f af74 	bne.w	1000257a <_ftoa+0x39a>
10002692:	e69e      	b.n	100023d2 <_ftoa+0x1f2>
10002694:	3fe00000 	.word	0x3fe00000
10002698:	100065ef 	.word	0x100065ef
1000269c:	00000000 	.word	0x00000000

100026a0 <_etoa>:
100026a0:	e92d 4ff0 	stmdb	sp!, {r4, r5, r6, r7, r8, r9, sl, fp, lr}
100026a4:	b09f      	sub	sp, #124	@ 0x7c
100026a6:	9e2a      	ldr	r6, [sp, #168]	@ 0xa8
100026a8:	e9dd 4528 	ldrd	r4, r5, [sp, #160]	@ 0xa0
100026ac:	4607      	mov	r7, r0
100026ae:	4693      	mov	fp, r2
100026b0:	9108      	str	r1, [sp, #32]
100026b2:	9309      	str	r3, [sp, #36]	@ 0x24
100026b4:	4622      	mov	r2, r4
100026b6:	462b      	mov	r3, r5
100026b8:	4620      	mov	r0, r4
100026ba:	4629      	mov	r1, r5
100026bc:	960e      	str	r6, [sp, #56]	@ 0x38
100026be:	e9dd a62b 	ldrd	sl, r6, [sp, #172]	@ 0xac
100026c2:	f7ff fbeb 	bl	10001e9c <__wrap___aeabi_dcmpun>
100026c6:	2800      	cmp	r0, #0
100026c8:	f040 80be 	bne.w	10002848 <_etoa+0x1a8>
100026cc:	4620      	mov	r0, r4
100026ce:	4629      	mov	r1, r5
100026d0:	f04f 32ff 	mov.w	r2, #4294967295
100026d4:	4b78      	ldr	r3, [pc, #480]	@ (100028b8 <_etoa+0x218>)
100026d6:	f7ff fc2f 	bl	10001f38 <__wrap___aeabi_dcmpgt>
100026da:	2800      	cmp	r0, #0
100026dc:	f040 80b4 	bne.w	10002848 <_etoa+0x1a8>
100026e0:	4620      	mov	r0, r4
100026e2:	4629      	mov	r1, r5
100026e4:	f04f 32ff 	mov.w	r2, #4294967295
100026e8:	f46f 1380 	mvn.w	r3, #1048576	@ 0x100000
100026ec:	f7ff fbe8 	bl	10001ec0 <__wrap___aeabi_dcmplt>
100026f0:	2800      	cmp	r0, #0
100026f2:	f040 80a9 	bne.w	10002848 <_etoa+0x1a8>
100026f6:	4620      	mov	r0, r4
100026f8:	4629      	mov	r1, r5
100026fa:	2200      	movs	r2, #0
100026fc:	2300      	movs	r3, #0
100026fe:	f7ff fbdf 	bl	10001ec0 <__wrap___aeabi_dcmplt>
10002702:	2800      	cmp	r0, #0
10002704:	f040 81d5 	bne.w	10002ab2 <_etoa+0x412>
10002708:	e9cd 450a 	strd	r4, r5, [sp, #40]	@ 0x28
1000270c:	e9dd 230a 	ldrd	r2, r3, [sp, #40]	@ 0x28
10002710:	4690      	mov	r8, r2
10002712:	4699      	mov	r9, r3
10002714:	f406 6200 	and.w	r2, r6, #2048	@ 0x800
10002718:	f416 6380 	ands.w	r3, r6, #1024	@ 0x400
1000271c:	920f      	str	r2, [sp, #60]	@ 0x3c
1000271e:	9313      	str	r3, [sp, #76]	@ 0x4c
10002720:	f040 80a1 	bne.w	10002866 <_etoa+0x1c6>
10002724:	ea58 0309 	orrs.w	r3, r8, r9
10002728:	f040 80ca 	bne.w	100028c0 <_etoa+0x220>
1000272c:	2a00      	cmp	r2, #0
1000272e:	f040 81e3 	bne.w	10002af8 <_etoa+0x458>
10002732:	2306      	movs	r3, #6
10002734:	930e      	str	r3, [sp, #56]	@ 0x38
10002736:	f016 0202 	ands.w	r2, r6, #2
1000273a:	9210      	str	r2, [sp, #64]	@ 0x40
1000273c:	f040 81d4 	bne.w	10002ae8 <_etoa+0x448>
10002740:	4653      	mov	r3, sl
10002742:	2b04      	cmp	r3, #4
10002744:	bf38      	it	cc
10002746:	2304      	movcc	r3, #4
10002748:	920c      	str	r2, [sp, #48]	@ 0x30
1000274a:	2204      	movs	r2, #4
1000274c:	3b04      	subs	r3, #4
1000274e:	9212      	str	r2, [sp, #72]	@ 0x48
10002750:	930f      	str	r3, [sp, #60]	@ 0x3c
10002752:	4620      	mov	r0, r4
10002754:	4629      	mov	r1, r5
10002756:	2200      	movs	r2, #0
10002758:	2300      	movs	r3, #0
1000275a:	f7ff fbb1 	bl	10001ec0 <__wrap___aeabi_dcmplt>
1000275e:	2800      	cmp	r0, #0
10002760:	f040 81f3 	bne.w	10002b4a <_etoa+0x4aa>
10002764:	ed9d 7b0a 	vldr	d7, [sp, #40]	@ 0x28
10002768:	9b0f      	ldr	r3, [sp, #60]	@ 0x3c
1000276a:	465a      	mov	r2, fp
1000276c:	9303      	str	r3, [sp, #12]
1000276e:	9b0e      	ldr	r3, [sp, #56]	@ 0x38
10002770:	ed8d 7b00 	vstr	d7, [sp]
10002774:	9302      	str	r3, [sp, #8]
10002776:	f426 6300 	bic.w	r3, r6, #2048	@ 0x800
1000277a:	9304      	str	r3, [sp, #16]
1000277c:	4638      	mov	r0, r7
1000277e:	9b09      	ldr	r3, [sp, #36]	@ 0x24
10002780:	9908      	ldr	r1, [sp, #32]
10002782:	f7ff fd2d 	bl	100021e0 <_ftoa>
10002786:	4602      	mov	r2, r0
10002788:	f016 0f20 	tst.w	r6, #32
1000278c:	9b09      	ldr	r3, [sp, #36]	@ 0x24
1000278e:	9908      	ldr	r1, [sp, #32]
10002790:	bf0c      	ite	eq
10002792:	2065      	moveq	r0, #101	@ 0x65
10002794:	2045      	movne	r0, #69	@ 0x45
10002796:	f102 0801 	add.w	r8, r2, #1
1000279a:	47b8      	blx	r7
1000279c:	9a0c      	ldr	r2, [sp, #48]	@ 0x30
1000279e:	9b12      	ldr	r3, [sp, #72]	@ 0x48
100027a0:	ac16      	add	r4, sp, #88	@ 0x58
100027a2:	1e5d      	subs	r5, r3, #1
100027a4:	ea82 73e2 	eor.w	r3, r2, r2, asr #31
100027a8:	eba3 73e2 	sub.w	r3, r3, r2, asr #31
100027ac:	0fd1      	lsrs	r1, r2, #31
100027ae:	2600      	movs	r6, #0
100027b0:	4622      	mov	r2, r4
100027b2:	4699      	mov	r9, r3
100027b4:	f8df c104 	ldr.w	ip, [pc, #260]	@ 100028bc <_etoa+0x21c>
100027b8:	e001      	b.n	100027be <_etoa+0x11e>
100027ba:	2e20      	cmp	r6, #32
100027bc:	d010      	beq.n	100027e0 <_etoa+0x140>
100027be:	46ce      	mov	lr, r9
100027c0:	fbac 3009 	umull	r3, r0, ip, r9
100027c4:	08c0      	lsrs	r0, r0, #3
100027c6:	eb00 0380 	add.w	r3, r0, r0, lsl #2
100027ca:	eba9 0343 	sub.w	r3, r9, r3, lsl #1
100027ce:	3330      	adds	r3, #48	@ 0x30
100027d0:	f1be 0f09 	cmp.w	lr, #9
100027d4:	4681      	mov	r9, r0
100027d6:	f106 0601 	add.w	r6, r6, #1
100027da:	f802 3b01 	strb.w	r3, [r2], #1
100027de:	d8ec      	bhi.n	100027ba <_etoa+0x11a>
100027e0:	2305      	movs	r3, #5
100027e2:	2000      	movs	r0, #0
100027e4:	9306      	str	r3, [sp, #24]
100027e6:	230a      	movs	r3, #10
100027e8:	9505      	str	r5, [sp, #20]
100027ea:	9400      	str	r4, [sp, #0]
100027ec:	9d09      	ldr	r5, [sp, #36]	@ 0x24
100027ee:	9c08      	ldr	r4, [sp, #32]
100027f0:	4642      	mov	r2, r8
100027f2:	e9cd 3003 	strd	r3, r0, [sp, #12]
100027f6:	e9cd 6101 	strd	r6, r1, [sp, #4]
100027fa:	462b      	mov	r3, r5
100027fc:	4621      	mov	r1, r4
100027fe:	4638      	mov	r0, r7
10002800:	f7ff fbfa 	bl	10001ff8 <_ntoa_format>
10002804:	9a10      	ldr	r2, [sp, #64]	@ 0x40
10002806:	4680      	mov	r8, r0
10002808:	b1d2      	cbz	r2, 10002840 <_etoa+0x1a0>
1000280a:	eba0 060b 	sub.w	r6, r0, fp
1000280e:	45b2      	cmp	sl, r6
10002810:	d916      	bls.n	10002840 <_etoa+0x1a0>
10002812:	eb0b 0206 	add.w	r2, fp, r6
10002816:	462b      	mov	r3, r5
10002818:	4621      	mov	r1, r4
1000281a:	2020      	movs	r0, #32
1000281c:	3601      	adds	r6, #1
1000281e:	47b8      	blx	r7
10002820:	45b2      	cmp	sl, r6
10002822:	d8f6      	bhi.n	10002812 <_etoa+0x172>
10002824:	f10b 33ff 	add.w	r3, fp, #4294967295
10002828:	4453      	add	r3, sl
1000282a:	f1cb 0201 	rsb	r2, fp, #1
1000282e:	eba3 0308 	sub.w	r3, r3, r8
10002832:	4442      	add	r2, r8
10002834:	4592      	cmp	sl, r2
10002836:	bf38      	it	cc
10002838:	2300      	movcc	r3, #0
1000283a:	f108 0801 	add.w	r8, r8, #1
1000283e:	4498      	add	r8, r3
10002840:	4640      	mov	r0, r8
10002842:	b01f      	add	sp, #124	@ 0x7c
10002844:	e8bd 8ff0 	ldmia.w	sp!, {r4, r5, r6, r7, r8, r9, sl, fp, pc}
10002848:	465a      	mov	r2, fp
1000284a:	4638      	mov	r0, r7
1000284c:	e9cd 4528 	strd	r4, r5, [sp, #160]	@ 0xa0
10002850:	e9cd a62b 	strd	sl, r6, [sp, #172]	@ 0xac
10002854:	9c0e      	ldr	r4, [sp, #56]	@ 0x38
10002856:	9b09      	ldr	r3, [sp, #36]	@ 0x24
10002858:	9908      	ldr	r1, [sp, #32]
1000285a:	942a      	str	r4, [sp, #168]	@ 0xa8
1000285c:	b01f      	add	sp, #124	@ 0x7c
1000285e:	e8bd 4ff0 	ldmia.w	sp!, {r4, r5, r6, r7, r8, r9, sl, fp, lr}
10002862:	f7ff bcbd 	b.w	100021e0 <_ftoa>
10002866:	ea58 0309 	orrs.w	r3, r8, r9
1000286a:	d12b      	bne.n	100028c4 <_etoa+0x224>
1000286c:	2a00      	cmp	r2, #0
1000286e:	f43f af62 	beq.w	10002736 <_etoa+0x96>
10002872:	2300      	movs	r3, #0
10002874:	930c      	str	r3, [sp, #48]	@ 0x30
10002876:	9b0e      	ldr	r3, [sp, #56]	@ 0x38
10002878:	9a0c      	ldr	r2, [sp, #48]	@ 0x30
1000287a:	4293      	cmp	r3, r2
1000287c:	f300 81b9 	bgt.w	10002bf2 <_etoa+0x552>
10002880:	f04f 0800 	mov.w	r8, #0
10002884:	4620      	mov	r0, r4
10002886:	4629      	mov	r1, r5
10002888:	2200      	movs	r2, #0
1000288a:	2300      	movs	r3, #0
1000288c:	f7ff fb18 	bl	10001ec0 <__wrap___aeabi_dcmplt>
10002890:	2800      	cmp	r0, #0
10002892:	f040 8113 	bne.w	10002abc <_etoa+0x41c>
10002896:	ed9d 7b0a 	vldr	d7, [sp, #40]	@ 0x28
1000289a:	f426 6600 	bic.w	r6, r6, #2048	@ 0x800
1000289e:	f446 6680 	orr.w	r6, r6, #1024	@ 0x400
100028a2:	ed8d 7b28 	vstr	d7, [sp, #160]	@ 0xa0
100028a6:	465a      	mov	r2, fp
100028a8:	4638      	mov	r0, r7
100028aa:	e9cd 8a2a 	strd	r8, sl, [sp, #168]	@ 0xa8
100028ae:	9b09      	ldr	r3, [sp, #36]	@ 0x24
100028b0:	9908      	ldr	r1, [sp, #32]
100028b2:	962c      	str	r6, [sp, #176]	@ 0xb0
100028b4:	e7d2      	b.n	1000285c <_etoa+0x1bc>
100028b6:	bf00      	nop
100028b8:	7fefffff 	.word	0x7fefffff
100028bc:	cccccccd 	.word	0xcccccccd
100028c0:	2306      	movs	r3, #6
100028c2:	930e      	str	r3, [sp, #56]	@ 0x38
100028c4:	f3c9 500a 	ubfx	r0, r9, #20, #11
100028c8:	f2a0 30ff 	subw	r0, r0, #1023	@ 0x3ff
100028cc:	f7ff fa9e 	bl	10001e0c <__wrap___aeabi_i2d>
100028d0:	a3c1      	add	r3, pc, #772	@ (adr r3, 10002bd8 <_etoa+0x538>)
100028d2:	e9d3 2300 	ldrd	r2, r3, [r3]
100028d6:	f7ff fa25 	bl	10001d24 <__wrap___aeabi_dmul>
100028da:	a3c1      	add	r3, pc, #772	@ (adr r3, 10002be0 <_etoa+0x540>)
100028dc:	e9d3 2300 	ldrd	r2, r3, [r3]
100028e0:	f7ff f9f8 	bl	10001cd4 <__wrap___aeabi_dadd>
100028e4:	f3c9 0913 	ubfx	r9, r9, #0, #20
100028e8:	e9cd 010c 	strd	r0, r1, [sp, #48]	@ 0x30
100028ec:	f049 517f 	orr.w	r1, r9, #1069547520	@ 0x3fc00000
100028f0:	4640      	mov	r0, r8
100028f2:	2200      	movs	r2, #0
100028f4:	4bb2      	ldr	r3, [pc, #712]	@ (10002bc0 <_etoa+0x520>)
100028f6:	f441 1140 	orr.w	r1, r1, #3145728	@ 0x300000
100028fa:	f7ff f9ff 	bl	10001cfc <__wrap___aeabi_dsub>
100028fe:	a3a4      	add	r3, pc, #656	@ (adr r3, 10002b90 <_etoa+0x4f0>)
10002900:	e9d3 2300 	ldrd	r2, r3, [r3]
10002904:	f7ff fa0e 	bl	10001d24 <__wrap___aeabi_dmul>
10002908:	4602      	mov	r2, r0
1000290a:	460b      	mov	r3, r1
1000290c:	e9dd 010c 	ldrd	r0, r1, [sp, #48]	@ 0x30
10002910:	f7ff f9e0 	bl	10001cd4 <__wrap___aeabi_dadd>
10002914:	f7ff fa9e 	bl	10001e54 <__wrap___aeabi_d2iz>
10002918:	900c      	str	r0, [sp, #48]	@ 0x30
1000291a:	f7ff fa77 	bl	10001e0c <__wrap___aeabi_i2d>
1000291e:	a39e      	add	r3, pc, #632	@ (adr r3, 10002b98 <_etoa+0x4f8>)
10002920:	e9d3 2300 	ldrd	r2, r3, [r3]
10002924:	4680      	mov	r8, r0
10002926:	4689      	mov	r9, r1
10002928:	f7ff f9fc 	bl	10001d24 <__wrap___aeabi_dmul>
1000292c:	2200      	movs	r2, #0
1000292e:	4ba5      	ldr	r3, [pc, #660]	@ (10002bc4 <_etoa+0x524>)
10002930:	f7ff f9d0 	bl	10001cd4 <__wrap___aeabi_dadd>
10002934:	f7ff fa8e 	bl	10001e54 <__wrap___aeabi_d2iz>
10002938:	4603      	mov	r3, r0
1000293a:	4649      	mov	r1, r9
1000293c:	4640      	mov	r0, r8
1000293e:	9312      	str	r3, [sp, #72]	@ 0x48
10002940:	a397      	add	r3, pc, #604	@ (adr r3, 10002ba0 <_etoa+0x500>)
10002942:	e9d3 2300 	ldrd	r2, r3, [r3]
10002946:	f7ff f9ed 	bl	10001d24 <__wrap___aeabi_dmul>
1000294a:	4680      	mov	r8, r0
1000294c:	9812      	ldr	r0, [sp, #72]	@ 0x48
1000294e:	4689      	mov	r9, r1
10002950:	f7ff fa5c 	bl	10001e0c <__wrap___aeabi_i2d>
10002954:	a394      	add	r3, pc, #592	@ (adr r3, 10002ba8 <_etoa+0x508>)
10002956:	e9d3 2300 	ldrd	r2, r3, [r3]
1000295a:	f7ff f9e3 	bl	10001d24 <__wrap___aeabi_dmul>
1000295e:	4602      	mov	r2, r0
10002960:	460b      	mov	r3, r1
10002962:	4640      	mov	r0, r8
10002964:	4649      	mov	r1, r9
10002966:	f7ff f9c9 	bl	10001cfc <__wrap___aeabi_dsub>
1000296a:	4602      	mov	r2, r0
1000296c:	460b      	mov	r3, r1
1000296e:	4680      	mov	r8, r0
10002970:	4689      	mov	r9, r1
10002972:	f7ff f9d7 	bl	10001d24 <__wrap___aeabi_dmul>
10002976:	4642      	mov	r2, r8
10002978:	464b      	mov	r3, r9
1000297a:	e9cd 0110 	strd	r0, r1, [sp, #64]	@ 0x40
1000297e:	4640      	mov	r0, r8
10002980:	4649      	mov	r1, r9
10002982:	f7ff f9a7 	bl	10001cd4 <__wrap___aeabi_dadd>
10002986:	2200      	movs	r2, #0
10002988:	e9cd 0114 	strd	r0, r1, [sp, #80]	@ 0x50
1000298c:	e9dd 0110 	ldrd	r0, r1, [sp, #64]	@ 0x40
10002990:	4b8d      	ldr	r3, [pc, #564]	@ (10002bc8 <_etoa+0x528>)
10002992:	f7ff f9ed 	bl	10001d70 <__wrap___aeabi_ddiv>
10002996:	2200      	movs	r2, #0
10002998:	4b8c      	ldr	r3, [pc, #560]	@ (10002bcc <_etoa+0x52c>)
1000299a:	f7ff f99b 	bl	10001cd4 <__wrap___aeabi_dadd>
1000299e:	4602      	mov	r2, r0
100029a0:	460b      	mov	r3, r1
100029a2:	e9dd 0110 	ldrd	r0, r1, [sp, #64]	@ 0x40
100029a6:	f7ff f9e3 	bl	10001d70 <__wrap___aeabi_ddiv>
100029aa:	2200      	movs	r2, #0
100029ac:	4b88      	ldr	r3, [pc, #544]	@ (10002bd0 <_etoa+0x530>)
100029ae:	f7ff f991 	bl	10001cd4 <__wrap___aeabi_dadd>
100029b2:	4602      	mov	r2, r0
100029b4:	460b      	mov	r3, r1
100029b6:	e9dd 0110 	ldrd	r0, r1, [sp, #64]	@ 0x40
100029ba:	f7ff f9d9 	bl	10001d70 <__wrap___aeabi_ddiv>
100029be:	4642      	mov	r2, r8
100029c0:	464b      	mov	r3, r9
100029c2:	4680      	mov	r8, r0
100029c4:	4689      	mov	r9, r1
100029c6:	2000      	movs	r0, #0
100029c8:	f04f 4180 	mov.w	r1, #1073741824	@ 0x40000000
100029cc:	f7ff f996 	bl	10001cfc <__wrap___aeabi_dsub>
100029d0:	4602      	mov	r2, r0
100029d2:	460b      	mov	r3, r1
100029d4:	4640      	mov	r0, r8
100029d6:	4649      	mov	r1, r9
100029d8:	f7ff f97c 	bl	10001cd4 <__wrap___aeabi_dadd>
100029dc:	4602      	mov	r2, r0
100029de:	460b      	mov	r3, r1
100029e0:	e9dd 0114 	ldrd	r0, r1, [sp, #80]	@ 0x50
100029e4:	f7ff f9c4 	bl	10001d70 <__wrap___aeabi_ddiv>
100029e8:	2200      	movs	r2, #0
100029ea:	4b7a      	ldr	r3, [pc, #488]	@ (10002bd4 <_etoa+0x534>)
100029ec:	f7ff f972 	bl	10001cd4 <__wrap___aeabi_dadd>
100029f0:	9b12      	ldr	r3, [sp, #72]	@ 0x48
100029f2:	2200      	movs	r2, #0
100029f4:	f203 3cff 	addw	ip, r3, #1023	@ 0x3ff
100029f8:	ea4f 530c 	mov.w	r3, ip, lsl #20
100029fc:	f7ff f992 	bl	10001d24 <__wrap___aeabi_dmul>
10002a00:	4680      	mov	r8, r0
10002a02:	4689      	mov	r9, r1
10002a04:	e9dd 010a 	ldrd	r0, r1, [sp, #40]	@ 0x28
10002a08:	4642      	mov	r2, r8
10002a0a:	464b      	mov	r3, r9
10002a0c:	f7ff fa58 	bl	10001ec0 <__wrap___aeabi_dcmplt>
10002a10:	b150      	cbz	r0, 10002a28 <_etoa+0x388>
10002a12:	9b0c      	ldr	r3, [sp, #48]	@ 0x30
10002a14:	4640      	mov	r0, r8
10002a16:	3b01      	subs	r3, #1
10002a18:	4649      	mov	r1, r9
10002a1a:	930c      	str	r3, [sp, #48]	@ 0x30
10002a1c:	2200      	movs	r2, #0
10002a1e:	4b6b      	ldr	r3, [pc, #428]	@ (10002bcc <_etoa+0x52c>)
10002a20:	f7ff f9a6 	bl	10001d70 <__wrap___aeabi_ddiv>
10002a24:	4680      	mov	r8, r0
10002a26:	4689      	mov	r9, r1
10002a28:	9a0c      	ldr	r2, [sp, #48]	@ 0x30
10002a2a:	4643      	mov	r3, r8
10002a2c:	3263      	adds	r2, #99	@ 0x63
10002a2e:	2ac6      	cmp	r2, #198	@ 0xc6
10002a30:	f006 0202 	and.w	r2, r6, #2
10002a34:	9210      	str	r2, [sp, #64]	@ 0x40
10002a36:	4649      	mov	r1, r9
10002a38:	9a0f      	ldr	r2, [sp, #60]	@ 0x3c
10002a3a:	d82c      	bhi.n	10002a96 <_etoa+0x3f6>
10002a3c:	2a00      	cmp	r2, #0
10002a3e:	d05e      	beq.n	10002afe <_etoa+0x45e>
10002a40:	2204      	movs	r2, #4
10002a42:	9212      	str	r2, [sp, #72]	@ 0x48
10002a44:	430b      	orrs	r3, r1
10002a46:	f43f af16 	beq.w	10002876 <_etoa+0x1d6>
10002a4a:	e9dd 010a 	ldrd	r0, r1, [sp, #40]	@ 0x28
10002a4e:	a358      	add	r3, pc, #352	@ (adr r3, 10002bb0 <_etoa+0x510>)
10002a50:	e9d3 2300 	ldrd	r2, r3, [r3]
10002a54:	f7ff fa5c 	bl	10001f10 <__wrap___aeabi_dcmpge>
10002a58:	b148      	cbz	r0, 10002a6e <_etoa+0x3ce>
10002a5a:	e9dd 010a 	ldrd	r0, r1, [sp, #40]	@ 0x28
10002a5e:	a356      	add	r3, pc, #344	@ (adr r3, 10002bb8 <_etoa+0x518>)
10002a60:	e9d3 2300 	ldrd	r2, r3, [r3]
10002a64:	f7ff fa2c 	bl	10001ec0 <__wrap___aeabi_dcmplt>
10002a68:	2800      	cmp	r0, #0
10002a6a:	f47f af04 	bne.w	10002876 <_etoa+0x1d6>
10002a6e:	9b0e      	ldr	r3, [sp, #56]	@ 0x38
10002a70:	2b00      	cmp	r3, #0
10002a72:	d050      	beq.n	10002b16 <_etoa+0x476>
10002a74:	9a13      	ldr	r2, [sp, #76]	@ 0x4c
10002a76:	2a00      	cmp	r2, #0
10002a78:	d07d      	beq.n	10002b76 <_etoa+0x4d6>
10002a7a:	3b01      	subs	r3, #1
10002a7c:	930e      	str	r3, [sp, #56]	@ 0x38
10002a7e:	9b12      	ldr	r3, [sp, #72]	@ 0x48
10002a80:	459a      	cmp	sl, r3
10002a82:	d905      	bls.n	10002a90 <_etoa+0x3f0>
10002a84:	9b10      	ldr	r3, [sp, #64]	@ 0x40
10002a86:	2b00      	cmp	r3, #0
10002a88:	f000 80ae 	beq.w	10002be8 <_etoa+0x548>
10002a8c:	2302      	movs	r3, #2
10002a8e:	9310      	str	r3, [sp, #64]	@ 0x40
10002a90:	2300      	movs	r3, #0
10002a92:	930f      	str	r3, [sp, #60]	@ 0x3c
10002a94:	e044      	b.n	10002b20 <_etoa+0x480>
10002a96:	bb22      	cbnz	r2, 10002ae2 <_etoa+0x442>
10002a98:	f1ba 0f05 	cmp.w	sl, #5
10002a9c:	d94f      	bls.n	10002b3e <_etoa+0x49e>
10002a9e:	f006 0302 	and.w	r3, r6, #2
10002aa2:	2b00      	cmp	r3, #0
10002aa4:	d149      	bne.n	10002b3a <_etoa+0x49a>
10002aa6:	2305      	movs	r3, #5
10002aa8:	9312      	str	r3, [sp, #72]	@ 0x48
10002aaa:	f1aa 0305 	sub.w	r3, sl, #5
10002aae:	930f      	str	r3, [sp, #60]	@ 0x3c
10002ab0:	e03a      	b.n	10002b28 <_etoa+0x488>
10002ab2:	f105 4300 	add.w	r3, r5, #2147483648	@ 0x80000000
10002ab6:	940a      	str	r4, [sp, #40]	@ 0x28
10002ab8:	930b      	str	r3, [sp, #44]	@ 0x2c
10002aba:	e627      	b.n	1000270c <_etoa+0x6c>
10002abc:	f426 6600 	bic.w	r6, r6, #2048	@ 0x800
10002ac0:	f446 6680 	orr.w	r6, r6, #1024	@ 0x400
10002ac4:	4638      	mov	r0, r7
10002ac6:	962c      	str	r6, [sp, #176]	@ 0xb0
10002ac8:	e9dd 670a 	ldrd	r6, r7, [sp, #40]	@ 0x28
10002acc:	4634      	mov	r4, r6
10002ace:	f107 4500 	add.w	r5, r7, #2147483648	@ 0x80000000
10002ad2:	465a      	mov	r2, fp
10002ad4:	e9cd 8a2a 	strd	r8, sl, [sp, #168]	@ 0xa8
10002ad8:	e9cd 4528 	strd	r4, r5, [sp, #160]	@ 0xa0
10002adc:	9b09      	ldr	r3, [sp, #36]	@ 0x24
10002ade:	9908      	ldr	r1, [sp, #32]
10002ae0:	e6bc      	b.n	1000285c <_etoa+0x1bc>
10002ae2:	2205      	movs	r2, #5
10002ae4:	9212      	str	r2, [sp, #72]	@ 0x48
10002ae6:	e7ad      	b.n	10002a44 <_etoa+0x3a4>
10002ae8:	2300      	movs	r3, #0
10002aea:	2202      	movs	r2, #2
10002aec:	e9cd 320f 	strd	r3, r2, [sp, #60]	@ 0x3c
10002af0:	2204      	movs	r2, #4
10002af2:	930c      	str	r3, [sp, #48]	@ 0x30
10002af4:	9212      	str	r2, [sp, #72]	@ 0x48
10002af6:	e62c      	b.n	10002752 <_etoa+0xb2>
10002af8:	f04f 0805 	mov.w	r8, #5
10002afc:	e6c2      	b.n	10002884 <_etoa+0x1e4>
10002afe:	f1ba 0f04 	cmp.w	sl, #4
10002b02:	d91f      	bls.n	10002b44 <_etoa+0x4a4>
10002b04:	9b10      	ldr	r3, [sp, #64]	@ 0x40
10002b06:	2b00      	cmp	r3, #0
10002b08:	d178      	bne.n	10002bfc <_etoa+0x55c>
10002b0a:	2304      	movs	r3, #4
10002b0c:	9312      	str	r3, [sp, #72]	@ 0x48
10002b0e:	f1aa 0304 	sub.w	r3, sl, #4
10002b12:	930f      	str	r3, [sp, #60]	@ 0x3c
10002b14:	e004      	b.n	10002b20 <_etoa+0x480>
10002b16:	9b12      	ldr	r3, [sp, #72]	@ 0x48
10002b18:	459a      	cmp	sl, r3
10002b1a:	d831      	bhi.n	10002b80 <_etoa+0x4e0>
10002b1c:	9b0e      	ldr	r3, [sp, #56]	@ 0x38
10002b1e:	930f      	str	r3, [sp, #60]	@ 0x3c
10002b20:	9b0c      	ldr	r3, [sp, #48]	@ 0x30
10002b22:	2b00      	cmp	r3, #0
10002b24:	f43f ae15 	beq.w	10002752 <_etoa+0xb2>
10002b28:	e9dd 010a 	ldrd	r0, r1, [sp, #40]	@ 0x28
10002b2c:	4642      	mov	r2, r8
10002b2e:	464b      	mov	r3, r9
10002b30:	f7ff f91e 	bl	10001d70 <__wrap___aeabi_ddiv>
10002b34:	e9cd 010a 	strd	r0, r1, [sp, #40]	@ 0x28
10002b38:	e60b      	b.n	10002752 <_etoa+0xb2>
10002b3a:	2302      	movs	r3, #2
10002b3c:	9310      	str	r3, [sp, #64]	@ 0x40
10002b3e:	2305      	movs	r3, #5
10002b40:	9312      	str	r3, [sp, #72]	@ 0x48
10002b42:	e7f1      	b.n	10002b28 <_etoa+0x488>
10002b44:	2304      	movs	r3, #4
10002b46:	9312      	str	r3, [sp, #72]	@ 0x48
10002b48:	e7ea      	b.n	10002b20 <_etoa+0x480>
10002b4a:	e9dd 450a 	ldrd	r4, r5, [sp, #40]	@ 0x28
10002b4e:	46a0      	mov	r8, r4
10002b50:	9b0f      	ldr	r3, [sp, #60]	@ 0x3c
10002b52:	f105 4900 	add.w	r9, r5, #2147483648	@ 0x80000000
10002b56:	9303      	str	r3, [sp, #12]
10002b58:	9b0e      	ldr	r3, [sp, #56]	@ 0x38
10002b5a:	465a      	mov	r2, fp
10002b5c:	9302      	str	r3, [sp, #8]
10002b5e:	f426 6300 	bic.w	r3, r6, #2048	@ 0x800
10002b62:	9304      	str	r3, [sp, #16]
10002b64:	4638      	mov	r0, r7
10002b66:	e9cd 8900 	strd	r8, r9, [sp]
10002b6a:	9b09      	ldr	r3, [sp, #36]	@ 0x24
10002b6c:	9908      	ldr	r1, [sp, #32]
10002b6e:	f7ff fb37 	bl	100021e0 <_ftoa>
10002b72:	4602      	mov	r2, r0
10002b74:	e608      	b.n	10002788 <_etoa+0xe8>
10002b76:	9b12      	ldr	r3, [sp, #72]	@ 0x48
10002b78:	459a      	cmp	sl, r3
10002b7a:	d844      	bhi.n	10002c06 <_etoa+0x566>
10002b7c:	920f      	str	r2, [sp, #60]	@ 0x3c
10002b7e:	e7cf      	b.n	10002b20 <_etoa+0x480>
10002b80:	9b10      	ldr	r3, [sp, #64]	@ 0x40
10002b82:	b38b      	cbz	r3, 10002be8 <_etoa+0x548>
10002b84:	9b0e      	ldr	r3, [sp, #56]	@ 0x38
10002b86:	930f      	str	r3, [sp, #60]	@ 0x3c
10002b88:	2302      	movs	r3, #2
10002b8a:	9310      	str	r3, [sp, #64]	@ 0x40
10002b8c:	e7c8      	b.n	10002b20 <_etoa+0x480>
10002b8e:	bf00      	nop
10002b90:	636f4361 	.word	0x636f4361
10002b94:	3fd287a7 	.word	0x3fd287a7
10002b98:	0979a371 	.word	0x0979a371
10002b9c:	400a934f 	.word	0x400a934f
10002ba0:	bbb55516 	.word	0xbbb55516
10002ba4:	40026bb1 	.word	0x40026bb1
10002ba8:	fefa39ef 	.word	0xfefa39ef
10002bac:	3fe62e42 	.word	0x3fe62e42
10002bb0:	eb1c432d 	.word	0xeb1c432d
10002bb4:	3f1a36e2 	.word	0x3f1a36e2
10002bb8:	00000000 	.word	0x00000000
10002bbc:	412e8480 	.word	0x412e8480
10002bc0:	3ff80000 	.word	0x3ff80000
10002bc4:	3fe00000 	.word	0x3fe00000
10002bc8:	402c0000 	.word	0x402c0000
10002bcc:	40240000 	.word	0x40240000
10002bd0:	40180000 	.word	0x40180000
10002bd4:	3ff00000 	.word	0x3ff00000
10002bd8:	509f79fb 	.word	0x509f79fb
10002bdc:	3fd34413 	.word	0x3fd34413
10002be0:	8b60c8b3 	.word	0x8b60c8b3
10002be4:	3fc68a28 	.word	0x3fc68a28
10002be8:	9b12      	ldr	r3, [sp, #72]	@ 0x48
10002bea:	ebaa 0303 	sub.w	r3, sl, r3
10002bee:	930f      	str	r3, [sp, #60]	@ 0x3c
10002bf0:	e796      	b.n	10002b20 <_etoa+0x480>
10002bf2:	eba3 0802 	sub.w	r8, r3, r2
10002bf6:	f108 38ff 	add.w	r8, r8, #4294967295
10002bfa:	e643      	b.n	10002884 <_etoa+0x1e4>
10002bfc:	2304      	movs	r3, #4
10002bfe:	9312      	str	r3, [sp, #72]	@ 0x48
10002c00:	2302      	movs	r3, #2
10002c02:	9310      	str	r3, [sp, #64]	@ 0x40
10002c04:	e78c      	b.n	10002b20 <_etoa+0x480>
10002c06:	9b10      	ldr	r3, [sp, #64]	@ 0x40
10002c08:	2b00      	cmp	r3, #0
10002c0a:	d0ed      	beq.n	10002be8 <_etoa+0x548>
10002c0c:	2302      	movs	r3, #2
10002c0e:	920f      	str	r2, [sp, #60]	@ 0x3c
10002c10:	9310      	str	r3, [sp, #64]	@ 0x40
10002c12:	e785      	b.n	10002b20 <_etoa+0x480>

10002c14 <_vsnprintf>:
10002c14:	e92d 4ff0 	stmdb	sp!, {r4, r5, r6, r7, r8, r9, sl, fp, lr}
10002c18:	b09b      	sub	sp, #108	@ 0x6c
10002c1a:	9c24      	ldr	r4, [sp, #144]	@ 0x90
10002c1c:	4d95      	ldr	r5, [pc, #596]	@ (10002e74 <_vsnprintf+0x260>)
10002c1e:	940a      	str	r4, [sp, #40]	@ 0x28
10002c20:	4c95      	ldr	r4, [pc, #596]	@ (10002e78 <_vsnprintf+0x264>)
10002c22:	f1b1 0a00 	subs.w	sl, r1, #0
10002c26:	bf18      	it	ne
10002c28:	4683      	movne	fp, r0
10002c2a:	6025      	str	r5, [r4, #0]
10002c2c:	7818      	ldrb	r0, [r3, #0]
10002c2e:	4c93      	ldr	r4, [pc, #588]	@ (10002e7c <_vsnprintf+0x268>)
10002c30:	4691      	mov	r9, r2
10002c32:	bf08      	it	eq
10002c34:	46a3      	moveq	fp, r4
10002c36:	9309      	str	r3, [sp, #36]	@ 0x24
10002c38:	2800      	cmp	r0, #0
10002c3a:	f000 8293 	beq.w	10003164 <_vsnprintf+0x550>
10002c3e:	f04f 0800 	mov.w	r8, #0
10002c42:	e00a      	b.n	10002c5a <_vsnprintf+0x46>
10002c44:	4642      	mov	r2, r8
10002c46:	464b      	mov	r3, r9
10002c48:	4651      	mov	r1, sl
10002c4a:	f108 0801 	add.w	r8, r8, #1
10002c4e:	47d8      	blx	fp
10002c50:	9b09      	ldr	r3, [sp, #36]	@ 0x24
10002c52:	7818      	ldrb	r0, [r3, #0]
10002c54:	2800      	cmp	r0, #0
10002c56:	f000 80ce 	beq.w	10002df6 <_vsnprintf+0x1e2>
10002c5a:	9b09      	ldr	r3, [sp, #36]	@ 0x24
10002c5c:	2825      	cmp	r0, #37	@ 0x25
10002c5e:	f103 0301 	add.w	r3, r3, #1
10002c62:	9309      	str	r3, [sp, #36]	@ 0x24
10002c64:	d1ee      	bne.n	10002c44 <_vsnprintf+0x30>
10002c66:	461c      	mov	r4, r3
10002c68:	2300      	movs	r3, #0
10002c6a:	4622      	mov	r2, r4
10002c6c:	f812 0b01 	ldrb.w	r0, [r2], #1
10002c70:	f1a0 0120 	sub.w	r1, r0, #32
10002c74:	2910      	cmp	r1, #16
10002c76:	d80a      	bhi.n	10002c8e <_vsnprintf+0x7a>
10002c78:	e8df f001 	tbb	[pc, r1]
10002c7c:	3c090940 	.word	0x3c090940
10002c80:	09090909 	.word	0x09090909
10002c84:	38090909 	.word	0x38090909
10002c88:	09093409 	.word	0x09093409
10002c8c:	30          	.byte	0x30
10002c8d:	00          	.byte	0x00
10002c8e:	f1a0 0130 	sub.w	r1, r0, #48	@ 0x30
10002c92:	2909      	cmp	r1, #9
10002c94:	9409      	str	r4, [sp, #36]	@ 0x24
10002c96:	f240 808a 	bls.w	10002dae <_vsnprintf+0x19a>
10002c9a:	282a      	cmp	r0, #42	@ 0x2a
10002c9c:	f000 80f0 	beq.w	10002e80 <_vsnprintf+0x26c>
10002ca0:	2500      	movs	r5, #0
10002ca2:	282e      	cmp	r0, #46	@ 0x2e
10002ca4:	f000 8096 	beq.w	10002dd4 <_vsnprintf+0x1c0>
10002ca8:	2600      	movs	r6, #0
10002caa:	f1a0 0168 	sub.w	r1, r0, #104	@ 0x68
10002cae:	2912      	cmp	r1, #18
10002cb0:	d82d      	bhi.n	10002d0e <_vsnprintf+0xfa>
10002cb2:	e8df f011 	tbh	[pc, r1, lsl #1]
10002cb6:	0149      	.short	0x0149
10002cb8:	0143002c 	.word	0x0143002c
10002cbc:	0138002c 	.word	0x0138002c
10002cc0:	002c002c 	.word	0x002c002c
10002cc4:	002c002c 	.word	0x002c002c
10002cc8:	002c002c 	.word	0x002c002c
10002ccc:	0027002c 	.word	0x0027002c
10002cd0:	002c002c 	.word	0x002c002c
10002cd4:	002c002c 	.word	0x002c002c
10002cd8:	0027002c 	.word	0x0027002c
10002cdc:	4614      	mov	r4, r2
10002cde:	f043 0301 	orr.w	r3, r3, #1
10002ce2:	e7c2      	b.n	10002c6a <_vsnprintf+0x56>
10002ce4:	4614      	mov	r4, r2
10002ce6:	f043 0302 	orr.w	r3, r3, #2
10002cea:	e7be      	b.n	10002c6a <_vsnprintf+0x56>
10002cec:	4614      	mov	r4, r2
10002cee:	f043 0304 	orr.w	r3, r3, #4
10002cf2:	e7ba      	b.n	10002c6a <_vsnprintf+0x56>
10002cf4:	4614      	mov	r4, r2
10002cf6:	f043 0310 	orr.w	r3, r3, #16
10002cfa:	e7b6      	b.n	10002c6a <_vsnprintf+0x56>
10002cfc:	4614      	mov	r4, r2
10002cfe:	f043 0308 	orr.w	r3, r3, #8
10002d02:	e7b2      	b.n	10002c6a <_vsnprintf+0x56>
10002d04:	9909      	ldr	r1, [sp, #36]	@ 0x24
10002d06:	7848      	ldrb	r0, [r1, #1]
10002d08:	f443 7380 	orr.w	r3, r3, #256	@ 0x100
10002d0c:	3201      	adds	r2, #1
10002d0e:	2867      	cmp	r0, #103	@ 0x67
10002d10:	9209      	str	r2, [sp, #36]	@ 0x24
10002d12:	d87e      	bhi.n	10002e12 <_vsnprintf+0x1fe>
10002d14:	2824      	cmp	r0, #36	@ 0x24
10002d16:	f240 80c1 	bls.w	10002e9c <_vsnprintf+0x288>
10002d1a:	f1a0 0225 	sub.w	r2, r0, #37	@ 0x25
10002d1e:	2a42      	cmp	r2, #66	@ 0x42
10002d20:	f200 80bc 	bhi.w	10002e9c <_vsnprintf+0x288>
10002d24:	e8df f012 	tbh	[pc, r2, lsl #1]
10002d28:	00ba0150 	.word	0x00ba0150
10002d2c:	00ba00ba 	.word	0x00ba00ba
10002d30:	00ba00ba 	.word	0x00ba00ba
10002d34:	00ba00ba 	.word	0x00ba00ba
10002d38:	00ba00ba 	.word	0x00ba00ba
10002d3c:	00ba00ba 	.word	0x00ba00ba
10002d40:	00ba00ba 	.word	0x00ba00ba
10002d44:	00ba00ba 	.word	0x00ba00ba
10002d48:	00ba00ba 	.word	0x00ba00ba
10002d4c:	00ba00ba 	.word	0x00ba00ba
10002d50:	00ba00ba 	.word	0x00ba00ba
10002d54:	00ba00ba 	.word	0x00ba00ba
10002d58:	00ba00ba 	.word	0x00ba00ba
10002d5c:	00ba00ba 	.word	0x00ba00ba
10002d60:	00ba00ba 	.word	0x00ba00ba
10002d64:	00ba00ba 	.word	0x00ba00ba
10002d68:	01370119 	.word	0x01370119
10002d6c:	00ba0119 	.word	0x00ba0119
10002d70:	00ba00ba 	.word	0x00ba00ba
10002d74:	00ba00ba 	.word	0x00ba00ba
10002d78:	00ba00ba 	.word	0x00ba00ba
10002d7c:	00ba00ba 	.word	0x00ba00ba
10002d80:	00ba00ba 	.word	0x00ba00ba
10002d84:	00ba00ba 	.word	0x00ba00ba
10002d88:	00ba00ba 	.word	0x00ba00ba
10002d8c:	01bc00ba 	.word	0x01bc00ba
10002d90:	00ba00ba 	.word	0x00ba00ba
10002d94:	00ba00ba 	.word	0x00ba00ba
10002d98:	00ba00ba 	.word	0x00ba00ba
10002d9c:	00ba00ba 	.word	0x00ba00ba
10002da0:	01bc00ba 	.word	0x01bc00ba
10002da4:	01bc0158 	.word	0x01bc0158
10002da8:	01370119 	.word	0x01370119
10002dac:	0119      	.short	0x0119
10002dae:	2500      	movs	r5, #0
10002db0:	e000      	b.n	10002db4 <_vsnprintf+0x1a0>
10002db2:	3201      	adds	r2, #1
10002db4:	eb05 0585 	add.w	r5, r5, r5, lsl #2
10002db8:	eb00 0545 	add.w	r5, r0, r5, lsl #1
10002dbc:	7810      	ldrb	r0, [r2, #0]
10002dbe:	3d30      	subs	r5, #48	@ 0x30
10002dc0:	f1a0 0130 	sub.w	r1, r0, #48	@ 0x30
10002dc4:	2909      	cmp	r1, #9
10002dc6:	d9f4      	bls.n	10002db2 <_vsnprintf+0x19e>
10002dc8:	282e      	cmp	r0, #46	@ 0x2e
10002dca:	9209      	str	r2, [sp, #36]	@ 0x24
10002dcc:	f102 0201 	add.w	r2, r2, #1
10002dd0:	f47f af6a 	bne.w	10002ca8 <_vsnprintf+0x94>
10002dd4:	9909      	ldr	r1, [sp, #36]	@ 0x24
10002dd6:	f443 6380 	orr.w	r3, r3, #1024	@ 0x400
10002dda:	7848      	ldrb	r0, [r1, #1]
10002ddc:	4611      	mov	r1, r2
10002dde:	f1a0 0630 	sub.w	r6, r0, #48	@ 0x30
10002de2:	2e09      	cmp	r6, #9
10002de4:	f240 8121 	bls.w	1000302a <_vsnprintf+0x416>
10002de8:	282a      	cmp	r0, #42	@ 0x2a
10002dea:	f000 812f 	beq.w	1000304c <_vsnprintf+0x438>
10002dee:	9209      	str	r2, [sp, #36]	@ 0x24
10002df0:	2600      	movs	r6, #0
10002df2:	3201      	adds	r2, #1
10002df4:	e759      	b.n	10002caa <_vsnprintf+0x96>
10002df6:	4644      	mov	r4, r8
10002df8:	45c1      	cmp	r9, r8
10002dfa:	d801      	bhi.n	10002e00 <_vsnprintf+0x1ec>
10002dfc:	f109 38ff 	add.w	r8, r9, #4294967295
10002e00:	464b      	mov	r3, r9
10002e02:	4642      	mov	r2, r8
10002e04:	4651      	mov	r1, sl
10002e06:	2000      	movs	r0, #0
10002e08:	47d8      	blx	fp
10002e0a:	4620      	mov	r0, r4
10002e0c:	b01b      	add	sp, #108	@ 0x6c
10002e0e:	e8bd 8ff0 	ldmia.w	sp!, {r4, r5, r6, r7, r8, r9, sl, fp, pc}
10002e12:	f1a0 0269 	sub.w	r2, r0, #105	@ 0x69
10002e16:	b2d2      	uxtb	r2, r2
10002e18:	2a0f      	cmp	r2, #15
10002e1a:	d83f      	bhi.n	10002e9c <_vsnprintf+0x288>
10002e1c:	2101      	movs	r1, #1
10002e1e:	f249 0741 	movw	r7, #36929	@ 0x9041
10002e22:	4091      	lsls	r1, r2
10002e24:	4039      	ands	r1, r7
10002e26:	f040 80f3 	bne.w	10003010 <_vsnprintf+0x3fc>
10002e2a:	2a0a      	cmp	r2, #10
10002e2c:	d03d      	beq.n	10002eaa <_vsnprintf+0x296>
10002e2e:	2a07      	cmp	r2, #7
10002e30:	d134      	bne.n	10002e9c <_vsnprintf+0x288>
10002e32:	9d0a      	ldr	r5, [sp, #40]	@ 0x28
10002e34:	f855 2b04 	ldr.w	r2, [r5], #4
10002e38:	2a00      	cmp	r2, #0
10002e3a:	f000 8113 	beq.w	10003064 <_vsnprintf+0x450>
10002e3e:	f043 0021 	orr.w	r0, r3, #33	@ 0x21
10002e42:	ab12      	add	r3, sp, #72	@ 0x48
10002e44:	461f      	mov	r7, r3
10002e46:	930b      	str	r3, [sp, #44]	@ 0x2c
10002e48:	e003      	b.n	10002e52 <_vsnprintf+0x23e>
10002e4a:	2920      	cmp	r1, #32
10002e4c:	f000 8114 	beq.w	10003078 <_vsnprintf+0x464>
10002e50:	461a      	mov	r2, r3
10002e52:	f002 040f 	and.w	r4, r2, #15
10002e56:	4623      	mov	r3, r4
10002e58:	2c09      	cmp	r4, #9
10002e5a:	bf94      	ite	ls
10002e5c:	3330      	addls	r3, #48	@ 0x30
10002e5e:	3337      	addhi	r3, #55	@ 0x37
10002e60:	2a0f      	cmp	r2, #15
10002e62:	f807 3b01 	strb.w	r3, [r7], #1
10002e66:	f101 0101 	add.w	r1, r1, #1
10002e6a:	ea4f 1312 	mov.w	r3, r2, lsr #4
10002e6e:	d8ec      	bhi.n	10002e4a <_vsnprintf+0x236>
10002e70:	e102      	b.n	10003078 <_vsnprintf+0x464>
10002e72:	bf00      	nop
10002e74:	10002c15 	.word	0x10002c15
10002e78:	20001dd4 	.word	0x20001dd4
10002e7c:	10001f59 	.word	0x10001f59
10002e80:	990a      	ldr	r1, [sp, #40]	@ 0x28
10002e82:	9809      	ldr	r0, [sp, #36]	@ 0x24
10002e84:	f851 5b04 	ldr.w	r5, [r1], #4
10002e88:	7840      	ldrb	r0, [r0, #1]
10002e8a:	2d00      	cmp	r5, #0
10002e8c:	e9cd 2109 	strd	r2, r1, [sp, #36]	@ 0x24
10002e90:	bfbc      	itt	lt
10002e92:	f043 0302 	orrlt.w	r3, r3, #2
10002e96:	426d      	neglt	r5, r5
10002e98:	3201      	adds	r2, #1
10002e9a:	e702      	b.n	10002ca2 <_vsnprintf+0x8e>
10002e9c:	4642      	mov	r2, r8
10002e9e:	464b      	mov	r3, r9
10002ea0:	4651      	mov	r1, sl
10002ea2:	f108 0801 	add.w	r8, r8, #1
10002ea6:	47d8      	blx	fp
10002ea8:	e6d2      	b.n	10002c50 <_vsnprintf+0x3c>
10002eaa:	990a      	ldr	r1, [sp, #40]	@ 0x28
10002eac:	2e00      	cmp	r6, #0
10002eae:	f851 7b04 	ldr.w	r7, [r1], #4
10002eb2:	bf18      	it	ne
10002eb4:	4632      	movne	r2, r6
10002eb6:	7838      	ldrb	r0, [r7, #0]
10002eb8:	bf08      	it	eq
10002eba:	f04f 32ff 	moveq.w	r2, #4294967295
10002ebe:	2800      	cmp	r0, #0
10002ec0:	f000 837b 	beq.w	100035ba <_vsnprintf+0x9a6>
10002ec4:	18bc      	adds	r4, r7, r2
10002ec6:	46a4      	mov	ip, r4
10002ec8:	463a      	mov	r2, r7
10002eca:	e004      	b.n	10002ed6 <_vsnprintf+0x2c2>
10002ecc:	f812 4f01 	ldrb.w	r4, [r2, #1]!
10002ed0:	2c00      	cmp	r4, #0
10002ed2:	f000 813f 	beq.w	10003154 <_vsnprintf+0x540>
10002ed6:	4594      	cmp	ip, r2
10002ed8:	d1f8      	bne.n	10002ecc <_vsnprintf+0x2b8>
10002eda:	4664      	mov	r4, ip
10002edc:	1be4      	subs	r4, r4, r7
10002ede:	055a      	lsls	r2, r3, #21
10002ee0:	f140 8122 	bpl.w	10003128 <_vsnprintf+0x514>
10002ee4:	42b4      	cmp	r4, r6
10002ee6:	bf28      	it	cs
10002ee8:	4634      	movcs	r4, r6
10002eea:	f013 0302 	ands.w	r3, r3, #2
10002eee:	f000 8288 	beq.w	10003402 <_vsnprintf+0x7ee>
10002ef2:	2302      	movs	r3, #2
10002ef4:	e9cd 510a 	strd	r5, r1, [sp, #40]	@ 0x28
10002ef8:	4642      	mov	r2, r8
10002efa:	461d      	mov	r5, r3
10002efc:	4446      	add	r6, r8
10002efe:	e008      	b.n	10002f12 <_vsnprintf+0x2fe>
10002f00:	464b      	mov	r3, r9
10002f02:	4651      	mov	r1, sl
10002f04:	47d8      	blx	fp
10002f06:	f817 0f01 	ldrb.w	r0, [r7, #1]!
10002f0a:	f108 0801 	add.w	r8, r8, #1
10002f0e:	b110      	cbz	r0, 10002f16 <_vsnprintf+0x302>
10002f10:	4642      	mov	r2, r8
10002f12:	4546      	cmp	r6, r8
10002f14:	d1f4      	bne.n	10002f00 <_vsnprintf+0x2ec>
10002f16:	462b      	mov	r3, r5
10002f18:	990b      	ldr	r1, [sp, #44]	@ 0x2c
10002f1a:	9d0a      	ldr	r5, [sp, #40]	@ 0x28
10002f1c:	2b00      	cmp	r3, #0
10002f1e:	f040 8141 	bne.w	100031a4 <_vsnprintf+0x590>
10002f22:	910a      	str	r1, [sp, #40]	@ 0x28
10002f24:	e694      	b.n	10002c50 <_vsnprintf+0x3c>
10002f26:	9909      	ldr	r1, [sp, #36]	@ 0x24
10002f28:	7848      	ldrb	r0, [r1, #1]
10002f2a:	286c      	cmp	r0, #108	@ 0x6c
10002f2c:	f47f aeec 	bne.w	10002d08 <_vsnprintf+0xf4>
10002f30:	460a      	mov	r2, r1
10002f32:	7888      	ldrb	r0, [r1, #2]
10002f34:	f443 7340 	orr.w	r3, r3, #768	@ 0x300
10002f38:	3203      	adds	r2, #3
10002f3a:	e6e8      	b.n	10002d0e <_vsnprintf+0xfa>
10002f3c:	9909      	ldr	r1, [sp, #36]	@ 0x24
10002f3e:	f443 7300 	orr.w	r3, r3, #512	@ 0x200
10002f42:	7848      	ldrb	r0, [r1, #1]
10002f44:	3201      	adds	r2, #1
10002f46:	e6e2      	b.n	10002d0e <_vsnprintf+0xfa>
10002f48:	9909      	ldr	r1, [sp, #36]	@ 0x24
10002f4a:	7848      	ldrb	r0, [r1, #1]
10002f4c:	2868      	cmp	r0, #104	@ 0x68
10002f4e:	f000 8103 	beq.w	10003158 <_vsnprintf+0x544>
10002f52:	f043 0380 	orr.w	r3, r3, #128	@ 0x80
10002f56:	3201      	adds	r2, #1
10002f58:	e6d9      	b.n	10002d0e <_vsnprintf+0xfa>
10002f5a:	2867      	cmp	r0, #103	@ 0x67
10002f5c:	f000 80d9 	beq.w	10003112 <_vsnprintf+0x4fe>
10002f60:	2847      	cmp	r0, #71	@ 0x47
10002f62:	f000 80dc 	beq.w	1000311e <_vsnprintf+0x50a>
10002f66:	2845      	cmp	r0, #69	@ 0x45
10002f68:	f000 80db 	beq.w	10003122 <_vsnprintf+0x50e>
10002f6c:	e9cd 5303 	strd	r5, r3, [sp, #12]
10002f70:	9b0a      	ldr	r3, [sp, #40]	@ 0x28
10002f72:	9602      	str	r6, [sp, #8]
10002f74:	3307      	adds	r3, #7
10002f76:	f023 0307 	bic.w	r3, r3, #7
10002f7a:	461c      	mov	r4, r3
10002f7c:	4642      	mov	r2, r8
10002f7e:	e8f4 6702 	ldrd	r6, r7, [r4], #8
10002f82:	464b      	mov	r3, r9
10002f84:	4651      	mov	r1, sl
10002f86:	4658      	mov	r0, fp
10002f88:	e9cd 6700 	strd	r6, r7, [sp]
10002f8c:	940a      	str	r4, [sp, #40]	@ 0x28
10002f8e:	f7ff fb87 	bl	100026a0 <_etoa>
10002f92:	4680      	mov	r8, r0
10002f94:	e65c      	b.n	10002c50 <_vsnprintf+0x3c>
10002f96:	2846      	cmp	r0, #70	@ 0x46
10002f98:	bf08      	it	eq
10002f9a:	f043 0320 	orreq.w	r3, r3, #32
10002f9e:	e9cd 5303 	strd	r5, r3, [sp, #12]
10002fa2:	9b0a      	ldr	r3, [sp, #40]	@ 0x28
10002fa4:	9602      	str	r6, [sp, #8]
10002fa6:	3307      	adds	r3, #7
10002fa8:	f023 0307 	bic.w	r3, r3, #7
10002fac:	461c      	mov	r4, r3
10002fae:	4642      	mov	r2, r8
10002fb0:	e8f4 6702 	ldrd	r6, r7, [r4], #8
10002fb4:	464b      	mov	r3, r9
10002fb6:	4651      	mov	r1, sl
10002fb8:	4658      	mov	r0, fp
10002fba:	e9cd 6700 	strd	r6, r7, [sp]
10002fbe:	940a      	str	r4, [sp, #40]	@ 0x28
10002fc0:	f7ff f90e 	bl	100021e0 <_ftoa>
10002fc4:	4680      	mov	r8, r0
10002fc6:	e643      	b.n	10002c50 <_vsnprintf+0x3c>
10002fc8:	4642      	mov	r2, r8
10002fca:	464b      	mov	r3, r9
10002fcc:	4651      	mov	r1, sl
10002fce:	2025      	movs	r0, #37	@ 0x25
10002fd0:	f108 0801 	add.w	r8, r8, #1
10002fd4:	47d8      	blx	fp
10002fd6:	e63b      	b.n	10002c50 <_vsnprintf+0x3c>
10002fd8:	9a0a      	ldr	r2, [sp, #40]	@ 0x28
10002fda:	0799      	lsls	r1, r3, #30
10002fdc:	f102 0404 	add.w	r4, r2, #4
10002fe0:	f108 0601 	add.w	r6, r8, #1
10002fe4:	f140 80c6 	bpl.w	10003174 <_vsnprintf+0x560>
10002fe8:	7810      	ldrb	r0, [r2, #0]
10002fea:	464b      	mov	r3, r9
10002fec:	4642      	mov	r2, r8
10002fee:	4651      	mov	r1, sl
10002ff0:	47d8      	blx	fp
10002ff2:	2d01      	cmp	r5, #1
10002ff4:	bf88      	it	hi
10002ff6:	44a8      	addhi	r8, r5
10002ff8:	f240 81bd 	bls.w	10003376 <_vsnprintf+0x762>
10002ffc:	4632      	mov	r2, r6
10002ffe:	464b      	mov	r3, r9
10003000:	4651      	mov	r1, sl
10003002:	2020      	movs	r0, #32
10003004:	3601      	adds	r6, #1
10003006:	47d8      	blx	fp
10003008:	4546      	cmp	r6, r8
1000300a:	d1f7      	bne.n	10002ffc <_vsnprintf+0x3e8>
1000300c:	940a      	str	r4, [sp, #40]	@ 0x28
1000300e:	e61f      	b.n	10002c50 <_vsnprintf+0x3c>
10003010:	286f      	cmp	r0, #111	@ 0x6f
10003012:	f000 8081 	beq.w	10003118 <_vsnprintf+0x504>
10003016:	f240 8248 	bls.w	100034aa <_vsnprintf+0x896>
1000301a:	2878      	cmp	r0, #120	@ 0x78
1000301c:	f000 8190 	beq.w	10003340 <_vsnprintf+0x72c>
10003020:	270a      	movs	r7, #10
10003022:	f023 0310 	bic.w	r3, r3, #16
10003026:	46bc      	mov	ip, r7
10003028:	e041      	b.n	100030ae <_vsnprintf+0x49a>
1000302a:	2600      	movs	r6, #0
1000302c:	eb06 0686 	add.w	r6, r6, r6, lsl #2
10003030:	eb00 0046 	add.w	r0, r0, r6, lsl #1
10003034:	f1a0 0630 	sub.w	r6, r0, #48	@ 0x30
10003038:	f811 0f01 	ldrb.w	r0, [r1, #1]!
1000303c:	f1a0 0230 	sub.w	r2, r0, #48	@ 0x30
10003040:	2a09      	cmp	r2, #9
10003042:	d9f3      	bls.n	1000302c <_vsnprintf+0x418>
10003044:	460a      	mov	r2, r1
10003046:	9109      	str	r1, [sp, #36]	@ 0x24
10003048:	3201      	adds	r2, #1
1000304a:	e62e      	b.n	10002caa <_vsnprintf+0x96>
1000304c:	e9dd 2109 	ldrd	r2, r1, [sp, #36]	@ 0x24
10003050:	f851 6b04 	ldr.w	r6, [r1], #4
10003054:	7890      	ldrb	r0, [r2, #2]
10003056:	3202      	adds	r2, #2
10003058:	9209      	str	r2, [sp, #36]	@ 0x24
1000305a:	910a      	str	r1, [sp, #40]	@ 0x28
1000305c:	3201      	adds	r2, #1
1000305e:	ea26 76e6 	bic.w	r6, r6, r6, asr #31
10003062:	e622      	b.n	10002caa <_vsnprintf+0x96>
10003064:	f023 0010 	bic.w	r0, r3, #16
10003068:	f413 6280 	ands.w	r2, r3, #1024	@ 0x400
1000306c:	f040 0021 	orr.w	r0, r0, #33	@ 0x21
10003070:	f43f aee7 	beq.w	10002e42 <_vsnprintf+0x22e>
10003074:	ab12      	add	r3, sp, #72	@ 0x48
10003076:	930b      	str	r3, [sp, #44]	@ 0x2c
10003078:	9b0b      	ldr	r3, [sp, #44]	@ 0x2c
1000307a:	9006      	str	r0, [sp, #24]
1000307c:	9300      	str	r3, [sp, #0]
1000307e:	2308      	movs	r3, #8
10003080:	2010      	movs	r0, #16
10003082:	9305      	str	r3, [sp, #20]
10003084:	2300      	movs	r3, #0
10003086:	4642      	mov	r2, r8
10003088:	e9cd 3002 	strd	r3, r0, [sp, #8]
1000308c:	9101      	str	r1, [sp, #4]
1000308e:	464b      	mov	r3, r9
10003090:	4651      	mov	r1, sl
10003092:	4658      	mov	r0, fp
10003094:	9604      	str	r6, [sp, #16]
10003096:	f7fe ffaf 	bl	10001ff8 <_ntoa_format>
1000309a:	950a      	str	r5, [sp, #40]	@ 0x28
1000309c:	4680      	mov	r8, r0
1000309e:	e5d7      	b.n	10002c50 <_vsnprintf+0x3c>
100030a0:	2858      	cmp	r0, #88	@ 0x58
100030a2:	d062      	beq.n	1000316a <_vsnprintf+0x556>
100030a4:	2862      	cmp	r0, #98	@ 0x62
100030a6:	f040 808f 	bne.w	100031c8 <_vsnprintf+0x5b4>
100030aa:	2702      	movs	r7, #2
100030ac:	46bc      	mov	ip, r7
100030ae:	f413 6080 	ands.w	r0, r3, #1024	@ 0x400
100030b2:	f000 80dd 	beq.w	10003270 <_vsnprintf+0x65c>
100030b6:	f023 030d 	bic.w	r3, r3, #13
100030ba:	f413 7200 	ands.w	r2, r3, #512	@ 0x200
100030be:	f040 8181 	bne.w	100033c4 <_vsnprintf+0x7b0>
100030c2:	990a      	ldr	r1, [sp, #40]	@ 0x28
100030c4:	1d0f      	adds	r7, r1, #4
100030c6:	f413 7180 	ands.w	r1, r3, #256	@ 0x100
100030ca:	f040 8237 	bne.w	1000353c <_vsnprintf+0x928>
100030ce:	065c      	lsls	r4, r3, #25
100030d0:	9a0a      	ldr	r2, [sp, #40]	@ 0x28
100030d2:	f140 813b 	bpl.w	1000334c <_vsnprintf+0x738>
100030d6:	7812      	ldrb	r2, [r2, #0]
100030d8:	2a00      	cmp	r2, #0
100030da:	f040 814e 	bne.w	1000337a <_vsnprintf+0x766>
100030de:	f023 0310 	bic.w	r3, r3, #16
100030e2:	2800      	cmp	r0, #0
100030e4:	f000 8149 	beq.w	1000337a <_vsnprintf+0x766>
100030e8:	4611      	mov	r1, r2
100030ea:	aa12      	add	r2, sp, #72	@ 0x48
100030ec:	920b      	str	r2, [sp, #44]	@ 0x2c
100030ee:	e9cd 5305 	strd	r5, r3, [sp, #20]
100030f2:	e9cd c603 	strd	ip, r6, [sp, #12]
100030f6:	9101      	str	r1, [sp, #4]
100030f8:	9b0b      	ldr	r3, [sp, #44]	@ 0x2c
100030fa:	4642      	mov	r2, r8
100030fc:	9300      	str	r3, [sp, #0]
100030fe:	2300      	movs	r3, #0
10003100:	4651      	mov	r1, sl
10003102:	9302      	str	r3, [sp, #8]
10003104:	4658      	mov	r0, fp
10003106:	464b      	mov	r3, r9
10003108:	f7fe ff76 	bl	10001ff8 <_ntoa_format>
1000310c:	970a      	str	r7, [sp, #40]	@ 0x28
1000310e:	4680      	mov	r8, r0
10003110:	e59e      	b.n	10002c50 <_vsnprintf+0x3c>
10003112:	f443 6300 	orr.w	r3, r3, #2048	@ 0x800
10003116:	e729      	b.n	10002f6c <_vsnprintf+0x358>
10003118:	2708      	movs	r7, #8
1000311a:	46bc      	mov	ip, r7
1000311c:	e7c7      	b.n	100030ae <_vsnprintf+0x49a>
1000311e:	f443 6300 	orr.w	r3, r3, #2048	@ 0x800
10003122:	f043 0320 	orr.w	r3, r3, #32
10003126:	e721      	b.n	10002f6c <_vsnprintf+0x358>
10003128:	f013 0302 	ands.w	r3, r3, #2
1000312c:	f000 818e 	beq.w	1000344c <_vsnprintf+0x838>
10003130:	2302      	movs	r3, #2
10003132:	950a      	str	r5, [sp, #40]	@ 0x28
10003134:	461e      	mov	r6, r3
10003136:	460d      	mov	r5, r1
10003138:	4642      	mov	r2, r8
1000313a:	464b      	mov	r3, r9
1000313c:	4651      	mov	r1, sl
1000313e:	47d8      	blx	fp
10003140:	f817 0f01 	ldrb.w	r0, [r7, #1]!
10003144:	f108 0801 	add.w	r8, r8, #1
10003148:	2800      	cmp	r0, #0
1000314a:	d1f5      	bne.n	10003138 <_vsnprintf+0x524>
1000314c:	4629      	mov	r1, r5
1000314e:	4633      	mov	r3, r6
10003150:	9d0a      	ldr	r5, [sp, #40]	@ 0x28
10003152:	e6e3      	b.n	10002f1c <_vsnprintf+0x308>
10003154:	1bd4      	subs	r4, r2, r7
10003156:	e6c2      	b.n	10002ede <_vsnprintf+0x2ca>
10003158:	460a      	mov	r2, r1
1000315a:	7888      	ldrb	r0, [r1, #2]
1000315c:	f043 03c0 	orr.w	r3, r3, #192	@ 0xc0
10003160:	3203      	adds	r2, #3
10003162:	e5d4      	b.n	10002d0e <_vsnprintf+0xfa>
10003164:	4604      	mov	r4, r0
10003166:	4680      	mov	r8, r0
10003168:	e646      	b.n	10002df8 <_vsnprintf+0x1e4>
1000316a:	2710      	movs	r7, #16
1000316c:	f043 0320 	orr.w	r3, r3, #32
10003170:	46bc      	mov	ip, r7
10003172:	e79c      	b.n	100030ae <_vsnprintf+0x49a>
10003174:	2d01      	cmp	r5, #1
10003176:	f240 80f8 	bls.w	1000336a <_vsnprintf+0x756>
1000317a:	4646      	mov	r6, r8
1000317c:	f108 37ff 	add.w	r7, r8, #4294967295
10003180:	442f      	add	r7, r5
10003182:	4632      	mov	r2, r6
10003184:	464b      	mov	r3, r9
10003186:	4651      	mov	r1, sl
10003188:	2020      	movs	r0, #32
1000318a:	3601      	adds	r6, #1
1000318c:	47d8      	blx	fp
1000318e:	42be      	cmp	r6, r7
10003190:	d1f7      	bne.n	10003182 <_vsnprintf+0x56e>
10003192:	9b0a      	ldr	r3, [sp, #40]	@ 0x28
10003194:	4632      	mov	r2, r6
10003196:	7818      	ldrb	r0, [r3, #0]
10003198:	4651      	mov	r1, sl
1000319a:	464b      	mov	r3, r9
1000319c:	47d8      	blx	fp
1000319e:	44a8      	add	r8, r5
100031a0:	940a      	str	r4, [sp, #40]	@ 0x28
100031a2:	e555      	b.n	10002c50 <_vsnprintf+0x3c>
100031a4:	4646      	mov	r6, r8
100031a6:	42a5      	cmp	r5, r4
100031a8:	f67f aebb 	bls.w	10002f22 <_vsnprintf+0x30e>
100031ac:	44a8      	add	r8, r5
100031ae:	eba8 0804 	sub.w	r8, r8, r4
100031b2:	460c      	mov	r4, r1
100031b4:	4632      	mov	r2, r6
100031b6:	464b      	mov	r3, r9
100031b8:	4651      	mov	r1, sl
100031ba:	2020      	movs	r0, #32
100031bc:	3601      	adds	r6, #1
100031be:	47d8      	blx	fp
100031c0:	4546      	cmp	r6, r8
100031c2:	d1f7      	bne.n	100031b4 <_vsnprintf+0x5a0>
100031c4:	4621      	mov	r1, r4
100031c6:	e6ac      	b.n	10002f22 <_vsnprintf+0x30e>
100031c8:	f413 6280 	ands.w	r2, r3, #1024	@ 0x400
100031cc:	f000 80bb 	beq.w	10003346 <_vsnprintf+0x732>
100031d0:	f44f 6280 	mov.w	r2, #1024	@ 0x400
100031d4:	f023 0c11 	bic.w	ip, r3, #17
100031d8:	f41c 7700 	ands.w	r7, ip, #512	@ 0x200
100031dc:	9b0a      	ldr	r3, [sp, #40]	@ 0x28
100031de:	d14a      	bne.n	10003276 <_vsnprintf+0x662>
100031e0:	f41c 7080 	ands.w	r0, ip, #256	@ 0x100
100031e4:	f103 0404 	add.w	r4, r3, #4
100031e8:	f040 8134 	bne.w	10003454 <_vsnprintf+0x840>
100031ec:	f01c 0f40 	tst.w	ip, #64	@ 0x40
100031f0:	f040 80a3 	bne.w	1000333a <_vsnprintf+0x726>
100031f4:	f01c 0f80 	tst.w	ip, #128	@ 0x80
100031f8:	f000 81d3 	beq.w	100035a2 <_vsnprintf+0x98e>
100031fc:	f9b3 1000 	ldrsh.w	r1, [r3]
10003200:	ea81 77e1 	eor.w	r7, r1, r1, asr #31
10003204:	eba7 77e1 	sub.w	r7, r7, r1, asr #31
10003208:	b2bf      	uxth	r7, r7
1000320a:	0fcb      	lsrs	r3, r1, #31
1000320c:	2900      	cmp	r1, #0
1000320e:	f000 8156 	beq.w	100034be <_vsnprintf+0x8aa>
10003212:	463a      	mov	r2, r7
10003214:	a912      	add	r1, sp, #72	@ 0x48
10003216:	460f      	mov	r7, r1
10003218:	f8df e3d8 	ldr.w	lr, [pc, #984]	@ 100035f4 <_vsnprintf+0x9e0>
1000321c:	910b      	str	r1, [sp, #44]	@ 0x2c
1000321e:	930a      	str	r3, [sp, #40]	@ 0x28
10003220:	950c      	str	r5, [sp, #48]	@ 0x30
10003222:	e001      	b.n	10003228 <_vsnprintf+0x614>
10003224:	2820      	cmp	r0, #32
10003226:	d00f      	beq.n	10003248 <_vsnprintf+0x634>
10003228:	4615      	mov	r5, r2
1000322a:	fbae 1302 	umull	r1, r3, lr, r2
1000322e:	08db      	lsrs	r3, r3, #3
10003230:	eb03 0183 	add.w	r1, r3, r3, lsl #2
10003234:	eba2 0141 	sub.w	r1, r2, r1, lsl #1
10003238:	3130      	adds	r1, #48	@ 0x30
1000323a:	2d09      	cmp	r5, #9
1000323c:	461a      	mov	r2, r3
1000323e:	f100 0001 	add.w	r0, r0, #1
10003242:	f807 1b01 	strb.w	r1, [r7], #1
10003246:	d8ed      	bhi.n	10003224 <_vsnprintf+0x610>
10003248:	9b0a      	ldr	r3, [sp, #40]	@ 0x28
1000324a:	9d0c      	ldr	r5, [sp, #48]	@ 0x30
1000324c:	e9cd 5c05 	strd	r5, ip, [sp, #20]
10003250:	e9cd 0301 	strd	r0, r3, [sp, #4]
10003254:	9604      	str	r6, [sp, #16]
10003256:	9b0b      	ldr	r3, [sp, #44]	@ 0x2c
10003258:	4642      	mov	r2, r8
1000325a:	9300      	str	r3, [sp, #0]
1000325c:	230a      	movs	r3, #10
1000325e:	4651      	mov	r1, sl
10003260:	9303      	str	r3, [sp, #12]
10003262:	4658      	mov	r0, fp
10003264:	464b      	mov	r3, r9
10003266:	f7fe fec7 	bl	10001ff8 <_ntoa_format>
1000326a:	940a      	str	r4, [sp, #40]	@ 0x28
1000326c:	4680      	mov	r8, r0
1000326e:	e4ef      	b.n	10002c50 <_vsnprintf+0x3c>
10003270:	f023 030c 	bic.w	r3, r3, #12
10003274:	e721      	b.n	100030ba <_vsnprintf+0x4a6>
10003276:	3307      	adds	r3, #7
10003278:	f023 0307 	bic.w	r3, r3, #7
1000327c:	4619      	mov	r1, r3
1000327e:	4608      	mov	r0, r1
10003280:	685b      	ldr	r3, [r3, #4]
10003282:	f850 1b08 	ldr.w	r1, [r0], #8
10003286:	0fdf      	lsrs	r7, r3, #31
10003288:	900a      	str	r0, [sp, #40]	@ 0x28
1000328a:	ea51 0003 	orrs.w	r0, r1, r3
1000328e:	d162      	bne.n	10003356 <_vsnprintf+0x742>
10003290:	2a00      	cmp	r2, #0
10003292:	f040 819f 	bne.w	100035d4 <_vsnprintf+0x9c0>
10003296:	4613      	mov	r3, r2
10003298:	4611      	mov	r1, r2
1000329a:	aa12      	add	r2, sp, #72	@ 0x48
1000329c:	e9cd 750c 	strd	r7, r5, [sp, #48]	@ 0x30
100032a0:	2000      	movs	r0, #0
100032a2:	4615      	mov	r5, r2
100032a4:	e9cd 680e 	strd	r6, r8, [sp, #56]	@ 0x38
100032a8:	f8df e348 	ldr.w	lr, [pc, #840]	@ 100035f4 <_vsnprintf+0x9e0>
100032ac:	920b      	str	r2, [sp, #44]	@ 0x2c
100032ae:	e001      	b.n	100032b4 <_vsnprintf+0x6a0>
100032b0:	2820      	cmp	r0, #32
100032b2:	d02d      	beq.n	10003310 <_vsnprintf+0x6fc>
100032b4:	185a      	adds	r2, r3, r1
100032b6:	f142 0200 	adc.w	r2, r2, #0
100032ba:	fbae 7802 	umull	r7, r8, lr, r2
100032be:	f028 0703 	bic.w	r7, r8, #3
100032c2:	eb07 0798 	add.w	r7, r7, r8, lsr #2
100032c6:	1bd2      	subs	r2, r2, r7
100032c8:	461e      	mov	r6, r3
100032ca:	1a9b      	subs	r3, r3, r2
100032cc:	f161 0700 	sbc.w	r7, r1, #0
100032d0:	460c      	mov	r4, r1
100032d2:	f04f 31cc 	mov.w	r1, #3435973836	@ 0xcccccccc
100032d6:	fb01 f103 	mul.w	r1, r1, r3
100032da:	fb0e 1107 	mla	r1, lr, r7, r1
100032de:	fba3 730e 	umull	r7, r3, r3, lr
100032e2:	4419      	add	r1, r3
100032e4:	2305      	movs	r3, #5
100032e6:	f007 0801 	and.w	r8, r7, #1
100032ea:	fba8 3803 	umull	r3, r8, r8, r3
100032ee:	189b      	adds	r3, r3, r2
100032f0:	2e0a      	cmp	r6, #10
100032f2:	f103 0330 	add.w	r3, r3, #48	@ 0x30
100032f6:	ea4f 0757 	mov.w	r7, r7, lsr #1
100032fa:	f174 0400 	sbcs.w	r4, r4, #0
100032fe:	f805 3b01 	strb.w	r3, [r5], #1
10003302:	f100 0001 	add.w	r0, r0, #1
10003306:	ea47 73c1 	orr.w	r3, r7, r1, lsl #31
1000330a:	ea4f 0151 	mov.w	r1, r1, lsr #1
1000330e:	d2cf      	bcs.n	100032b0 <_vsnprintf+0x69c>
10003310:	e9dd 750c 	ldrd	r7, r5, [sp, #48]	@ 0x30
10003314:	e9dd 680e 	ldrd	r6, r8, [sp, #56]	@ 0x38
10003318:	9b0b      	ldr	r3, [sp, #44]	@ 0x2c
1000331a:	4642      	mov	r2, r8
1000331c:	9300      	str	r3, [sp, #0]
1000331e:	230a      	movs	r3, #10
10003320:	e9cd 5c05 	strd	r5, ip, [sp, #20]
10003324:	e9cd 0701 	strd	r0, r7, [sp, #4]
10003328:	9604      	str	r6, [sp, #16]
1000332a:	9303      	str	r3, [sp, #12]
1000332c:	464b      	mov	r3, r9
1000332e:	4651      	mov	r1, sl
10003330:	4658      	mov	r0, fp
10003332:	f7fe fe61 	bl	10001ff8 <_ntoa_format>
10003336:	4680      	mov	r8, r0
10003338:	e48a      	b.n	10002c50 <_vsnprintf+0x3c>
1000333a:	7819      	ldrb	r1, [r3, #0]
1000333c:	460f      	mov	r7, r1
1000333e:	e764      	b.n	1000320a <_vsnprintf+0x5f6>
10003340:	2710      	movs	r7, #16
10003342:	46bc      	mov	ip, r7
10003344:	e6b3      	b.n	100030ae <_vsnprintf+0x49a>
10003346:	f023 0c10 	bic.w	ip, r3, #16
1000334a:	e745      	b.n	100031d8 <_vsnprintf+0x5c4>
1000334c:	061c      	lsls	r4, r3, #24
1000334e:	bf4c      	ite	mi
10003350:	8812      	ldrhmi	r2, [r2, #0]
10003352:	6812      	ldrpl	r2, [r2, #0]
10003354:	e6c0      	b.n	100030d8 <_vsnprintf+0x4c4>
10003356:	460a      	mov	r2, r1
10003358:	1e19      	subs	r1, r3, #0
1000335a:	db01      	blt.n	10003360 <_vsnprintf+0x74c>
1000335c:	4613      	mov	r3, r2
1000335e:	e79c      	b.n	1000329a <_vsnprintf+0x686>
10003360:	4252      	negs	r2, r2
10003362:	4613      	mov	r3, r2
10003364:	eb61 0141 	sbc.w	r1, r1, r1, lsl #1
10003368:	e797      	b.n	1000329a <_vsnprintf+0x686>
1000336a:	4613      	mov	r3, r2
1000336c:	4651      	mov	r1, sl
1000336e:	7818      	ldrb	r0, [r3, #0]
10003370:	4642      	mov	r2, r8
10003372:	464b      	mov	r3, r9
10003374:	47d8      	blx	fp
10003376:	46b0      	mov	r8, r6
10003378:	e648      	b.n	1000300c <_vsnprintf+0x3f8>
1000337a:	f013 0f20 	tst.w	r3, #32
1000337e:	bf14      	ite	ne
10003380:	2041      	movne	r0, #65	@ 0x41
10003382:	2061      	moveq	r0, #97	@ 0x61
10003384:	ac12      	add	r4, sp, #72	@ 0x48
10003386:	46a6      	mov	lr, r4
10003388:	940b      	str	r4, [sp, #44]	@ 0x2c
1000338a:	930a      	str	r3, [sp, #40]	@ 0x28
1000338c:	f1a0 040a 	sub.w	r4, r0, #10
10003390:	950c      	str	r5, [sp, #48]	@ 0x30
10003392:	e002      	b.n	1000339a <_vsnprintf+0x786>
10003394:	2920      	cmp	r1, #32
10003396:	d012      	beq.n	100033be <_vsnprintf+0x7aa>
10003398:	462a      	mov	r2, r5
1000339a:	fbb2 f5fc 	udiv	r5, r2, ip
1000339e:	fb0c 2015 	mls	r0, ip, r5, r2
100033a2:	b2c3      	uxtb	r3, r0
100033a4:	2809      	cmp	r0, #9
100033a6:	f103 0030 	add.w	r0, r3, #48	@ 0x30
100033aa:	bf8a      	itet	hi
100033ac:	191b      	addhi	r3, r3, r4
100033ae:	b2c3      	uxtbls	r3, r0
100033b0:	b2db      	uxtbhi	r3, r3
100033b2:	4562      	cmp	r2, ip
100033b4:	f80e 3b01 	strb.w	r3, [lr], #1
100033b8:	f101 0101 	add.w	r1, r1, #1
100033bc:	d2ea      	bcs.n	10003394 <_vsnprintf+0x780>
100033be:	9b0a      	ldr	r3, [sp, #40]	@ 0x28
100033c0:	9d0c      	ldr	r5, [sp, #48]	@ 0x30
100033c2:	e694      	b.n	100030ee <_vsnprintf+0x4da>
100033c4:	9a0a      	ldr	r2, [sp, #40]	@ 0x28
100033c6:	3207      	adds	r2, #7
100033c8:	f022 0207 	bic.w	r2, r2, #7
100033cc:	6851      	ldr	r1, [r2, #4]
100033ce:	f852 4b08 	ldr.w	r4, [r2], #8
100033d2:	468e      	mov	lr, r1
100033d4:	920a      	str	r2, [sp, #40]	@ 0x28
100033d6:	ea54 0201 	orrs.w	r2, r4, r1
100033da:	d176      	bne.n	100034ca <_vsnprintf+0x8b6>
100033dc:	f023 0310 	bic.w	r3, r3, #16
100033e0:	2800      	cmp	r0, #0
100033e2:	d072      	beq.n	100034ca <_vsnprintf+0x8b6>
100033e4:	2200      	movs	r2, #0
100033e6:	4611      	mov	r1, r2
100033e8:	aa12      	add	r2, sp, #72	@ 0x48
100033ea:	920b      	str	r2, [sp, #44]	@ 0x2c
100033ec:	e9cd 5305 	strd	r5, r3, [sp, #20]
100033f0:	9b0b      	ldr	r3, [sp, #44]	@ 0x2c
100033f2:	4642      	mov	r2, r8
100033f4:	9300      	str	r3, [sp, #0]
100033f6:	2300      	movs	r3, #0
100033f8:	e9cd c603 	strd	ip, r6, [sp, #12]
100033fc:	9101      	str	r1, [sp, #4]
100033fe:	9302      	str	r3, [sp, #8]
10003400:	e794      	b.n	1000332c <_vsnprintf+0x718>
10003402:	42a5      	cmp	r5, r4
10003404:	bf98      	it	ls
10003406:	3401      	addls	r4, #1
10003408:	f67f ad74 	bls.w	10002ef4 <_vsnprintf+0x2e0>
1000340c:	f44f 6380 	mov.w	r3, #1024	@ 0x400
10003410:	e9cd 750a 	strd	r7, r5, [sp, #40]	@ 0x28
10003414:	eb05 0208 	add.w	r2, r5, r8
10003418:	461f      	mov	r7, r3
1000341a:	460d      	mov	r5, r1
1000341c:	1b14      	subs	r4, r2, r4
1000341e:	4642      	mov	r2, r8
10003420:	464b      	mov	r3, r9
10003422:	4651      	mov	r1, sl
10003424:	2020      	movs	r0, #32
10003426:	f108 0801 	add.w	r8, r8, #1
1000342a:	47d8      	blx	fp
1000342c:	45a0      	cmp	r8, r4
1000342e:	d1f6      	bne.n	1000341e <_vsnprintf+0x80a>
10003430:	463b      	mov	r3, r7
10003432:	9f0a      	ldr	r7, [sp, #40]	@ 0x28
10003434:	4629      	mov	r1, r5
10003436:	7838      	ldrb	r0, [r7, #0]
10003438:	9d0b      	ldr	r5, [sp, #44]	@ 0x2c
1000343a:	1c6c      	adds	r4, r5, #1
1000343c:	2800      	cmp	r0, #0
1000343e:	f43f ad70 	beq.w	10002f22 <_vsnprintf+0x30e>
10003442:	2b00      	cmp	r3, #0
10003444:	f43f ae75 	beq.w	10003132 <_vsnprintf+0x51e>
10003448:	2300      	movs	r3, #0
1000344a:	e553      	b.n	10002ef4 <_vsnprintf+0x2e0>
1000344c:	42a5      	cmp	r5, r4
1000344e:	d8df      	bhi.n	10003410 <_vsnprintf+0x7fc>
10003450:	3401      	adds	r4, #1
10003452:	e66e      	b.n	10003132 <_vsnprintf+0x51e>
10003454:	6819      	ldr	r1, [r3, #0]
10003456:	0fcb      	lsrs	r3, r1, #31
10003458:	2900      	cmp	r1, #0
1000345a:	f000 80a8 	beq.w	100035ae <_vsnprintf+0x99a>
1000345e:	ea81 72e1 	eor.w	r2, r1, r1, asr #31
10003462:	eba2 72e1 	sub.w	r2, r2, r1, asr #31
10003466:	a912      	add	r1, sp, #72	@ 0x48
10003468:	4608      	mov	r0, r1
1000346a:	f8df e188 	ldr.w	lr, [pc, #392]	@ 100035f4 <_vsnprintf+0x9e0>
1000346e:	910b      	str	r1, [sp, #44]	@ 0x2c
10003470:	930a      	str	r3, [sp, #40]	@ 0x28
10003472:	950c      	str	r5, [sp, #48]	@ 0x30
10003474:	e001      	b.n	1000347a <_vsnprintf+0x866>
10003476:	2f20      	cmp	r7, #32
10003478:	d00f      	beq.n	1000349a <_vsnprintf+0x886>
1000347a:	4615      	mov	r5, r2
1000347c:	fbae 1302 	umull	r1, r3, lr, r2
10003480:	08db      	lsrs	r3, r3, #3
10003482:	eb03 0183 	add.w	r1, r3, r3, lsl #2
10003486:	eba2 0141 	sub.w	r1, r2, r1, lsl #1
1000348a:	3130      	adds	r1, #48	@ 0x30
1000348c:	2d09      	cmp	r5, #9
1000348e:	461a      	mov	r2, r3
10003490:	f107 0701 	add.w	r7, r7, #1
10003494:	f800 1b01 	strb.w	r1, [r0], #1
10003498:	d8ed      	bhi.n	10003476 <_vsnprintf+0x862>
1000349a:	9b0a      	ldr	r3, [sp, #40]	@ 0x28
1000349c:	9d0c      	ldr	r5, [sp, #48]	@ 0x30
1000349e:	e9cd 5c05 	strd	r5, ip, [sp, #20]
100034a2:	e9cd 7301 	strd	r7, r3, [sp, #4]
100034a6:	9604      	str	r6, [sp, #16]
100034a8:	e6d5      	b.n	10003256 <_vsnprintf+0x642>
100034aa:	2869      	cmp	r0, #105	@ 0x69
100034ac:	f023 0c10 	bic.w	ip, r3, #16
100034b0:	f040 808c 	bne.w	100035cc <_vsnprintf+0x9b8>
100034b4:	f413 6280 	ands.w	r2, r3, #1024	@ 0x400
100034b8:	f43f ae8e 	beq.w	100031d8 <_vsnprintf+0x5c4>
100034bc:	e688      	b.n	100031d0 <_vsnprintf+0x5bc>
100034be:	2a00      	cmp	r2, #0
100034c0:	f43f aea8 	beq.w	10003214 <_vsnprintf+0x600>
100034c4:	aa12      	add	r2, sp, #72	@ 0x48
100034c6:	920b      	str	r2, [sp, #44]	@ 0x2c
100034c8:	e6c0      	b.n	1000324c <_vsnprintf+0x638>
100034ca:	f013 0f20 	tst.w	r3, #32
100034ce:	bf14      	ite	ne
100034d0:	2241      	movne	r2, #65	@ 0x41
100034d2:	2261      	moveq	r2, #97	@ 0x61
100034d4:	2000      	movs	r0, #0
100034d6:	a912      	add	r1, sp, #72	@ 0x48
100034d8:	3a0a      	subs	r2, #10
100034da:	e9cd 680e 	strd	r6, r8, [sp, #56]	@ 0x38
100034de:	e9cd 350c 	strd	r3, r5, [sp, #48]	@ 0x30
100034e2:	f8cd b044 	str.w	fp, [sp, #68]	@ 0x44
100034e6:	4606      	mov	r6, r0
100034e8:	4688      	mov	r8, r1
100034ea:	4675      	mov	r5, lr
100034ec:	4693      	mov	fp, r2
100034ee:	910b      	str	r1, [sp, #44]	@ 0x2c
100034f0:	f8cd c040 	str.w	ip, [sp, #64]	@ 0x40
100034f4:	e003      	b.n	100034fe <_vsnprintf+0x8ea>
100034f6:	2e20      	cmp	r6, #32
100034f8:	d017      	beq.n	1000352a <_vsnprintf+0x916>
100034fa:	4604      	mov	r4, r0
100034fc:	460d      	mov	r5, r1
100034fe:	4629      	mov	r1, r5
10003500:	463a      	mov	r2, r7
10003502:	2300      	movs	r3, #0
10003504:	4620      	mov	r0, r4
10003506:	f002 ff23 	bl	10006350 <____aeabi_uldivmod_veneer>
1000350a:	b2d2      	uxtb	r2, r2
1000350c:	2a09      	cmp	r2, #9
1000350e:	f102 0330 	add.w	r3, r2, #48	@ 0x30
10003512:	bf88      	it	hi
10003514:	eb02 030b 	addhi.w	r3, r2, fp
10003518:	42bc      	cmp	r4, r7
1000351a:	b2db      	uxtb	r3, r3
1000351c:	f175 0500 	sbcs.w	r5, r5, #0
10003520:	f808 3b01 	strb.w	r3, [r8], #1
10003524:	f106 0601 	add.w	r6, r6, #1
10003528:	d2e5      	bcs.n	100034f6 <_vsnprintf+0x8e2>
1000352a:	4631      	mov	r1, r6
1000352c:	e9dd 350c 	ldrd	r3, r5, [sp, #48]	@ 0x30
10003530:	e9dd cb10 	ldrd	ip, fp, [sp, #64]	@ 0x40
10003534:	f8dd 803c 	ldr.w	r8, [sp, #60]	@ 0x3c
10003538:	9e0e      	ldr	r6, [sp, #56]	@ 0x38
1000353a:	e757      	b.n	100033ec <_vsnprintf+0x7d8>
1000353c:	990a      	ldr	r1, [sp, #40]	@ 0x28
1000353e:	6809      	ldr	r1, [r1, #0]
10003540:	b951      	cbnz	r1, 10003558 <_vsnprintf+0x944>
10003542:	f023 0310 	bic.w	r3, r3, #16
10003546:	b138      	cbz	r0, 10003558 <_vsnprintf+0x944>
10003548:	a912      	add	r1, sp, #72	@ 0x48
1000354a:	910b      	str	r1, [sp, #44]	@ 0x2c
1000354c:	e9cd 5305 	strd	r5, r3, [sp, #20]
10003550:	e9cd c603 	strd	ip, r6, [sp, #12]
10003554:	9201      	str	r2, [sp, #4]
10003556:	e5cf      	b.n	100030f8 <_vsnprintf+0x4e4>
10003558:	f013 0f20 	tst.w	r3, #32
1000355c:	bf14      	ite	ne
1000355e:	2041      	movne	r0, #65	@ 0x41
10003560:	2061      	moveq	r0, #97	@ 0x61
10003562:	ac12      	add	r4, sp, #72	@ 0x48
10003564:	46a6      	mov	lr, r4
10003566:	940b      	str	r4, [sp, #44]	@ 0x2c
10003568:	930a      	str	r3, [sp, #40]	@ 0x28
1000356a:	f1a0 040a 	sub.w	r4, r0, #10
1000356e:	950c      	str	r5, [sp, #48]	@ 0x30
10003570:	e002      	b.n	10003578 <_vsnprintf+0x964>
10003572:	2a20      	cmp	r2, #32
10003574:	d012      	beq.n	1000359c <_vsnprintf+0x988>
10003576:	4629      	mov	r1, r5
10003578:	fbb1 f5fc 	udiv	r5, r1, ip
1000357c:	fb0c 1015 	mls	r0, ip, r5, r1
10003580:	b2c3      	uxtb	r3, r0
10003582:	2809      	cmp	r0, #9
10003584:	f103 0030 	add.w	r0, r3, #48	@ 0x30
10003588:	bf8a      	itet	hi
1000358a:	191b      	addhi	r3, r3, r4
1000358c:	b2c3      	uxtbls	r3, r0
1000358e:	b2db      	uxtbhi	r3, r3
10003590:	4561      	cmp	r1, ip
10003592:	f80e 3b01 	strb.w	r3, [lr], #1
10003596:	f102 0201 	add.w	r2, r2, #1
1000359a:	d2ea      	bcs.n	10003572 <_vsnprintf+0x95e>
1000359c:	9b0a      	ldr	r3, [sp, #40]	@ 0x28
1000359e:	9d0c      	ldr	r5, [sp, #48]	@ 0x30
100035a0:	e7d4      	b.n	1000354c <_vsnprintf+0x938>
100035a2:	6819      	ldr	r1, [r3, #0]
100035a4:	ea81 77e1 	eor.w	r7, r1, r1, asr #31
100035a8:	eba7 77e1 	sub.w	r7, r7, r1, asr #31
100035ac:	e62d      	b.n	1000320a <_vsnprintf+0x5f6>
100035ae:	2a00      	cmp	r2, #0
100035b0:	f43f af59 	beq.w	10003466 <_vsnprintf+0x852>
100035b4:	aa12      	add	r2, sp, #72	@ 0x48
100035b6:	920b      	str	r2, [sp, #44]	@ 0x2c
100035b8:	e771      	b.n	1000349e <_vsnprintf+0x88a>
100035ba:	f413 6480 	ands.w	r4, r3, #1024	@ 0x400
100035be:	d00d      	beq.n	100035dc <_vsnprintf+0x9c8>
100035c0:	f013 0402 	ands.w	r4, r3, #2
100035c4:	d012      	beq.n	100035ec <_vsnprintf+0x9d8>
100035c6:	4604      	mov	r4, r0
100035c8:	4646      	mov	r6, r8
100035ca:	e5ec      	b.n	100031a6 <_vsnprintf+0x592>
100035cc:	270a      	movs	r7, #10
100035ce:	4663      	mov	r3, ip
100035d0:	46bc      	mov	ip, r7
100035d2:	e56c      	b.n	100030ae <_vsnprintf+0x49a>
100035d4:	ab12      	add	r3, sp, #72	@ 0x48
100035d6:	2000      	movs	r0, #0
100035d8:	930b      	str	r3, [sp, #44]	@ 0x2c
100035da:	e69d      	b.n	10003318 <_vsnprintf+0x704>
100035dc:	f013 0302 	ands.w	r3, r3, #2
100035e0:	f47f ade0 	bne.w	100031a4 <_vsnprintf+0x590>
100035e4:	2d00      	cmp	r5, #0
100035e6:	f47f af13 	bne.w	10003410 <_vsnprintf+0x7fc>
100035ea:	e49a      	b.n	10002f22 <_vsnprintf+0x30e>
100035ec:	2d00      	cmp	r5, #0
100035ee:	f47f af0d 	bne.w	1000340c <_vsnprintf+0x7f8>
100035f2:	e496      	b.n	10002f22 <_vsnprintf+0x30e>
100035f4:	cccccccd 	.word	0xcccccccd

100035f8 <vfctprintf>:
100035f8:	b570      	push	{r4, r5, r6, lr}
100035fa:	4694      	mov	ip, r2
100035fc:	461e      	mov	r6, r3
100035fe:	4605      	mov	r5, r0
10003600:	460c      	mov	r4, r1
10003602:	b084      	sub	sp, #16
10003604:	f04f 32ff 	mov.w	r2, #4294967295
10003608:	4663      	mov	r3, ip
1000360a:	a902      	add	r1, sp, #8
1000360c:	9600      	str	r6, [sp, #0]
1000360e:	4803      	ldr	r0, [pc, #12]	@ (1000361c <vfctprintf+0x24>)
10003610:	e9cd 5402 	strd	r5, r4, [sp, #8]
10003614:	f7ff fafe 	bl	10002c14 <_vsnprintf>
10003618:	b004      	add	sp, #16
1000361a:	bd70      	pop	{r4, r5, r6, pc}
1000361c:	100021d5 	.word	0x100021d5

10003620 <weak_raw_vprintf>:
10003620:	b510      	push	{r4, lr}
10003622:	4b09      	ldr	r3, [pc, #36]	@ (10003648 <weak_raw_vprintf+0x28>)
10003624:	b084      	sub	sp, #16
10003626:	681c      	ldr	r4, [r3, #0]
10003628:	b14c      	cbz	r4, 1000363e <weak_raw_vprintf+0x1e>
1000362a:	4603      	mov	r3, r0
1000362c:	9100      	str	r1, [sp, #0]
1000362e:	f04f 32ff 	mov.w	r2, #4294967295
10003632:	a903      	add	r1, sp, #12
10003634:	4805      	ldr	r0, [pc, #20]	@ (1000364c <weak_raw_vprintf+0x2c>)
10003636:	47a0      	blx	r4
10003638:	2001      	movs	r0, #1
1000363a:	b004      	add	sp, #16
1000363c:	bd10      	pop	{r4, pc}
1000363e:	f000 f979 	bl	10003934 <__wrap_puts>
10003642:	4620      	mov	r0, r4
10003644:	b004      	add	sp, #16
10003646:	bd10      	pop	{r4, pc}
10003648:	20001dd4 	.word	0x20001dd4
1000364c:	100021cd 	.word	0x100021cd

10003650 <_exit>:
10003650:	be00      	bkpt	0x0000
10003652:	e7fd      	b.n	10003650 <_exit>

10003654 <exit>:
10003654:	b508      	push	{r3, lr}
10003656:	f7ff fffb 	bl	10003650 <_exit>
1000365a:	bf00      	nop

1000365c <runtime_init>:
1000365c:	b538      	push	{r3, r4, r5, lr}
1000365e:	4c06      	ldr	r4, [pc, #24]	@ (10003678 <runtime_init+0x1c>)
10003660:	4d06      	ldr	r5, [pc, #24]	@ (1000367c <runtime_init+0x20>)
10003662:	f7fe fa07 	bl	10001a74 <runtime_run_initializers>
10003666:	42ac      	cmp	r4, r5
10003668:	d204      	bcs.n	10003674 <runtime_init+0x18>
1000366a:	f854 3b04 	ldr.w	r3, [r4], #4
1000366e:	4798      	blx	r3
10003670:	42ac      	cmp	r4, r5
10003672:	d3fa      	bcc.n	1000366a <runtime_init+0xe>
10003674:	bd38      	pop	{r3, r4, r5, pc}
10003676:	bf00      	nop
10003678:	100063b8 	.word	0x100063b8
1000367c:	100063c0 	.word	0x100063c0

10003680 <stdio_out_chars_no_crlf>:
10003680:	6803      	ldr	r3, [r0, #0]
10003682:	4608      	mov	r0, r1
10003684:	4611      	mov	r1, r2
10003686:	4718      	bx	r3

10003688 <stdio_out_chars_crlf>:
10003688:	e92d 41f0 	stmdb	sp!, {r4, r5, r6, r7, r8, lr}
1000368c:	4615      	mov	r5, r2
1000368e:	7d42      	ldrb	r2, [r0, #21]
10003690:	4607      	mov	r7, r0
10003692:	4688      	mov	r8, r1
10003694:	2a00      	cmp	r2, #0
10003696:	d046      	beq.n	10003726 <stdio_out_chars_crlf+0x9e>
10003698:	2d00      	cmp	r5, #0
1000369a:	dd1d      	ble.n	100036d8 <stdio_out_chars_crlf+0x50>
1000369c:	780b      	ldrb	r3, [r1, #0]
1000369e:	2b0a      	cmp	r3, #10
100036a0:	d023      	beq.n	100036ea <stdio_out_chars_crlf+0x62>
100036a2:	2d01      	cmp	r5, #1
100036a4:	f04f 0c00 	mov.w	ip, #0
100036a8:	d018      	beq.n	100036dc <stdio_out_chars_crlf+0x54>
100036aa:	4646      	mov	r6, r8
100036ac:	2401      	movs	r4, #1
100036ae:	f816 2f01 	ldrb.w	r2, [r6, #1]!
100036b2:	4621      	mov	r1, r4
100036b4:	2a0a      	cmp	r2, #10
100036b6:	f104 0401 	add.w	r4, r4, #1
100036ba:	d022      	beq.n	10003702 <stdio_out_chars_crlf+0x7a>
100036bc:	42a5      	cmp	r5, r4
100036be:	d1f6      	bne.n	100036ae <stdio_out_chars_crlf+0x26>
100036c0:	4565      	cmp	r5, ip
100036c2:	dc0b      	bgt.n	100036dc <stdio_out_chars_crlf+0x54>
100036c4:	eb08 0305 	add.w	r3, r8, r5
100036c8:	f813 3c01 	ldrb.w	r3, [r3, #-1]
100036cc:	f1a3 030d 	sub.w	r3, r3, #13
100036d0:	fab3 f383 	clz	r3, r3
100036d4:	095b      	lsrs	r3, r3, #5
100036d6:	753b      	strb	r3, [r7, #20]
100036d8:	e8bd 81f0 	ldmia.w	sp!, {r4, r5, r6, r7, r8, pc}
100036dc:	683b      	ldr	r3, [r7, #0]
100036de:	eba5 010c 	sub.w	r1, r5, ip
100036e2:	eb08 000c 	add.w	r0, r8, ip
100036e6:	4798      	blx	r3
100036e8:	e7ec      	b.n	100036c4 <stdio_out_chars_crlf+0x3c>
100036ea:	7d03      	ldrb	r3, [r0, #20]
100036ec:	2b00      	cmp	r3, #0
100036ee:	d1d8      	bne.n	100036a2 <stdio_out_chars_crlf+0x1a>
100036f0:	6803      	ldr	r3, [r0, #0]
100036f2:	2102      	movs	r1, #2
100036f4:	480f      	ldr	r0, [pc, #60]	@ (10003734 <stdio_out_chars_crlf+0xac>)
100036f6:	4798      	blx	r3
100036f8:	2d01      	cmp	r5, #1
100036fa:	d0e3      	beq.n	100036c4 <stdio_out_chars_crlf+0x3c>
100036fc:	f04f 0c01 	mov.w	ip, #1
10003700:	e7d3      	b.n	100036aa <stdio_out_chars_crlf+0x22>
10003702:	f816 3c01 	ldrb.w	r3, [r6, #-1]
10003706:	2b0d      	cmp	r3, #13
10003708:	d0d8      	beq.n	100036bc <stdio_out_chars_crlf+0x34>
1000370a:	458c      	cmp	ip, r1
1000370c:	eb08 000c 	add.w	r0, r8, ip
10003710:	eba1 010c 	sub.w	r1, r1, ip
10003714:	da01      	bge.n	1000371a <stdio_out_chars_crlf+0x92>
10003716:	683b      	ldr	r3, [r7, #0]
10003718:	4798      	blx	r3
1000371a:	2102      	movs	r1, #2
1000371c:	4805      	ldr	r0, [pc, #20]	@ (10003734 <stdio_out_chars_crlf+0xac>)
1000371e:	683b      	ldr	r3, [r7, #0]
10003720:	4798      	blx	r3
10003722:	46a4      	mov	ip, r4
10003724:	e7ca      	b.n	100036bc <stdio_out_chars_crlf+0x34>
10003726:	4629      	mov	r1, r5
10003728:	4640      	mov	r0, r8
1000372a:	683b      	ldr	r3, [r7, #0]
1000372c:	e8bd 41f0 	ldmia.w	sp!, {r4, r5, r6, r7, r8, lr}
10003730:	4718      	bx	r3
10003732:	bf00      	nop
10003734:	10006738 	.word	0x10006738

10003738 <stdio_buffered_printer>:
10003738:	680b      	ldr	r3, [r1, #0]
1000373a:	e92d 41f0 	stmdb	sp!, {r4, r5, r6, r7, r8, lr}
1000373e:	2b80      	cmp	r3, #128	@ 0x80
10003740:	460d      	mov	r5, r1
10003742:	4606      	mov	r6, r0
10003744:	d005      	beq.n	10003752 <stdio_buffered_printer+0x1a>
10003746:	1c5a      	adds	r2, r3, #1
10003748:	442b      	add	r3, r5
1000374a:	602a      	str	r2, [r5, #0]
1000374c:	711e      	strb	r6, [r3, #4]
1000374e:	e8bd 81f0 	ldmia.w	sp!, {r4, r5, r6, r7, r8, pc}
10003752:	4b0f      	ldr	r3, [pc, #60]	@ (10003790 <stdio_buffered_printer+0x58>)
10003754:	681c      	ldr	r4, [r3, #0]
10003756:	b1a4      	cbz	r4, 10003782 <stdio_buffered_printer+0x4a>
10003758:	4f0e      	ldr	r7, [pc, #56]	@ (10003794 <stdio_buffered_printer+0x5c>)
1000375a:	f101 0804 	add.w	r8, r1, #4
1000375e:	e001      	b.n	10003764 <stdio_buffered_printer+0x2c>
10003760:	6924      	ldr	r4, [r4, #16]
10003762:	b174      	cbz	r4, 10003782 <stdio_buffered_printer+0x4a>
10003764:	6823      	ldr	r3, [r4, #0]
10003766:	2b00      	cmp	r3, #0
10003768:	d0fa      	beq.n	10003760 <stdio_buffered_printer+0x28>
1000376a:	683b      	ldr	r3, [r7, #0]
1000376c:	b10b      	cbz	r3, 10003772 <stdio_buffered_printer+0x3a>
1000376e:	42a3      	cmp	r3, r4
10003770:	d1f6      	bne.n	10003760 <stdio_buffered_printer+0x28>
10003772:	4620      	mov	r0, r4
10003774:	4641      	mov	r1, r8
10003776:	682a      	ldr	r2, [r5, #0]
10003778:	f7ff ff86 	bl	10003688 <stdio_out_chars_crlf>
1000377c:	6924      	ldr	r4, [r4, #16]
1000377e:	2c00      	cmp	r4, #0
10003780:	d1f0      	bne.n	10003764 <stdio_buffered_printer+0x2c>
10003782:	2300      	movs	r3, #0
10003784:	2201      	movs	r2, #1
10003786:	442b      	add	r3, r5
10003788:	602a      	str	r2, [r5, #0]
1000378a:	711e      	strb	r6, [r3, #4]
1000378c:	e8bd 81f0 	ldmia.w	sp!, {r4, r5, r6, r7, r8, pc}
10003790:	200019c8 	.word	0x200019c8
10003794:	200019d0 	.word	0x200019d0

10003798 <stdio_put_string>:
10003798:	e92d 47f0 	stmdb	sp!, {r4, r5, r6, r7, r8, r9, sl, lr}
1000379c:	b082      	sub	sp, #8
1000379e:	460d      	mov	r5, r1
100037a0:	4691      	mov	r9, r2
100037a2:	461c      	mov	r4, r3
100037a4:	4606      	mov	r6, r0
100037a6:	f7fd ffd1 	bl	1000174c <time_us_64>
100037aa:	f04f 3cff 	mov.w	ip, #4294967295
100037ae:	f06f 4700 	mvn.w	r7, #2147483648	@ 0x80000000
100037b2:	4a2e      	ldr	r2, [pc, #184]	@ (1000386c <stdio_put_string+0xd4>)
100037b4:	1882      	adds	r2, r0, r2
100037b6:	f141 0300 	adc.w	r3, r1, #0
100037ba:	4594      	cmp	ip, r2
100037bc:	eb77 0103 	sbcs.w	r1, r7, r3
100037c0:	bf3c      	itt	cc
100037c2:	4662      	movcc	r2, ip
100037c4:	463b      	movcc	r3, r7
100037c6:	482a      	ldr	r0, [pc, #168]	@ (10003870 <stdio_put_string+0xd8>)
100037c8:	f002 fdce 	bl	10006368 <__mutex_try_enter_block_until_veneer>
100037cc:	1c6b      	adds	r3, r5, #1
100037ce:	4680      	mov	r8, r0
100037d0:	d040      	beq.n	10003854 <stdio_put_string+0xbc>
100037d2:	b30c      	cbz	r4, 10003818 <stdio_put_string+0x80>
100037d4:	4f27      	ldr	r7, [pc, #156]	@ (10003874 <stdio_put_string+0xdc>)
100037d6:	4b28      	ldr	r3, [pc, #160]	@ (10003878 <stdio_put_string+0xe0>)
100037d8:	681c      	ldr	r4, [r3, #0]
100037da:	b1b4      	cbz	r4, 1000380a <stdio_put_string+0x72>
100037dc:	f1b9 0f00 	cmp.w	r9, #0
100037e0:	d11c      	bne.n	1000381c <stdio_put_string+0x84>
100037e2:	f8df 909c 	ldr.w	r9, [pc, #156]	@ 10003880 <stdio_put_string+0xe8>
100037e6:	e001      	b.n	100037ec <stdio_put_string+0x54>
100037e8:	6924      	ldr	r4, [r4, #16]
100037ea:	b174      	cbz	r4, 1000380a <stdio_put_string+0x72>
100037ec:	6823      	ldr	r3, [r4, #0]
100037ee:	2b00      	cmp	r3, #0
100037f0:	d0fa      	beq.n	100037e8 <stdio_put_string+0x50>
100037f2:	f8d9 3000 	ldr.w	r3, [r9]
100037f6:	b10b      	cbz	r3, 100037fc <stdio_put_string+0x64>
100037f8:	429c      	cmp	r4, r3
100037fa:	d1f5      	bne.n	100037e8 <stdio_put_string+0x50>
100037fc:	4620      	mov	r0, r4
100037fe:	462a      	mov	r2, r5
10003800:	4631      	mov	r1, r6
10003802:	47b8      	blx	r7
10003804:	6924      	ldr	r4, [r4, #16]
10003806:	2c00      	cmp	r4, #0
10003808:	d1f0      	bne.n	100037ec <stdio_put_string+0x54>
1000380a:	f1b8 0f00 	cmp.w	r8, #0
1000380e:	d126      	bne.n	1000385e <stdio_put_string+0xc6>
10003810:	4628      	mov	r0, r5
10003812:	b002      	add	sp, #8
10003814:	e8bd 87f0 	ldmia.w	sp!, {r4, r5, r6, r7, r8, r9, sl, pc}
10003818:	4f18      	ldr	r7, [pc, #96]	@ (1000387c <stdio_put_string+0xe4>)
1000381a:	e7dc      	b.n	100037d6 <stdio_put_string+0x3e>
1000381c:	f04f 0a0a 	mov.w	sl, #10
10003820:	f8df 905c 	ldr.w	r9, [pc, #92]	@ 10003880 <stdio_put_string+0xe8>
10003824:	e002      	b.n	1000382c <stdio_put_string+0x94>
10003826:	6924      	ldr	r4, [r4, #16]
10003828:	2c00      	cmp	r4, #0
1000382a:	d0ee      	beq.n	1000380a <stdio_put_string+0x72>
1000382c:	6823      	ldr	r3, [r4, #0]
1000382e:	2b00      	cmp	r3, #0
10003830:	d0f9      	beq.n	10003826 <stdio_put_string+0x8e>
10003832:	f8d9 3000 	ldr.w	r3, [r9]
10003836:	b10b      	cbz	r3, 1000383c <stdio_put_string+0xa4>
10003838:	42a3      	cmp	r3, r4
1000383a:	d1f4      	bne.n	10003826 <stdio_put_string+0x8e>
1000383c:	462a      	mov	r2, r5
1000383e:	4631      	mov	r1, r6
10003840:	4620      	mov	r0, r4
10003842:	47b8      	blx	r7
10003844:	2201      	movs	r2, #1
10003846:	4620      	mov	r0, r4
10003848:	f10d 0107 	add.w	r1, sp, #7
1000384c:	f88d a007 	strb.w	sl, [sp, #7]
10003850:	47b8      	blx	r7
10003852:	e7e8      	b.n	10003826 <stdio_put_string+0x8e>
10003854:	4630      	mov	r0, r6
10003856:	f002 fd37 	bl	100062c8 <strlen>
1000385a:	4605      	mov	r5, r0
1000385c:	e7b9      	b.n	100037d2 <stdio_put_string+0x3a>
1000385e:	4804      	ldr	r0, [pc, #16]	@ (10003870 <stdio_put_string+0xd8>)
10003860:	f002 fd7a 	bl	10006358 <__mutex_exit_veneer>
10003864:	4628      	mov	r0, r5
10003866:	b002      	add	sp, #8
10003868:	e8bd 87f0 	ldmia.w	sp!, {r4, r5, r6, r7, r8, r9, sl, pc}
1000386c:	000f4240 	.word	0x000f4240
10003870:	2000121c 	.word	0x2000121c
10003874:	10003689 	.word	0x10003689
10003878:	200019c8 	.word	0x200019c8
1000387c:	10003681 	.word	0x10003681
10003880:	200019d0 	.word	0x200019d0

10003884 <stdio_set_driver_enabled>:
10003884:	4a08      	ldr	r2, [pc, #32]	@ (100038a8 <stdio_set_driver_enabled+0x24>)
10003886:	6813      	ldr	r3, [r2, #0]
10003888:	b923      	cbnz	r3, 10003894 <stdio_set_driver_enabled+0x10>
1000388a:	e00a      	b.n	100038a2 <stdio_set_driver_enabled+0x1e>
1000388c:	f103 0210 	add.w	r2, r3, #16
10003890:	691b      	ldr	r3, [r3, #16]
10003892:	b133      	cbz	r3, 100038a2 <stdio_set_driver_enabled+0x1e>
10003894:	4283      	cmp	r3, r0
10003896:	d1f9      	bne.n	1000388c <stdio_set_driver_enabled+0x8>
10003898:	b929      	cbnz	r1, 100038a6 <stdio_set_driver_enabled+0x22>
1000389a:	6918      	ldr	r0, [r3, #16]
1000389c:	6010      	str	r0, [r2, #0]
1000389e:	6119      	str	r1, [r3, #16]
100038a0:	4770      	bx	lr
100038a2:	b101      	cbz	r1, 100038a6 <stdio_set_driver_enabled+0x22>
100038a4:	6010      	str	r0, [r2, #0]
100038a6:	4770      	bx	lr
100038a8:	200019c8 	.word	0x200019c8

100038ac <stdio_init_all>:
100038ac:	f000 bade 	b.w	10003e6c <stdio_usb_init>

100038b0 <__wrap_putchar>:
100038b0:	b5f0      	push	{r4, r5, r6, r7, lr}
100038b2:	b083      	sub	sp, #12
100038b4:	4606      	mov	r6, r0
100038b6:	f88d 0007 	strb.w	r0, [sp, #7]
100038ba:	f7fd ff47 	bl	1000174c <time_us_64>
100038be:	f04f 35ff 	mov.w	r5, #4294967295
100038c2:	f06f 4400 	mvn.w	r4, #2147483648	@ 0x80000000
100038c6:	4a17      	ldr	r2, [pc, #92]	@ (10003924 <__wrap_putchar+0x74>)
100038c8:	1882      	adds	r2, r0, r2
100038ca:	f141 0300 	adc.w	r3, r1, #0
100038ce:	4295      	cmp	r5, r2
100038d0:	eb74 0103 	sbcs.w	r1, r4, r3
100038d4:	bf3c      	itt	cc
100038d6:	4623      	movcc	r3, r4
100038d8:	462a      	movcc	r2, r5
100038da:	4813      	ldr	r0, [pc, #76]	@ (10003928 <__wrap_putchar+0x78>)
100038dc:	f002 fd44 	bl	10006368 <__mutex_try_enter_block_until_veneer>
100038e0:	4b12      	ldr	r3, [pc, #72]	@ (1000392c <__wrap_putchar+0x7c>)
100038e2:	4607      	mov	r7, r0
100038e4:	681c      	ldr	r4, [r3, #0]
100038e6:	b19c      	cbz	r4, 10003910 <__wrap_putchar+0x60>
100038e8:	4d11      	ldr	r5, [pc, #68]	@ (10003930 <__wrap_putchar+0x80>)
100038ea:	e001      	b.n	100038f0 <__wrap_putchar+0x40>
100038ec:	6924      	ldr	r4, [r4, #16]
100038ee:	b17c      	cbz	r4, 10003910 <__wrap_putchar+0x60>
100038f0:	6823      	ldr	r3, [r4, #0]
100038f2:	2b00      	cmp	r3, #0
100038f4:	d0fa      	beq.n	100038ec <__wrap_putchar+0x3c>
100038f6:	682b      	ldr	r3, [r5, #0]
100038f8:	b10b      	cbz	r3, 100038fe <__wrap_putchar+0x4e>
100038fa:	429c      	cmp	r4, r3
100038fc:	d1f6      	bne.n	100038ec <__wrap_putchar+0x3c>
100038fe:	4620      	mov	r0, r4
10003900:	2201      	movs	r2, #1
10003902:	f10d 0107 	add.w	r1, sp, #7
10003906:	f7ff febf 	bl	10003688 <stdio_out_chars_crlf>
1000390a:	6924      	ldr	r4, [r4, #16]
1000390c:	2c00      	cmp	r4, #0
1000390e:	d1ef      	bne.n	100038f0 <__wrap_putchar+0x40>
10003910:	b917      	cbnz	r7, 10003918 <__wrap_putchar+0x68>
10003912:	4630      	mov	r0, r6
10003914:	b003      	add	sp, #12
10003916:	bdf0      	pop	{r4, r5, r6, r7, pc}
10003918:	4803      	ldr	r0, [pc, #12]	@ (10003928 <__wrap_putchar+0x78>)
1000391a:	f002 fd1d 	bl	10006358 <__mutex_exit_veneer>
1000391e:	4630      	mov	r0, r6
10003920:	b003      	add	sp, #12
10003922:	bdf0      	pop	{r4, r5, r6, r7, pc}
10003924:	000f4240 	.word	0x000f4240
10003928:	2000121c 	.word	0x2000121c
1000392c:	200019c8 	.word	0x200019c8
10003930:	200019d0 	.word	0x200019d0

10003934 <__wrap_puts>:
10003934:	b538      	push	{r3, r4, r5, lr}
10003936:	4604      	mov	r4, r0
10003938:	f002 fcc6 	bl	100062c8 <strlen>
1000393c:	2301      	movs	r3, #1
1000393e:	4605      	mov	r5, r0
10003940:	461a      	mov	r2, r3
10003942:	4620      	mov	r0, r4
10003944:	4629      	mov	r1, r5
10003946:	f7ff ff27 	bl	10003798 <stdio_put_string>
1000394a:	4b08      	ldr	r3, [pc, #32]	@ (1000396c <__wrap_puts+0x38>)
1000394c:	681c      	ldr	r4, [r3, #0]
1000394e:	b12c      	cbz	r4, 1000395c <__wrap_puts+0x28>
10003950:	6863      	ldr	r3, [r4, #4]
10003952:	b12b      	cbz	r3, 10003960 <__wrap_puts+0x2c>
10003954:	4798      	blx	r3
10003956:	6924      	ldr	r4, [r4, #16]
10003958:	2c00      	cmp	r4, #0
1000395a:	d1f9      	bne.n	10003950 <__wrap_puts+0x1c>
1000395c:	4628      	mov	r0, r5
1000395e:	bd38      	pop	{r3, r4, r5, pc}
10003960:	6924      	ldr	r4, [r4, #16]
10003962:	2c00      	cmp	r4, #0
10003964:	d1f4      	bne.n	10003950 <__wrap_puts+0x1c>
10003966:	4628      	mov	r0, r5
10003968:	bd38      	pop	{r3, r4, r5, pc}
1000396a:	bf00      	nop
1000396c:	200019c8 	.word	0x200019c8

10003970 <__wrap_vprintf>:
10003970:	e92d 41f0 	stmdb	sp!, {r4, r5, r6, r7, r8, lr}
10003974:	b0a2      	sub	sp, #136	@ 0x88
10003976:	4604      	mov	r4, r0
10003978:	460d      	mov	r5, r1
1000397a:	f7fd fee7 	bl	1000174c <time_us_64>
1000397e:	f04f 37ff 	mov.w	r7, #4294967295
10003982:	f06f 4600 	mvn.w	r6, #2147483648	@ 0x80000000
10003986:	4a26      	ldr	r2, [pc, #152]	@ (10003a20 <__wrap_vprintf+0xb0>)
10003988:	f8df 80a4 	ldr.w	r8, [pc, #164]	@ 10003a30 <__wrap_vprintf+0xc0>
1000398c:	1882      	adds	r2, r0, r2
1000398e:	f141 0300 	adc.w	r3, r1, #0
10003992:	4297      	cmp	r7, r2
10003994:	eb76 0103 	sbcs.w	r1, r6, r3
10003998:	bf3c      	itt	cc
1000399a:	463a      	movcc	r2, r7
1000399c:	4633      	movcc	r3, r6
1000399e:	4821      	ldr	r0, [pc, #132]	@ (10003a24 <__wrap_vprintf+0xb4>)
100039a0:	f002 fce2 	bl	10006368 <__mutex_try_enter_block_until_veneer>
100039a4:	2700      	movs	r7, #0
100039a6:	462b      	mov	r3, r5
100039a8:	4622      	mov	r2, r4
100039aa:	4606      	mov	r6, r0
100039ac:	a901      	add	r1, sp, #4
100039ae:	481e      	ldr	r0, [pc, #120]	@ (10003a28 <__wrap_vprintf+0xb8>)
100039b0:	9701      	str	r7, [sp, #4]
100039b2:	f7ff fe21 	bl	100035f8 <vfctprintf>
100039b6:	9b01      	ldr	r3, [sp, #4]
100039b8:	4605      	mov	r5, r0
100039ba:	f8d8 4000 	ldr.w	r4, [r8]
100039be:	b1c3      	cbz	r3, 100039f2 <__wrap_vprintf+0x82>
100039c0:	2c00      	cmp	r4, #0
100039c2:	d02b      	beq.n	10003a1c <__wrap_vprintf+0xac>
100039c4:	4f19      	ldr	r7, [pc, #100]	@ (10003a2c <__wrap_vprintf+0xbc>)
100039c6:	e001      	b.n	100039cc <__wrap_vprintf+0x5c>
100039c8:	6924      	ldr	r4, [r4, #16]
100039ca:	b174      	cbz	r4, 100039ea <__wrap_vprintf+0x7a>
100039cc:	6823      	ldr	r3, [r4, #0]
100039ce:	2b00      	cmp	r3, #0
100039d0:	d0fa      	beq.n	100039c8 <__wrap_vprintf+0x58>
100039d2:	683b      	ldr	r3, [r7, #0]
100039d4:	b10b      	cbz	r3, 100039da <__wrap_vprintf+0x6a>
100039d6:	42a3      	cmp	r3, r4
100039d8:	d1f6      	bne.n	100039c8 <__wrap_vprintf+0x58>
100039da:	4620      	mov	r0, r4
100039dc:	9a01      	ldr	r2, [sp, #4]
100039de:	a902      	add	r1, sp, #8
100039e0:	f7ff fe52 	bl	10003688 <stdio_out_chars_crlf>
100039e4:	6924      	ldr	r4, [r4, #16]
100039e6:	2c00      	cmp	r4, #0
100039e8:	d1f0      	bne.n	100039cc <__wrap_vprintf+0x5c>
100039ea:	2300      	movs	r3, #0
100039ec:	f8d8 4000 	ldr.w	r4, [r8]
100039f0:	9301      	str	r3, [sp, #4]
100039f2:	b12c      	cbz	r4, 10003a00 <__wrap_vprintf+0x90>
100039f4:	6863      	ldr	r3, [r4, #4]
100039f6:	b143      	cbz	r3, 10003a0a <__wrap_vprintf+0x9a>
100039f8:	4798      	blx	r3
100039fa:	6924      	ldr	r4, [r4, #16]
100039fc:	2c00      	cmp	r4, #0
100039fe:	d1f9      	bne.n	100039f4 <__wrap_vprintf+0x84>
10003a00:	b92e      	cbnz	r6, 10003a0e <__wrap_vprintf+0x9e>
10003a02:	4628      	mov	r0, r5
10003a04:	b022      	add	sp, #136	@ 0x88
10003a06:	e8bd 81f0 	ldmia.w	sp!, {r4, r5, r6, r7, r8, pc}
10003a0a:	6924      	ldr	r4, [r4, #16]
10003a0c:	e7f1      	b.n	100039f2 <__wrap_vprintf+0x82>
10003a0e:	4805      	ldr	r0, [pc, #20]	@ (10003a24 <__wrap_vprintf+0xb4>)
10003a10:	f002 fca2 	bl	10006358 <__mutex_exit_veneer>
10003a14:	4628      	mov	r0, r5
10003a16:	b022      	add	sp, #136	@ 0x88
10003a18:	e8bd 81f0 	ldmia.w	sp!, {r4, r5, r6, r7, r8, pc}
10003a1c:	9401      	str	r4, [sp, #4]
10003a1e:	e7ef      	b.n	10003a00 <__wrap_vprintf+0x90>
10003a20:	000f4240 	.word	0x000f4240
10003a24:	2000121c 	.word	0x2000121c
10003a28:	10003739 	.word	0x10003739
10003a2c:	200019d0 	.word	0x200019d0
10003a30:	200019c8 	.word	0x200019c8

10003a34 <__wrap_printf>:
10003a34:	b40f      	push	{r0, r1, r2, r3}
10003a36:	b500      	push	{lr}
10003a38:	b083      	sub	sp, #12
10003a3a:	a904      	add	r1, sp, #16
10003a3c:	f851 0b04 	ldr.w	r0, [r1], #4
10003a40:	9101      	str	r1, [sp, #4]
10003a42:	f7ff ff95 	bl	10003970 <__wrap_vprintf>
10003a46:	b003      	add	sp, #12
10003a48:	f85d eb04 	ldr.w	lr, [sp], #4
10003a4c:	b004      	add	sp, #16
10003a4e:	4770      	bx	lr

10003a50 <resetd_init>:
10003a50:	4770      	bx	lr
10003a52:	bf00      	nop

10003a54 <resetd_reset>:
10003a54:	2200      	movs	r2, #0
10003a56:	4b01      	ldr	r3, [pc, #4]	@ (10003a5c <resetd_reset+0x8>)
10003a58:	701a      	strb	r2, [r3, #0]
10003a5a:	4770      	bx	lr
10003a5c:	20001e49 	.word	0x20001e49

10003a60 <resetd_open>:
10003a60:	794b      	ldrb	r3, [r1, #5]
10003a62:	2bff      	cmp	r3, #255	@ 0xff
10003a64:	d10b      	bne.n	10003a7e <resetd_open+0x1e>
10003a66:	7988      	ldrb	r0, [r1, #6]
10003a68:	b948      	cbnz	r0, 10003a7e <resetd_open+0x1e>
10003a6a:	79cb      	ldrb	r3, [r1, #7]
10003a6c:	2b01      	cmp	r3, #1
10003a6e:	d107      	bne.n	10003a80 <resetd_open+0x20>
10003a70:	2a08      	cmp	r2, #8
10003a72:	d905      	bls.n	10003a80 <resetd_open+0x20>
10003a74:	4b03      	ldr	r3, [pc, #12]	@ (10003a84 <resetd_open+0x24>)
10003a76:	788a      	ldrb	r2, [r1, #2]
10003a78:	2009      	movs	r0, #9
10003a7a:	701a      	strb	r2, [r3, #0]
10003a7c:	4770      	bx	lr
10003a7e:	2000      	movs	r0, #0
10003a80:	4770      	bx	lr
10003a82:	bf00      	nop
10003a84:	20001e49 	.word	0x20001e49

10003a88 <resetd_xfer_cb>:
10003a88:	2001      	movs	r0, #1
10003a8a:	4770      	bx	lr

10003a8c <resetd_control_xfer_cb>:
10003a8c:	2901      	cmp	r1, #1
10003a8e:	d001      	beq.n	10003a94 <resetd_control_xfer_cb+0x8>
10003a90:	2001      	movs	r0, #1
10003a92:	4770      	bx	lr
10003a94:	b508      	push	{r3, lr}
10003a96:	4b10      	ldr	r3, [pc, #64]	@ (10003ad8 <resetd_control_xfer_cb+0x4c>)
10003a98:	8891      	ldrh	r1, [r2, #4]
10003a9a:	781b      	ldrb	r3, [r3, #0]
10003a9c:	4299      	cmp	r1, r3
10003a9e:	d001      	beq.n	10003aa4 <resetd_control_xfer_cb+0x18>
10003aa0:	2000      	movs	r0, #0
10003aa2:	bd08      	pop	{r3, pc}
10003aa4:	7853      	ldrb	r3, [r2, #1]
10003aa6:	2b01      	cmp	r3, #1
10003aa8:	d008      	beq.n	10003abc <resetd_control_xfer_cb+0x30>
10003aaa:	2b02      	cmp	r3, #2
10003aac:	d1f8      	bne.n	10003aa0 <resetd_control_xfer_cb+0x14>
10003aae:	2100      	movs	r1, #0
10003ab0:	2264      	movs	r2, #100	@ 0x64
10003ab2:	4608      	mov	r0, r1
10003ab4:	f7fd ff1a 	bl	100018ec <watchdog_reboot>
10003ab8:	2001      	movs	r0, #1
10003aba:	bd08      	pop	{r3, pc}
10003abc:	8851      	ldrh	r1, [r2, #2]
10003abe:	05cb      	lsls	r3, r1, #23
10003ac0:	bf48      	it	mi
10003ac2:	0a48      	lsrmi	r0, r1, #9
10003ac4:	f3c1 2240 	ubfx	r2, r1, #9, #1
10003ac8:	bf58      	it	pl
10003aca:	f04f 30ff 	movpl.w	r0, #4294967295
10003ace:	f001 017f 	and.w	r1, r1, #127	@ 0x7f
10003ad2:	f7fd ff89 	bl	100019e8 <rom_reset_usb_boot_extra>
10003ad6:	bf00      	nop
10003ad8:	20001e49 	.word	0x20001e49

10003adc <tud_descriptor_bos_cb>:
10003adc:	4800      	ldr	r0, [pc, #0]	@ (10003ae0 <tud_descriptor_bos_cb+0x4>)
10003ade:	4770      	bx	lr
10003ae0:	10006804 	.word	0x10006804

10003ae4 <tud_vendor_control_xfer_cb>:
10003ae4:	2901      	cmp	r1, #1
10003ae6:	d107      	bne.n	10003af8 <tud_vendor_control_xfer_cb+0x14>
10003ae8:	7853      	ldrb	r3, [r2, #1]
10003aea:	2b01      	cmp	r3, #1
10003aec:	d102      	bne.n	10003af4 <tud_vendor_control_xfer_cb+0x10>
10003aee:	8893      	ldrh	r3, [r2, #4]
10003af0:	2b07      	cmp	r3, #7
10003af2:	d003      	beq.n	10003afc <tud_vendor_control_xfer_cb+0x18>
10003af4:	2000      	movs	r0, #0
10003af6:	4770      	bx	lr
10003af8:	2001      	movs	r0, #1
10003afa:	4770      	bx	lr
10003afc:	4611      	mov	r1, r2
10003afe:	23a6      	movs	r3, #166	@ 0xa6
10003b00:	4a01      	ldr	r2, [pc, #4]	@ (10003b08 <tud_vendor_control_xfer_cb+0x24>)
10003b02:	f001 ba39 	b.w	10004f78 <tud_control_xfer>
10003b06:	bf00      	nop
10003b08:	1000675c 	.word	0x1000675c

10003b0c <usbd_app_driver_get_cb>:
10003b0c:	4603      	mov	r3, r0
10003b0e:	2201      	movs	r2, #1
10003b10:	4801      	ldr	r0, [pc, #4]	@ (10003b18 <usbd_app_driver_get_cb+0xc>)
10003b12:	701a      	strb	r2, [r3, #0]
10003b14:	4770      	bx	lr
10003b16:	bf00      	nop
10003b18:	1000673c 	.word	0x1000673c

10003b1c <tud_cdc_line_coding_cb>:
10003b1c:	b508      	push	{r3, lr}
10003b1e:	680b      	ldr	r3, [r1, #0]
10003b20:	f5b3 6f96 	cmp.w	r3, #1200	@ 0x4b0
10003b24:	d000      	beq.n	10003b28 <tud_cdc_line_coding_cb+0xc>
10003b26:	bd08      	pop	{r3, pc}
10003b28:	2200      	movs	r2, #0
10003b2a:	f04f 30ff 	mov.w	r0, #4294967295
10003b2e:	4611      	mov	r1, r2
10003b30:	f7fd ff5a 	bl	100019e8 <rom_reset_usb_boot_extra>

10003b34 <stdio_usb_set_chars_available_callback>:
10003b34:	4a02      	ldr	r2, [pc, #8]	@ (10003b40 <stdio_usb_set_chars_available_callback+0xc>)
10003b36:	4b03      	ldr	r3, [pc, #12]	@ (10003b44 <stdio_usb_set_chars_available_callback+0x10>)
10003b38:	6010      	str	r0, [r2, #0]
10003b3a:	6019      	str	r1, [r3, #0]
10003b3c:	4770      	bx	lr
10003b3e:	bf00      	nop
10003b40:	20001968 	.word	0x20001968
10003b44:	2000196c 	.word	0x2000196c

10003b48 <timer_task>:
10003b48:	4b18      	ldr	r3, [pc, #96]	@ (10003bac <timer_task+0x64>)
10003b4a:	b570      	push	{r4, r5, r6, lr}
10003b4c:	681a      	ldr	r2, [r3, #0]
10003b4e:	2a00      	cmp	r2, #0
10003b50:	d028      	beq.n	10003ba4 <timer_task+0x5c>
10003b52:	f3ef 8110 	mrs	r1, PRIMASK
10003b56:	b672      	cpsid	i
10003b58:	e8d2 4fcf 	ldaexb	r4, [r2]
10003b5c:	2001      	movs	r0, #1
10003b5e:	2c00      	cmp	r4, #0
10003b60:	d1fa      	bne.n	10003b58 <timer_task+0x10>
10003b62:	e8c2 0f44 	strexb	r4, r0, [r2]
10003b66:	2c00      	cmp	r4, #0
10003b68:	d1f6      	bne.n	10003b58 <timer_task+0x10>
10003b6a:	f3bf 8f5f 	dmb	sy
10003b6e:	2200      	movs	r2, #0
10003b70:	4c0f      	ldr	r4, [pc, #60]	@ (10003bb0 <timer_task+0x68>)
10003b72:	6818      	ldr	r0, [r3, #0]
10003b74:	6059      	str	r1, [r3, #4]
10003b76:	7022      	strb	r2, [r4, #0]
10003b78:	e8c0 2f8f 	stlb	r2, [r0]
10003b7c:	f381 8810 	msr	PRIMASK, r1
10003b80:	2400      	movs	r4, #0
10003b82:	2500      	movs	r5, #0
10003b84:	4e0b      	ldr	r6, [pc, #44]	@ (10003bb4 <timer_task+0x6c>)
10003b86:	7830      	ldrb	r0, [r6, #0]
10003b88:	f7fc ff42 	bl	10000a10 <irq_is_enabled>
10003b8c:	b920      	cbnz	r0, 10003b98 <timer_task+0x50>
10003b8e:	2400      	movs	r4, #0
10003b90:	2500      	movs	r5, #0
10003b92:	4620      	mov	r0, r4
10003b94:	4629      	mov	r1, r5
10003b96:	bd70      	pop	{r4, r5, r6, pc}
10003b98:	7830      	ldrb	r0, [r6, #0]
10003b9a:	f7fc ff49 	bl	10000a30 <irq_set_pending>
10003b9e:	4620      	mov	r0, r4
10003ba0:	4629      	mov	r1, r5
10003ba2:	bd70      	pop	{r4, r5, r6, pc}
10003ba4:	f44f 747a 	mov.w	r4, #1000	@ 0x3e8
10003ba8:	2500      	movs	r5, #0
10003baa:	e7eb      	b.n	10003b84 <timer_task+0x3c>
10003bac:	20001df8 	.word	0x20001df8
10003bb0:	20001e4b 	.word	0x20001e4b
10003bb4:	20001e4a 	.word	0x20001e4a

10003bb8 <usb_irq>:
10003bb8:	4b01      	ldr	r3, [pc, #4]	@ (10003bc0 <usb_irq+0x8>)
10003bba:	7818      	ldrb	r0, [r3, #0]
10003bbc:	f7fc bf38 	b.w	10000a30 <irq_set_pending>
10003bc0:	20001e4a 	.word	0x20001e4a

10003bc4 <stdio_usb_in_chars>:
10003bc4:	b538      	push	{r3, r4, r5, lr}
10003bc6:	4604      	mov	r4, r0
10003bc8:	2000      	movs	r0, #0
10003bca:	460d      	mov	r5, r1
10003bcc:	f001 fb04 	bl	100051d8 <tud_cdc_n_connected>
10003bd0:	b3a8      	cbz	r0, 10003c3e <stdio_usb_in_chars+0x7a>
10003bd2:	2000      	movs	r0, #0
10003bd4:	f001 fb16 	bl	10005204 <tud_cdc_n_available>
10003bd8:	b388      	cbz	r0, 10003c3e <stdio_usb_in_chars+0x7a>
10003bda:	f7fd fdb7 	bl	1000174c <time_us_64>
10003bde:	f04f 3eff 	mov.w	lr, #4294967295
10003be2:	f06f 4c00 	mvn.w	ip, #2147483648	@ 0x80000000
10003be6:	4a17      	ldr	r2, [pc, #92]	@ (10003c44 <stdio_usb_in_chars+0x80>)
10003be8:	1882      	adds	r2, r0, r2
10003bea:	f141 0300 	adc.w	r3, r1, #0
10003bee:	4596      	cmp	lr, r2
10003bf0:	eb7c 0103 	sbcs.w	r1, ip, r3
10003bf4:	bf3c      	itt	cc
10003bf6:	4672      	movcc	r2, lr
10003bf8:	4663      	movcc	r3, ip
10003bfa:	4813      	ldr	r0, [pc, #76]	@ (10003c48 <stdio_usb_in_chars+0x84>)
10003bfc:	f002 fbb4 	bl	10006368 <__mutex_try_enter_block_until_veneer>
10003c00:	b1e8      	cbz	r0, 10003c3e <stdio_usb_in_chars+0x7a>
10003c02:	2000      	movs	r0, #0
10003c04:	f001 fae8 	bl	100051d8 <tud_cdc_n_connected>
10003c08:	b958      	cbnz	r0, 10003c22 <stdio_usb_in_chars+0x5e>
10003c0a:	2100      	movs	r1, #0
10003c0c:	f04f 30ff 	mov.w	r0, #4294967295
10003c10:	f000 fd0a 	bl	10004628 <tud_task_ext>
10003c14:	f06f 0402 	mvn.w	r4, #2
10003c18:	480b      	ldr	r0, [pc, #44]	@ (10003c48 <stdio_usb_in_chars+0x84>)
10003c1a:	f002 fb9d 	bl	10006358 <__mutex_exit_veneer>
10003c1e:	4620      	mov	r0, r4
10003c20:	bd38      	pop	{r3, r4, r5, pc}
10003c22:	2000      	movs	r0, #0
10003c24:	f001 faee 	bl	10005204 <tud_cdc_n_available>
10003c28:	2800      	cmp	r0, #0
10003c2a:	d0ee      	beq.n	10003c0a <stdio_usb_in_chars+0x46>
10003c2c:	4621      	mov	r1, r4
10003c2e:	462a      	mov	r2, r5
10003c30:	2000      	movs	r0, #0
10003c32:	f001 faf1 	bl	10005218 <tud_cdc_n_read>
10003c36:	4604      	mov	r4, r0
10003c38:	2800      	cmp	r0, #0
10003c3a:	d1ed      	bne.n	10003c18 <stdio_usb_in_chars+0x54>
10003c3c:	e7ea      	b.n	10003c14 <stdio_usb_in_chars+0x50>
10003c3e:	f06f 0402 	mvn.w	r4, #2
10003c42:	e7ec      	b.n	10003c1e <stdio_usb_in_chars+0x5a>
10003c44:	000f4240 	.word	0x000f4240
10003c48:	20001e2c 	.word	0x20001e2c

10003c4c <stdio_usb_out_flush>:
10003c4c:	b508      	push	{r3, lr}
10003c4e:	f7fd fd7d 	bl	1000174c <time_us_64>
10003c52:	f04f 3eff 	mov.w	lr, #4294967295
10003c56:	f06f 4c00 	mvn.w	ip, #2147483648	@ 0x80000000
10003c5a:	4a0f      	ldr	r2, [pc, #60]	@ (10003c98 <stdio_usb_out_flush+0x4c>)
10003c5c:	1882      	adds	r2, r0, r2
10003c5e:	f141 0300 	adc.w	r3, r1, #0
10003c62:	4596      	cmp	lr, r2
10003c64:	eb7c 0103 	sbcs.w	r1, ip, r3
10003c68:	bf3c      	itt	cc
10003c6a:	4672      	movcc	r2, lr
10003c6c:	4663      	movcc	r3, ip
10003c6e:	480b      	ldr	r0, [pc, #44]	@ (10003c9c <stdio_usb_out_flush+0x50>)
10003c70:	f002 fb7a 	bl	10006368 <__mutex_try_enter_block_until_veneer>
10003c74:	b170      	cbz	r0, 10003c94 <stdio_usb_out_flush+0x48>
10003c76:	f04f 30ff 	mov.w	r0, #4294967295
10003c7a:	2100      	movs	r1, #0
10003c7c:	f000 fcd4 	bl	10004628 <tud_task_ext>
10003c80:	2000      	movs	r0, #0
10003c82:	f001 fb11 	bl	100052a8 <tud_cdc_n_write_flush>
10003c86:	2800      	cmp	r0, #0
10003c88:	d1f5      	bne.n	10003c76 <stdio_usb_out_flush+0x2a>
10003c8a:	e8bd 4008 	ldmia.w	sp!, {r3, lr}
10003c8e:	4803      	ldr	r0, [pc, #12]	@ (10003c9c <stdio_usb_out_flush+0x50>)
10003c90:	f002 bb62 	b.w	10006358 <__mutex_exit_veneer>
10003c94:	bd08      	pop	{r3, pc}
10003c96:	bf00      	nop
10003c98:	000f4240 	.word	0x000f4240
10003c9c:	20001e2c 	.word	0x20001e2c

10003ca0 <stdio_usb_out_chars>:
10003ca0:	e92d 43f8 	stmdb	sp!, {r3, r4, r5, r6, r7, r8, r9, lr}
10003ca4:	4680      	mov	r8, r0
10003ca6:	460f      	mov	r7, r1
10003ca8:	f7fd fd50 	bl	1000174c <time_us_64>
10003cac:	f04f 35ff 	mov.w	r5, #4294967295
10003cb0:	f06f 4400 	mvn.w	r4, #2147483648	@ 0x80000000
10003cb4:	4a33      	ldr	r2, [pc, #204]	@ (10003d84 <stdio_usb_out_chars+0xe4>)
10003cb6:	1882      	adds	r2, r0, r2
10003cb8:	f141 0300 	adc.w	r3, r1, #0
10003cbc:	4295      	cmp	r5, r2
10003cbe:	eb74 0103 	sbcs.w	r1, r4, r3
10003cc2:	bf3c      	itt	cc
10003cc4:	462a      	movcc	r2, r5
10003cc6:	4623      	movcc	r3, r4
10003cc8:	482f      	ldr	r0, [pc, #188]	@ (10003d88 <stdio_usb_out_chars+0xe8>)
10003cca:	f002 fb4d 	bl	10006368 <__mutex_try_enter_block_until_veneer>
10003cce:	b908      	cbnz	r0, 10003cd4 <stdio_usb_out_chars+0x34>
10003cd0:	e8bd 83f8 	ldmia.w	sp!, {r3, r4, r5, r6, r7, r8, r9, pc}
10003cd4:	2000      	movs	r0, #0
10003cd6:	f001 fa7f 	bl	100051d8 <tud_cdc_n_connected>
10003cda:	2800      	cmp	r0, #0
10003cdc:	d047      	beq.n	10003d6e <stdio_usb_out_chars+0xce>
10003cde:	2f00      	cmp	r7, #0
10003ce0:	dd40      	ble.n	10003d64 <stdio_usb_out_chars+0xc4>
10003ce2:	2500      	movs	r5, #0
10003ce4:	f8df 90a8 	ldr.w	r9, [pc, #168]	@ 10003d90 <stdio_usb_out_chars+0xf0>
10003ce8:	4e28      	ldr	r6, [pc, #160]	@ (10003d8c <stdio_usb_out_chars+0xec>)
10003cea:	e013      	b.n	10003d14 <stdio_usb_out_chars+0x74>
10003cec:	4622      	mov	r2, r4
10003cee:	2000      	movs	r0, #0
10003cf0:	f001 fb20 	bl	10005334 <tud_cdc_n_write>
10003cf4:	2100      	movs	r1, #0
10003cf6:	4604      	mov	r4, r0
10003cf8:	f04f 30ff 	mov.w	r0, #4294967295
10003cfc:	f000 fc94 	bl	10004628 <tud_task_ext>
10003d00:	2000      	movs	r0, #0
10003d02:	f001 fad1 	bl	100052a8 <tud_cdc_n_write_flush>
10003d06:	f7fd fd21 	bl	1000174c <time_us_64>
10003d0a:	e9c9 0100 	strd	r0, r1, [r9]
10003d0e:	4425      	add	r5, r4
10003d10:	42af      	cmp	r7, r5
10003d12:	dd27      	ble.n	10003d64 <stdio_usb_out_chars+0xc4>
10003d14:	2000      	movs	r0, #0
10003d16:	f001 fb2d 	bl	10005374 <tud_cdc_n_write_available>
10003d1a:	1b7c      	subs	r4, r7, r5
10003d1c:	4284      	cmp	r4, r0
10003d1e:	bfa8      	it	ge
10003d20:	4604      	movge	r4, r0
10003d22:	eb08 0105 	add.w	r1, r8, r5
10003d26:	2c00      	cmp	r4, #0
10003d28:	d1e0      	bne.n	10003cec <stdio_usb_out_chars+0x4c>
10003d2a:	4621      	mov	r1, r4
10003d2c:	f04f 30ff 	mov.w	r0, #4294967295
10003d30:	f000 fc7a 	bl	10004628 <tud_task_ext>
10003d34:	4620      	mov	r0, r4
10003d36:	f001 fab7 	bl	100052a8 <tud_cdc_n_write_flush>
10003d3a:	4620      	mov	r0, r4
10003d3c:	f001 fa4c 	bl	100051d8 <tud_cdc_n_connected>
10003d40:	b180      	cbz	r0, 10003d64 <stdio_usb_out_chars+0xc4>
10003d42:	4620      	mov	r0, r4
10003d44:	f001 fb16 	bl	10005374 <tud_cdc_n_write_available>
10003d48:	2800      	cmp	r0, #0
10003d4a:	d1e1      	bne.n	10003d10 <stdio_usb_out_chars+0x70>
10003d4c:	f7fd fcfe 	bl	1000174c <time_us_64>
10003d50:	f8d9 3000 	ldr.w	r3, [r9]
10003d54:	f8d9 2004 	ldr.w	r2, [r9, #4]
10003d58:	199b      	adds	r3, r3, r6
10003d5a:	f142 0200 	adc.w	r2, r2, #0
10003d5e:	4283      	cmp	r3, r0
10003d60:	418a      	sbcs	r2, r1
10003d62:	d2d5      	bcs.n	10003d10 <stdio_usb_out_chars+0x70>
10003d64:	4808      	ldr	r0, [pc, #32]	@ (10003d88 <stdio_usb_out_chars+0xe8>)
10003d66:	e8bd 43f8 	ldmia.w	sp!, {r3, r4, r5, r6, r7, r8, r9, lr}
10003d6a:	f002 baf5 	b.w	10006358 <__mutex_exit_veneer>
10003d6e:	2000      	movs	r0, #0
10003d70:	2100      	movs	r1, #0
10003d72:	4b07      	ldr	r3, [pc, #28]	@ (10003d90 <stdio_usb_out_chars+0xf0>)
10003d74:	e9c3 0100 	strd	r0, r1, [r3]
10003d78:	e8bd 43f8 	ldmia.w	sp!, {r3, r4, r5, r6, r7, r8, r9, lr}
10003d7c:	4802      	ldr	r0, [pc, #8]	@ (10003d88 <stdio_usb_out_chars+0xe8>)
10003d7e:	f002 baeb 	b.w	10006358 <__mutex_exit_veneer>
10003d82:	bf00      	nop
10003d84:	000f4240 	.word	0x000f4240
10003d88:	20001e2c 	.word	0x20001e2c
10003d8c:	0007a120 	.word	0x0007a120
10003d90:	200013a8 	.word	0x200013a8

10003d94 <low_priority_worker_irq>:
10003d94:	b530      	push	{r4, r5, lr}
10003d96:	2100      	movs	r1, #0
10003d98:	b085      	sub	sp, #20
10003d9a:	482e      	ldr	r0, [pc, #184]	@ (10003e54 <low_priority_worker_irq+0xc0>)
10003d9c:	f002 fae8 	bl	10006370 <__mutex_try_enter_veneer>
10003da0:	b9f0      	cbnz	r0, 10003de0 <low_priority_worker_irq+0x4c>
10003da2:	4b2d      	ldr	r3, [pc, #180]	@ (10003e58 <low_priority_worker_irq+0xc4>)
10003da4:	681a      	ldr	r2, [r3, #0]
10003da6:	b1ca      	cbz	r2, 10003ddc <low_priority_worker_irq+0x48>
10003da8:	f3ef 8110 	mrs	r1, PRIMASK
10003dac:	b672      	cpsid	i
10003dae:	e8d2 5fcf 	ldaexb	r5, [r2]
10003db2:	2401      	movs	r4, #1
10003db4:	2d00      	cmp	r5, #0
10003db6:	d1fa      	bne.n	10003dae <low_priority_worker_irq+0x1a>
10003db8:	e8c2 4f45 	strexb	r5, r4, [r2]
10003dbc:	2d00      	cmp	r5, #0
10003dbe:	d1f6      	bne.n	10003dae <low_priority_worker_irq+0x1a>
10003dc0:	f3bf 8f5f 	dmb	sy
10003dc4:	4c25      	ldr	r4, [pc, #148]	@ (10003e5c <low_priority_worker_irq+0xc8>)
10003dc6:	681d      	ldr	r5, [r3, #0]
10003dc8:	7822      	ldrb	r2, [r4, #0]
10003dca:	6059      	str	r1, [r3, #4]
10003dcc:	b2d3      	uxtb	r3, r2
10003dce:	2201      	movs	r2, #1
10003dd0:	7022      	strb	r2, [r4, #0]
10003dd2:	e8c5 0f8f 	stlb	r0, [r5]
10003dd6:	f381 8810 	msr	PRIMASK, r1
10003dda:	b1cb      	cbz	r3, 10003e10 <low_priority_worker_irq+0x7c>
10003ddc:	b005      	add	sp, #20
10003dde:	bd30      	pop	{r4, r5, pc}
10003de0:	2100      	movs	r1, #0
10003de2:	f04f 30ff 	mov.w	r0, #4294967295
10003de6:	f000 fc1f 	bl	10004628 <tud_task_ext>
10003dea:	2000      	movs	r0, #0
10003dec:	f001 fa0a 	bl	10005204 <tud_cdc_n_available>
10003df0:	4604      	mov	r4, r0
10003df2:	4818      	ldr	r0, [pc, #96]	@ (10003e54 <low_priority_worker_irq+0xc0>)
10003df4:	f002 fab0 	bl	10006358 <__mutex_exit_veneer>
10003df8:	2c00      	cmp	r4, #0
10003dfa:	d0ef      	beq.n	10003ddc <low_priority_worker_irq+0x48>
10003dfc:	4b18      	ldr	r3, [pc, #96]	@ (10003e60 <low_priority_worker_irq+0xcc>)
10003dfe:	681b      	ldr	r3, [r3, #0]
10003e00:	2b00      	cmp	r3, #0
10003e02:	d0eb      	beq.n	10003ddc <low_priority_worker_irq+0x48>
10003e04:	4a17      	ldr	r2, [pc, #92]	@ (10003e64 <low_priority_worker_irq+0xd0>)
10003e06:	6810      	ldr	r0, [r2, #0]
10003e08:	b005      	add	sp, #20
10003e0a:	e8bd 4030 	ldmia.w	sp!, {r4, r5, lr}
10003e0e:	4718      	bx	r3
10003e10:	f7fd fa26 	bl	10001260 <alarm_pool_get_default>
10003e14:	4604      	mov	r4, r0
10003e16:	f7fd fc99 	bl	1000174c <time_us_64>
10003e1a:	f04f 3cff 	mov.w	ip, #4294967295
10003e1e:	f06f 4500 	mvn.w	r5, #2147483648	@ 0x80000000
10003e22:	f510 727a 	adds.w	r2, r0, #1000	@ 0x3e8
10003e26:	f141 0300 	adc.w	r3, r1, #0
10003e2a:	4594      	cmp	ip, r2
10003e2c:	eb75 0103 	sbcs.w	r1, r5, r3
10003e30:	bf38      	it	cc
10003e32:	462b      	movcc	r3, r5
10003e34:	f04f 0100 	mov.w	r1, #0
10003e38:	f04f 0501 	mov.w	r5, #1
10003e3c:	4620      	mov	r0, r4
10003e3e:	4c0a      	ldr	r4, [pc, #40]	@ (10003e68 <low_priority_worker_irq+0xd4>)
10003e40:	bf38      	it	cc
10003e42:	4662      	movcc	r2, ip
10003e44:	e9cd 1501 	strd	r1, r5, [sp, #4]
10003e48:	9400      	str	r4, [sp, #0]
10003e4a:	f7fd fa0d 	bl	10001268 <alarm_pool_add_alarm_at>
10003e4e:	b005      	add	sp, #20
10003e50:	bd30      	pop	{r4, r5, pc}
10003e52:	bf00      	nop
10003e54:	20001e2c 	.word	0x20001e2c
10003e58:	20001df8 	.word	0x20001df8
10003e5c:	20001e4b 	.word	0x20001e4b
10003e60:	20001968 	.word	0x20001968
10003e64:	2000196c 	.word	0x2000196c
10003e68:	10003b49 	.word	0x10003b49

10003e6c <stdio_usb_init>:
10003e6c:	f04f 4350 	mov.w	r3, #3489660928	@ 0xd0000000
10003e70:	b530      	push	{r4, r5, lr}
10003e72:	b085      	sub	sp, #20
10003e74:	681c      	ldr	r4, [r3, #0]
10003e76:	f7fd f9f3 	bl	10001260 <alarm_pool_get_default>
10003e7a:	f7fd fb07 	bl	1000148c <alarm_pool_core_num>
10003e7e:	42a0      	cmp	r0, r4
10003e80:	d002      	beq.n	10003e88 <stdio_usb_init+0x1c>
10003e82:	2000      	movs	r0, #0
10003e84:	b005      	add	sp, #20
10003e86:	bd30      	pop	{r4, r5, pc}
10003e88:	2100      	movs	r1, #0
10003e8a:	4b2a      	ldr	r3, [pc, #168]	@ (10003f34 <stdio_usb_init+0xc8>)
10003e8c:	4608      	mov	r0, r1
10003e8e:	781b      	ldrb	r3, [r3, #0]
10003e90:	f001 fd38 	bl	10005904 <tusb_rhport_init>
10003e94:	4828      	ldr	r0, [pc, #160]	@ (10003f38 <stdio_usb_init+0xcc>)
10003e96:	6803      	ldr	r3, [r0, #0]
10003e98:	2b00      	cmp	r3, #0
10003e9a:	d047      	beq.n	10003f2c <stdio_usb_init+0xc0>
10003e9c:	2001      	movs	r0, #1
10003e9e:	f7fc ff65 	bl	10000d6c <user_irq_claim_unused>
10003ea2:	4603      	mov	r3, r0
10003ea4:	4c25      	ldr	r4, [pc, #148]	@ (10003f3c <stdio_usb_init+0xd0>)
10003ea6:	4926      	ldr	r1, [pc, #152]	@ (10003f40 <stdio_usb_init+0xd4>)
10003ea8:	b2c0      	uxtb	r0, r0
10003eaa:	7023      	strb	r3, [r4, #0]
10003eac:	f7fc fddc 	bl	10000a68 <irq_set_exclusive_handler>
10003eb0:	7820      	ldrb	r0, [r4, #0]
10003eb2:	2101      	movs	r1, #1
10003eb4:	f7fc fd96 	bl	100009e4 <irq_set_enabled>
10003eb8:	200e      	movs	r0, #14
10003eba:	f7fc fdc5 	bl	10000a48 <irq_has_shared_handler>
10003ebe:	bb40      	cbnz	r0, 10003f12 <stdio_usb_init+0xa6>
10003ec0:	4b20      	ldr	r3, [pc, #128]	@ (10003f44 <stdio_usb_init+0xd8>)
10003ec2:	2501      	movs	r5, #1
10003ec4:	e9c3 0000 	strd	r0, r0, [r3]
10003ec8:	f7fd f9ca 	bl	10001260 <alarm_pool_get_default>
10003ecc:	4604      	mov	r4, r0
10003ece:	f7fd fc3d 	bl	1000174c <time_us_64>
10003ed2:	f04f 3eff 	mov.w	lr, #4294967295
10003ed6:	f06f 4c00 	mvn.w	ip, #2147483648	@ 0x80000000
10003eda:	f510 727a 	adds.w	r2, r0, #1000	@ 0x3e8
10003ede:	f141 0300 	adc.w	r3, r1, #0
10003ee2:	4596      	cmp	lr, r2
10003ee4:	eb7c 0103 	sbcs.w	r1, ip, r3
10003ee8:	f04f 0100 	mov.w	r1, #0
10003eec:	4620      	mov	r0, r4
10003eee:	4c16      	ldr	r4, [pc, #88]	@ (10003f48 <stdio_usb_init+0xdc>)
10003ef0:	bf3c      	itt	cc
10003ef2:	4672      	movcc	r2, lr
10003ef4:	4663      	movcc	r3, ip
10003ef6:	e9cd 1501 	strd	r1, r5, [sp, #4]
10003efa:	9400      	str	r4, [sp, #0]
10003efc:	f7fd f9b4 	bl	10001268 <alarm_pool_add_alarm_at>
10003f00:	2800      	cmp	r0, #0
10003f02:	dbbe      	blt.n	10003e82 <stdio_usb_init+0x16>
10003f04:	2101      	movs	r1, #1
10003f06:	4811      	ldr	r0, [pc, #68]	@ (10003f4c <stdio_usb_init+0xe0>)
10003f08:	f7ff fcbc 	bl	10003884 <stdio_set_driver_enabled>
10003f0c:	2001      	movs	r0, #1
10003f0e:	b005      	add	sp, #20
10003f10:	bd30      	pop	{r4, r5, pc}
10003f12:	2001      	movs	r0, #1
10003f14:	f7fc fd22 	bl	1000095c <spin_lock_claim_unused>
10003f18:	4601      	mov	r1, r0
10003f1a:	480a      	ldr	r0, [pc, #40]	@ (10003f44 <stdio_usb_init+0xd8>)
10003f1c:	f7fc ff82 	bl	10000e24 <critical_section_init_with_lock_num>
10003f20:	2200      	movs	r2, #0
10003f22:	200e      	movs	r0, #14
10003f24:	490a      	ldr	r1, [pc, #40]	@ (10003f50 <stdio_usb_init+0xe4>)
10003f26:	f7fc fdcf 	bl	10000ac8 <irq_add_shared_handler>
10003f2a:	e7eb      	b.n	10003f04 <stdio_usb_init+0x98>
10003f2c:	f7fc ff5e 	bl	10000dec <mutex_init>
10003f30:	e7b4      	b.n	10003e9c <stdio_usb_init+0x30>
10003f32:	bf00      	nop
10003f34:	10006918 	.word	0x10006918
10003f38:	20001e2c 	.word	0x20001e2c
10003f3c:	20001e4a 	.word	0x20001e4a
10003f40:	10003d95 	.word	0x10003d95
10003f44:	20001df8 	.word	0x20001df8
10003f48:	10003b49 	.word	0x10003b49
10003f4c:	200011e4 	.word	0x200011e4
10003f50:	10003bb9 	.word	0x10003bb9

10003f54 <tud_descriptor_device_cb>:
10003f54:	4800      	ldr	r0, [pc, #0]	@ (10003f58 <tud_descriptor_device_cb+0x4>)
10003f56:	4770      	bx	lr
10003f58:	100068a0 	.word	0x100068a0

10003f5c <tud_descriptor_configuration_cb>:
10003f5c:	4800      	ldr	r0, [pc, #0]	@ (10003f60 <tud_descriptor_configuration_cb+0x4>)
10003f5e:	4770      	bx	lr
10003f60:	1000684c 	.word	0x1000684c

10003f64 <tud_descriptor_string_cb>:
10003f64:	b538      	push	{r3, r4, r5, lr}
10003f66:	4b18      	ldr	r3, [pc, #96]	@ (10003fc8 <tud_descriptor_string_cb+0x64>)
10003f68:	4604      	mov	r4, r0
10003f6a:	781a      	ldrb	r2, [r3, #0]
10003f6c:	b30a      	cbz	r2, 10003fb2 <tud_descriptor_string_cb+0x4e>
10003f6e:	b944      	cbnz	r4, 10003f82 <tud_descriptor_string_cb+0x1e>
10003f70:	f240 4209 	movw	r2, #1033	@ 0x409
10003f74:	f44f 7341 	mov.w	r3, #772	@ 0x304
10003f78:	4d14      	ldr	r5, [pc, #80]	@ (10003fcc <tud_descriptor_string_cb+0x68>)
10003f7a:	806a      	strh	r2, [r5, #2]
10003f7c:	4813      	ldr	r0, [pc, #76]	@ (10003fcc <tud_descriptor_string_cb+0x68>)
10003f7e:	802b      	strh	r3, [r5, #0]
10003f80:	bd38      	pop	{r3, r4, r5, pc}
10003f82:	2c05      	cmp	r4, #5
10003f84:	d81d      	bhi.n	10003fc2 <tud_descriptor_string_cb+0x5e>
10003f86:	4b12      	ldr	r3, [pc, #72]	@ (10003fd0 <tud_descriptor_string_cb+0x6c>)
10003f88:	4d10      	ldr	r5, [pc, #64]	@ (10003fcc <tud_descriptor_string_cb+0x68>)
10003f8a:	f853 1024 	ldr.w	r1, [r3, r4, lsl #2]
10003f8e:	4628      	mov	r0, r5
10003f90:	2300      	movs	r3, #0
10003f92:	3901      	subs	r1, #1
10003f94:	e003      	b.n	10003f9e <tud_descriptor_string_cb+0x3a>
10003f96:	2b13      	cmp	r3, #19
10003f98:	f820 2f02 	strh.w	r2, [r0, #2]!
10003f9c:	d00e      	beq.n	10003fbc <tud_descriptor_string_cb+0x58>
10003f9e:	f811 2f01 	ldrb.w	r2, [r1, #1]!
10003fa2:	3301      	adds	r3, #1
10003fa4:	b2db      	uxtb	r3, r3
10003fa6:	2a00      	cmp	r2, #0
10003fa8:	d1f5      	bne.n	10003f96 <tud_descriptor_string_cb+0x32>
10003faa:	005b      	lsls	r3, r3, #1
10003fac:	f443 7340 	orr.w	r3, r3, #768	@ 0x300
10003fb0:	e7e4      	b.n	10003f7c <tud_descriptor_string_cb+0x18>
10003fb2:	2111      	movs	r1, #17
10003fb4:	4618      	mov	r0, r3
10003fb6:	f000 f825 	bl	10004004 <pico_get_unique_board_id_string>
10003fba:	e7d8      	b.n	10003f6e <tud_descriptor_string_cb+0xa>
10003fbc:	f44f 734a 	mov.w	r3, #808	@ 0x328
10003fc0:	e7dc      	b.n	10003f7c <tud_descriptor_string_cb+0x18>
10003fc2:	2000      	movs	r0, #0
10003fc4:	bd38      	pop	{r3, r4, r5, pc}
10003fc6:	bf00      	nop
10003fc8:	20001e34 	.word	0x20001e34
10003fcc:	200019a0 	.word	0x200019a0
10003fd0:	10006834 	.word	0x10006834

10003fd4 <_retrieve_unique_id_on_boot>:
10003fd4:	b500      	push	{lr}
10003fd6:	f245 3047 	movw	r0, #21319	@ 0x5347
10003fda:	b08b      	sub	sp, #44	@ 0x2c
10003fdc:	f7fd fcf8 	bl	100019d0 <rom_func_lookup>
10003fe0:	2201      	movs	r2, #1
10003fe2:	4603      	mov	r3, r0
10003fe4:	2109      	movs	r1, #9
10003fe6:	a801      	add	r0, sp, #4
10003fe8:	4798      	blx	r3
10003fea:	e9dd 3203 	ldrd	r3, r2, [sp, #12]
10003fee:	4904      	ldr	r1, [pc, #16]	@ (10004000 <_retrieve_unique_id_on_boot+0x2c>)
10003ff0:	ba12      	rev	r2, r2
10003ff2:	ba1b      	rev	r3, r3
10003ff4:	e9c1 2300 	strd	r2, r3, [r1]
10003ff8:	b00b      	add	sp, #44	@ 0x2c
10003ffa:	f85d fb04 	ldr.w	pc, [sp], #4
10003ffe:	bf00      	nop
10004000:	20001e20 	.word	0x20001e20

10004004 <pico_get_unique_board_id_string>:
10004004:	2901      	cmp	r1, #1
10004006:	f101 33ff 	add.w	r3, r1, #4294967295
1000400a:	f000 80b3 	beq.w	10004174 <pico_get_unique_board_id_string+0x170>
1000400e:	495d      	ldr	r1, [pc, #372]	@ (10004184 <pico_get_unique_board_id_string+0x180>)
10004010:	780a      	ldrb	r2, [r1, #0]
10004012:	ea4f 1c12 	mov.w	ip, r2, lsr #4
10004016:	2a9f      	cmp	r2, #159	@ 0x9f
10004018:	bf8c      	ite	hi
1000401a:	f10c 0c37 	addhi.w	ip, ip, #55	@ 0x37
1000401e:	f10c 0c30 	addls.w	ip, ip, #48	@ 0x30
10004022:	2b01      	cmp	r3, #1
10004024:	f880 c000 	strb.w	ip, [r0]
10004028:	f000 80a7 	beq.w	1000417a <pico_get_unique_board_id_string+0x176>
1000402c:	f002 020f 	and.w	r2, r2, #15
10004030:	2a09      	cmp	r2, #9
10004032:	bf8c      	ite	hi
10004034:	3237      	addhi	r2, #55	@ 0x37
10004036:	3230      	addls	r2, #48	@ 0x30
10004038:	2b02      	cmp	r3, #2
1000403a:	7042      	strb	r2, [r0, #1]
1000403c:	f000 809d 	beq.w	1000417a <pico_get_unique_board_id_string+0x176>
10004040:	784a      	ldrb	r2, [r1, #1]
10004042:	ea4f 1c12 	mov.w	ip, r2, lsr #4
10004046:	2a9f      	cmp	r2, #159	@ 0x9f
10004048:	bf8c      	ite	hi
1000404a:	f10c 0c37 	addhi.w	ip, ip, #55	@ 0x37
1000404e:	f10c 0c30 	addls.w	ip, ip, #48	@ 0x30
10004052:	2b03      	cmp	r3, #3
10004054:	f880 c002 	strb.w	ip, [r0, #2]
10004058:	f000 808f 	beq.w	1000417a <pico_get_unique_board_id_string+0x176>
1000405c:	f002 020f 	and.w	r2, r2, #15
10004060:	2a09      	cmp	r2, #9
10004062:	bf8c      	ite	hi
10004064:	3237      	addhi	r2, #55	@ 0x37
10004066:	3230      	addls	r2, #48	@ 0x30
10004068:	2b04      	cmp	r3, #4
1000406a:	70c2      	strb	r2, [r0, #3]
1000406c:	f000 8085 	beq.w	1000417a <pico_get_unique_board_id_string+0x176>
10004070:	788a      	ldrb	r2, [r1, #2]
10004072:	ea4f 1c12 	mov.w	ip, r2, lsr #4
10004076:	2a9f      	cmp	r2, #159	@ 0x9f
10004078:	bf8c      	ite	hi
1000407a:	f10c 0c37 	addhi.w	ip, ip, #55	@ 0x37
1000407e:	f10c 0c30 	addls.w	ip, ip, #48	@ 0x30
10004082:	2b05      	cmp	r3, #5
10004084:	f880 c004 	strb.w	ip, [r0, #4]
10004088:	d077      	beq.n	1000417a <pico_get_unique_board_id_string+0x176>
1000408a:	f002 020f 	and.w	r2, r2, #15
1000408e:	2a09      	cmp	r2, #9
10004090:	bf8c      	ite	hi
10004092:	3237      	addhi	r2, #55	@ 0x37
10004094:	3230      	addls	r2, #48	@ 0x30
10004096:	2b06      	cmp	r3, #6
10004098:	7142      	strb	r2, [r0, #5]
1000409a:	d06e      	beq.n	1000417a <pico_get_unique_board_id_string+0x176>
1000409c:	78ca      	ldrb	r2, [r1, #3]
1000409e:	ea4f 1c12 	mov.w	ip, r2, lsr #4
100040a2:	2a9f      	cmp	r2, #159	@ 0x9f
100040a4:	bf8c      	ite	hi
100040a6:	f10c 0c37 	addhi.w	ip, ip, #55	@ 0x37
100040aa:	f10c 0c30 	addls.w	ip, ip, #48	@ 0x30
100040ae:	2b07      	cmp	r3, #7
100040b0:	f880 c006 	strb.w	ip, [r0, #6]
100040b4:	d061      	beq.n	1000417a <pico_get_unique_board_id_string+0x176>
100040b6:	f002 020f 	and.w	r2, r2, #15
100040ba:	2a09      	cmp	r2, #9
100040bc:	bf8c      	ite	hi
100040be:	3237      	addhi	r2, #55	@ 0x37
100040c0:	3230      	addls	r2, #48	@ 0x30
100040c2:	2b08      	cmp	r3, #8
100040c4:	71c2      	strb	r2, [r0, #7]
100040c6:	d058      	beq.n	1000417a <pico_get_unique_board_id_string+0x176>
100040c8:	790a      	ldrb	r2, [r1, #4]
100040ca:	ea4f 1c12 	mov.w	ip, r2, lsr #4
100040ce:	2a9f      	cmp	r2, #159	@ 0x9f
100040d0:	bf8c      	ite	hi
100040d2:	f10c 0c37 	addhi.w	ip, ip, #55	@ 0x37
100040d6:	f10c 0c30 	addls.w	ip, ip, #48	@ 0x30
100040da:	2b09      	cmp	r3, #9
100040dc:	f880 c008 	strb.w	ip, [r0, #8]
100040e0:	d04b      	beq.n	1000417a <pico_get_unique_board_id_string+0x176>
100040e2:	f002 020f 	and.w	r2, r2, #15
100040e6:	2a09      	cmp	r2, #9
100040e8:	bf8c      	ite	hi
100040ea:	3237      	addhi	r2, #55	@ 0x37
100040ec:	3230      	addls	r2, #48	@ 0x30
100040ee:	2b0a      	cmp	r3, #10
100040f0:	7242      	strb	r2, [r0, #9]
100040f2:	d042      	beq.n	1000417a <pico_get_unique_board_id_string+0x176>
100040f4:	794a      	ldrb	r2, [r1, #5]
100040f6:	ea4f 1c12 	mov.w	ip, r2, lsr #4
100040fa:	2a9f      	cmp	r2, #159	@ 0x9f
100040fc:	bf8c      	ite	hi
100040fe:	f10c 0c37 	addhi.w	ip, ip, #55	@ 0x37
10004102:	f10c 0c30 	addls.w	ip, ip, #48	@ 0x30
10004106:	2b0b      	cmp	r3, #11
10004108:	f880 c00a 	strb.w	ip, [r0, #10]
1000410c:	d035      	beq.n	1000417a <pico_get_unique_board_id_string+0x176>
1000410e:	f002 020f 	and.w	r2, r2, #15
10004112:	2a09      	cmp	r2, #9
10004114:	bf8c      	ite	hi
10004116:	3237      	addhi	r2, #55	@ 0x37
10004118:	3230      	addls	r2, #48	@ 0x30
1000411a:	2b0c      	cmp	r3, #12
1000411c:	72c2      	strb	r2, [r0, #11]
1000411e:	d02c      	beq.n	1000417a <pico_get_unique_board_id_string+0x176>
10004120:	798a      	ldrb	r2, [r1, #6]
10004122:	ea4f 1c12 	mov.w	ip, r2, lsr #4
10004126:	2a9f      	cmp	r2, #159	@ 0x9f
10004128:	bf8c      	ite	hi
1000412a:	f10c 0c37 	addhi.w	ip, ip, #55	@ 0x37
1000412e:	f10c 0c30 	addls.w	ip, ip, #48	@ 0x30
10004132:	2b0d      	cmp	r3, #13
10004134:	f880 c00c 	strb.w	ip, [r0, #12]
10004138:	d01f      	beq.n	1000417a <pico_get_unique_board_id_string+0x176>
1000413a:	f002 020f 	and.w	r2, r2, #15
1000413e:	2a09      	cmp	r2, #9
10004140:	bf8c      	ite	hi
10004142:	3237      	addhi	r2, #55	@ 0x37
10004144:	3230      	addls	r2, #48	@ 0x30
10004146:	2b0e      	cmp	r3, #14
10004148:	7342      	strb	r2, [r0, #13]
1000414a:	d016      	beq.n	1000417a <pico_get_unique_board_id_string+0x176>
1000414c:	79ca      	ldrb	r2, [r1, #7]
1000414e:	0911      	lsrs	r1, r2, #4
10004150:	2a9f      	cmp	r2, #159	@ 0x9f
10004152:	bf8c      	ite	hi
10004154:	3137      	addhi	r1, #55	@ 0x37
10004156:	3130      	addls	r1, #48	@ 0x30
10004158:	2b0f      	cmp	r3, #15
1000415a:	7381      	strb	r1, [r0, #14]
1000415c:	d00d      	beq.n	1000417a <pico_get_unique_board_id_string+0x176>
1000415e:	f002 020f 	and.w	r2, r2, #15
10004162:	2a09      	cmp	r2, #9
10004164:	bf94      	ite	ls
10004166:	3230      	addls	r2, #48	@ 0x30
10004168:	3237      	addhi	r2, #55	@ 0x37
1000416a:	2b10      	cmp	r3, #16
1000416c:	73c2      	strb	r2, [r0, #15]
1000416e:	bf18      	it	ne
10004170:	3010      	addne	r0, #16
10004172:	d002      	beq.n	1000417a <pico_get_unique_board_id_string+0x176>
10004174:	2300      	movs	r3, #0
10004176:	7003      	strb	r3, [r0, #0]
10004178:	4770      	bx	lr
1000417a:	4418      	add	r0, r3
1000417c:	2300      	movs	r3, #0
1000417e:	7003      	strb	r3, [r0, #0]
10004180:	4770      	bx	lr
10004182:	bf00      	nop
10004184:	20001e20 	.word	0x20001e20

10004188 <dcd_init>:
10004188:	b570      	push	{r4, r5, r6, lr}
1000418a:	f000 f92d 	bl	100043e8 <rp2040_usb_init>
1000418e:	230c      	movs	r3, #12
10004190:	2640      	movs	r6, #64	@ 0x40
10004192:	4c19      	ldr	r4, [pc, #100]	@ (100041f8 <dcd_init+0x70>)
10004194:	22ff      	movs	r2, #255	@ 0xff
10004196:	67a3      	str	r3, [r4, #120]	@ 0x78
10004198:	200e      	movs	r0, #14
1000419a:	4918      	ldr	r1, [pc, #96]	@ (100041fc <dcd_init+0x74>)
1000419c:	f7fc fc94 	bl	10000ac8 <irq_add_shared_handler>
100041a0:	4632      	mov	r2, r6
100041a2:	2100      	movs	r1, #0
100041a4:	4816      	ldr	r0, [pc, #88]	@ (10004200 <dcd_init+0x78>)
100041a6:	f001 ffcb 	bl	10006140 <memset>
100041aa:	2501      	movs	r5, #1
100041ac:	2300      	movs	r3, #0
100041ae:	2180      	movs	r1, #128	@ 0x80
100041b0:	4813      	ldr	r0, [pc, #76]	@ (10004200 <dcd_init+0x78>)
100041b2:	4a14      	ldr	r2, [pc, #80]	@ (10004204 <dcd_init+0x7c>)
100041b4:	8441      	strh	r1, [r0, #34]	@ 0x22
100041b6:	7045      	strb	r5, [r0, #1]
100041b8:	8306      	strh	r6, [r0, #24]
100041ba:	8706      	strh	r6, [r0, #56]	@ 0x38
100041bc:	6082      	str	r2, [r0, #8]
100041be:	6043      	str	r3, [r0, #4]
100041c0:	6013      	str	r3, [r2, #0]
100041c2:	f842 3c04 	str.w	r3, [r2, #-4]
100041c6:	f880 3021 	strb.w	r3, [r0, #33]	@ 0x21
100041ca:	f880 303b 	strb.w	r3, [r0, #59]	@ 0x3b
100041ce:	6243      	str	r3, [r0, #36]	@ 0x24
100041d0:	4b0d      	ldr	r3, [pc, #52]	@ (10004208 <dcd_init+0x80>)
100041d2:	f04f 5600 	mov.w	r6, #536870912	@ 0x20000000
100041d6:	60c3      	str	r3, [r0, #12]
100041d8:	62c3      	str	r3, [r0, #44]	@ 0x2c
100041da:	3b80      	subs	r3, #128	@ 0x80
100041dc:	6283      	str	r3, [r0, #40]	@ 0x28
100041de:	f002 f8af 	bl	10006340 <__reset_non_control_endpoints_veneer>
100041e2:	f44f 3280 	mov.w	r2, #65536	@ 0x10000
100041e6:	4909      	ldr	r1, [pc, #36]	@ (1000420c <dcd_init+0x84>)
100041e8:	4b09      	ldr	r3, [pc, #36]	@ (10004210 <dcd_init+0x88>)
100041ea:	6425      	str	r5, [r4, #64]	@ 0x40
100041ec:	4628      	mov	r0, r5
100041ee:	64e6      	str	r6, [r4, #76]	@ 0x4c
100041f0:	f8c4 1090 	str.w	r1, [r4, #144]	@ 0x90
100041f4:	64da      	str	r2, [r3, #76]	@ 0x4c
100041f6:	bd70      	pop	{r4, r5, r6, pc}
100041f8:	50110000 	.word	0x50110000
100041fc:	2000039d 	.word	0x2000039d
10004200:	200019d4 	.word	0x200019d4
10004204:	50100084 	.word	0x50100084
10004208:	50100100 	.word	0x50100100
1000420c:	0001d010 	.word	0x0001d010
10004210:	50112000 	.word	0x50112000

10004214 <dcd_int_enable>:
10004214:	2101      	movs	r1, #1
10004216:	200e      	movs	r0, #14
10004218:	f7fc bbe4 	b.w	100009e4 <irq_set_enabled>

1000421c <dcd_set_address>:
1000421c:	2200      	movs	r2, #0
1000421e:	4802      	ldr	r0, [pc, #8]	@ (10004228 <dcd_set_address+0xc>)
10004220:	4611      	mov	r1, r2
10004222:	f000 b901 	b.w	10004428 <hw_endpoint_xfer_start>
10004226:	bf00      	nop
10004228:	200019f4 	.word	0x200019f4

1000422c <dcd_sof_enable>:
1000422c:	4b04      	ldr	r3, [pc, #16]	@ (10004240 <dcd_sof_enable+0x14>)
1000422e:	7019      	strb	r1, [r3, #0]
10004230:	b121      	cbz	r1, 1000423c <dcd_sof_enable+0x10>
10004232:	f44f 3200 	mov.w	r2, #131072	@ 0x20000
10004236:	4b03      	ldr	r3, [pc, #12]	@ (10004244 <dcd_sof_enable+0x18>)
10004238:	f8c3 2090 	str.w	r2, [r3, #144]	@ 0x90
1000423c:	4770      	bx	lr
1000423e:	bf00      	nop
10004240:	20001e46 	.word	0x20001e46
10004244:	50112000 	.word	0x50112000

10004248 <dcd_edpt0_status_complete>:
10004248:	780b      	ldrb	r3, [r1, #0]
1000424a:	065b      	lsls	r3, r3, #25
1000424c:	d102      	bne.n	10004254 <dcd_edpt0_status_complete+0xc>
1000424e:	784b      	ldrb	r3, [r1, #1]
10004250:	2b05      	cmp	r3, #5
10004252:	d000      	beq.n	10004256 <dcd_edpt0_status_complete+0xe>
10004254:	4770      	bx	lr
10004256:	884b      	ldrh	r3, [r1, #2]
10004258:	4a01      	ldr	r2, [pc, #4]	@ (10004260 <dcd_edpt0_status_complete+0x18>)
1000425a:	b2db      	uxtb	r3, r3
1000425c:	6013      	str	r3, [r2, #0]
1000425e:	4770      	bx	lr
10004260:	50110000 	.word	0x50110000

10004264 <dcd_edpt_open>:
10004264:	78cb      	ldrb	r3, [r1, #3]
10004266:	e92d 41f0 	stmdb	sp!, {r4, r5, r6, r7, r8, lr}
1000426a:	f003 0e03 	and.w	lr, r3, #3
1000426e:	f1be 0f01 	cmp.w	lr, #1
10004272:	f3c3 0001 	ubfx	r0, r3, #0, #2
10004276:	d05b      	beq.n	10004330 <dcd_edpt_open+0xcc>
10004278:	2700      	movs	r7, #0
1000427a:	f891 c002 	ldrb.w	ip, [r1, #2]
1000427e:	4c34      	ldr	r4, [pc, #208]	@ (10004350 <dcd_edpt_open+0xec>)
10004280:	f00c 027f 	and.w	r2, ip, #127	@ 0x7f
10004284:	0056      	lsls	r6, r2, #1
10004286:	8889      	ldrh	r1, [r1, #4]
10004288:	eb06 13dc 	add.w	r3, r6, ip, lsr #7
1000428c:	eb04 1343 	add.w	r3, r4, r3, lsl #5
10004290:	ea4f 15dc 	mov.w	r5, ip, lsr #7
10004294:	76d8      	strb	r0, [r3, #27]
10004296:	f3c1 010a 	ubfx	r1, r1, #0, #11
1000429a:	f085 0001 	eor.w	r0, r5, #1
1000429e:	f883 c002 	strb.w	ip, [r3, #2]
100042a2:	8319      	strh	r1, [r3, #24]
100042a4:	7058      	strb	r0, [r3, #1]
100042a6:	70df      	strb	r7, [r3, #3]
100042a8:	00d3      	lsls	r3, r2, #3
100042aa:	bb8d      	cbnz	r5, 10004310 <dcd_edpt_open+0xac>
100042ac:	4829      	ldr	r0, [pc, #164]	@ (10004354 <dcd_edpt_open+0xf0>)
100042ae:	3304      	adds	r3, #4
100042b0:	eb04 1c82 	add.w	ip, r4, r2, lsl #6
100042b4:	eb03 0800 	add.w	r8, r3, r0
100042b8:	f8cc 8008 	str.w	r8, [ip, #8]
100042bc:	501f      	str	r7, [r3, r0]
100042be:	b382      	cbz	r2, 10004322 <dcd_edpt_open+0xbe>
100042c0:	4b25      	ldr	r3, [pc, #148]	@ (10004358 <dcd_edpt_open+0xf4>)
100042c2:	00d2      	lsls	r2, r2, #3
100042c4:	4413      	add	r3, r2
100042c6:	f8cc 3004 	str.w	r3, [ip, #4]
100042ca:	4b24      	ldr	r3, [pc, #144]	@ (1000435c <dcd_edpt_open+0xf8>)
100042cc:	313f      	adds	r1, #63	@ 0x3f
100042ce:	681a      	ldr	r2, [r3, #0]
100042d0:	f021 013f 	bic.w	r1, r1, #63	@ 0x3f
100042d4:	f1be 0f02 	cmp.w	lr, #2
100042d8:	bf08      	it	eq
100042da:	0049      	lsleq	r1, r1, #1
100042dc:	4411      	add	r1, r2
100042de:	6019      	str	r1, [r3, #0]
100042e0:	4b1f      	ldr	r3, [pc, #124]	@ (10004360 <dcd_edpt_open+0xfc>)
100042e2:	1977      	adds	r7, r6, r5
100042e4:	eb04 1747 	add.w	r7, r4, r7, lsl #5
100042e8:	4299      	cmp	r1, r3
100042ea:	60fa      	str	r2, [r7, #12]
100042ec:	d82b      	bhi.n	10004346 <dcd_edpt_open+0xe2>
100042ee:	442e      	add	r6, r5
100042f0:	eb04 1346 	add.w	r3, r4, r6, lsl #5
100042f4:	7ed9      	ldrb	r1, [r3, #27]
100042f6:	f082 42a0 	eor.w	r2, r2, #1342177280	@ 0x50000000
100042fa:	f482 1280 	eor.w	r2, r2, #1048576	@ 0x100000
100042fe:	685b      	ldr	r3, [r3, #4]
10004300:	ea42 6281 	orr.w	r2, r2, r1, lsl #26
10004304:	f042 4200 	orr.w	r2, r2, #2147483648	@ 0x80000000
10004308:	601a      	str	r2, [r3, #0]
1000430a:	2001      	movs	r0, #1
1000430c:	e8bd 81f0 	ldmia.w	sp!, {r4, r5, r6, r7, r8, pc}
10004310:	4810      	ldr	r0, [pc, #64]	@ (10004354 <dcd_edpt_open+0xf0>)
10004312:	eb04 1c82 	add.w	ip, r4, r2, lsl #6
10004316:	4403      	add	r3, r0
10004318:	f8cc 3028 	str.w	r3, [ip, #40]	@ 0x28
1000431c:	f840 7032 	str.w	r7, [r0, r2, lsl #3]
10004320:	b94a      	cbnz	r2, 10004336 <dcd_edpt_open+0xd2>
10004322:	2200      	movs	r2, #0
10004324:	490f      	ldr	r1, [pc, #60]	@ (10004364 <dcd_edpt_open+0x100>)
10004326:	eb04 1345 	add.w	r3, r4, r5, lsl #5
1000432a:	60d9      	str	r1, [r3, #12]
1000432c:	605a      	str	r2, [r3, #4]
1000432e:	e7ec      	b.n	1000430a <dcd_edpt_open+0xa6>
10004330:	2000      	movs	r0, #0
10004332:	e8bd 81f0 	ldmia.w	sp!, {r4, r5, r6, r7, r8, pc}
10004336:	00d2      	lsls	r2, r2, #3
10004338:	f102 42a0 	add.w	r2, r2, #1342177280	@ 0x50000000
1000433c:	f502 1280 	add.w	r2, r2, #1048576	@ 0x100000
10004340:	f8cc 2024 	str.w	r2, [ip, #36]	@ 0x24
10004344:	e7c1      	b.n	100042ca <dcd_edpt_open+0x66>
10004346:	f7fd fb8f 	bl	10001a68 <hard_assertion_failure>
1000434a:	68fa      	ldr	r2, [r7, #12]
1000434c:	e7cf      	b.n	100042ee <dcd_edpt_open+0x8a>
1000434e:	bf00      	nop
10004350:	200019d4 	.word	0x200019d4
10004354:	50100080 	.word	0x50100080
10004358:	50100004 	.word	0x50100004
1000435c:	20001ddc 	.word	0x20001ddc
10004360:	50100fff 	.word	0x50100fff
10004364:	50100100 	.word	0x50100100

10004368 <dcd_edpt_close_all>:
10004368:	f001 bfea 	b.w	10006340 <__reset_non_control_endpoints_veneer>

1000436c <dcd_edpt_xfer>:
1000436c:	468c      	mov	ip, r1
1000436e:	b508      	push	{r3, lr}
10004370:	4611      	mov	r1, r2
10004372:	4807      	ldr	r0, [pc, #28]	@ (10004390 <dcd_edpt_xfer+0x24>)
10004374:	461a      	mov	r2, r3
10004376:	f00c 037f 	and.w	r3, ip, #127	@ 0x7f
1000437a:	ea4f 1cdc 	mov.w	ip, ip, lsr #7
1000437e:	eb0c 0c43 	add.w	ip, ip, r3, lsl #1
10004382:	eb00 104c 	add.w	r0, r0, ip, lsl #5
10004386:	f000 f84f 	bl	10004428 <hw_endpoint_xfer_start>
1000438a:	2001      	movs	r0, #1
1000438c:	bd08      	pop	{r3, pc}
1000438e:	bf00      	nop
10004390:	200019d4 	.word	0x200019d4

10004394 <dcd_edpt_stall>:
10004394:	f011 027f 	ands.w	r2, r1, #127	@ 0x7f
10004398:	d105      	bne.n	100043a6 <dcd_edpt_stall+0x12>
1000439a:	2900      	cmp	r1, #0
1000439c:	bf0c      	ite	eq
1000439e:	2002      	moveq	r0, #2
100043a0:	2001      	movne	r0, #1
100043a2:	4b06      	ldr	r3, [pc, #24]	@ (100043bc <dcd_edpt_stall+0x28>)
100043a4:	6698      	str	r0, [r3, #104]	@ 0x68
100043a6:	09c9      	lsrs	r1, r1, #7
100043a8:	4b05      	ldr	r3, [pc, #20]	@ (100043c0 <dcd_edpt_stall+0x2c>)
100043aa:	eb01 0042 	add.w	r0, r1, r2, lsl #1
100043ae:	eb03 1040 	add.w	r0, r3, r0, lsl #5
100043b2:	f44f 6200 	mov.w	r2, #2048	@ 0x800
100043b6:	2100      	movs	r1, #0
100043b8:	f001 bfd2 	b.w	10006360 <___hw_endpoint_buffer_control_update32_veneer>
100043bc:	50112000 	.word	0x50112000
100043c0:	200019d4 	.word	0x200019d4

100043c4 <dcd_edpt_clear_stall>:
100043c4:	f011 037f 	ands.w	r3, r1, #127	@ 0x7f
100043c8:	d100      	bne.n	100043cc <dcd_edpt_clear_stall+0x8>
100043ca:	4770      	bx	lr
100043cc:	2200      	movs	r2, #0
100043ce:	4805      	ldr	r0, [pc, #20]	@ (100043e4 <dcd_edpt_clear_stall+0x20>)
100043d0:	005b      	lsls	r3, r3, #1
100043d2:	eb03 13d1 	add.w	r3, r3, r1, lsr #7
100043d6:	eb00 1043 	add.w	r0, r0, r3, lsl #5
100043da:	f46f 6100 	mvn.w	r1, #2048	@ 0x800
100043de:	70c2      	strb	r2, [r0, #3]
100043e0:	f001 bfbe 	b.w	10006360 <___hw_endpoint_buffer_control_update32_veneer>
100043e4:	200019d4 	.word	0x200019d4

100043e8 <rp2040_usb_init>:
100043e8:	f04f 5280 	mov.w	r2, #268435456	@ 0x10000000
100043ec:	4809      	ldr	r0, [pc, #36]	@ (10004414 <rp2040_usb_init+0x2c>)
100043ee:	490a      	ldr	r1, [pc, #40]	@ (10004418 <rp2040_usb_init+0x30>)
100043f0:	b508      	push	{r3, lr}
100043f2:	4b0a      	ldr	r3, [pc, #40]	@ (1000441c <rp2040_usb_init+0x34>)
100043f4:	6002      	str	r2, [r0, #0]
100043f6:	600a      	str	r2, [r1, #0]
100043f8:	6899      	ldr	r1, [r3, #8]
100043fa:	43c9      	mvns	r1, r1
100043fc:	f011 5180 	ands.w	r1, r1, #268435456	@ 0x10000000
10004400:	d1fa      	bne.n	100043f8 <rp2040_usb_init+0x10>
10004402:	f44f 5280 	mov.w	r2, #4096	@ 0x1000
10004406:	4806      	ldr	r0, [pc, #24]	@ (10004420 <rp2040_usb_init+0x38>)
10004408:	f001 fe9a 	bl	10006140 <memset>
1000440c:	2209      	movs	r2, #9
1000440e:	4b05      	ldr	r3, [pc, #20]	@ (10004424 <rp2040_usb_init+0x3c>)
10004410:	675a      	str	r2, [r3, #116]	@ 0x74
10004412:	bd08      	pop	{r3, pc}
10004414:	40022000 	.word	0x40022000
10004418:	40023000 	.word	0x40023000
1000441c:	40020000 	.word	0x40020000
10004420:	50100000 	.word	0x50100000
10004424:	50110000 	.word	0x50110000

10004428 <hw_endpoint_xfer_start>:
10004428:	2300      	movs	r3, #0
1000442a:	f04f 0c01 	mov.w	ip, #1
1000442e:	b510      	push	{r4, lr}
10004430:	f880 c01a 	strb.w	ip, [r0, #26]
10004434:	8282      	strh	r2, [r0, #20]
10004436:	82c3      	strh	r3, [r0, #22]
10004438:	6101      	str	r1, [r0, #16]
1000443a:	4604      	mov	r4, r0
1000443c:	f001 ff84 	bl	10006348 <__e15_is_bulkin_ep_veneer>
10004440:	b120      	cbz	r0, 1000444c <hw_endpoint_xfer_start+0x24>
10004442:	f44f 3200 	mov.w	r2, #131072	@ 0x20000
10004446:	4b07      	ldr	r3, [pc, #28]	@ (10004464 <hw_endpoint_xfer_start+0x3c>)
10004448:	f8c3 2090 	str.w	r2, [r3, #144]	@ 0x90
1000444c:	4620      	mov	r0, r4
1000444e:	f001 ff73 	bl	10006338 <__e15_is_critical_frame_period_veneer>
10004452:	b110      	cbz	r0, 1000445a <hw_endpoint_xfer_start+0x32>
10004454:	2301      	movs	r3, #1
10004456:	7723      	strb	r3, [r4, #28]
10004458:	bd10      	pop	{r4, pc}
1000445a:	4620      	mov	r0, r4
1000445c:	e8bd 4010 	ldmia.w	sp!, {r4, lr}
10004460:	f001 bf66 	b.w	10006330 <__hw_endpoint_start_next_buffer_veneer>
10004464:	50112000 	.word	0x50112000

10004468 <configuration_reset>:
10004468:	e92d 41f0 	stmdb	sp!, {r4, r5, r6, r7, r8, lr}
1000446c:	2400      	movs	r4, #0
1000446e:	4e1d      	ldr	r6, [pc, #116]	@ (100044e4 <configuration_reset+0x7c>)
10004470:	4605      	mov	r5, r0
10004472:	4623      	mov	r3, r4
10004474:	7832      	ldrb	r2, [r6, #0]
10004476:	f8df 8078 	ldr.w	r8, [pc, #120]	@ 100044f0 <configuration_reset+0x88>
1000447a:	4f1b      	ldr	r7, [pc, #108]	@ (100044e8 <configuration_reset+0x80>)
1000447c:	e00d      	b.n	1000449a <configuration_reset+0x32>
1000447e:	683b      	ldr	r3, [r7, #0]
10004480:	eb13 1344 	adds.w	r3, r3, r4, lsl #5
10004484:	d024      	beq.n	100044d0 <configuration_reset+0x68>
10004486:	68db      	ldr	r3, [r3, #12]
10004488:	4628      	mov	r0, r5
1000448a:	4798      	blx	r3
1000448c:	7832      	ldrb	r2, [r6, #0]
1000448e:	3401      	adds	r4, #1
10004490:	b2e4      	uxtb	r4, r4
10004492:	1c51      	adds	r1, r2, #1
10004494:	42a1      	cmp	r1, r4
10004496:	4623      	mov	r3, r4
10004498:	db06      	blt.n	100044a8 <configuration_reset+0x40>
1000449a:	42a2      	cmp	r2, r4
1000449c:	eba3 0302 	sub.w	r3, r3, r2
100044a0:	d8ed      	bhi.n	1000447e <configuration_reset+0x16>
100044a2:	eb08 1343 	add.w	r3, r8, r3, lsl #5
100044a6:	e7ee      	b.n	10004486 <configuration_reset+0x1e>
100044a8:	2254      	movs	r2, #84	@ 0x54
100044aa:	2100      	movs	r1, #0
100044ac:	480f      	ldr	r0, [pc, #60]	@ (100044ec <configuration_reset+0x84>)
100044ae:	f001 fe47 	bl	10006140 <memset>
100044b2:	f04f 33ff 	mov.w	r3, #4294967295
100044b6:	480d      	ldr	r0, [pc, #52]	@ (100044ec <configuration_reset+0x84>)
100044b8:	2220      	movs	r2, #32
100044ba:	1d04      	adds	r4, r0, #4
100044bc:	6043      	str	r3, [r0, #4]
100044be:	e9c4 3301 	strd	r3, r3, [r4, #4]
100044c2:	60e3      	str	r3, [r4, #12]
100044c4:	21ff      	movs	r1, #255	@ 0xff
100044c6:	e8bd 41f0 	ldmia.w	sp!, {r4, r5, r6, r7, r8, lr}
100044ca:	3014      	adds	r0, #20
100044cc:	f001 be38 	b.w	10006140 <memset>
100044d0:	f04f 23e0 	mov.w	r3, #3758153728	@ 0xe000e000
100044d4:	f8d3 3df0 	ldr.w	r3, [r3, #3568]	@ 0xdf0
100044d8:	07db      	lsls	r3, r3, #31
100044da:	d500      	bpl.n	100044de <configuration_reset+0x76>
100044dc:	be00      	bkpt	0x0000
100044de:	e8bd 81f0 	ldmia.w	sp!, {r4, r5, r6, r7, r8, pc}
100044e2:	bf00      	nop
100044e4:	20001e45 	.word	0x20001e45
100044e8:	200013b0 	.word	0x200013b0
100044ec:	20001580 	.word	0x20001580
100044f0:	100068b4 	.word	0x100068b4

100044f4 <tud_event_hook_cb>:
100044f4:	4770      	bx	lr
100044f6:	bf00      	nop

100044f8 <tud_sof_cb>:
100044f8:	4770      	bx	lr
100044fa:	bf00      	nop

100044fc <tud_descriptor_device_qualifier_cb>:
100044fc:	2000      	movs	r0, #0
100044fe:	4770      	bx	lr

10004500 <tud_descriptor_other_speed_configuration_cb>:
10004500:	2000      	movs	r0, #0
10004502:	4770      	bx	lr

10004504 <tud_mount_cb>:
10004504:	4770      	bx	lr
10004506:	bf00      	nop

10004508 <tud_umount_cb>:
10004508:	4770      	bx	lr
1000450a:	bf00      	nop

1000450c <tud_suspend_cb>:
1000450c:	4770      	bx	lr
1000450e:	bf00      	nop

10004510 <tud_resume_cb>:
10004510:	4770      	bx	lr
10004512:	bf00      	nop

10004514 <tud_mounted>:
10004514:	4b02      	ldr	r3, [pc, #8]	@ (10004520 <tud_mounted+0xc>)
10004516:	7858      	ldrb	r0, [r3, #1]
10004518:	3800      	subs	r0, #0
1000451a:	bf18      	it	ne
1000451c:	2001      	movne	r0, #1
1000451e:	4770      	bx	lr
10004520:	20001580 	.word	0x20001580

10004524 <tud_suspended>:
10004524:	4b02      	ldr	r3, [pc, #8]	@ (10004530 <tud_suspended+0xc>)
10004526:	7818      	ldrb	r0, [r3, #0]
10004528:	f3c0 0080 	ubfx	r0, r0, #2, #1
1000452c:	4770      	bx	lr
1000452e:	bf00      	nop
10004530:	20001580 	.word	0x20001580

10004534 <tud_rhport_init>:
10004534:	e92d 47f0 	stmdb	sp!, {r4, r5, r6, r7, r8, r9, sl, lr}
10004538:	f8df a0e4 	ldr.w	sl, [pc, #228]	@ 10004620 <tud_rhport_init+0xec>
1000453c:	f89a 3000 	ldrb.w	r3, [sl]
10004540:	2bff      	cmp	r3, #255	@ 0xff
10004542:	d156      	bne.n	100045f2 <tud_rhport_init+0xbe>
10004544:	460e      	mov	r6, r1
10004546:	2900      	cmp	r1, #0
10004548:	d03e      	beq.n	100045c8 <tud_rhport_init+0x94>
1000454a:	2100      	movs	r1, #0
1000454c:	2254      	movs	r2, #84	@ 0x54
1000454e:	4607      	mov	r7, r0
10004550:	4829      	ldr	r0, [pc, #164]	@ (100045f8 <tud_rhport_init+0xc4>)
10004552:	f001 fdf5 	bl	10006140 <memset>
10004556:	2200      	movs	r2, #0
10004558:	4c28      	ldr	r4, [pc, #160]	@ (100045fc <tud_rhport_init+0xc8>)
1000455a:	4b29      	ldr	r3, [pc, #164]	@ (10004600 <tud_rhport_init+0xcc>)
1000455c:	4620      	mov	r0, r4
1000455e:	701a      	strb	r2, [r3, #0]
10004560:	f7fc fc44 	bl	10000dec <mutex_init>
10004564:	4b27      	ldr	r3, [pc, #156]	@ (10004604 <tud_rhport_init+0xd0>)
10004566:	4828      	ldr	r0, [pc, #160]	@ (10004608 <tud_rhport_init+0xd4>)
10004568:	601c      	str	r4, [r3, #0]
1000456a:	4c28      	ldr	r4, [pc, #160]	@ (1000460c <tud_rhport_init+0xd8>)
1000456c:	f7fc fc4c 	bl	10000e08 <critical_section_init>
10004570:	4620      	mov	r0, r4
10004572:	f001 fdab 	bl	100060cc <tu_fifo_clear>
10004576:	4a26      	ldr	r2, [pc, #152]	@ (10004610 <tud_rhport_init+0xdc>)
10004578:	4b26      	ldr	r3, [pc, #152]	@ (10004614 <tud_rhport_init+0xe0>)
1000457a:	6014      	str	r4, [r2, #0]
1000457c:	b123      	cbz	r3, 10004588 <tud_rhport_init+0x54>
1000457e:	4826      	ldr	r0, [pc, #152]	@ (10004618 <tud_rhport_init+0xe4>)
10004580:	f7ff fac4 	bl	10003b0c <usbd_app_driver_get_cb>
10004584:	4b25      	ldr	r3, [pc, #148]	@ (1000461c <tud_rhport_init+0xe8>)
10004586:	6018      	str	r0, [r3, #0]
10004588:	2400      	movs	r4, #0
1000458a:	4d23      	ldr	r5, [pc, #140]	@ (10004618 <tud_rhport_init+0xe4>)
1000458c:	4623      	mov	r3, r4
1000458e:	782a      	ldrb	r2, [r5, #0]
10004590:	f8df 9090 	ldr.w	r9, [pc, #144]	@ 10004624 <tud_rhport_init+0xf0>
10004594:	f8df 8084 	ldr.w	r8, [pc, #132]	@ 1000461c <tud_rhport_init+0xe8>
10004598:	e00e      	b.n	100045b8 <tud_rhport_init+0x84>
1000459a:	f8d8 3000 	ldr.w	r3, [r8]
1000459e:	eb13 1344 	adds.w	r3, r3, r4, lsl #5
100045a2:	d011      	beq.n	100045c8 <tud_rhport_init+0x94>
100045a4:	685b      	ldr	r3, [r3, #4]
100045a6:	b17b      	cbz	r3, 100045c8 <tud_rhport_init+0x94>
100045a8:	4798      	blx	r3
100045aa:	782a      	ldrb	r2, [r5, #0]
100045ac:	3401      	adds	r4, #1
100045ae:	b2e4      	uxtb	r4, r4
100045b0:	1c51      	adds	r1, r2, #1
100045b2:	42a1      	cmp	r1, r4
100045b4:	4623      	mov	r3, r4
100045b6:	db11      	blt.n	100045dc <tud_rhport_init+0xa8>
100045b8:	42a2      	cmp	r2, r4
100045ba:	d8ee      	bhi.n	1000459a <tud_rhport_init+0x66>
100045bc:	1a9b      	subs	r3, r3, r2
100045be:	eb09 1343 	add.w	r3, r9, r3, lsl #5
100045c2:	685b      	ldr	r3, [r3, #4]
100045c4:	2b00      	cmp	r3, #0
100045c6:	d1ef      	bne.n	100045a8 <tud_rhport_init+0x74>
100045c8:	f04f 23e0 	mov.w	r3, #3758153728	@ 0xe000e000
100045cc:	f8d3 3df0 	ldr.w	r3, [r3, #3568]	@ 0xdf0
100045d0:	07db      	lsls	r3, r3, #31
100045d2:	d500      	bpl.n	100045d6 <tud_rhport_init+0xa2>
100045d4:	be00      	bkpt	0x0000
100045d6:	2000      	movs	r0, #0
100045d8:	e8bd 87f0 	ldmia.w	sp!, {r4, r5, r6, r7, r8, r9, sl, pc}
100045dc:	4631      	mov	r1, r6
100045de:	4638      	mov	r0, r7
100045e0:	f88a 7000 	strb.w	r7, [sl]
100045e4:	f7ff fdd0 	bl	10004188 <dcd_init>
100045e8:	2800      	cmp	r0, #0
100045ea:	d0ed      	beq.n	100045c8 <tud_rhport_init+0x94>
100045ec:	4638      	mov	r0, r7
100045ee:	f7ff fe11 	bl	10004214 <dcd_int_enable>
100045f2:	2001      	movs	r0, #1
100045f4:	e8bd 87f0 	ldmia.w	sp!, {r4, r5, r6, r7, r8, r9, sl, pc}
100045f8:	20001580 	.word	0x20001580
100045fc:	20001578 	.word	0x20001578
10004600:	20001e47 	.word	0x20001e47
10004604:	200015d4 	.word	0x200015d4
10004608:	20001210 	.word	0x20001210
1000460c:	200011fc 	.word	0x200011fc
10004610:	200015d8 	.word	0x200015d8
10004614:	10003b0d 	.word	0x10003b0d
10004618:	20001e45 	.word	0x20001e45
1000461c:	200013b0 	.word	0x200013b0
10004620:	20001218 	.word	0x20001218
10004624:	100068b4 	.word	0x100068b4

10004628 <tud_task_ext>:
10004628:	e92d 4ff0 	stmdb	sp!, {r4, r5, r6, r7, r8, r9, sl, fp, lr}
1000462c:	f8df 92c8 	ldr.w	r9, [pc, #712]	@ 100048f8 <tud_task_ext+0x2d0>
10004630:	b08b      	sub	sp, #44	@ 0x2c
10004632:	f899 3000 	ldrb.w	r3, [r9]
10004636:	2bff      	cmp	r3, #255	@ 0xff
10004638:	f000 80f1 	beq.w	1000481e <tud_task_ext+0x1f6>
1000463c:	4ca8      	ldr	r4, [pc, #672]	@ (100048e0 <tud_task_ext+0x2b8>)
1000463e:	4da9      	ldr	r5, [pc, #676]	@ (100048e4 <tud_task_ext+0x2bc>)
10004640:	f8df a2b0 	ldr.w	sl, [pc, #688]	@ 100048f4 <tud_task_ext+0x2cc>
10004644:	f8df b2b4 	ldr.w	fp, [pc, #692]	@ 100048fc <tud_task_ext+0x2d4>
10004648:	6826      	ldr	r6, [r4, #0]
1000464a:	6973      	ldr	r3, [r6, #20]
1000464c:	f3ef 8210 	mrs	r2, PRIMASK
10004650:	b672      	cpsid	i
10004652:	e8d3 0fcf 	ldaexb	r0, [r3]
10004656:	2101      	movs	r1, #1
10004658:	2800      	cmp	r0, #0
1000465a:	d1fa      	bne.n	10004652 <tud_task_ext+0x2a>
1000465c:	e8c3 1f40 	strexb	r0, r1, [r3]
10004660:	2800      	cmp	r0, #0
10004662:	d1f6      	bne.n	10004652 <tud_task_ext+0x2a>
10004664:	f3bf 8f5f 	dmb	sy
10004668:	61b2      	str	r2, [r6, #24]
1000466a:	4630      	mov	r0, r6
1000466c:	a907      	add	r1, sp, #28
1000466e:	f001 fb77 	bl	10005d60 <tu_fifo_read>
10004672:	2300      	movs	r3, #0
10004674:	6972      	ldr	r2, [r6, #20]
10004676:	e8c2 3f8f 	stlb	r3, [r2]
1000467a:	69b3      	ldr	r3, [r6, #24]
1000467c:	f383 8810 	msr	PRIMASK, r3
10004680:	2800      	cmp	r0, #0
10004682:	f000 80cc 	beq.w	1000481e <tud_task_ext+0x1f6>
10004686:	f89d 301d 	ldrb.w	r3, [sp, #29]
1000468a:	3b01      	subs	r3, #1
1000468c:	2b07      	cmp	r3, #7
1000468e:	f200 837d 	bhi.w	10004d8c <tud_task_ext+0x764>
10004692:	e8df f003 	tbb	[pc, r3]
10004696:	b1a7      	.short	0xb1a7
10004698:	358e9d95 	.word	0x358e9d95
1000469c:	040a      	.short	0x040a
1000469e:	9b08      	ldr	r3, [sp, #32]
100046a0:	2b00      	cmp	r3, #0
100046a2:	d0d1      	beq.n	10004648 <tud_task_ext+0x20>
100046a4:	9809      	ldr	r0, [sp, #36]	@ 0x24
100046a6:	4798      	blx	r3
100046a8:	e7ce      	b.n	10004648 <tud_task_ext+0x20>
100046aa:	f89d 1020 	ldrb.w	r1, [sp, #32]
100046ae:	f001 067f 	and.w	r6, r1, #127	@ 0x7f
100046b2:	eb05 0046 	add.w	r0, r5, r6, lsl #1
100046b6:	eb00 10d1 	add.w	r0, r0, r1, lsr #7
100046ba:	f890 3034 	ldrb.w	r3, [r0, #52]	@ 0x34
100046be:	f023 0301 	bic.w	r3, r3, #1
100046c2:	f880 3034 	strb.w	r3, [r0, #52]	@ 0x34
100046c6:	f890 3034 	ldrb.w	r3, [r0, #52]	@ 0x34
100046ca:	f023 0304 	bic.w	r3, r3, #4
100046ce:	f880 3034 	strb.w	r3, [r0, #52]	@ 0x34
100046d2:	2e00      	cmp	r6, #0
100046d4:	f000 80a6 	beq.w	10004824 <tud_task_ext+0x1fc>
100046d8:	7d03      	ldrb	r3, [r0, #20]
100046da:	f89a 2000 	ldrb.w	r2, [sl]
100046de:	4293      	cmp	r3, r2
100046e0:	f080 8093 	bcs.w	1000480a <tud_task_ext+0x1e2>
100046e4:	4a80      	ldr	r2, [pc, #512]	@ (100048e8 <tud_task_ext+0x2c0>)
100046e6:	6812      	ldr	r2, [r2, #0]
100046e8:	eb12 1343 	adds.w	r3, r2, r3, lsl #5
100046ec:	f000 8090 	beq.w	10004810 <tud_task_ext+0x1e8>
100046f0:	699e      	ldr	r6, [r3, #24]
100046f2:	f89d 2021 	ldrb.w	r2, [sp, #33]	@ 0x21
100046f6:	9b09      	ldr	r3, [sp, #36]	@ 0x24
100046f8:	f89d 001c 	ldrb.w	r0, [sp, #28]
100046fc:	47b0      	blx	r6
100046fe:	e7a3      	b.n	10004648 <tud_task_ext+0x20>
10004700:	f89b 3000 	ldrb.w	r3, [fp]
10004704:	2b00      	cmp	r3, #0
10004706:	f000 8083 	beq.w	10004810 <tud_task_ext+0x1e8>
1000470a:	f89b 3000 	ldrb.w	r3, [fp]
1000470e:	3b01      	subs	r3, #1
10004710:	b2db      	uxtb	r3, r3
10004712:	f88b 3000 	strb.w	r3, [fp]
10004716:	f89b 3000 	ldrb.w	r3, [fp]
1000471a:	f003 00ff 	and.w	r0, r3, #255	@ 0xff
1000471e:	2b00      	cmp	r3, #0
10004720:	d192      	bne.n	10004648 <tud_task_ext+0x20>
10004722:	4f70      	ldr	r7, [pc, #448]	@ (100048e4 <tud_task_ext+0x2bc>)
10004724:	f89d 801c 	ldrb.w	r8, [sp, #28]
10004728:	783b      	ldrb	r3, [r7, #0]
1000472a:	f043 0301 	orr.w	r3, r3, #1
1000472e:	703b      	strb	r3, [r7, #0]
10004730:	f897 3034 	ldrb.w	r3, [r7, #52]	@ 0x34
10004734:	f360 0300 	bfi	r3, r0, #0, #1
10004738:	f887 3034 	strb.w	r3, [r7, #52]	@ 0x34
1000473c:	f897 3034 	ldrb.w	r3, [r7, #52]	@ 0x34
10004740:	f360 0382 	bfi	r3, r0, #2, #1
10004744:	f887 3034 	strb.w	r3, [r7, #52]	@ 0x34
10004748:	f897 3035 	ldrb.w	r3, [r7, #53]	@ 0x35
1000474c:	f360 0300 	bfi	r3, r0, #0, #1
10004750:	f887 3035 	strb.w	r3, [r7, #53]	@ 0x35
10004754:	f897 3035 	ldrb.w	r3, [r7, #53]	@ 0x35
10004758:	f360 0382 	bfi	r3, r0, #2, #1
1000475c:	f887 3035 	strb.w	r3, [r7, #53]	@ 0x35
10004760:	f000 fc6c 	bl	1000503c <usbd_control_set_complete_callback>
10004764:	f89d 3020 	ldrb.w	r3, [sp, #32]
10004768:	f003 0260 	and.w	r2, r3, #96	@ 0x60
1000476c:	2a60      	cmp	r2, #96	@ 0x60
1000476e:	d06c      	beq.n	1000484a <tud_task_ext+0x222>
10004770:	2a40      	cmp	r2, #64	@ 0x40
10004772:	d07c      	beq.n	1000486e <tud_task_ext+0x246>
10004774:	f003 031f 	and.w	r3, r3, #31
10004778:	2b01      	cmp	r3, #1
1000477a:	f000 80c1 	beq.w	10004900 <tud_task_ext+0x2d8>
1000477e:	2b02      	cmp	r3, #2
10004780:	f000 8081 	beq.w	10004886 <tud_task_ext+0x25e>
10004784:	2b00      	cmp	r3, #0
10004786:	d160      	bne.n	1000484a <tud_task_ext+0x222>
10004788:	2a20      	cmp	r2, #32
1000478a:	f000 81e9 	beq.w	10004b60 <tud_task_ext+0x538>
1000478e:	2a00      	cmp	r2, #0
10004790:	d15b      	bne.n	1000484a <tud_task_ext+0x222>
10004792:	f89d 3021 	ldrb.w	r3, [sp, #33]	@ 0x21
10004796:	2b09      	cmp	r3, #9
10004798:	d857      	bhi.n	1000484a <tud_task_ext+0x222>
1000479a:	e8df f013 	tbh	[pc, r3, lsl #1]
1000479e:	01b0      	.short	0x01b0
100047a0:	005601a2 	.word	0x005601a2
100047a4:	005601c1 	.word	0x005601c1
100047a8:	016b0195 	.word	0x016b0195
100047ac:	01600056 	.word	0x01600056
100047b0:	00f4      	.short	0x00f4
100047b2:	782b      	ldrb	r3, [r5, #0]
100047b4:	07d9      	lsls	r1, r3, #31
100047b6:	f57f af47 	bpl.w	10004648 <tud_task_ext+0x20>
100047ba:	f7ff fea9 	bl	10004510 <tud_resume_cb>
100047be:	e743      	b.n	10004648 <tud_task_ext+0x20>
100047c0:	78eb      	ldrb	r3, [r5, #3]
100047c2:	07da      	lsls	r2, r3, #31
100047c4:	f57f af40 	bpl.w	10004648 <tud_task_ext+0x20>
100047c8:	9808      	ldr	r0, [sp, #32]
100047ca:	f7ff fe95 	bl	100044f8 <tud_sof_cb>
100047ce:	e73b      	b.n	10004648 <tud_task_ext+0x20>
100047d0:	782b      	ldrb	r3, [r5, #0]
100047d2:	07d8      	lsls	r0, r3, #31
100047d4:	f57f af38 	bpl.w	10004648 <tud_task_ext+0x20>
100047d8:	7828      	ldrb	r0, [r5, #0]
100047da:	f3c0 00c0 	ubfx	r0, r0, #3, #1
100047de:	f7ff fe95 	bl	1000450c <tud_suspend_cb>
100047e2:	e731      	b.n	10004648 <tud_task_ext+0x20>
100047e4:	f89d 001c 	ldrb.w	r0, [sp, #28]
100047e8:	f7ff fe3e 	bl	10004468 <configuration_reset>
100047ec:	f000 fc1c 	bl	10005028 <usbd_control_reset>
100047f0:	f89d 3020 	ldrb.w	r3, [sp, #32]
100047f4:	70ab      	strb	r3, [r5, #2]
100047f6:	e727      	b.n	10004648 <tud_task_ext+0x20>
100047f8:	f89d 001c 	ldrb.w	r0, [sp, #28]
100047fc:	f7ff fe34 	bl	10004468 <configuration_reset>
10004800:	f000 fc12 	bl	10005028 <usbd_control_reset>
10004804:	f7ff fe80 	bl	10004508 <tud_umount_cb>
10004808:	e71e      	b.n	10004648 <tud_task_ext+0x20>
1000480a:	1c50      	adds	r0, r2, #1
1000480c:	4298      	cmp	r0, r3
1000480e:	da11      	bge.n	10004834 <tud_task_ext+0x20c>
10004810:	f04f 23e0 	mov.w	r3, #3758153728	@ 0xe000e000
10004814:	f8d3 3df0 	ldr.w	r3, [r3, #3568]	@ 0xdf0
10004818:	07dc      	lsls	r4, r3, #31
1000481a:	d500      	bpl.n	1000481e <tud_task_ext+0x1f6>
1000481c:	be00      	bkpt	0x0000
1000481e:	b00b      	add	sp, #44	@ 0x2c
10004820:	e8bd 8ff0 	ldmia.w	sp!, {r4, r5, r6, r7, r8, r9, sl, fp, pc}
10004824:	9b09      	ldr	r3, [sp, #36]	@ 0x24
10004826:	f89d 2021 	ldrb.w	r2, [sp, #33]	@ 0x21
1000482a:	f89d 001c 	ldrb.w	r0, [sp, #28]
1000482e:	f000 fc19 	bl	10005064 <usbd_control_xfer_cb>
10004832:	e709      	b.n	10004648 <tud_task_ext+0x20>
10004834:	1a9b      	subs	r3, r3, r2
10004836:	4a2d      	ldr	r2, [pc, #180]	@ (100048ec <tud_task_ext+0x2c4>)
10004838:	eb02 1343 	add.w	r3, r2, r3, lsl #5
1000483c:	e758      	b.n	100046f0 <tud_task_ext+0xc8>
1000483e:	f7ff fb8d 	bl	10003f5c <tud_descriptor_configuration_cb>
10004842:	4602      	mov	r2, r0
10004844:	2800      	cmp	r0, #0
10004846:	f040 8182 	bne.w	10004b4e <tud_task_ext+0x526>
1000484a:	f04f 23e0 	mov.w	r3, #3758153728	@ 0xe000e000
1000484e:	f8d3 3df0 	ldr.w	r3, [r3, #3568]	@ 0xdf0
10004852:	07de      	lsls	r6, r3, #31
10004854:	d500      	bpl.n	10004858 <tud_task_ext+0x230>
10004856:	be00      	bkpt	0x0000
10004858:	f89d 001c 	ldrb.w	r0, [sp, #28]
1000485c:	2100      	movs	r1, #0
1000485e:	f7ff fd99 	bl	10004394 <dcd_edpt_stall>
10004862:	2180      	movs	r1, #128	@ 0x80
10004864:	f89d 001c 	ldrb.w	r0, [sp, #28]
10004868:	f7ff fd94 	bl	10004394 <dcd_edpt_stall>
1000486c:	e6ec      	b.n	10004648 <tud_task_ext+0x20>
1000486e:	4820      	ldr	r0, [pc, #128]	@ (100048f0 <tud_task_ext+0x2c8>)
10004870:	f000 fbe4 	bl	1000503c <usbd_control_set_complete_callback>
10004874:	2101      	movs	r1, #1
10004876:	4640      	mov	r0, r8
10004878:	aa08      	add	r2, sp, #32
1000487a:	f7ff f933 	bl	10003ae4 <tud_vendor_control_xfer_cb>
1000487e:	2800      	cmp	r0, #0
10004880:	f47f aee2 	bne.w	10004648 <tud_task_ext+0x20>
10004884:	e7e8      	b.n	10004858 <tud_task_ext+0x230>
10004886:	f89d 1024 	ldrb.w	r1, [sp, #36]	@ 0x24
1000488a:	f011 0f70 	tst.w	r1, #112	@ 0x70
1000488e:	d1dc      	bne.n	1000484a <tud_task_ext+0x222>
10004890:	f001 067f 	and.w	r6, r1, #127	@ 0x7f
10004894:	eb07 0046 	add.w	r0, r7, r6, lsl #1
10004898:	4b16      	ldr	r3, [pc, #88]	@ (100048f4 <tud_task_ext+0x2cc>)
1000489a:	eb00 10d1 	add.w	r0, r0, r1, lsr #7
1000489e:	781b      	ldrb	r3, [r3, #0]
100048a0:	7d00      	ldrb	r0, [r0, #20]
100048a2:	0076      	lsls	r6, r6, #1
100048a4:	9601      	str	r6, [sp, #4]
100048a6:	4298      	cmp	r0, r3
100048a8:	ea4f 16d1 	mov.w	r6, r1, lsr #7
100048ac:	9600      	str	r6, [sp, #0]
100048ae:	d359      	bcc.n	10004964 <tud_task_ext+0x33c>
100048b0:	1c5e      	adds	r6, r3, #1
100048b2:	4286      	cmp	r6, r0
100048b4:	f2c0 8166 	blt.w	10004b84 <tud_task_ext+0x55c>
100048b8:	1ac0      	subs	r0, r0, r3
100048ba:	4b0c      	ldr	r3, [pc, #48]	@ (100048ec <tud_task_ext+0x2c4>)
100048bc:	eb03 1640 	add.w	r6, r3, r0, lsl #5
100048c0:	2a00      	cmp	r2, #0
100048c2:	f000 8163 	beq.w	10004b8c <tud_task_ext+0x564>
100048c6:	6970      	ldr	r0, [r6, #20]
100048c8:	f000 fbb8 	bl	1000503c <usbd_control_set_complete_callback>
100048cc:	2101      	movs	r1, #1
100048ce:	4640      	mov	r0, r8
100048d0:	6973      	ldr	r3, [r6, #20]
100048d2:	aa08      	add	r2, sp, #32
100048d4:	4798      	blx	r3
100048d6:	2800      	cmp	r0, #0
100048d8:	f47f aeb6 	bne.w	10004648 <tud_task_ext+0x20>
100048dc:	e7bc      	b.n	10004858 <tud_task_ext+0x230>
100048de:	bf00      	nop
100048e0:	200015d8 	.word	0x200015d8
100048e4:	20001580 	.word	0x20001580
100048e8:	200013b0 	.word	0x200013b0
100048ec:	100068b4 	.word	0x100068b4
100048f0:	10003ae5 	.word	0x10003ae5
100048f4:	20001e45 	.word	0x20001e45
100048f8:	20001218 	.word	0x20001218
100048fc:	20001e47 	.word	0x20001e47
10004900:	f89d 3024 	ldrb.w	r3, [sp, #36]	@ 0x24
10004904:	2b0f      	cmp	r3, #15
10004906:	d8a7      	bhi.n	10004858 <tud_task_ext+0x230>
10004908:	4aae      	ldr	r2, [pc, #696]	@ (10004bc4 <tud_task_ext+0x59c>)
1000490a:	443b      	add	r3, r7
1000490c:	791b      	ldrb	r3, [r3, #4]
1000490e:	7812      	ldrb	r2, [r2, #0]
10004910:	4293      	cmp	r3, r2
10004912:	d332      	bcc.n	1000497a <tud_task_ext+0x352>
10004914:	1c51      	adds	r1, r2, #1
10004916:	4299      	cmp	r1, r3
10004918:	db9e      	blt.n	10004858 <tud_task_ext+0x230>
1000491a:	4eab      	ldr	r6, [pc, #684]	@ (10004bc8 <tud_task_ext+0x5a0>)
1000491c:	1a9b      	subs	r3, r3, r2
1000491e:	eb06 1643 	add.w	r6, r6, r3, lsl #5
10004922:	6970      	ldr	r0, [r6, #20]
10004924:	f000 fb8a 	bl	1000503c <usbd_control_set_complete_callback>
10004928:	2101      	movs	r1, #1
1000492a:	4640      	mov	r0, r8
1000492c:	6973      	ldr	r3, [r6, #20]
1000492e:	aa08      	add	r2, sp, #32
10004930:	4798      	blx	r3
10004932:	2800      	cmp	r0, #0
10004934:	f47f ae88 	bne.w	10004648 <tud_task_ext+0x20>
10004938:	f89d 3020 	ldrb.w	r3, [sp, #32]
1000493c:	f013 0660 	ands.w	r6, r3, #96	@ 0x60
10004940:	d18a      	bne.n	10004858 <tud_task_ext+0x230>
10004942:	f89d 3021 	ldrb.w	r3, [sp, #33]	@ 0x21
10004946:	3b0a      	subs	r3, #10
10004948:	2b01      	cmp	r3, #1
1000494a:	d885      	bhi.n	10004858 <tud_task_ext+0x230>
1000494c:	f000 fb76 	bl	1000503c <usbd_control_set_complete_callback>
10004950:	f89d 3021 	ldrb.w	r3, [sp, #33]	@ 0x21
10004954:	2b0a      	cmp	r3, #10
10004956:	f000 81f2 	beq.w	10004d3e <tud_task_ext+0x716>
1000495a:	4640      	mov	r0, r8
1000495c:	a908      	add	r1, sp, #32
1000495e:	f000 faf1 	bl	10004f44 <tud_control_status>
10004962:	e671      	b.n	10004648 <tud_task_ext+0x20>
10004964:	4b99      	ldr	r3, [pc, #612]	@ (10004bcc <tud_task_ext+0x5a4>)
10004966:	681b      	ldr	r3, [r3, #0]
10004968:	eb03 1640 	add.w	r6, r3, r0, lsl #5
1000496c:	2a00      	cmp	r2, #0
1000496e:	f000 810d 	beq.w	10004b8c <tud_task_ext+0x564>
10004972:	2e00      	cmp	r6, #0
10004974:	f43f af70 	beq.w	10004858 <tud_task_ext+0x230>
10004978:	e7a5      	b.n	100048c6 <tud_task_ext+0x29e>
1000497a:	4a94      	ldr	r2, [pc, #592]	@ (10004bcc <tud_task_ext+0x5a4>)
1000497c:	6816      	ldr	r6, [r2, #0]
1000497e:	eb16 1643 	adds.w	r6, r6, r3, lsl #5
10004982:	d1ce      	bne.n	10004922 <tud_task_ext+0x2fa>
10004984:	e768      	b.n	10004858 <tud_task_ext+0x230>
10004986:	787b      	ldrb	r3, [r7, #1]
10004988:	f89d 6022 	ldrb.w	r6, [sp, #34]	@ 0x22
1000498c:	429e      	cmp	r6, r3
1000498e:	f000 814f 	beq.w	10004c30 <tud_task_ext+0x608>
10004992:	787b      	ldrb	r3, [r7, #1]
10004994:	2b00      	cmp	r3, #0
10004996:	f040 81be 	bne.w	10004d16 <tud_task_ext+0x6ee>
1000499a:	707e      	strb	r6, [r7, #1]
1000499c:	2e00      	cmp	r6, #0
1000499e:	f000 8145 	beq.w	10004c2c <tud_task_ext+0x604>
100049a2:	1e70      	subs	r0, r6, #1
100049a4:	b2c0      	uxtb	r0, r0
100049a6:	f7ff fad9 	bl	10003f5c <tud_descriptor_configuration_cb>
100049aa:	4603      	mov	r3, r0
100049ac:	2800      	cmp	r0, #0
100049ae:	f000 815f 	beq.w	10004c70 <tud_task_ext+0x648>
100049b2:	7842      	ldrb	r2, [r0, #1]
100049b4:	2a02      	cmp	r2, #2
100049b6:	f040 815b 	bne.w	10004c70 <tud_task_ext+0x648>
100049ba:	79c1      	ldrb	r1, [r0, #7]
100049bc:	f103 0609 	add.w	r6, r3, #9
100049c0:	f3c1 1240 	ubfx	r2, r1, #5, #1
100049c4:	0112      	lsls	r2, r2, #4
100049c6:	f3c1 1180 	ubfx	r1, r1, #6, #1
100049ca:	ea42 1241 	orr.w	r2, r2, r1, lsl #5
100049ce:	4631      	mov	r1, r6
100049d0:	7838      	ldrb	r0, [r7, #0]
100049d2:	f020 0030 	bic.w	r0, r0, #48	@ 0x30
100049d6:	4302      	orrs	r2, r0
100049d8:	703a      	strb	r2, [r7, #0]
100049da:	885a      	ldrh	r2, [r3, #2]
100049dc:	f8cd 800c 	str.w	r8, [sp, #12]
100049e0:	189a      	adds	r2, r3, r2
100049e2:	9201      	str	r2, [sp, #4]
100049e4:	9b01      	ldr	r3, [sp, #4]
100049e6:	428b      	cmp	r3, r1
100049e8:	f240 81a4 	bls.w	10004d34 <tud_task_ext+0x70c>
100049ec:	784a      	ldrb	r2, [r1, #1]
100049ee:	2a0b      	cmp	r2, #11
100049f0:	f000 81af 	beq.w	10004d52 <tud_task_ext+0x72a>
100049f4:	2301      	movs	r3, #1
100049f6:	2a04      	cmp	r2, #4
100049f8:	f040 813a 	bne.w	10004c70 <tud_task_ext+0x648>
100049fc:	2600      	movs	r6, #0
100049fe:	9a01      	ldr	r2, [sp, #4]
10004a00:	9600      	str	r6, [sp, #0]
10004a02:	1a52      	subs	r2, r2, r1
10004a04:	b292      	uxth	r2, r2
10004a06:	9202      	str	r2, [sp, #8]
10004a08:	4a6e      	ldr	r2, [pc, #440]	@ (10004bc4 <tud_task_ext+0x59c>)
10004a0a:	9304      	str	r3, [sp, #16]
10004a0c:	7812      	ldrb	r2, [r2, #0]
10004a0e:	e01d      	b.n	10004a4c <tud_task_ext+0x424>
10004a10:	4b6e      	ldr	r3, [pc, #440]	@ (10004bcc <tud_task_ext+0x5a4>)
10004a12:	681b      	ldr	r3, [r3, #0]
10004a14:	eb13 1846 	adds.w	r8, r3, r6, lsl #5
10004a18:	f000 812a 	beq.w	10004c70 <tud_task_ext+0x648>
10004a1c:	9a02      	ldr	r2, [sp, #8]
10004a1e:	f8d8 3010 	ldr.w	r3, [r8, #16]
10004a22:	9803      	ldr	r0, [sp, #12]
10004a24:	9105      	str	r1, [sp, #20]
10004a26:	4798      	blx	r3
10004a28:	2808      	cmp	r0, #8
10004a2a:	4602      	mov	r2, r0
10004a2c:	9905      	ldr	r1, [sp, #20]
10004a2e:	f106 0301 	add.w	r3, r6, #1
10004a32:	d903      	bls.n	10004a3c <tud_task_ext+0x414>
10004a34:	9802      	ldr	r0, [sp, #8]
10004a36:	4290      	cmp	r0, r2
10004a38:	f080 80ff 	bcs.w	10004c3a <tud_task_ext+0x612>
10004a3c:	b2de      	uxtb	r6, r3
10004a3e:	4b61      	ldr	r3, [pc, #388]	@ (10004bc4 <tud_task_ext+0x59c>)
10004a40:	9600      	str	r6, [sp, #0]
10004a42:	781a      	ldrb	r2, [r3, #0]
10004a44:	1c53      	adds	r3, r2, #1
10004a46:	429e      	cmp	r6, r3
10004a48:	f300 8112 	bgt.w	10004c70 <tud_task_ext+0x648>
10004a4c:	9b00      	ldr	r3, [sp, #0]
10004a4e:	42b2      	cmp	r2, r6
10004a50:	eba3 0202 	sub.w	r2, r3, r2
10004a54:	d8dc      	bhi.n	10004a10 <tud_task_ext+0x3e8>
10004a56:	4b5c      	ldr	r3, [pc, #368]	@ (10004bc8 <tud_task_ext+0x5a0>)
10004a58:	eb03 1842 	add.w	r8, r3, r2, lsl #5
10004a5c:	e7de      	b.n	10004a1c <tud_task_ext+0x3f4>
10004a5e:	787b      	ldrb	r3, [r7, #1]
10004a60:	4640      	mov	r0, r8
10004a62:	f88d 301a 	strb.w	r3, [sp, #26]
10004a66:	f10d 021a 	add.w	r2, sp, #26
10004a6a:	2301      	movs	r3, #1
10004a6c:	a908      	add	r1, sp, #32
10004a6e:	f000 fa83 	bl	10004f78 <tud_control_xfer>
10004a72:	e5e9      	b.n	10004648 <tud_task_ext+0x20>
10004a74:	f8bd 0022 	ldrh.w	r0, [sp, #34]	@ 0x22
10004a78:	0a03      	lsrs	r3, r0, #8
10004a7a:	3b01      	subs	r3, #1
10004a7c:	0a02      	lsrs	r2, r0, #8
10004a7e:	b2c0      	uxtb	r0, r0
10004a80:	2b0e      	cmp	r3, #14
10004a82:	f63f aee9 	bhi.w	10004858 <tud_task_ext+0x230>
10004a86:	a101      	add	r1, pc, #4	@ (adr r1, 10004a8c <tud_task_ext+0x464>)
10004a88:	f851 f023 	ldr.w	pc, [r1, r3, lsl #2]
10004a8c:	10004ca1 	.word	0x10004ca1
10004a90:	10004b3d 	.word	0x10004b3d
10004a94:	10004cdd 	.word	0x10004cdd
10004a98:	10004859 	.word	0x10004859
10004a9c:	10004859 	.word	0x10004859
10004aa0:	10004cbf 	.word	0x10004cbf
10004aa4:	10004b3d 	.word	0x10004b3d
10004aa8:	10004859 	.word	0x10004859
10004aac:	10004859 	.word	0x10004859
10004ab0:	10004859 	.word	0x10004859
10004ab4:	10004859 	.word	0x10004859
10004ab8:	10004859 	.word	0x10004859
10004abc:	10004859 	.word	0x10004859
10004ac0:	10004859 	.word	0x10004859
10004ac4:	10004c93 	.word	0x10004c93
10004ac8:	a808      	add	r0, sp, #32
10004aca:	f000 fabd 	bl	10005048 <usbd_control_set_request>
10004ace:	4640      	mov	r0, r8
10004ad0:	f89d 1022 	ldrb.w	r1, [sp, #34]	@ 0x22
10004ad4:	f7ff fba2 	bl	1000421c <dcd_set_address>
10004ad8:	783b      	ldrb	r3, [r7, #0]
10004ada:	f043 0302 	orr.w	r3, r3, #2
10004ade:	703b      	strb	r3, [r7, #0]
10004ae0:	e5b2      	b.n	10004648 <tud_task_ext+0x20>
10004ae2:	f8bd 3022 	ldrh.w	r3, [sp, #34]	@ 0x22
10004ae6:	2b01      	cmp	r3, #1
10004ae8:	f47f aeb6 	bne.w	10004858 <tud_task_ext+0x230>
10004aec:	783b      	ldrb	r3, [r7, #0]
10004aee:	4640      	mov	r0, r8
10004af0:	f023 0308 	bic.w	r3, r3, #8
10004af4:	a908      	add	r1, sp, #32
10004af6:	703b      	strb	r3, [r7, #0]
10004af8:	f000 fa24 	bl	10004f44 <tud_control_status>
10004afc:	e5a4      	b.n	10004648 <tud_task_ext+0x20>
10004afe:	4640      	mov	r0, r8
10004b00:	783b      	ldrb	r3, [r7, #0]
10004b02:	089a      	lsrs	r2, r3, #2
10004b04:	f002 0202 	and.w	r2, r2, #2
10004b08:	f3c3 1340 	ubfx	r3, r3, #5, #1
10004b0c:	4313      	orrs	r3, r2
10004b0e:	f8ad 301a 	strh.w	r3, [sp, #26]
10004b12:	f10d 021a 	add.w	r2, sp, #26
10004b16:	2302      	movs	r3, #2
10004b18:	a908      	add	r1, sp, #32
10004b1a:	f000 fa2d 	bl	10004f78 <tud_control_xfer>
10004b1e:	e593      	b.n	10004648 <tud_task_ext+0x20>
10004b20:	f8bd 3022 	ldrh.w	r3, [sp, #34]	@ 0x22
10004b24:	2b01      	cmp	r3, #1
10004b26:	f47f ae97 	bne.w	10004858 <tud_task_ext+0x230>
10004b2a:	783b      	ldrb	r3, [r7, #0]
10004b2c:	4640      	mov	r0, r8
10004b2e:	f043 0308 	orr.w	r3, r3, #8
10004b32:	a908      	add	r1, sp, #32
10004b34:	703b      	strb	r3, [r7, #0]
10004b36:	f000 fa05 	bl	10004f44 <tud_control_status>
10004b3a:	e585      	b.n	10004648 <tud_task_ext+0x20>
10004b3c:	2a02      	cmp	r2, #2
10004b3e:	f43f ae7e 	beq.w	1000483e <tud_task_ext+0x216>
10004b42:	f7ff fcdd 	bl	10004500 <tud_descriptor_other_speed_configuration_cb>
10004b46:	4602      	mov	r2, r0
10004b48:	2800      	cmp	r0, #0
10004b4a:	f43f ae85 	beq.w	10004858 <tud_task_ext+0x230>
10004b4e:	4640      	mov	r0, r8
10004b50:	8853      	ldrh	r3, [r2, #2]
10004b52:	a908      	add	r1, sp, #32
10004b54:	f000 fa10 	bl	10004f78 <tud_control_xfer>
10004b58:	2800      	cmp	r0, #0
10004b5a:	f47f ad75 	bne.w	10004648 <tud_task_ext+0x20>
10004b5e:	e67b      	b.n	10004858 <tud_task_ext+0x230>
10004b60:	f89d 3024 	ldrb.w	r3, [sp, #36]	@ 0x24
10004b64:	2b0f      	cmp	r3, #15
10004b66:	f63f ae77 	bhi.w	10004858 <tud_task_ext+0x230>
10004b6a:	4a16      	ldr	r2, [pc, #88]	@ (10004bc4 <tud_task_ext+0x59c>)
10004b6c:	443b      	add	r3, r7
10004b6e:	791b      	ldrb	r3, [r3, #4]
10004b70:	7812      	ldrb	r2, [r2, #0]
10004b72:	4293      	cmp	r3, r2
10004b74:	d21d      	bcs.n	10004bb2 <tud_task_ext+0x58a>
10004b76:	4a15      	ldr	r2, [pc, #84]	@ (10004bcc <tud_task_ext+0x5a4>)
10004b78:	6816      	ldr	r6, [r2, #0]
10004b7a:	eb16 1643 	adds.w	r6, r6, r3, lsl #5
10004b7e:	f47f aea2 	bne.w	100048c6 <tud_task_ext+0x29e>
10004b82:	e669      	b.n	10004858 <tud_task_ext+0x230>
10004b84:	2a00      	cmp	r2, #0
10004b86:	f47f ae67 	bne.w	10004858 <tud_task_ext+0x230>
10004b8a:	2600      	movs	r6, #0
10004b8c:	f89d 2021 	ldrb.w	r2, [sp, #33]	@ 0x21
10004b90:	f002 03fd 	and.w	r3, r2, #253	@ 0xfd
10004b94:	2b01      	cmp	r3, #1
10004b96:	d01b      	beq.n	10004bd0 <tud_task_ext+0x5a8>
10004b98:	2a00      	cmp	r2, #0
10004b9a:	f47f ae56 	bne.w	1000484a <tud_task_ext+0x222>
10004b9e:	9b01      	ldr	r3, [sp, #4]
10004ba0:	9a00      	ldr	r2, [sp, #0]
10004ba2:	443b      	add	r3, r7
10004ba4:	4413      	add	r3, r2
10004ba6:	f893 3034 	ldrb.w	r3, [r3, #52]	@ 0x34
10004baa:	4640      	mov	r0, r8
10004bac:	f3c3 0340 	ubfx	r3, r3, #1, #1
10004bb0:	e7ad      	b.n	10004b0e <tud_task_ext+0x4e6>
10004bb2:	1c51      	adds	r1, r2, #1
10004bb4:	4299      	cmp	r1, r3
10004bb6:	f6ff ae4f 	blt.w	10004858 <tud_task_ext+0x230>
10004bba:	4e03      	ldr	r6, [pc, #12]	@ (10004bc8 <tud_task_ext+0x5a0>)
10004bbc:	1a9b      	subs	r3, r3, r2
10004bbe:	eb06 1643 	add.w	r6, r6, r3, lsl #5
10004bc2:	e680      	b.n	100048c6 <tud_task_ext+0x29e>
10004bc4:	20001e45 	.word	0x20001e45
10004bc8:	100068b4 	.word	0x100068b4
10004bcc:	200013b0 	.word	0x200013b0
10004bd0:	f8bd 3022 	ldrh.w	r3, [sp, #34]	@ 0x22
10004bd4:	b9b3      	cbnz	r3, 10004c04 <tud_task_ext+0x5dc>
10004bd6:	2a01      	cmp	r2, #1
10004bd8:	f899 0000 	ldrb.w	r0, [r9]
10004bdc:	f000 8086 	beq.w	10004cec <tud_task_ext+0x6c4>
10004be0:	f7ff fbd8 	bl	10004394 <dcd_edpt_stall>
10004be4:	9b01      	ldr	r3, [sp, #4]
10004be6:	9a00      	ldr	r2, [sp, #0]
10004be8:	443b      	add	r3, r7
10004bea:	4413      	add	r3, r2
10004bec:	f893 2034 	ldrb.w	r2, [r3, #52]	@ 0x34
10004bf0:	f042 0202 	orr.w	r2, r2, #2
10004bf4:	f883 2034 	strb.w	r2, [r3, #52]	@ 0x34
10004bf8:	f893 2034 	ldrb.w	r2, [r3, #52]	@ 0x34
10004bfc:	f042 0201 	orr.w	r2, r2, #1
10004c00:	f883 2034 	strb.w	r2, [r3, #52]	@ 0x34
10004c04:	2e00      	cmp	r6, #0
10004c06:	f43f ad1f 	beq.w	10004648 <tud_task_ext+0x20>
10004c0a:	6970      	ldr	r0, [r6, #20]
10004c0c:	f000 fa16 	bl	1000503c <usbd_control_set_complete_callback>
10004c10:	6973      	ldr	r3, [r6, #20]
10004c12:	2101      	movs	r1, #1
10004c14:	aa08      	add	r2, sp, #32
10004c16:	4640      	mov	r0, r8
10004c18:	4798      	blx	r3
10004c1a:	2000      	movs	r0, #0
10004c1c:	f000 fa0e 	bl	1000503c <usbd_control_set_complete_callback>
10004c20:	f897 3035 	ldrb.w	r3, [r7, #53]	@ 0x35
10004c24:	07df      	lsls	r7, r3, #31
10004c26:	f53f ad0f 	bmi.w	10004648 <tud_task_ext+0x20>
10004c2a:	e696      	b.n	1000495a <tud_task_ext+0x332>
10004c2c:	f7ff fc6c 	bl	10004508 <tud_umount_cb>
10004c30:	4640      	mov	r0, r8
10004c32:	a908      	add	r1, sp, #32
10004c34:	f000 f986 	bl	10004f44 <tud_control_status>
10004c38:	e506      	b.n	10004648 <tud_task_ext+0x20>
10004c3a:	9b04      	ldr	r3, [sp, #16]
10004c3c:	2b01      	cmp	r3, #1
10004c3e:	f000 809e 	beq.w	10004d7e <tud_task_ext+0x756>
10004c42:	2b00      	cmp	r3, #0
10004c44:	f000 808a 	beq.w	10004d5c <tud_task_ext+0x734>
10004c48:	2000      	movs	r0, #0
10004c4a:	f891 8002 	ldrb.w	r8, [r1, #2]
10004c4e:	e005      	b.n	10004c5c <tud_task_ext+0x634>
10004c50:	f88c 6004 	strb.w	r6, [ip, #4]
10004c54:	fa5f fc80 	uxtb.w	ip, r0
10004c58:	4563      	cmp	r3, ip
10004c5a:	d97f      	bls.n	10004d5c <tud_task_ext+0x734>
10004c5c:	eb08 0c00 	add.w	ip, r8, r0
10004c60:	fa57 fc8c 	uxtab	ip, r7, ip
10004c64:	f89c e004 	ldrb.w	lr, [ip, #4]
10004c68:	3001      	adds	r0, #1
10004c6a:	f1be 0fff 	cmp.w	lr, #255	@ 0xff
10004c6e:	d0ef      	beq.n	10004c50 <tud_task_ext+0x628>
10004c70:	f04f 23e0 	mov.w	r3, #3758153728	@ 0xe000e000
10004c74:	f8d3 3df0 	ldr.w	r3, [r3, #3568]	@ 0xdf0
10004c78:	07da      	lsls	r2, r3, #31
10004c7a:	d500      	bpl.n	10004c7e <tud_task_ext+0x656>
10004c7c:	be00      	bkpt	0x0000
10004c7e:	f04f 23e0 	mov.w	r3, #3758153728	@ 0xe000e000
10004c82:	f8d3 3df0 	ldr.w	r3, [r3, #3568]	@ 0xdf0
10004c86:	07db      	lsls	r3, r3, #31
10004c88:	d500      	bpl.n	10004c8c <tud_task_ext+0x664>
10004c8a:	be00      	bkpt	0x0000
10004c8c:	2300      	movs	r3, #0
10004c8e:	707b      	strb	r3, [r7, #1]
10004c90:	e5e2      	b.n	10004858 <tud_task_ext+0x230>
10004c92:	f7fe ff23 	bl	10003adc <tud_descriptor_bos_cb>
10004c96:	4602      	mov	r2, r0
10004c98:	2800      	cmp	r0, #0
10004c9a:	f47f af58 	bne.w	10004b4e <tud_task_ext+0x526>
10004c9e:	e5db      	b.n	10004858 <tud_task_ext+0x230>
10004ca0:	f7ff f958 	bl	10003f54 <tud_descriptor_device_cb>
10004ca4:	4602      	mov	r2, r0
10004ca6:	2800      	cmp	r0, #0
10004ca8:	f43f adcf 	beq.w	1000484a <tud_task_ext+0x222>
10004cac:	4640      	mov	r0, r8
10004cae:	2312      	movs	r3, #18
10004cb0:	a908      	add	r1, sp, #32
10004cb2:	f000 f961 	bl	10004f78 <tud_control_xfer>
10004cb6:	2800      	cmp	r0, #0
10004cb8:	f47f acc6 	bne.w	10004648 <tud_task_ext+0x20>
10004cbc:	e5cc      	b.n	10004858 <tud_task_ext+0x230>
10004cbe:	f7ff fc1d 	bl	100044fc <tud_descriptor_device_qualifier_cb>
10004cc2:	4602      	mov	r2, r0
10004cc4:	2800      	cmp	r0, #0
10004cc6:	f43f adc7 	beq.w	10004858 <tud_task_ext+0x230>
10004cca:	4640      	mov	r0, r8
10004ccc:	7813      	ldrb	r3, [r2, #0]
10004cce:	a908      	add	r1, sp, #32
10004cd0:	f000 f952 	bl	10004f78 <tud_control_xfer>
10004cd4:	2800      	cmp	r0, #0
10004cd6:	f47f acb7 	bne.w	10004648 <tud_task_ext+0x20>
10004cda:	e5bd      	b.n	10004858 <tud_task_ext+0x230>
10004cdc:	f8bd 1024 	ldrh.w	r1, [sp, #36]	@ 0x24
10004ce0:	f7ff f940 	bl	10003f64 <tud_descriptor_string_cb>
10004ce4:	4602      	mov	r2, r0
10004ce6:	2800      	cmp	r0, #0
10004ce8:	d1ef      	bne.n	10004cca <tud_task_ext+0x6a2>
10004cea:	e5b5      	b.n	10004858 <tud_task_ext+0x230>
10004cec:	9302      	str	r3, [sp, #8]
10004cee:	f7ff fb69 	bl	100043c4 <dcd_edpt_clear_stall>
10004cf2:	9a01      	ldr	r2, [sp, #4]
10004cf4:	9b00      	ldr	r3, [sp, #0]
10004cf6:	443a      	add	r2, r7
10004cf8:	441a      	add	r2, r3
10004cfa:	f892 1034 	ldrb.w	r1, [r2, #52]	@ 0x34
10004cfe:	9b02      	ldr	r3, [sp, #8]
10004d00:	f363 0141 	bfi	r1, r3, #1, #1
10004d04:	f882 1034 	strb.w	r1, [r2, #52]	@ 0x34
10004d08:	f892 1034 	ldrb.w	r1, [r2, #52]	@ 0x34
10004d0c:	f363 0100 	bfi	r1, r3, #0, #1
10004d10:	f882 1034 	strb.w	r1, [r2, #52]	@ 0x34
10004d14:	e776      	b.n	10004c04 <tud_task_ext+0x5dc>
10004d16:	2100      	movs	r1, #0
10004d18:	4640      	mov	r0, r8
10004d1a:	f7ff fa87 	bl	1000422c <dcd_sof_enable>
10004d1e:	4640      	mov	r0, r8
10004d20:	f7ff fb22 	bl	10004368 <dcd_edpt_close_all>
10004d24:	78bb      	ldrb	r3, [r7, #2]
10004d26:	4640      	mov	r0, r8
10004d28:	9300      	str	r3, [sp, #0]
10004d2a:	f7ff fb9d 	bl	10004468 <configuration_reset>
10004d2e:	9b00      	ldr	r3, [sp, #0]
10004d30:	70bb      	strb	r3, [r7, #2]
10004d32:	e632      	b.n	1000499a <tud_task_ext+0x372>
10004d34:	f8dd 800c 	ldr.w	r8, [sp, #12]
10004d38:	f7ff fbe4 	bl	10004504 <tud_mount_cb>
10004d3c:	e778      	b.n	10004c30 <tud_task_ext+0x608>
10004d3e:	4640      	mov	r0, r8
10004d40:	2301      	movs	r3, #1
10004d42:	a908      	add	r1, sp, #32
10004d44:	f10d 021a 	add.w	r2, sp, #26
10004d48:	f88d 601a 	strb.w	r6, [sp, #26]
10004d4c:	f000 f914 	bl	10004f78 <tud_control_xfer>
10004d50:	e47a      	b.n	10004648 <tud_task_ext+0x20>
10004d52:	780a      	ldrb	r2, [r1, #0]
10004d54:	78cb      	ldrb	r3, [r1, #3]
10004d56:	4411      	add	r1, r2
10004d58:	784a      	ldrb	r2, [r1, #1]
10004d5a:	e64c      	b.n	100049f6 <tud_task_ext+0x3ce>
10004d5c:	4633      	mov	r3, r6
10004d5e:	4810      	ldr	r0, [pc, #64]	@ (10004da0 <tud_task_ext+0x778>)
10004d60:	9204      	str	r2, [sp, #16]
10004d62:	9102      	str	r1, [sp, #8]
10004d64:	f000 fe76 	bl	10005a54 <tu_edpt_bind_driver>
10004d68:	4b0e      	ldr	r3, [pc, #56]	@ (10004da4 <tud_task_ext+0x77c>)
10004d6a:	9a04      	ldr	r2, [sp, #16]
10004d6c:	9902      	ldr	r1, [sp, #8]
10004d6e:	781b      	ldrb	r3, [r3, #0]
10004d70:	4411      	add	r1, r2
10004d72:	9a00      	ldr	r2, [sp, #0]
10004d74:	3301      	adds	r3, #1
10004d76:	4293      	cmp	r3, r2
10004d78:	f6bf ae34 	bge.w	100049e4 <tud_task_ext+0x3bc>
10004d7c:	e778      	b.n	10004c70 <tud_task_ext+0x648>
10004d7e:	f8d8 c010 	ldr.w	ip, [r8, #16]
10004d82:	4809      	ldr	r0, [pc, #36]	@ (10004da8 <tud_task_ext+0x780>)
10004d84:	4584      	cmp	ip, r0
10004d86:	bf08      	it	eq
10004d88:	2302      	moveq	r3, #2
10004d8a:	e75d      	b.n	10004c48 <tud_task_ext+0x620>
10004d8c:	f04f 23e0 	mov.w	r3, #3758153728	@ 0xe000e000
10004d90:	f8d3 3df0 	ldr.w	r3, [r3, #3568]	@ 0xdf0
10004d94:	07db      	lsls	r3, r3, #31
10004d96:	f57f ac57 	bpl.w	10004648 <tud_task_ext+0x20>
10004d9a:	be00      	bkpt	0x0000
10004d9c:	e454      	b.n	10004648 <tud_task_ext+0x20>
10004d9e:	bf00      	nop
10004da0:	20001594 	.word	0x20001594
10004da4:	20001e45 	.word	0x20001e45
10004da8:	10005475 	.word	0x10005475

10004dac <usbd_open_edpt_pair>:
10004dac:	e92d 4ff8 	stmdb	sp!, {r3, r4, r5, r6, r7, r8, r9, sl, fp, lr}
10004db0:	9f0a      	ldr	r7, [sp, #40]	@ 0x28
10004db2:	2a00      	cmp	r2, #0
10004db4:	d040      	beq.n	10004e38 <usbd_open_edpt_pair+0x8c>
10004db6:	460c      	mov	r4, r1
10004db8:	461e      	mov	r6, r3
10004dba:	4615      	mov	r5, r2
10004dbc:	f04f 0a00 	mov.w	sl, #0
10004dc0:	f8df 907c 	ldr.w	r9, [pc, #124]	@ 10004e40 <usbd_open_edpt_pair+0x94>
10004dc4:	f8df 807c 	ldr.w	r8, [pc, #124]	@ 10004e44 <usbd_open_edpt_pair+0x98>
10004dc8:	e018      	b.n	10004dfc <usbd_open_edpt_pair+0x50>
10004dca:	4620      	mov	r0, r4
10004dcc:	f898 1002 	ldrb.w	r1, [r8, #2]
10004dd0:	f899 b000 	ldrb.w	fp, [r9]
10004dd4:	f000 fe0e 	bl	100059f4 <tu_edpt_validate>
10004dd8:	b1e0      	cbz	r0, 10004e14 <usbd_open_edpt_pair+0x68>
10004dda:	4621      	mov	r1, r4
10004ddc:	4658      	mov	r0, fp
10004dde:	f7ff fa41 	bl	10004264 <dcd_edpt_open>
10004de2:	b1f0      	cbz	r0, 10004e22 <usbd_open_edpt_pair+0x76>
10004de4:	78a2      	ldrb	r2, [r4, #2]
10004de6:	f10a 0a01 	add.w	sl, sl, #1
10004dea:	09d1      	lsrs	r1, r2, #7
10004dec:	bf16      	itet	ne
10004dee:	9b0b      	ldrne	r3, [sp, #44]	@ 0x2c
10004df0:	703a      	strbeq	r2, [r7, #0]
10004df2:	701a      	strbne	r2, [r3, #0]
10004df4:	7822      	ldrb	r2, [r4, #0]
10004df6:	45aa      	cmp	sl, r5
10004df8:	4414      	add	r4, r2
10004dfa:	d01d      	beq.n	10004e38 <usbd_open_edpt_pair+0x8c>
10004dfc:	7862      	ldrb	r2, [r4, #1]
10004dfe:	2a05      	cmp	r2, #5
10004e00:	d10f      	bne.n	10004e22 <usbd_open_edpt_pair+0x76>
10004e02:	78e1      	ldrb	r1, [r4, #3]
10004e04:	f001 0103 	and.w	r1, r1, #3
10004e08:	42b1      	cmp	r1, r6
10004e0a:	d10a      	bne.n	10004e22 <usbd_open_edpt_pair+0x76>
10004e0c:	78a2      	ldrb	r2, [r4, #2]
10004e0e:	f012 0f70 	tst.w	r2, #112	@ 0x70
10004e12:	d0da      	beq.n	10004dca <usbd_open_edpt_pair+0x1e>
10004e14:	f04f 23e0 	mov.w	r3, #3758153728	@ 0xe000e000
10004e18:	f8d3 3df0 	ldr.w	r3, [r3, #3568]	@ 0xdf0
10004e1c:	07da      	lsls	r2, r3, #31
10004e1e:	d500      	bpl.n	10004e22 <usbd_open_edpt_pair+0x76>
10004e20:	be00      	bkpt	0x0000
10004e22:	f04f 23e0 	mov.w	r3, #3758153728	@ 0xe000e000
10004e26:	f8d3 3df0 	ldr.w	r3, [r3, #3568]	@ 0xdf0
10004e2a:	07db      	lsls	r3, r3, #31
10004e2c:	d402      	bmi.n	10004e34 <usbd_open_edpt_pair+0x88>
10004e2e:	2000      	movs	r0, #0
10004e30:	e8bd 8ff8 	ldmia.w	sp!, {r3, r4, r5, r6, r7, r8, r9, sl, fp, pc}
10004e34:	be00      	bkpt	0x0000
10004e36:	e7fa      	b.n	10004e2e <usbd_open_edpt_pair+0x82>
10004e38:	2001      	movs	r0, #1
10004e3a:	e8bd 8ff8 	ldmia.w	sp!, {r3, r4, r5, r6, r7, r8, r9, sl, fp, pc}
10004e3e:	bf00      	nop
10004e40:	20001218 	.word	0x20001218
10004e44:	20001580 	.word	0x20001580

10004e48 <usbd_edpt_open>:
10004e48:	b538      	push	{r3, r4, r5, lr}
10004e4a:	788b      	ldrb	r3, [r1, #2]
10004e4c:	f013 0f70 	tst.w	r3, #112	@ 0x70
10004e50:	d008      	beq.n	10004e64 <usbd_edpt_open+0x1c>
10004e52:	f04f 23e0 	mov.w	r3, #3758153728	@ 0xe000e000
10004e56:	f8d3 3df0 	ldr.w	r3, [r3, #3568]	@ 0xdf0
10004e5a:	07db      	lsls	r3, r3, #31
10004e5c:	d500      	bpl.n	10004e60 <usbd_edpt_open+0x18>
10004e5e:	be00      	bkpt	0x0000
10004e60:	2000      	movs	r0, #0
10004e62:	bd38      	pop	{r3, r4, r5, pc}
10004e64:	4a07      	ldr	r2, [pc, #28]	@ (10004e84 <usbd_edpt_open+0x3c>)
10004e66:	4b08      	ldr	r3, [pc, #32]	@ (10004e88 <usbd_edpt_open+0x40>)
10004e68:	460c      	mov	r4, r1
10004e6a:	4608      	mov	r0, r1
10004e6c:	7891      	ldrb	r1, [r2, #2]
10004e6e:	781d      	ldrb	r5, [r3, #0]
10004e70:	f000 fdc0 	bl	100059f4 <tu_edpt_validate>
10004e74:	2800      	cmp	r0, #0
10004e76:	d0ec      	beq.n	10004e52 <usbd_edpt_open+0xa>
10004e78:	4621      	mov	r1, r4
10004e7a:	4628      	mov	r0, r5
10004e7c:	e8bd 4038 	ldmia.w	sp!, {r3, r4, r5, lr}
10004e80:	f7ff b9f0 	b.w	10004264 <dcd_edpt_open>
10004e84:	20001580 	.word	0x20001580
10004e88:	20001218 	.word	0x20001218

10004e8c <usbd_edpt_claim>:
10004e8c:	460b      	mov	r3, r1
10004e8e:	4a06      	ldr	r2, [pc, #24]	@ (10004ea8 <usbd_edpt_claim+0x1c>)
10004e90:	4806      	ldr	r0, [pc, #24]	@ (10004eac <usbd_edpt_claim+0x20>)
10004e92:	6811      	ldr	r1, [r2, #0]
10004e94:	09da      	lsrs	r2, r3, #7
10004e96:	3234      	adds	r2, #52	@ 0x34
10004e98:	f003 037f 	and.w	r3, r3, #127	@ 0x7f
10004e9c:	eb02 0343 	add.w	r3, r2, r3, lsl #1
10004ea0:	4418      	add	r0, r3
10004ea2:	f000 bd61 	b.w	10005968 <tu_edpt_claim>
10004ea6:	bf00      	nop
10004ea8:	200015d4 	.word	0x200015d4
10004eac:	20001580 	.word	0x20001580

10004eb0 <usbd_edpt_release>:
10004eb0:	460b      	mov	r3, r1
10004eb2:	4a06      	ldr	r2, [pc, #24]	@ (10004ecc <usbd_edpt_release+0x1c>)
10004eb4:	4806      	ldr	r0, [pc, #24]	@ (10004ed0 <usbd_edpt_release+0x20>)
10004eb6:	6811      	ldr	r1, [r2, #0]
10004eb8:	09da      	lsrs	r2, r3, #7
10004eba:	3234      	adds	r2, #52	@ 0x34
10004ebc:	f003 037f 	and.w	r3, r3, #127	@ 0x7f
10004ec0:	eb02 0343 	add.w	r3, r2, r3, lsl #1
10004ec4:	4418      	add	r0, r3
10004ec6:	f000 bd79 	b.w	100059bc <tu_edpt_release>
10004eca:	bf00      	nop
10004ecc:	200015d4 	.word	0x200015d4
10004ed0:	20001580 	.word	0x20001580

10004ed4 <usbd_edpt_xfer>:
10004ed4:	b510      	push	{r4, lr}
10004ed6:	4819      	ldr	r0, [pc, #100]	@ (10004f3c <usbd_edpt_xfer+0x68>)
10004ed8:	f001 0c7f 	and.w	ip, r1, #127	@ 0x7f
10004edc:	eb00 004c 	add.w	r0, r0, ip, lsl #1
10004ee0:	eb00 10d1 	add.w	r0, r0, r1, lsr #7
10004ee4:	f890 c034 	ldrb.w	ip, [r0, #52]	@ 0x34
10004ee8:	f01c 0f01 	tst.w	ip, #1
10004eec:	d008      	beq.n	10004f00 <usbd_edpt_xfer+0x2c>
10004eee:	f04f 23e0 	mov.w	r3, #3758153728	@ 0xe000e000
10004ef2:	f8d3 3df0 	ldr.w	r3, [r3, #3568]	@ 0xdf0
10004ef6:	07da      	lsls	r2, r3, #31
10004ef8:	d500      	bpl.n	10004efc <usbd_edpt_xfer+0x28>
10004efa:	be00      	bkpt	0x0000
10004efc:	2000      	movs	r0, #0
10004efe:	bd10      	pop	{r4, pc}
10004f00:	f100 0430 	add.w	r4, r0, #48	@ 0x30
10004f04:	f894 c004 	ldrb.w	ip, [r4, #4]
10004f08:	480d      	ldr	r0, [pc, #52]	@ (10004f40 <usbd_edpt_xfer+0x6c>)
10004f0a:	f04c 0c01 	orr.w	ip, ip, #1
10004f0e:	7800      	ldrb	r0, [r0, #0]
10004f10:	f884 c004 	strb.w	ip, [r4, #4]
10004f14:	f7ff fa2a 	bl	1000436c <dcd_edpt_xfer>
10004f18:	2800      	cmp	r0, #0
10004f1a:	d1f0      	bne.n	10004efe <usbd_edpt_xfer+0x2a>
10004f1c:	f04f 21e0 	mov.w	r1, #3758153728	@ 0xe000e000
10004f20:	7922      	ldrb	r2, [r4, #4]
10004f22:	f360 0200 	bfi	r2, r0, #0, #1
10004f26:	7122      	strb	r2, [r4, #4]
10004f28:	7922      	ldrb	r2, [r4, #4]
10004f2a:	f360 0282 	bfi	r2, r0, #2, #1
10004f2e:	7122      	strb	r2, [r4, #4]
10004f30:	f8d1 3df0 	ldr.w	r3, [r1, #3568]	@ 0xdf0
10004f34:	07db      	lsls	r3, r3, #31
10004f36:	d5e1      	bpl.n	10004efc <usbd_edpt_xfer+0x28>
10004f38:	be00      	bkpt	0x0000
10004f3a:	e7df      	b.n	10004efc <usbd_edpt_xfer+0x28>
10004f3c:	20001580 	.word	0x20001580
10004f40:	20001218 	.word	0x20001218

10004f44 <tud_control_status>:
10004f44:	b530      	push	{r4, r5, lr}
10004f46:	4c0b      	ldr	r4, [pc, #44]	@ (10004f74 <tud_control_status+0x30>)
10004f48:	468c      	mov	ip, r1
10004f4a:	46a6      	mov	lr, r4
10004f4c:	4605      	mov	r5, r0
10004f4e:	6808      	ldr	r0, [r1, #0]
10004f50:	6849      	ldr	r1, [r1, #4]
10004f52:	2300      	movs	r3, #0
10004f54:	e8ae 0003 	stmia.w	lr!, {r0, r1}
10004f58:	f89c 1000 	ldrb.w	r1, [ip]
10004f5c:	4628      	mov	r0, r5
10004f5e:	43c9      	mvns	r1, r1
10004f60:	e9c4 3302 	strd	r3, r3, [r4, #8]
10004f64:	e8bd 4030 	ldmia.w	sp!, {r4, r5, lr}
10004f68:	461a      	mov	r2, r3
10004f6a:	f001 0180 	and.w	r1, r1, #128	@ 0x80
10004f6e:	f7ff bfb1 	b.w	10004ed4 <usbd_edpt_xfer>
10004f72:	bf00      	nop
10004f74:	20001540 	.word	0x20001540

10004f78 <tud_control_xfer>:
10004f78:	e92d 41f0 	stmdb	sp!, {r4, r5, r6, r7, r8, lr}
10004f7c:	4f28      	ldr	r7, [pc, #160]	@ (10005020 <tud_control_xfer+0xa8>)
10004f7e:	f04f 0800 	mov.w	r8, #0
10004f82:	46be      	mov	lr, r7
10004f84:	468c      	mov	ip, r1
10004f86:	4606      	mov	r6, r0
10004f88:	6808      	ldr	r0, [r1, #0]
10004f8a:	6849      	ldr	r1, [r1, #4]
10004f8c:	60ba      	str	r2, [r7, #8]
10004f8e:	e8ae 0003 	stmia.w	lr!, {r0, r1}
10004f92:	f8a7 800e 	strh.w	r8, [r7, #14]
10004f96:	4615      	mov	r5, r2
10004f98:	f8bc 2006 	ldrh.w	r2, [ip, #6]
10004f9c:	4293      	cmp	r3, r2
10004f9e:	bf28      	it	cs
10004fa0:	4613      	movcs	r3, r2
10004fa2:	81bb      	strh	r3, [r7, #12]
10004fa4:	b19a      	cbz	r2, 10004fce <tud_control_xfer+0x56>
10004fa6:	461c      	mov	r4, r3
10004fa8:	b333      	cbz	r3, 10004ff8 <tud_control_xfer+0x80>
10004faa:	b1dd      	cbz	r5, 10004fe4 <tud_control_xfer+0x6c>
10004fac:	f997 3000 	ldrsb.w	r3, [r7]
10004fb0:	2c40      	cmp	r4, #64	@ 0x40
10004fb2:	bf28      	it	cs
10004fb4:	2440      	movcs	r4, #64	@ 0x40
10004fb6:	2b00      	cmp	r3, #0
10004fb8:	db29      	blt.n	1000500e <tud_control_xfer+0x96>
10004fba:	4641      	mov	r1, r8
10004fbc:	4623      	mov	r3, r4
10004fbe:	4630      	mov	r0, r6
10004fc0:	4a18      	ldr	r2, [pc, #96]	@ (10005024 <tud_control_xfer+0xac>)
10004fc2:	f7ff ff87 	bl	10004ed4 <usbd_edpt_xfer>
10004fc6:	b168      	cbz	r0, 10004fe4 <tud_control_xfer+0x6c>
10004fc8:	2001      	movs	r0, #1
10004fca:	e8bd 81f0 	ldmia.w	sp!, {r4, r5, r6, r7, r8, pc}
10004fce:	f89c 1000 	ldrb.w	r1, [ip]
10004fd2:	4613      	mov	r3, r2
10004fd4:	43c9      	mvns	r1, r1
10004fd6:	4630      	mov	r0, r6
10004fd8:	f001 0180 	and.w	r1, r1, #128	@ 0x80
10004fdc:	f7ff ff7a 	bl	10004ed4 <usbd_edpt_xfer>
10004fe0:	2800      	cmp	r0, #0
10004fe2:	d1f1      	bne.n	10004fc8 <tud_control_xfer+0x50>
10004fe4:	f04f 23e0 	mov.w	r3, #3758153728	@ 0xe000e000
10004fe8:	f8d3 3df0 	ldr.w	r3, [r3, #3568]	@ 0xdf0
10004fec:	07db      	lsls	r3, r3, #31
10004fee:	d500      	bpl.n	10004ff2 <tud_control_xfer+0x7a>
10004ff0:	be00      	bkpt	0x0000
10004ff2:	2000      	movs	r0, #0
10004ff4:	e8bd 81f0 	ldmia.w	sp!, {r4, r5, r6, r7, r8, pc}
10004ff8:	461a      	mov	r2, r3
10004ffa:	7839      	ldrb	r1, [r7, #0]
10004ffc:	f001 0180 	and.w	r1, r1, #128	@ 0x80
10005000:	4623      	mov	r3, r4
10005002:	4630      	mov	r0, r6
10005004:	f7ff ff66 	bl	10004ed4 <usbd_edpt_xfer>
10005008:	2800      	cmp	r0, #0
1000500a:	d1dd      	bne.n	10004fc8 <tud_control_xfer+0x50>
1000500c:	e7ea      	b.n	10004fe4 <tud_control_xfer+0x6c>
1000500e:	4622      	mov	r2, r4
10005010:	4629      	mov	r1, r5
10005012:	4804      	ldr	r0, [pc, #16]	@ (10005024 <tud_control_xfer+0xac>)
10005014:	f001 f8e2 	bl	100061dc <memcpy>
10005018:	2180      	movs	r1, #128	@ 0x80
1000501a:	4a02      	ldr	r2, [pc, #8]	@ (10005024 <tud_control_xfer+0xac>)
1000501c:	e7f0      	b.n	10005000 <tud_control_xfer+0x88>
1000501e:	bf00      	nop
10005020:	20001540 	.word	0x20001540
10005024:	20001500 	.word	0x20001500

10005028 <usbd_control_reset>:
10005028:	2200      	movs	r2, #0
1000502a:	4b03      	ldr	r3, [pc, #12]	@ (10005038 <usbd_control_reset+0x10>)
1000502c:	e9c3 2200 	strd	r2, r2, [r3]
10005030:	e9c3 2202 	strd	r2, r2, [r3, #8]
10005034:	611a      	str	r2, [r3, #16]
10005036:	4770      	bx	lr
10005038:	20001540 	.word	0x20001540

1000503c <usbd_control_set_complete_callback>:
1000503c:	4b01      	ldr	r3, [pc, #4]	@ (10005044 <usbd_control_set_complete_callback+0x8>)
1000503e:	6118      	str	r0, [r3, #16]
10005040:	4770      	bx	lr
10005042:	bf00      	nop
10005044:	20001540 	.word	0x20001540

10005048 <usbd_control_set_request>:
10005048:	b430      	push	{r4, r5}
1000504a:	4602      	mov	r2, r0
1000504c:	4c04      	ldr	r4, [pc, #16]	@ (10005060 <usbd_control_set_request+0x18>)
1000504e:	2500      	movs	r5, #0
10005050:	4623      	mov	r3, r4
10005052:	6800      	ldr	r0, [r0, #0]
10005054:	6851      	ldr	r1, [r2, #4]
10005056:	e9c4 5502 	strd	r5, r5, [r4, #8]
1000505a:	bc30      	pop	{r4, r5}
1000505c:	c303      	stmia	r3!, {r0, r1}
1000505e:	4770      	bx	lr
10005060:	20001540 	.word	0x20001540

10005064 <usbd_control_xfer_cb>:
10005064:	b570      	push	{r4, r5, r6, lr}
10005066:	4c3d      	ldr	r4, [pc, #244]	@ (1000515c <usbd_control_xfer_cb+0xf8>)
10005068:	09c9      	lsrs	r1, r1, #7
1000506a:	7822      	ldrb	r2, [r4, #0]
1000506c:	4606      	mov	r6, r0
1000506e:	ebb1 1fd2 	cmp.w	r1, r2, lsr #7
10005072:	461d      	mov	r5, r3
10005074:	b082      	sub	sp, #8
10005076:	d017      	beq.n	100050a8 <usbd_control_xfer_cb+0x44>
10005078:	b153      	cbz	r3, 10005090 <usbd_control_xfer_cb+0x2c>
1000507a:	f04f 23e0 	mov.w	r3, #3758153728	@ 0xe000e000
1000507e:	f8d3 3df0 	ldr.w	r3, [r3, #3568]	@ 0xdf0
10005082:	07db      	lsls	r3, r3, #31
10005084:	d402      	bmi.n	1000508c <usbd_control_xfer_cb+0x28>
10005086:	2000      	movs	r0, #0
10005088:	b002      	add	sp, #8
1000508a:	bd70      	pop	{r4, r5, r6, pc}
1000508c:	be00      	bkpt	0x0000
1000508e:	e7fa      	b.n	10005086 <usbd_control_xfer_cb+0x22>
10005090:	4621      	mov	r1, r4
10005092:	f7ff f8d9 	bl	10004248 <dcd_edpt0_status_complete>
10005096:	6923      	ldr	r3, [r4, #16]
10005098:	b11b      	cbz	r3, 100050a2 <usbd_control_xfer_cb+0x3e>
1000509a:	4622      	mov	r2, r4
1000509c:	2103      	movs	r1, #3
1000509e:	4630      	mov	r0, r6
100050a0:	4798      	blx	r3
100050a2:	2001      	movs	r0, #1
100050a4:	b002      	add	sp, #8
100050a6:	bd70      	pop	{r4, r5, r6, pc}
100050a8:	f994 3000 	ldrsb.w	r3, [r4]
100050ac:	2b00      	cmp	r3, #0
100050ae:	db06      	blt.n	100050be <usbd_control_xfer_cb+0x5a>
100050b0:	68a0      	ldr	r0, [r4, #8]
100050b2:	2800      	cmp	r0, #0
100050b4:	d0e7      	beq.n	10005086 <usbd_control_xfer_cb+0x22>
100050b6:	462a      	mov	r2, r5
100050b8:	4929      	ldr	r1, [pc, #164]	@ (10005160 <usbd_control_xfer_cb+0xfc>)
100050ba:	f001 f88f 	bl	100061dc <memcpy>
100050be:	89e0      	ldrh	r0, [r4, #14]
100050c0:	68a1      	ldr	r1, [r4, #8]
100050c2:	88e3      	ldrh	r3, [r4, #6]
100050c4:	4428      	add	r0, r5
100050c6:	b280      	uxth	r0, r0
100050c8:	4429      	add	r1, r5
100050ca:	4283      	cmp	r3, r0
100050cc:	81e0      	strh	r0, [r4, #14]
100050ce:	60a1      	str	r1, [r4, #8]
100050d0:	d016      	beq.n	10005100 <usbd_control_xfer_cb+0x9c>
100050d2:	2d3f      	cmp	r5, #63	@ 0x3f
100050d4:	d914      	bls.n	10005100 <usbd_control_xfer_cb+0x9c>
100050d6:	89a2      	ldrh	r2, [r4, #12]
100050d8:	f994 4000 	ldrsb.w	r4, [r4]
100050dc:	1a13      	subs	r3, r2, r0
100050de:	b29b      	uxth	r3, r3
100050e0:	2b40      	cmp	r3, #64	@ 0x40
100050e2:	bf28      	it	cs
100050e4:	2340      	movcs	r3, #64	@ 0x40
100050e6:	2c00      	cmp	r4, #0
100050e8:	db27      	blt.n	1000513a <usbd_control_xfer_cb+0xd6>
100050ea:	4290      	cmp	r0, r2
100050ec:	f04f 0100 	mov.w	r1, #0
100050f0:	d031      	beq.n	10005156 <usbd_control_xfer_cb+0xf2>
100050f2:	4a1b      	ldr	r2, [pc, #108]	@ (10005160 <usbd_control_xfer_cb+0xfc>)
100050f4:	4630      	mov	r0, r6
100050f6:	f7ff feed 	bl	10004ed4 <usbd_edpt_xfer>
100050fa:	2800      	cmp	r0, #0
100050fc:	d1d1      	bne.n	100050a2 <usbd_control_xfer_cb+0x3e>
100050fe:	e7bc      	b.n	1000507a <usbd_control_xfer_cb+0x16>
10005100:	6923      	ldr	r3, [r4, #16]
10005102:	b123      	cbz	r3, 1000510e <usbd_control_xfer_cb+0xaa>
10005104:	2102      	movs	r1, #2
10005106:	4630      	mov	r0, r6
10005108:	4a14      	ldr	r2, [pc, #80]	@ (1000515c <usbd_control_xfer_cb+0xf8>)
1000510a:	4798      	blx	r3
1000510c:	b160      	cbz	r0, 10005128 <usbd_control_xfer_cb+0xc4>
1000510e:	7821      	ldrb	r1, [r4, #0]
10005110:	2300      	movs	r3, #0
10005112:	43c9      	mvns	r1, r1
10005114:	4630      	mov	r0, r6
10005116:	461a      	mov	r2, r3
10005118:	f001 0180 	and.w	r1, r1, #128	@ 0x80
1000511c:	f7ff feda 	bl	10004ed4 <usbd_edpt_xfer>
10005120:	2800      	cmp	r0, #0
10005122:	d0aa      	beq.n	1000507a <usbd_control_xfer_cb+0x16>
10005124:	2001      	movs	r0, #1
10005126:	e7bd      	b.n	100050a4 <usbd_control_xfer_cb+0x40>
10005128:	4601      	mov	r1, r0
1000512a:	4630      	mov	r0, r6
1000512c:	f7ff f932 	bl	10004394 <dcd_edpt_stall>
10005130:	2180      	movs	r1, #128	@ 0x80
10005132:	4630      	mov	r0, r6
10005134:	f7ff f92e 	bl	10004394 <dcd_edpt_stall>
10005138:	e7b3      	b.n	100050a2 <usbd_control_xfer_cb+0x3e>
1000513a:	4290      	cmp	r0, r2
1000513c:	d008      	beq.n	10005150 <usbd_control_xfer_cb+0xec>
1000513e:	461a      	mov	r2, r3
10005140:	4807      	ldr	r0, [pc, #28]	@ (10005160 <usbd_control_xfer_cb+0xfc>)
10005142:	9301      	str	r3, [sp, #4]
10005144:	f001 f84a 	bl	100061dc <memcpy>
10005148:	2180      	movs	r1, #128	@ 0x80
1000514a:	4a05      	ldr	r2, [pc, #20]	@ (10005160 <usbd_control_xfer_cb+0xfc>)
1000514c:	9b01      	ldr	r3, [sp, #4]
1000514e:	e7d1      	b.n	100050f4 <usbd_control_xfer_cb+0x90>
10005150:	2180      	movs	r1, #128	@ 0x80
10005152:	2200      	movs	r2, #0
10005154:	e7ce      	b.n	100050f4 <usbd_control_xfer_cb+0x90>
10005156:	460a      	mov	r2, r1
10005158:	e7cc      	b.n	100050f4 <usbd_control_xfer_cb+0x90>
1000515a:	bf00      	nop
1000515c:	20001540 	.word	0x20001540
10005160:	20001500 	.word	0x20001500

10005164 <_prep_out_transaction.isra.0>:
10005164:	e92d 41f0 	stmdb	sp!, {r4, r5, r6, r7, r8, lr}
10005168:	4604      	mov	r4, r0
1000516a:	f7ff f9d3 	bl	10004514 <tud_mounted>
1000516e:	b908      	cbnz	r0, 10005174 <_prep_out_transaction.isra.0+0x10>
10005170:	e8bd 81f0 	ldmia.w	sp!, {r4, r5, r6, r7, r8, pc}
10005174:	f7ff f9d6 	bl	10004524 <tud_suspended>
10005178:	4605      	mov	r5, r0
1000517a:	2800      	cmp	r0, #0
1000517c:	d1f8      	bne.n	10005170 <_prep_out_transaction.isra.0+0xc>
1000517e:	23c8      	movs	r3, #200	@ 0xc8
10005180:	fb04 f303 	mul.w	r3, r4, r3
10005184:	4e12      	ldr	r6, [pc, #72]	@ (100051d0 <_prep_out_transaction.isra.0+0x6c>)
10005186:	18f7      	adds	r7, r6, r3
10005188:	78f9      	ldrb	r1, [r7, #3]
1000518a:	2900      	cmp	r1, #0
1000518c:	d0f0      	beq.n	10005170 <_prep_out_transaction.isra.0+0xc>
1000518e:	3310      	adds	r3, #16
10005190:	441e      	add	r6, r3
10005192:	4630      	mov	r0, r6
10005194:	f000 fdd2 	bl	10005d3c <tu_fifo_remaining>
10005198:	283f      	cmp	r0, #63	@ 0x3f
1000519a:	d9e9      	bls.n	10005170 <_prep_out_transaction.isra.0+0xc>
1000519c:	4628      	mov	r0, r5
1000519e:	78f9      	ldrb	r1, [r7, #3]
100051a0:	f7ff fe74 	bl	10004e8c <usbd_edpt_claim>
100051a4:	2800      	cmp	r0, #0
100051a6:	d0e3      	beq.n	10005170 <_prep_out_transaction.isra.0+0xc>
100051a8:	4630      	mov	r0, r6
100051aa:	f000 fdc7 	bl	10005d3c <tu_fifo_remaining>
100051ae:	283f      	cmp	r0, #63	@ 0x3f
100051b0:	78f9      	ldrb	r1, [r7, #3]
100051b2:	d908      	bls.n	100051c6 <_prep_out_transaction.isra.0+0x62>
100051b4:	4a07      	ldr	r2, [pc, #28]	@ (100051d4 <_prep_out_transaction.isra.0+0x70>)
100051b6:	4628      	mov	r0, r5
100051b8:	eb02 12c4 	add.w	r2, r2, r4, lsl #7
100051bc:	2340      	movs	r3, #64	@ 0x40
100051be:	e8bd 41f0 	ldmia.w	sp!, {r4, r5, r6, r7, r8, lr}
100051c2:	f7ff be87 	b.w	10004ed4 <usbd_edpt_xfer>
100051c6:	4628      	mov	r0, r5
100051c8:	e8bd 41f0 	ldmia.w	sp!, {r4, r5, r6, r7, r8, lr}
100051cc:	f7ff be70 	b.w	10004eb0 <usbd_edpt_release>
100051d0:	20001438 	.word	0x20001438
100051d4:	200013b4 	.word	0x200013b4

100051d8 <tud_cdc_n_connected>:
100051d8:	b510      	push	{r4, lr}
100051da:	4604      	mov	r4, r0
100051dc:	f7ff f99a 	bl	10004514 <tud_mounted>
100051e0:	b908      	cbnz	r0, 100051e6 <tud_cdc_n_connected+0xe>
100051e2:	2000      	movs	r0, #0
100051e4:	bd10      	pop	{r4, pc}
100051e6:	f7ff f99d 	bl	10004524 <tud_suspended>
100051ea:	2800      	cmp	r0, #0
100051ec:	d1f9      	bne.n	100051e2 <tud_cdc_n_connected+0xa>
100051ee:	22c8      	movs	r2, #200	@ 0xc8
100051f0:	4b03      	ldr	r3, [pc, #12]	@ (10005200 <tud_cdc_n_connected+0x28>)
100051f2:	fb02 3304 	mla	r3, r2, r4, r3
100051f6:	7918      	ldrb	r0, [r3, #4]
100051f8:	f000 0001 	and.w	r0, r0, #1
100051fc:	bd10      	pop	{r4, pc}
100051fe:	bf00      	nop
10005200:	20001438 	.word	0x20001438

10005204 <tud_cdc_n_available>:
10005204:	22c8      	movs	r2, #200	@ 0xc8
10005206:	b508      	push	{r3, lr}
10005208:	4b02      	ldr	r3, [pc, #8]	@ (10005214 <tud_cdc_n_available+0x10>)
1000520a:	fb02 3000 	mla	r0, r2, r0, r3
1000520e:	f000 fd7b 	bl	10005d08 <tu_fifo_count>
10005212:	bd08      	pop	{r3, pc}
10005214:	20001448 	.word	0x20001448

10005218 <tud_cdc_n_read>:
10005218:	e92d 43f8 	stmdb	sp!, {r3, r4, r5, r6, r7, r8, r9, lr}
1000521c:	f64f 73ff 	movw	r3, #65535	@ 0xffff
10005220:	24c8      	movs	r4, #200	@ 0xc8
10005222:	429a      	cmp	r2, r3
10005224:	bf28      	it	cs
10005226:	461a      	movcs	r2, r3
10005228:	fb00 f404 	mul.w	r4, r0, r4
1000522c:	f8df 8074 	ldr.w	r8, [pc, #116]	@ 100052a4 <tud_cdc_n_read+0x8c>
10005230:	f104 0510 	add.w	r5, r4, #16
10005234:	4445      	add	r5, r8
10005236:	4606      	mov	r6, r0
10005238:	b292      	uxth	r2, r2
1000523a:	4628      	mov	r0, r5
1000523c:	f000 fdda 	bl	10005df4 <tu_fifo_read_n>
10005240:	4607      	mov	r7, r0
10005242:	f7ff f967 	bl	10004514 <tud_mounted>
10005246:	b910      	cbnz	r0, 1000524e <tud_cdc_n_read+0x36>
10005248:	4638      	mov	r0, r7
1000524a:	e8bd 83f8 	ldmia.w	sp!, {r3, r4, r5, r6, r7, r8, r9, pc}
1000524e:	f7ff f969 	bl	10004524 <tud_suspended>
10005252:	4681      	mov	r9, r0
10005254:	2800      	cmp	r0, #0
10005256:	d1f7      	bne.n	10005248 <tud_cdc_n_read+0x30>
10005258:	44a0      	add	r8, r4
1000525a:	f898 3003 	ldrb.w	r3, [r8, #3]
1000525e:	2b00      	cmp	r3, #0
10005260:	d0f2      	beq.n	10005248 <tud_cdc_n_read+0x30>
10005262:	4628      	mov	r0, r5
10005264:	f000 fd6a 	bl	10005d3c <tu_fifo_remaining>
10005268:	283f      	cmp	r0, #63	@ 0x3f
1000526a:	d9ed      	bls.n	10005248 <tud_cdc_n_read+0x30>
1000526c:	4648      	mov	r0, r9
1000526e:	f898 1003 	ldrb.w	r1, [r8, #3]
10005272:	f7ff fe0b 	bl	10004e8c <usbd_edpt_claim>
10005276:	2800      	cmp	r0, #0
10005278:	d0e6      	beq.n	10005248 <tud_cdc_n_read+0x30>
1000527a:	4628      	mov	r0, r5
1000527c:	f000 fd5e 	bl	10005d3c <tu_fifo_remaining>
10005280:	283f      	cmp	r0, #63	@ 0x3f
10005282:	f898 1003 	ldrb.w	r1, [r8, #3]
10005286:	d907      	bls.n	10005298 <tud_cdc_n_read+0x80>
10005288:	4a05      	ldr	r2, [pc, #20]	@ (100052a0 <tud_cdc_n_read+0x88>)
1000528a:	4648      	mov	r0, r9
1000528c:	2340      	movs	r3, #64	@ 0x40
1000528e:	eb02 12c6 	add.w	r2, r2, r6, lsl #7
10005292:	f7ff fe1f 	bl	10004ed4 <usbd_edpt_xfer>
10005296:	e7d7      	b.n	10005248 <tud_cdc_n_read+0x30>
10005298:	4648      	mov	r0, r9
1000529a:	f7ff fe09 	bl	10004eb0 <usbd_edpt_release>
1000529e:	e7d3      	b.n	10005248 <tud_cdc_n_read+0x30>
100052a0:	200013b4 	.word	0x200013b4
100052a4:	20001438 	.word	0x20001438

100052a8 <tud_cdc_n_write_flush>:
100052a8:	e92d 41f0 	stmdb	sp!, {r4, r5, r6, r7, r8, lr}
100052ac:	4604      	mov	r4, r0
100052ae:	f7ff f931 	bl	10004514 <tud_mounted>
100052b2:	b910      	cbnz	r0, 100052ba <tud_cdc_n_write_flush+0x12>
100052b4:	2000      	movs	r0, #0
100052b6:	e8bd 81f0 	ldmia.w	sp!, {r4, r5, r6, r7, r8, pc}
100052ba:	f7ff f933 	bl	10004524 <tud_suspended>
100052be:	4605      	mov	r5, r0
100052c0:	2800      	cmp	r0, #0
100052c2:	d1f7      	bne.n	100052b4 <tud_cdc_n_write_flush+0xc>
100052c4:	26c8      	movs	r6, #200	@ 0xc8
100052c6:	fb04 f606 	mul.w	r6, r4, r6
100052ca:	f8df 8064 	ldr.w	r8, [pc, #100]	@ 10005330 <tud_cdc_n_write_flush+0x88>
100052ce:	f106 0724 	add.w	r7, r6, #36	@ 0x24
100052d2:	4447      	add	r7, r8
100052d4:	4638      	mov	r0, r7
100052d6:	f000 fd17 	bl	10005d08 <tu_fifo_count>
100052da:	2800      	cmp	r0, #0
100052dc:	d0ea      	beq.n	100052b4 <tud_cdc_n_write_flush+0xc>
100052de:	44b0      	add	r8, r6
100052e0:	4628      	mov	r0, r5
100052e2:	f898 1002 	ldrb.w	r1, [r8, #2]
100052e6:	f7ff fdd1 	bl	10004e8c <usbd_edpt_claim>
100052ea:	2800      	cmp	r0, #0
100052ec:	d0e2      	beq.n	100052b4 <tud_cdc_n_write_flush+0xc>
100052ee:	4e0f      	ldr	r6, [pc, #60]	@ (1000532c <tud_cdc_n_write_flush+0x84>)
100052f0:	4638      	mov	r0, r7
100052f2:	eb06 16c4 	add.w	r6, r6, r4, lsl #7
100052f6:	4631      	mov	r1, r6
100052f8:	2240      	movs	r2, #64	@ 0x40
100052fa:	f000 fd7b 	bl	10005df4 <tu_fifo_read_n>
100052fe:	f898 1002 	ldrb.w	r1, [r8, #2]
10005302:	4604      	mov	r4, r0
10005304:	b168      	cbz	r0, 10005322 <tud_cdc_n_write_flush+0x7a>
10005306:	4603      	mov	r3, r0
10005308:	4632      	mov	r2, r6
1000530a:	4628      	mov	r0, r5
1000530c:	f7ff fde2 	bl	10004ed4 <usbd_edpt_xfer>
10005310:	b950      	cbnz	r0, 10005328 <tud_cdc_n_write_flush+0x80>
10005312:	f04f 23e0 	mov.w	r3, #3758153728	@ 0xe000e000
10005316:	f8d3 3df0 	ldr.w	r3, [r3, #3568]	@ 0xdf0
1000531a:	07db      	lsls	r3, r3, #31
1000531c:	d5ca      	bpl.n	100052b4 <tud_cdc_n_write_flush+0xc>
1000531e:	be00      	bkpt	0x0000
10005320:	e7c8      	b.n	100052b4 <tud_cdc_n_write_flush+0xc>
10005322:	f7ff fdc5 	bl	10004eb0 <usbd_edpt_release>
10005326:	e7c5      	b.n	100052b4 <tud_cdc_n_write_flush+0xc>
10005328:	4620      	mov	r0, r4
1000532a:	e7c4      	b.n	100052b6 <tud_cdc_n_write_flush+0xe>
1000532c:	200013f4 	.word	0x200013f4
10005330:	20001438 	.word	0x20001438

10005334 <tud_cdc_n_write>:
10005334:	b538      	push	{r3, r4, r5, lr}
10005336:	f64f 75ff 	movw	r5, #65535	@ 0xffff
1000533a:	23c8      	movs	r3, #200	@ 0xc8
1000533c:	42aa      	cmp	r2, r5
1000533e:	bf28      	it	cs
10005340:	462a      	movcs	r2, r5
10005342:	4c0b      	ldr	r4, [pc, #44]	@ (10005370 <tud_cdc_n_write+0x3c>)
10005344:	b292      	uxth	r2, r2
10005346:	fb03 4400 	mla	r4, r3, r0, r4
1000534a:	4605      	mov	r5, r0
1000534c:	4620      	mov	r0, r4
1000534e:	f000 fe0f 	bl	10005f70 <tu_fifo_write_n>
10005352:	4603      	mov	r3, r0
10005354:	4620      	mov	r0, r4
10005356:	461c      	mov	r4, r3
10005358:	f000 fcd6 	bl	10005d08 <tu_fifo_count>
1000535c:	283f      	cmp	r0, #63	@ 0x3f
1000535e:	d801      	bhi.n	10005364 <tud_cdc_n_write+0x30>
10005360:	4620      	mov	r0, r4
10005362:	bd38      	pop	{r3, r4, r5, pc}
10005364:	4628      	mov	r0, r5
10005366:	f7ff ff9f 	bl	100052a8 <tud_cdc_n_write_flush>
1000536a:	4620      	mov	r0, r4
1000536c:	bd38      	pop	{r3, r4, r5, pc}
1000536e:	bf00      	nop
10005370:	2000145c 	.word	0x2000145c

10005374 <tud_cdc_n_write_available>:
10005374:	22c8      	movs	r2, #200	@ 0xc8
10005376:	b508      	push	{r3, lr}
10005378:	4b02      	ldr	r3, [pc, #8]	@ (10005384 <tud_cdc_n_write_available+0x10>)
1000537a:	fb02 3000 	mla	r0, r2, r0, r3
1000537e:	f000 fcdd 	bl	10005d3c <tu_fifo_remaining>
10005382:	bd08      	pop	{r3, pc}
10005384:	2000145c 	.word	0x2000145c

10005388 <cdcd_init>:
10005388:	b5f0      	push	{r4, r5, r6, r7, lr}
1000538a:	2400      	movs	r4, #0
1000538c:	b083      	sub	sp, #12
1000538e:	22c8      	movs	r2, #200	@ 0xc8
10005390:	2100      	movs	r1, #0
10005392:	4817      	ldr	r0, [pc, #92]	@ (100053f0 <cdcd_init+0x68>)
10005394:	f000 fed4 	bl	10006140 <memset>
10005398:	23ff      	movs	r3, #255	@ 0xff
1000539a:	f44f 31e1 	mov.w	r1, #115200	@ 0x1c200
1000539e:	2208      	movs	r2, #8
100053a0:	4814      	ldr	r0, [pc, #80]	@ (100053f4 <cdcd_init+0x6c>)
100053a2:	7004      	strb	r4, [r0, #0]
100053a4:	4812      	ldr	r0, [pc, #72]	@ (100053f0 <cdcd_init+0x68>)
100053a6:	9400      	str	r4, [sp, #0]
100053a8:	4607      	mov	r7, r0
100053aa:	7143      	strb	r3, [r0, #5]
100053ac:	6081      	str	r1, [r0, #8]
100053ae:	7382      	strb	r2, [r0, #14]
100053b0:	f100 0138 	add.w	r1, r0, #56	@ 0x38
100053b4:	2301      	movs	r3, #1
100053b6:	2240      	movs	r2, #64	@ 0x40
100053b8:	3010      	adds	r0, #16
100053ba:	f000 fc75 	bl	10005ca8 <tu_fifo_config>
100053be:	2301      	movs	r3, #1
100053c0:	2240      	movs	r2, #64	@ 0x40
100053c2:	f107 0178 	add.w	r1, r7, #120	@ 0x78
100053c6:	9300      	str	r3, [sp, #0]
100053c8:	f107 06b8 	add.w	r6, r7, #184	@ 0xb8
100053cc:	f107 0024 	add.w	r0, r7, #36	@ 0x24
100053d0:	f000 fc6a 	bl	10005ca8 <tu_fifo_config>
100053d4:	f107 05c0 	add.w	r5, r7, #192	@ 0xc0
100053d8:	4630      	mov	r0, r6
100053da:	f7fb fd07 	bl	10000dec <mutex_init>
100053de:	4628      	mov	r0, r5
100053e0:	f7fb fd04 	bl	10000dec <mutex_init>
100053e4:	e9c7 4607 	strd	r4, r6, [r7, #28]
100053e8:	e9c7 540c 	strd	r5, r4, [r7, #48]	@ 0x30
100053ec:	b003      	add	sp, #12
100053ee:	bdf0      	pop	{r4, r5, r6, r7, pc}
100053f0:	20001438 	.word	0x20001438
100053f4:	20001434 	.word	0x20001434

100053f8 <cdcd_deinit>:
100053f8:	4a0a      	ldr	r2, [pc, #40]	@ (10005424 <cdcd_deinit+0x2c>)
100053fa:	6b11      	ldr	r1, [r2, #48]	@ 0x30
100053fc:	6a13      	ldr	r3, [r2, #32]
100053fe:	b161      	cbz	r1, 1000541a <cdcd_deinit+0x22>
10005400:	b13b      	cbz	r3, 10005412 <cdcd_deinit+0x1a>
10005402:	2300      	movs	r3, #0
10005404:	e9c2 330c 	strd	r3, r3, [r2, #48]	@ 0x30
10005408:	61d3      	str	r3, [r2, #28]
1000540a:	2300      	movs	r3, #0
1000540c:	6213      	str	r3, [r2, #32]
1000540e:	2001      	movs	r0, #1
10005410:	4770      	bx	lr
10005412:	2001      	movs	r0, #1
10005414:	e9c2 330c 	strd	r3, r3, [r2, #48]	@ 0x30
10005418:	4770      	bx	lr
1000541a:	2b00      	cmp	r3, #0
1000541c:	d0f7      	beq.n	1000540e <cdcd_deinit+0x16>
1000541e:	61d1      	str	r1, [r2, #28]
10005420:	e7f3      	b.n	1000540a <cdcd_deinit+0x12>
10005422:	bf00      	nop
10005424:	20001438 	.word	0x20001438

10005428 <cdcd_reset>:
10005428:	2200      	movs	r2, #0
1000542a:	b510      	push	{r4, lr}
1000542c:	4c0e      	ldr	r4, [pc, #56]	@ (10005468 <cdcd_reset+0x40>)
1000542e:	480f      	ldr	r0, [pc, #60]	@ (1000546c <cdcd_reset+0x44>)
10005430:	7823      	ldrb	r3, [r4, #0]
10005432:	6002      	str	r2, [r0, #0]
10005434:	7102      	strb	r2, [r0, #4]
10005436:	07da      	lsls	r2, r3, #31
10005438:	d507      	bpl.n	1000544a <cdcd_reset+0x22>
1000543a:	079b      	lsls	r3, r3, #30
1000543c:	d50b      	bpl.n	10005456 <cdcd_reset+0x2e>
1000543e:	e8bd 4010 	ldmia.w	sp!, {r4, lr}
10005442:	2101      	movs	r1, #1
10005444:	480a      	ldr	r0, [pc, #40]	@ (10005470 <cdcd_reset+0x48>)
10005446:	f000 be5d 	b.w	10006104 <tu_fifo_set_overwritable>
1000544a:	3010      	adds	r0, #16
1000544c:	f000 fe3e 	bl	100060cc <tu_fifo_clear>
10005450:	7823      	ldrb	r3, [r4, #0]
10005452:	079b      	lsls	r3, r3, #30
10005454:	d4f3      	bmi.n	1000543e <cdcd_reset+0x16>
10005456:	4806      	ldr	r0, [pc, #24]	@ (10005470 <cdcd_reset+0x48>)
10005458:	f000 fe38 	bl	100060cc <tu_fifo_clear>
1000545c:	e8bd 4010 	ldmia.w	sp!, {r4, lr}
10005460:	2101      	movs	r1, #1
10005462:	4803      	ldr	r0, [pc, #12]	@ (10005470 <cdcd_reset+0x48>)
10005464:	f000 be4e 	b.w	10006104 <tu_fifo_set_overwritable>
10005468:	20001434 	.word	0x20001434
1000546c:	20001438 	.word	0x20001438
10005470:	2000145c 	.word	0x2000145c

10005474 <cdcd_open>:
10005474:	b5f0      	push	{r4, r5, r6, r7, lr}
10005476:	794b      	ldrb	r3, [r1, #5]
10005478:	b083      	sub	sp, #12
1000547a:	2b02      	cmp	r3, #2
1000547c:	d102      	bne.n	10005484 <cdcd_open+0x10>
1000547e:	798b      	ldrb	r3, [r1, #6]
10005480:	2b02      	cmp	r3, #2
10005482:	d003      	beq.n	1000548c <cdcd_open+0x18>
10005484:	2500      	movs	r5, #0
10005486:	4628      	mov	r0, r5
10005488:	b003      	add	sp, #12
1000548a:	bdf0      	pop	{r4, r5, r6, r7, pc}
1000548c:	4f27      	ldr	r7, [pc, #156]	@ (1000552c <cdcd_open+0xb8>)
1000548e:	78bb      	ldrb	r3, [r7, #2]
10005490:	b13b      	cbz	r3, 100054a2 <cdcd_open+0x2e>
10005492:	f04f 23e0 	mov.w	r3, #3758153728	@ 0xe000e000
10005496:	f8d3 3df0 	ldr.w	r3, [r3, #3568]	@ 0xdf0
1000549a:	07db      	lsls	r3, r3, #31
1000549c:	d5f2      	bpl.n	10005484 <cdcd_open+0x10>
1000549e:	be00      	bkpt	0x0000
100054a0:	e7f0      	b.n	10005484 <cdcd_open+0x10>
100054a2:	788b      	ldrb	r3, [r1, #2]
100054a4:	4606      	mov	r6, r0
100054a6:	703b      	strb	r3, [r7, #0]
100054a8:	780b      	ldrb	r3, [r1, #0]
100054aa:	18cc      	adds	r4, r1, r3
100054ac:	7861      	ldrb	r1, [r4, #1]
100054ae:	2924      	cmp	r1, #36	@ 0x24
100054b0:	bf08      	it	eq
100054b2:	2509      	moveq	r5, #9
100054b4:	d007      	beq.n	100054c6 <cdcd_open+0x52>
100054b6:	e036      	b.n	10005526 <cdcd_open+0xb2>
100054b8:	7823      	ldrb	r3, [r4, #0]
100054ba:	441c      	add	r4, r3
100054bc:	7861      	ldrb	r1, [r4, #1]
100054be:	442b      	add	r3, r5
100054c0:	2924      	cmp	r1, #36	@ 0x24
100054c2:	b29d      	uxth	r5, r3
100054c4:	d107      	bne.n	100054d6 <cdcd_open+0x62>
100054c6:	42aa      	cmp	r2, r5
100054c8:	d2f6      	bcs.n	100054b8 <cdcd_open+0x44>
100054ca:	2000      	movs	r0, #0
100054cc:	f7ff fe4a 	bl	10005164 <_prep_out_transaction.isra.0>
100054d0:	4628      	mov	r0, r5
100054d2:	b003      	add	sp, #12
100054d4:	bdf0      	pop	{r4, r5, r6, r7, pc}
100054d6:	460b      	mov	r3, r1
100054d8:	2905      	cmp	r1, #5
100054da:	d016      	beq.n	1000550a <cdcd_open+0x96>
100054dc:	2b04      	cmp	r3, #4
100054de:	d1f4      	bne.n	100054ca <cdcd_open+0x56>
100054e0:	7963      	ldrb	r3, [r4, #5]
100054e2:	2b0a      	cmp	r3, #10
100054e4:	d1f1      	bne.n	100054ca <cdcd_open+0x56>
100054e6:	4b12      	ldr	r3, [pc, #72]	@ (10005530 <cdcd_open+0xbc>)
100054e8:	7827      	ldrb	r7, [r4, #0]
100054ea:	9301      	str	r3, [sp, #4]
100054ec:	3301      	adds	r3, #1
100054ee:	9300      	str	r3, [sp, #0]
100054f0:	2302      	movs	r3, #2
100054f2:	4630      	mov	r0, r6
100054f4:	461a      	mov	r2, r3
100054f6:	19e1      	adds	r1, r4, r7
100054f8:	f7ff fc58 	bl	10004dac <usbd_open_edpt_pair>
100054fc:	2800      	cmp	r0, #0
100054fe:	d0c8      	beq.n	10005492 <cdcd_open+0x1e>
10005500:	350e      	adds	r5, #14
10005502:	fa17 f585 	uxtah	r5, r7, r5
10005506:	b2ad      	uxth	r5, r5
10005508:	e7df      	b.n	100054ca <cdcd_open+0x56>
1000550a:	4621      	mov	r1, r4
1000550c:	4630      	mov	r0, r6
1000550e:	f7ff fc9b 	bl	10004e48 <usbd_edpt_open>
10005512:	2800      	cmp	r0, #0
10005514:	d0bd      	beq.n	10005492 <cdcd_open+0x1e>
10005516:	78a3      	ldrb	r3, [r4, #2]
10005518:	707b      	strb	r3, [r7, #1]
1000551a:	7823      	ldrb	r3, [r4, #0]
1000551c:	195a      	adds	r2, r3, r5
1000551e:	441c      	add	r4, r3
10005520:	7863      	ldrb	r3, [r4, #1]
10005522:	b295      	uxth	r5, r2
10005524:	e7da      	b.n	100054dc <cdcd_open+0x68>
10005526:	460b      	mov	r3, r1
10005528:	2509      	movs	r5, #9
1000552a:	e7d5      	b.n	100054d8 <cdcd_open+0x64>
1000552c:	20001438 	.word	0x20001438
10005530:	2000143a 	.word	0x2000143a

10005534 <cdcd_control_xfer_cb>:
10005534:	7813      	ldrb	r3, [r2, #0]
10005536:	f003 0360 	and.w	r3, r3, #96	@ 0x60
1000553a:	2b20      	cmp	r3, #32
1000553c:	d108      	bne.n	10005550 <cdcd_control_xfer_cb+0x1c>
1000553e:	b570      	push	{r4, r5, r6, lr}
10005540:	4c26      	ldr	r4, [pc, #152]	@ (100055dc <cdcd_control_xfer_cb+0xa8>)
10005542:	8893      	ldrh	r3, [r2, #4]
10005544:	f894 c000 	ldrb.w	ip, [r4]
10005548:	459c      	cmp	ip, r3
1000554a:	d003      	beq.n	10005554 <cdcd_control_xfer_cb+0x20>
1000554c:	2000      	movs	r0, #0
1000554e:	bd70      	pop	{r4, r5, r6, pc}
10005550:	2000      	movs	r0, #0
10005552:	4770      	bx	lr
10005554:	7853      	ldrb	r3, [r2, #1]
10005556:	3b20      	subs	r3, #32
10005558:	2b03      	cmp	r3, #3
1000555a:	d8f7      	bhi.n	1000554c <cdcd_control_xfer_cb+0x18>
1000555c:	e8df f003 	tbb	[pc, r3]
10005560:	020d2327 	.word	0x020d2327
10005564:	2901      	cmp	r1, #1
10005566:	d02e      	beq.n	100055c6 <cdcd_control_xfer_cb+0x92>
10005568:	2903      	cmp	r1, #3
1000556a:	d11e      	bne.n	100055aa <cdcd_control_xfer_cb+0x76>
1000556c:	4b1c      	ldr	r3, [pc, #112]	@ (100055e0 <cdcd_control_xfer_cb+0xac>)
1000556e:	b1e3      	cbz	r3, 100055aa <cdcd_control_xfer_cb+0x76>
10005570:	2000      	movs	r0, #0
10005572:	8851      	ldrh	r1, [r2, #2]
10005574:	f3af 8000 	nop.w
10005578:	e017      	b.n	100055aa <cdcd_control_xfer_cb+0x76>
1000557a:	2901      	cmp	r1, #1
1000557c:	d023      	beq.n	100055c6 <cdcd_control_xfer_cb+0x92>
1000557e:	2903      	cmp	r1, #3
10005580:	d113      	bne.n	100055aa <cdcd_control_xfer_cb+0x76>
10005582:	8855      	ldrh	r5, [r2, #2]
10005584:	4817      	ldr	r0, [pc, #92]	@ (100055e4 <cdcd_control_xfer_cb+0xb0>)
10005586:	f005 0601 	and.w	r6, r5, #1
1000558a:	f086 0101 	eor.w	r1, r6, #1
1000558e:	7125      	strb	r5, [r4, #4]
10005590:	f000 fdb8 	bl	10006104 <tu_fifo_set_overwritable>
10005594:	4b14      	ldr	r3, [pc, #80]	@ (100055e8 <cdcd_control_xfer_cb+0xb4>)
10005596:	b143      	cbz	r3, 100055aa <cdcd_control_xfer_cb+0x76>
10005598:	4631      	mov	r1, r6
1000559a:	2000      	movs	r0, #0
1000559c:	f3c5 0240 	ubfx	r2, r5, #1, #1
100055a0:	f3af 8000 	nop.w
100055a4:	e001      	b.n	100055aa <cdcd_control_xfer_cb+0x76>
100055a6:	2901      	cmp	r1, #1
100055a8:	d011      	beq.n	100055ce <cdcd_control_xfer_cb+0x9a>
100055aa:	2001      	movs	r0, #1
100055ac:	bd70      	pop	{r4, r5, r6, pc}
100055ae:	2901      	cmp	r1, #1
100055b0:	d00d      	beq.n	100055ce <cdcd_control_xfer_cb+0x9a>
100055b2:	2903      	cmp	r1, #3
100055b4:	d1f9      	bne.n	100055aa <cdcd_control_xfer_cb+0x76>
100055b6:	4b0d      	ldr	r3, [pc, #52]	@ (100055ec <cdcd_control_xfer_cb+0xb8>)
100055b8:	2b00      	cmp	r3, #0
100055ba:	d0f6      	beq.n	100055aa <cdcd_control_xfer_cb+0x76>
100055bc:	2000      	movs	r0, #0
100055be:	490c      	ldr	r1, [pc, #48]	@ (100055f0 <cdcd_control_xfer_cb+0xbc>)
100055c0:	f7fe faac 	bl	10003b1c <tud_cdc_line_coding_cb>
100055c4:	e7f1      	b.n	100055aa <cdcd_control_xfer_cb+0x76>
100055c6:	4611      	mov	r1, r2
100055c8:	f7ff fcbc 	bl	10004f44 <tud_control_status>
100055cc:	e7ed      	b.n	100055aa <cdcd_control_xfer_cb+0x76>
100055ce:	4611      	mov	r1, r2
100055d0:	2307      	movs	r3, #7
100055d2:	4a07      	ldr	r2, [pc, #28]	@ (100055f0 <cdcd_control_xfer_cb+0xbc>)
100055d4:	f7ff fcd0 	bl	10004f78 <tud_control_xfer>
100055d8:	e7e7      	b.n	100055aa <cdcd_control_xfer_cb+0x76>
100055da:	bf00      	nop
100055dc:	20001438 	.word	0x20001438
100055e0:	00000000 	.word	0x00000000
100055e4:	2000145c 	.word	0x2000145c
100055e8:	00000000 	.word	0x00000000
100055ec:	10003b1d 	.word	0x10003b1d
100055f0:	20001440 	.word	0x20001440

100055f4 <cdcd_xfer_cb>:
100055f4:	e92d 43f8 	stmdb	sp!, {r3, r4, r5, r6, r7, r8, r9, lr}
100055f8:	4e35      	ldr	r6, [pc, #212]	@ (100056d0 <cdcd_xfer_cb+0xdc>)
100055fa:	460c      	mov	r4, r1
100055fc:	78f2      	ldrb	r2, [r6, #3]
100055fe:	4607      	mov	r7, r0
10005600:	428a      	cmp	r2, r1
10005602:	461d      	mov	r5, r3
10005604:	d03d      	beq.n	10005682 <cdcd_xfer_cb+0x8e>
10005606:	78b3      	ldrb	r3, [r6, #2]
10005608:	428b      	cmp	r3, r1
1000560a:	d012      	beq.n	10005632 <cdcd_xfer_cb+0x3e>
1000560c:	f04f 23e0 	mov.w	r3, #3758153728	@ 0xe000e000
10005610:	f8d3 3df0 	ldr.w	r3, [r3, #3568]	@ 0xdf0
10005614:	07db      	lsls	r3, r3, #31
10005616:	d432      	bmi.n	1000567e <cdcd_xfer_cb+0x8a>
10005618:	2000      	movs	r0, #0
1000561a:	e8bd 83f8 	ldmia.w	sp!, {r3, r4, r5, r6, r7, r8, r9, pc}
1000561e:	4b2d      	ldr	r3, [pc, #180]	@ (100056d4 <cdcd_xfer_cb+0xe0>)
10005620:	b123      	cbz	r3, 1000562c <cdcd_xfer_cb+0x38>
10005622:	482d      	ldr	r0, [pc, #180]	@ (100056d8 <cdcd_xfer_cb+0xe4>)
10005624:	f000 fb80 	bl	10005d28 <tu_fifo_empty>
10005628:	2800      	cmp	r0, #0
1000562a:	d04d      	beq.n	100056c8 <cdcd_xfer_cb+0xd4>
1000562c:	2000      	movs	r0, #0
1000562e:	f7ff fd99 	bl	10005164 <_prep_out_transaction.isra.0>
10005632:	78b3      	ldrb	r3, [r6, #2]
10005634:	42a3      	cmp	r3, r4
10005636:	d001      	beq.n	1000563c <cdcd_xfer_cb+0x48>
10005638:	2001      	movs	r0, #1
1000563a:	e7ee      	b.n	1000561a <cdcd_xfer_cb+0x26>
1000563c:	4b27      	ldr	r3, [pc, #156]	@ (100056dc <cdcd_xfer_cb+0xe8>)
1000563e:	b113      	cbz	r3, 10005646 <cdcd_xfer_cb+0x52>
10005640:	2000      	movs	r0, #0
10005642:	f3af 8000 	nop.w
10005646:	2000      	movs	r0, #0
10005648:	f7ff fe2e 	bl	100052a8 <tud_cdc_n_write_flush>
1000564c:	2800      	cmp	r0, #0
1000564e:	d1f3      	bne.n	10005638 <cdcd_xfer_cb+0x44>
10005650:	4823      	ldr	r0, [pc, #140]	@ (100056e0 <cdcd_xfer_cb+0xec>)
10005652:	f000 fb59 	bl	10005d08 <tu_fifo_count>
10005656:	2800      	cmp	r0, #0
10005658:	d1ee      	bne.n	10005638 <cdcd_xfer_cb+0x44>
1000565a:	2d00      	cmp	r5, #0
1000565c:	d0ec      	beq.n	10005638 <cdcd_xfer_cb+0x44>
1000565e:	f015 053f 	ands.w	r5, r5, #63	@ 0x3f
10005662:	d1e9      	bne.n	10005638 <cdcd_xfer_cb+0x44>
10005664:	4638      	mov	r0, r7
10005666:	78b1      	ldrb	r1, [r6, #2]
10005668:	f7ff fc10 	bl	10004e8c <usbd_edpt_claim>
1000566c:	2800      	cmp	r0, #0
1000566e:	d0e3      	beq.n	10005638 <cdcd_xfer_cb+0x44>
10005670:	462b      	mov	r3, r5
10005672:	462a      	mov	r2, r5
10005674:	4638      	mov	r0, r7
10005676:	78b1      	ldrb	r1, [r6, #2]
10005678:	f7ff fc2c 	bl	10004ed4 <usbd_edpt_xfer>
1000567c:	e7dc      	b.n	10005638 <cdcd_xfer_cb+0x44>
1000567e:	be00      	bkpt	0x0000
10005680:	e7ca      	b.n	10005618 <cdcd_xfer_cb+0x24>
10005682:	b29a      	uxth	r2, r3
10005684:	4917      	ldr	r1, [pc, #92]	@ (100056e4 <cdcd_xfer_cb+0xf0>)
10005686:	f106 0010 	add.w	r0, r6, #16
1000568a:	f000 fc71 	bl	10005f70 <tu_fifo_write_n>
1000568e:	4b16      	ldr	r3, [pc, #88]	@ (100056e8 <cdcd_xfer_cb+0xf4>)
10005690:	2b00      	cmp	r3, #0
10005692:	d0c4      	beq.n	1000561e <cdcd_xfer_cb+0x2a>
10005694:	7973      	ldrb	r3, [r6, #5]
10005696:	2bff      	cmp	r3, #255	@ 0xff
10005698:	d0c1      	beq.n	1000561e <cdcd_xfer_cb+0x2a>
1000569a:	2d00      	cmp	r5, #0
1000569c:	d0bf      	beq.n	1000561e <cdcd_xfer_cb+0x2a>
1000569e:	f8df 8044 	ldr.w	r8, [pc, #68]	@ 100056e4 <cdcd_xfer_cb+0xf0>
100056a2:	eb08 0905 	add.w	r9, r8, r5
100056a6:	e002      	b.n	100056ae <cdcd_xfer_cb+0xba>
100056a8:	45c8      	cmp	r8, r9
100056aa:	d0b8      	beq.n	1000561e <cdcd_xfer_cb+0x2a>
100056ac:	7973      	ldrb	r3, [r6, #5]
100056ae:	f818 2b01 	ldrb.w	r2, [r8], #1
100056b2:	429a      	cmp	r2, r3
100056b4:	d1f8      	bne.n	100056a8 <cdcd_xfer_cb+0xb4>
100056b6:	4808      	ldr	r0, [pc, #32]	@ (100056d8 <cdcd_xfer_cb+0xe4>)
100056b8:	f000 fb36 	bl	10005d28 <tu_fifo_empty>
100056bc:	2800      	cmp	r0, #0
100056be:	d1f3      	bne.n	100056a8 <cdcd_xfer_cb+0xb4>
100056c0:	7971      	ldrb	r1, [r6, #5]
100056c2:	f3af 8000 	nop.w
100056c6:	e7ef      	b.n	100056a8 <cdcd_xfer_cb+0xb4>
100056c8:	f3af 8000 	nop.w
100056cc:	e7ae      	b.n	1000562c <cdcd_xfer_cb+0x38>
100056ce:	bf00      	nop
100056d0:	20001438 	.word	0x20001438
100056d4:	00000000 	.word	0x00000000
100056d8:	20001448 	.word	0x20001448
100056dc:	00000000 	.word	0x00000000
100056e0:	2000145c 	.word	0x2000145c
100056e4:	200013b4 	.word	0x200013b4
100056e8:	00000000 	.word	0x00000000

100056ec <vendord_init>:
100056ec:	b5f0      	push	{r4, r5, r6, r7, lr}
100056ee:	f44f 7213 	mov.w	r2, #588	@ 0x24c
100056f2:	b085      	sub	sp, #20
100056f4:	2100      	movs	r1, #0
100056f6:	4812      	ldr	r0, [pc, #72]	@ (10005740 <vendord_init+0x54>)
100056f8:	f000 fd22 	bl	10006140 <memset>
100056fc:	2640      	movs	r6, #64	@ 0x40
100056fe:	2300      	movs	r3, #0
10005700:	f44f 7580 	mov.w	r5, #256	@ 0x100
10005704:	4f0e      	ldr	r7, [pc, #56]	@ (10005740 <vendord_init+0x54>)
10005706:	4c0f      	ldr	r4, [pc, #60]	@ (10005744 <vendord_init+0x58>)
10005708:	f507 72a6 	add.w	r2, r7, #332	@ 0x14c
1000570c:	4619      	mov	r1, r3
1000570e:	e9cd 4602 	strd	r4, r6, [sp, #8]
10005712:	9200      	str	r2, [sp, #0]
10005714:	9501      	str	r5, [sp, #4]
10005716:	461a      	mov	r2, r3
10005718:	f507 7094 	add.w	r0, r7, #296	@ 0x128
1000571c:	f000 f9c6 	bl	10005aac <tu_edpt_stream_init>
10005720:	2300      	movs	r3, #0
10005722:	4638      	mov	r0, r7
10005724:	f107 0128 	add.w	r1, r7, #40	@ 0x28
10005728:	4434      	add	r4, r6
1000572a:	9100      	str	r1, [sp, #0]
1000572c:	2201      	movs	r2, #1
1000572e:	4619      	mov	r1, r3
10005730:	e9cd 4602 	strd	r4, r6, [sp, #8]
10005734:	9501      	str	r5, [sp, #4]
10005736:	3004      	adds	r0, #4
10005738:	f000 f9b8 	bl	10005aac <tu_edpt_stream_init>
1000573c:	b005      	add	sp, #20
1000573e:	bdf0      	pop	{r4, r5, r6, r7, pc}
10005740:	2000171c 	.word	0x2000171c
10005744:	2000169c 	.word	0x2000169c

10005748 <vendord_deinit>:
10005748:	b508      	push	{r3, lr}
1000574a:	4805      	ldr	r0, [pc, #20]	@ (10005760 <vendord_deinit+0x18>)
1000574c:	f000 f9da 	bl	10005b04 <tu_edpt_stream_deinit>
10005750:	4b03      	ldr	r3, [pc, #12]	@ (10005760 <vendord_deinit+0x18>)
10005752:	f5a3 7092 	sub.w	r0, r3, #292	@ 0x124
10005756:	f000 f9d5 	bl	10005b04 <tu_edpt_stream_deinit>
1000575a:	2001      	movs	r0, #1
1000575c:	bd08      	pop	{r3, pc}
1000575e:	bf00      	nop
10005760:	20001844 	.word	0x20001844

10005764 <vendord_reset>:
10005764:	b538      	push	{r3, r4, r5, lr}
10005766:	2500      	movs	r5, #0
10005768:	4c06      	ldr	r4, [pc, #24]	@ (10005784 <vendord_reset+0x20>)
1000576a:	f504 7098 	add.w	r0, r4, #304	@ 0x130
1000576e:	7025      	strb	r5, [r4, #0]
10005770:	f000 fcac 	bl	100060cc <tu_fifo_clear>
10005774:	f104 000c 	add.w	r0, r4, #12
10005778:	f000 fca8 	bl	100060cc <tu_fifo_clear>
1000577c:	f884 5129 	strb.w	r5, [r4, #297]	@ 0x129
10005780:	7165      	strb	r5, [r4, #5]
10005782:	bd38      	pop	{r3, r4, r5, pc}
10005784:	2000171c 	.word	0x2000171c

10005788 <vendord_open>:
10005788:	e92d 43f8 	stmdb	sp!, {r3, r4, r5, r6, r7, r8, r9, lr}
1000578c:	794b      	ldrb	r3, [r1, #5]
1000578e:	2bff      	cmp	r3, #255	@ 0xff
10005790:	d151      	bne.n	10005836 <vendord_open+0xae>
10005792:	4e35      	ldr	r6, [pc, #212]	@ (10005868 <vendord_open+0xe0>)
10005794:	f896 3129 	ldrb.w	r3, [r6, #297]	@ 0x129
10005798:	2b00      	cmp	r3, #0
1000579a:	d14c      	bne.n	10005836 <vendord_open+0xae>
1000579c:	f896 8005 	ldrb.w	r8, [r6, #5]
100057a0:	f1b8 0f00 	cmp.w	r8, #0
100057a4:	d147      	bne.n	10005836 <vendord_open+0xae>
100057a6:	788b      	ldrb	r3, [r1, #2]
100057a8:	780c      	ldrb	r4, [r1, #0]
100057aa:	7033      	strb	r3, [r6, #0]
100057ac:	790b      	ldrb	r3, [r1, #4]
100057ae:	460f      	mov	r7, r1
100057b0:	440c      	add	r4, r1
100057b2:	b3ab      	cbz	r3, 10005820 <vendord_open+0x98>
100057b4:	4681      	mov	r9, r0
100057b6:	18a5      	adds	r5, r4, r2
100057b8:	e003      	b.n	100057c2 <vendord_open+0x3a>
100057ba:	42a5      	cmp	r5, r4
100057bc:	d930      	bls.n	10005820 <vendord_open+0x98>
100057be:	7823      	ldrb	r3, [r4, #0]
100057c0:	441c      	add	r4, r3
100057c2:	7863      	ldrb	r3, [r4, #1]
100057c4:	2b05      	cmp	r3, #5
100057c6:	d1f8      	bne.n	100057ba <vendord_open+0x32>
100057c8:	42ac      	cmp	r4, r5
100057ca:	d229      	bcs.n	10005820 <vendord_open+0x98>
100057cc:	4621      	mov	r1, r4
100057ce:	4648      	mov	r0, r9
100057d0:	f7ff fb3a 	bl	10004e48 <usbd_edpt_open>
100057d4:	b340      	cbz	r0, 10005828 <vendord_open+0xa0>
100057d6:	78a3      	ldrb	r3, [r4, #2]
100057d8:	09db      	lsrs	r3, r3, #7
100057da:	d12f      	bne.n	1000583c <vendord_open+0xb4>
100057dc:	4823      	ldr	r0, [pc, #140]	@ (1000586c <vendord_open+0xe4>)
100057de:	f000 fc75 	bl	100060cc <tu_fifo_clear>
100057e2:	78a3      	ldrb	r3, [r4, #2]
100057e4:	f896 2128 	ldrb.w	r2, [r6, #296]	@ 0x128
100057e8:	f886 3129 	strb.w	r3, [r6, #297]	@ 0x129
100057ec:	88a3      	ldrh	r3, [r4, #4]
100057ee:	4648      	mov	r0, r9
100057f0:	f3c3 030a 	ubfx	r3, r3, #0, #11
100057f4:	f5a3 7300 	sub.w	r3, r3, #512	@ 0x200
100057f8:	fab3 f383 	clz	r3, r3
100057fc:	095b      	lsrs	r3, r3, #5
100057fe:	f363 0241 	bfi	r2, r3, #1, #1
10005802:	491b      	ldr	r1, [pc, #108]	@ (10005870 <vendord_open+0xe8>)
10005804:	f886 2128 	strb.w	r2, [r6, #296]	@ 0x128
10005808:	f000 f9ea 	bl	10005be0 <tu_edpt_stream_read_xfer>
1000580c:	b160      	cbz	r0, 10005828 <vendord_open+0xa0>
1000580e:	7823      	ldrb	r3, [r4, #0]
10005810:	793a      	ldrb	r2, [r7, #4]
10005812:	f108 0801 	add.w	r8, r8, #1
10005816:	441c      	add	r4, r3
10005818:	fa5f f388 	uxtb.w	r3, r8
1000581c:	429a      	cmp	r2, r3
1000581e:	d8d0      	bhi.n	100057c2 <vendord_open+0x3a>
10005820:	1be1      	subs	r1, r4, r7
10005822:	b288      	uxth	r0, r1
10005824:	e8bd 83f8 	ldmia.w	sp!, {r3, r4, r5, r6, r7, r8, r9, pc}
10005828:	f04f 23e0 	mov.w	r3, #3758153728	@ 0xe000e000
1000582c:	f8d3 3df0 	ldr.w	r3, [r3, #3568]	@ 0xdf0
10005830:	07db      	lsls	r3, r3, #31
10005832:	d500      	bpl.n	10005836 <vendord_open+0xae>
10005834:	be00      	bkpt	0x0000
10005836:	2000      	movs	r0, #0
10005838:	e8bd 83f8 	ldmia.w	sp!, {r3, r4, r5, r6, r7, r8, r9, pc}
1000583c:	480d      	ldr	r0, [pc, #52]	@ (10005874 <vendord_open+0xec>)
1000583e:	f000 fc45 	bl	100060cc <tu_fifo_clear>
10005842:	78a3      	ldrb	r3, [r4, #2]
10005844:	7932      	ldrb	r2, [r6, #4]
10005846:	7173      	strb	r3, [r6, #5]
10005848:	88a3      	ldrh	r3, [r4, #4]
1000584a:	490b      	ldr	r1, [pc, #44]	@ (10005878 <vendord_open+0xf0>)
1000584c:	f3c3 030a 	ubfx	r3, r3, #0, #11
10005850:	f5a3 7300 	sub.w	r3, r3, #512	@ 0x200
10005854:	fab3 f383 	clz	r3, r3
10005858:	095b      	lsrs	r3, r3, #5
1000585a:	f363 0241 	bfi	r2, r3, #1, #1
1000585e:	2000      	movs	r0, #0
10005860:	7132      	strb	r2, [r6, #4]
10005862:	f000 f985 	bl	10005b70 <tu_edpt_stream_write_xfer>
10005866:	e7d2      	b.n	1000580e <vendord_open+0x86>
10005868:	2000171c 	.word	0x2000171c
1000586c:	2000184c 	.word	0x2000184c
10005870:	20001844 	.word	0x20001844
10005874:	20001728 	.word	0x20001728
10005878:	20001720 	.word	0x20001720

1000587c <vendord_xfer_cb>:
1000587c:	b570      	push	{r4, r5, r6, lr}
1000587e:	4c1b      	ldr	r4, [pc, #108]	@ (100058ec <vendord_xfer_cb+0x70>)
10005880:	4606      	mov	r6, r0
10005882:	f894 c129 	ldrb.w	ip, [r4, #297]	@ 0x129
10005886:	461d      	mov	r5, r3
10005888:	458c      	cmp	ip, r1
1000588a:	d011      	beq.n	100058b0 <vendord_xfer_cb+0x34>
1000588c:	7963      	ldrb	r3, [r4, #5]
1000588e:	428b      	cmp	r3, r1
10005890:	d001      	beq.n	10005896 <vendord_xfer_cb+0x1a>
10005892:	2000      	movs	r0, #0
10005894:	bd70      	pop	{r4, r5, r6, pc}
10005896:	4b16      	ldr	r3, [pc, #88]	@ (100058f0 <vendord_xfer_cb+0x74>)
10005898:	b11b      	cbz	r3, 100058a2 <vendord_xfer_cb+0x26>
1000589a:	2000      	movs	r0, #0
1000589c:	b2a9      	uxth	r1, r5
1000589e:	f3af 8000 	nop.w
100058a2:	4630      	mov	r0, r6
100058a4:	4913      	ldr	r1, [pc, #76]	@ (100058f4 <vendord_xfer_cb+0x78>)
100058a6:	f000 f963 	bl	10005b70 <tu_edpt_stream_write_xfer>
100058aa:	b1c8      	cbz	r0, 100058e0 <vendord_xfer_cb+0x64>
100058ac:	2001      	movs	r0, #1
100058ae:	bd70      	pop	{r4, r5, r6, pc}
100058b0:	f8b4 3134 	ldrh.w	r3, [r4, #308]	@ 0x134
100058b4:	b963      	cbnz	r3, 100058d0 <vendord_xfer_cb+0x54>
100058b6:	4b10      	ldr	r3, [pc, #64]	@ (100058f8 <vendord_xfer_cb+0x7c>)
100058b8:	b123      	cbz	r3, 100058c4 <vendord_xfer_cb+0x48>
100058ba:	2000      	movs	r0, #0
100058bc:	490f      	ldr	r1, [pc, #60]	@ (100058fc <vendord_xfer_cb+0x80>)
100058be:	b2aa      	uxth	r2, r5
100058c0:	f3af 8000 	nop.w
100058c4:	4630      	mov	r0, r6
100058c6:	490e      	ldr	r1, [pc, #56]	@ (10005900 <vendord_xfer_cb+0x84>)
100058c8:	f000 f98a 	bl	10005be0 <tu_edpt_stream_read_xfer>
100058cc:	2001      	movs	r0, #1
100058ce:	e7ee      	b.n	100058ae <vendord_xfer_cb+0x32>
100058d0:	f8d4 112c 	ldr.w	r1, [r4, #300]	@ 0x12c
100058d4:	b2aa      	uxth	r2, r5
100058d6:	f504 7098 	add.w	r0, r4, #304	@ 0x130
100058da:	f000 fb49 	bl	10005f70 <tu_fifo_write_n>
100058de:	e7ea      	b.n	100058b6 <vendord_xfer_cb+0x3a>
100058e0:	462a      	mov	r2, r5
100058e2:	4630      	mov	r0, r6
100058e4:	4903      	ldr	r1, [pc, #12]	@ (100058f4 <vendord_xfer_cb+0x78>)
100058e6:	f000 f90f 	bl	10005b08 <tu_edpt_stream_write_zlp_if_needed>
100058ea:	e7df      	b.n	100058ac <vendord_xfer_cb+0x30>
100058ec:	2000171c 	.word	0x2000171c
100058f0:	00000000 	.word	0x00000000
100058f4:	20001720 	.word	0x20001720
100058f8:	00000000 	.word	0x00000000
100058fc:	2000169c 	.word	0x2000169c
10005900:	20001844 	.word	0x20001844

10005904 <tusb_rhport_init>:
10005904:	b510      	push	{r4, lr}
10005906:	b082      	sub	sp, #8
10005908:	b1c9      	cbz	r1, 1000593e <tusb_rhport_init+0x3a>
1000590a:	2801      	cmp	r0, #1
1000590c:	d80c      	bhi.n	10005928 <tusb_rhport_init+0x24>
1000590e:	780b      	ldrb	r3, [r1, #0]
10005910:	b153      	cbz	r3, 10005928 <tusb_rhport_init+0x24>
10005912:	4c14      	ldr	r4, [pc, #80]	@ (10005964 <tusb_rhport_init+0x60>)
10005914:	2b01      	cmp	r3, #1
10005916:	5423      	strb	r3, [r4, r0]
10005918:	d002      	beq.n	10005920 <tusb_rhport_init+0x1c>
1000591a:	2001      	movs	r0, #1
1000591c:	b002      	add	sp, #8
1000591e:	bd10      	pop	{r4, pc}
10005920:	f7fe fe08 	bl	10004534 <tud_rhport_init>
10005924:	2800      	cmp	r0, #0
10005926:	d1f8      	bne.n	1000591a <tusb_rhport_init+0x16>
10005928:	f04f 23e0 	mov.w	r3, #3758153728	@ 0xe000e000
1000592c:	f8d3 3df0 	ldr.w	r3, [r3, #3568]	@ 0xdf0
10005930:	07db      	lsls	r3, r3, #31
10005932:	d402      	bmi.n	1000593a <tusb_rhport_init+0x36>
10005934:	2000      	movs	r0, #0
10005936:	b002      	add	sp, #8
10005938:	bd10      	pop	{r4, pc}
1000593a:	be00      	bkpt	0x0000
1000593c:	e7fa      	b.n	10005934 <tusb_rhport_init+0x30>
1000593e:	2401      	movs	r4, #1
10005940:	4608      	mov	r0, r1
10005942:	a901      	add	r1, sp, #4
10005944:	f8ad 4004 	strh.w	r4, [sp, #4]
10005948:	f7fe fdf4 	bl	10004534 <tud_rhport_init>
1000594c:	b938      	cbnz	r0, 1000595e <tusb_rhport_init+0x5a>
1000594e:	f04f 23e0 	mov.w	r3, #3758153728	@ 0xe000e000
10005952:	f8d3 3df0 	ldr.w	r3, [r3, #3568]	@ 0xdf0
10005956:	07da      	lsls	r2, r3, #31
10005958:	d5ed      	bpl.n	10005936 <tusb_rhport_init+0x32>
1000595a:	be00      	bkpt	0x0000
1000595c:	e7eb      	b.n	10005936 <tusb_rhport_init+0x32>
1000595e:	4b01      	ldr	r3, [pc, #4]	@ (10005964 <tusb_rhport_init+0x60>)
10005960:	701c      	strb	r4, [r3, #0]
10005962:	e7e8      	b.n	10005936 <tusb_rhport_init+0x32>
10005964:	20001574 	.word	0x20001574

10005968 <tu_edpt_claim>:
10005968:	b5f8      	push	{r3, r4, r5, r6, r7, lr}
1000596a:	7803      	ldrb	r3, [r0, #0]
1000596c:	f013 0401 	ands.w	r4, r3, #1
10005970:	d11a      	bne.n	100059a8 <tu_edpt_claim+0x40>
10005972:	7803      	ldrb	r3, [r0, #0]
10005974:	4605      	mov	r5, r0
10005976:	075a      	lsls	r2, r3, #29
10005978:	f3c3 0780 	ubfx	r7, r3, #2, #1
1000597c:	d501      	bpl.n	10005982 <tu_edpt_claim+0x1a>
1000597e:	4620      	mov	r0, r4
10005980:	bdf8      	pop	{r3, r4, r5, r6, r7, pc}
10005982:	460e      	mov	r6, r1
10005984:	f04f 31ff 	mov.w	r1, #4294967295
10005988:	4630      	mov	r0, r6
1000598a:	f000 fccd 	bl	10006328 <__mutex_enter_timeout_ms_veneer>
1000598e:	782b      	ldrb	r3, [r5, #0]
10005990:	f013 0401 	ands.w	r4, r3, #1
10005994:	d10b      	bne.n	100059ae <tu_edpt_claim+0x46>
10005996:	782b      	ldrb	r3, [r5, #0]
10005998:	075b      	lsls	r3, r3, #29
1000599a:	d409      	bmi.n	100059b0 <tu_edpt_claim+0x48>
1000599c:	782b      	ldrb	r3, [r5, #0]
1000599e:	2401      	movs	r4, #1
100059a0:	f043 0304 	orr.w	r3, r3, #4
100059a4:	702b      	strb	r3, [r5, #0]
100059a6:	e003      	b.n	100059b0 <tu_edpt_claim+0x48>
100059a8:	2400      	movs	r4, #0
100059aa:	4620      	mov	r0, r4
100059ac:	bdf8      	pop	{r3, r4, r5, r6, r7, pc}
100059ae:	463c      	mov	r4, r7
100059b0:	4630      	mov	r0, r6
100059b2:	f000 fcd1 	bl	10006358 <__mutex_exit_veneer>
100059b6:	4620      	mov	r0, r4
100059b8:	bdf8      	pop	{r3, r4, r5, r6, r7, pc}
100059ba:	bf00      	nop

100059bc <tu_edpt_release>:
100059bc:	b570      	push	{r4, r5, r6, lr}
100059be:	460c      	mov	r4, r1
100059c0:	4605      	mov	r5, r0
100059c2:	f04f 31ff 	mov.w	r1, #4294967295
100059c6:	4620      	mov	r0, r4
100059c8:	f000 fcae 	bl	10006328 <__mutex_enter_timeout_ms_veneer>
100059cc:	782b      	ldrb	r3, [r5, #0]
100059ce:	f3c3 0680 	ubfx	r6, r3, #2, #1
100059d2:	075b      	lsls	r3, r3, #29
100059d4:	d508      	bpl.n	100059e8 <tu_edpt_release+0x2c>
100059d6:	782b      	ldrb	r3, [r5, #0]
100059d8:	f013 0301 	ands.w	r3, r3, #1
100059dc:	bf11      	iteee	ne
100059de:	2600      	movne	r6, #0
100059e0:	782a      	ldrbeq	r2, [r5, #0]
100059e2:	f363 0282 	bfieq	r2, r3, #2, #1
100059e6:	702a      	strbeq	r2, [r5, #0]
100059e8:	4620      	mov	r0, r4
100059ea:	f000 fcb5 	bl	10006358 <__mutex_exit_veneer>
100059ee:	4630      	mov	r0, r6
100059f0:	bd70      	pop	{r4, r5, r6, pc}
100059f2:	bf00      	nop

100059f4 <tu_edpt_validate>:
100059f4:	78c3      	ldrb	r3, [r0, #3]
100059f6:	8882      	ldrh	r2, [r0, #4]
100059f8:	f003 0003 	and.w	r0, r3, #3
100059fc:	2802      	cmp	r0, #2
100059fe:	f3c2 020a 	ubfx	r2, r2, #0, #11
10005a02:	d015      	beq.n	10005a30 <tu_edpt_validate+0x3c>
10005a04:	2803      	cmp	r0, #3
10005a06:	d00a      	beq.n	10005a1e <tu_edpt_validate+0x2a>
10005a08:	2801      	cmp	r0, #1
10005a0a:	d11c      	bne.n	10005a46 <tu_edpt_validate+0x52>
10005a0c:	2902      	cmp	r1, #2
10005a0e:	f240 33ff 	movw	r3, #1023	@ 0x3ff
10005a12:	bf08      	it	eq
10005a14:	f44f 6380 	moveq.w	r3, #1024	@ 0x400
10005a18:	4293      	cmp	r3, r2
10005a1a:	d30d      	bcc.n	10005a38 <tu_edpt_validate+0x44>
10005a1c:	4770      	bx	lr
10005a1e:	2902      	cmp	r1, #2
10005a20:	bf14      	ite	ne
10005a22:	2340      	movne	r3, #64	@ 0x40
10005a24:	f44f 6380 	moveq.w	r3, #1024	@ 0x400
10005a28:	4293      	cmp	r3, r2
10005a2a:	d305      	bcc.n	10005a38 <tu_edpt_validate+0x44>
10005a2c:	2001      	movs	r0, #1
10005a2e:	4770      	bx	lr
10005a30:	2902      	cmp	r1, #2
10005a32:	d00a      	beq.n	10005a4a <tu_edpt_validate+0x56>
10005a34:	2a40      	cmp	r2, #64	@ 0x40
10005a36:	d9f9      	bls.n	10005a2c <tu_edpt_validate+0x38>
10005a38:	f04f 23e0 	mov.w	r3, #3758153728	@ 0xe000e000
10005a3c:	f8d3 3df0 	ldr.w	r3, [r3, #3568]	@ 0xdf0
10005a40:	07db      	lsls	r3, r3, #31
10005a42:	d500      	bpl.n	10005a46 <tu_edpt_validate+0x52>
10005a44:	be00      	bkpt	0x0000
10005a46:	2000      	movs	r0, #0
10005a48:	4770      	bx	lr
10005a4a:	f5b2 7f00 	cmp.w	r2, #512	@ 0x200
10005a4e:	d0ed      	beq.n	10005a2c <tu_edpt_validate+0x38>
10005a50:	e7f2      	b.n	10005a38 <tu_edpt_validate+0x44>
10005a52:	bf00      	nop

10005a54 <tu_edpt_bind_driver>:
10005a54:	440a      	add	r2, r1
10005a56:	4291      	cmp	r1, r2
10005a58:	d226      	bcs.n	10005aa8 <tu_edpt_bind_driver+0x54>
10005a5a:	f891 c001 	ldrb.w	ip, [r1, #1]
10005a5e:	f1bc 0f05 	cmp.w	ip, #5
10005a62:	d005      	beq.n	10005a70 <tu_edpt_bind_driver+0x1c>
10005a64:	f891 c000 	ldrb.w	ip, [r1]
10005a68:	4461      	add	r1, ip
10005a6a:	428a      	cmp	r2, r1
10005a6c:	d8f5      	bhi.n	10005a5a <tu_edpt_bind_driver+0x6>
10005a6e:	4770      	bx	lr
10005a70:	b500      	push	{lr}
10005a72:	f891 c002 	ldrb.w	ip, [r1, #2]
10005a76:	f00c 0e7f 	and.w	lr, ip, #127	@ 0x7f
10005a7a:	eb00 0e4e 	add.w	lr, r0, lr, lsl #1
10005a7e:	ea4f 1cdc 	mov.w	ip, ip, lsr #7
10005a82:	f80e 300c 	strb.w	r3, [lr, ip]
10005a86:	f891 c000 	ldrb.w	ip, [r1]
10005a8a:	4461      	add	r1, ip
10005a8c:	428a      	cmp	r2, r1
10005a8e:	d909      	bls.n	10005aa4 <tu_edpt_bind_driver+0x50>
10005a90:	f891 c001 	ldrb.w	ip, [r1, #1]
10005a94:	f1bc 0f05 	cmp.w	ip, #5
10005a98:	d0eb      	beq.n	10005a72 <tu_edpt_bind_driver+0x1e>
10005a9a:	f891 c000 	ldrb.w	ip, [r1]
10005a9e:	4461      	add	r1, ip
10005aa0:	428a      	cmp	r2, r1
10005aa2:	d8f5      	bhi.n	10005a90 <tu_edpt_bind_driver+0x3c>
10005aa4:	f85d fb04 	ldr.w	pc, [sp], #4
10005aa8:	4770      	bx	lr
10005aaa:	bf00      	nop

10005aac <tu_edpt_stream_init>:
10005aac:	e92d 41f0 	stmdb	sp!, {r4, r5, r6, r7, r8, lr}
10005ab0:	468e      	mov	lr, r1
10005ab2:	b082      	sub	sp, #8
10005ab4:	9300      	str	r3, [sp, #0]
10005ab6:	f890 c000 	ldrb.w	ip, [r0]
10005aba:	9e08      	ldr	r6, [sp, #32]
10005abc:	f8bd 7024 	ldrh.w	r7, [sp, #36]	@ 0x24
10005ac0:	f36e 0c00 	bfi	ip, lr, #0, #1
10005ac4:	4604      	mov	r4, r0
10005ac6:	4615      	mov	r5, r2
10005ac8:	2301      	movs	r3, #1
10005aca:	4631      	mov	r1, r6
10005acc:	463a      	mov	r2, r7
10005ace:	f800 cb08 	strb.w	ip, [r0], #8
10005ad2:	f8bd 802c 	ldrh.w	r8, [sp, #44]	@ 0x2c
10005ad6:	f000 f8e7 	bl	10005ca8 <tu_fifo_config>
10005ada:	b106      	cbz	r6, 10005ade <tu_edpt_stream_init+0x32>
10005adc:	b93f      	cbnz	r7, 10005aee <tu_edpt_stream_init+0x42>
10005ade:	2001      	movs	r0, #1
10005ae0:	9b0a      	ldr	r3, [sp, #40]	@ 0x28
10005ae2:	f8a4 8002 	strh.w	r8, [r4, #2]
10005ae6:	6063      	str	r3, [r4, #4]
10005ae8:	b002      	add	sp, #8
10005aea:	e8bd 81f0 	ldmia.w	sp!, {r4, r5, r6, r7, r8, pc}
10005aee:	f104 061c 	add.w	r6, r4, #28
10005af2:	4630      	mov	r0, r6
10005af4:	f7fb f97a 	bl	10000dec <mutex_init>
10005af8:	b10d      	cbz	r5, 10005afe <tu_edpt_stream_init+0x52>
10005afa:	4635      	mov	r5, r6
10005afc:	2600      	movs	r6, #0
10005afe:	e9c4 5605 	strd	r5, r6, [r4, #20]
10005b02:	e7ec      	b.n	10005ade <tu_edpt_stream_init+0x32>

10005b04 <tu_edpt_stream_deinit>:
10005b04:	2001      	movs	r0, #1
10005b06:	4770      	bx	lr

10005b08 <tu_edpt_stream_write_zlp_if_needed>:
10005b08:	b5f8      	push	{r3, r4, r5, r6, r7, lr}
10005b0a:	4607      	mov	r7, r0
10005b0c:	4608      	mov	r0, r1
10005b0e:	f240 13ff 	movw	r3, #511	@ 0x1ff
10005b12:	4615      	mov	r5, r2
10005b14:	f810 2b08 	ldrb.w	r2, [r0], #8
10005b18:	460c      	mov	r4, r1
10005b1a:	f012 0f02 	tst.w	r2, #2
10005b1e:	bf0c      	ite	eq
10005b20:	263f      	moveq	r6, #63	@ 0x3f
10005b22:	461e      	movne	r6, r3
10005b24:	f000 f8f0 	bl	10005d08 <tu_fifo_count>
10005b28:	b928      	cbnz	r0, 10005b36 <tu_edpt_stream_write_zlp_if_needed+0x2e>
10005b2a:	b125      	cbz	r5, 10005b36 <tu_edpt_stream_write_zlp_if_needed+0x2e>
10005b2c:	422e      	tst	r6, r5
10005b2e:	d102      	bne.n	10005b36 <tu_edpt_stream_write_zlp_if_needed+0x2e>
10005b30:	7823      	ldrb	r3, [r4, #0]
10005b32:	07da      	lsls	r2, r3, #31
10005b34:	d501      	bpl.n	10005b3a <tu_edpt_stream_write_zlp_if_needed+0x32>
10005b36:	2000      	movs	r0, #0
10005b38:	bdf8      	pop	{r3, r4, r5, r6, r7, pc}
10005b3a:	4638      	mov	r0, r7
10005b3c:	7861      	ldrb	r1, [r4, #1]
10005b3e:	f7ff f9a5 	bl	10004e8c <usbd_edpt_claim>
10005b42:	2800      	cmp	r0, #0
10005b44:	d0f7      	beq.n	10005b36 <tu_edpt_stream_write_zlp_if_needed+0x2e>
10005b46:	7823      	ldrb	r3, [r4, #0]
10005b48:	f013 0301 	ands.w	r3, r3, #1
10005b4c:	d007      	beq.n	10005b5e <tu_edpt_stream_write_zlp_if_needed+0x56>
10005b4e:	f04f 23e0 	mov.w	r3, #3758153728	@ 0xe000e000
10005b52:	f8d3 3df0 	ldr.w	r3, [r3, #3568]	@ 0xdf0
10005b56:	07db      	lsls	r3, r3, #31
10005b58:	d5ed      	bpl.n	10005b36 <tu_edpt_stream_write_zlp_if_needed+0x2e>
10005b5a:	be00      	bkpt	0x0000
10005b5c:	e7eb      	b.n	10005b36 <tu_edpt_stream_write_zlp_if_needed+0x2e>
10005b5e:	461a      	mov	r2, r3
10005b60:	4638      	mov	r0, r7
10005b62:	7861      	ldrb	r1, [r4, #1]
10005b64:	f7ff f9b6 	bl	10004ed4 <usbd_edpt_xfer>
10005b68:	2800      	cmp	r0, #0
10005b6a:	d0f0      	beq.n	10005b4e <tu_edpt_stream_write_zlp_if_needed+0x46>
10005b6c:	bdf8      	pop	{r3, r4, r5, r6, r7, pc}
10005b6e:	bf00      	nop

10005b70 <tu_edpt_stream_write_xfer>:
10005b70:	b570      	push	{r4, r5, r6, lr}
10005b72:	f101 0508 	add.w	r5, r1, #8
10005b76:	4606      	mov	r6, r0
10005b78:	4628      	mov	r0, r5
10005b7a:	460c      	mov	r4, r1
10005b7c:	f000 f8c4 	bl	10005d08 <tu_fifo_count>
10005b80:	b110      	cbz	r0, 10005b88 <tu_edpt_stream_write_xfer+0x18>
10005b82:	7823      	ldrb	r3, [r4, #0]
10005b84:	07da      	lsls	r2, r3, #31
10005b86:	d501      	bpl.n	10005b8c <tu_edpt_stream_write_xfer+0x1c>
10005b88:	2000      	movs	r0, #0
10005b8a:	bd70      	pop	{r4, r5, r6, pc}
10005b8c:	4630      	mov	r0, r6
10005b8e:	7861      	ldrb	r1, [r4, #1]
10005b90:	f7ff f97c 	bl	10004e8c <usbd_edpt_claim>
10005b94:	2800      	cmp	r0, #0
10005b96:	d0f7      	beq.n	10005b88 <tu_edpt_stream_write_xfer+0x18>
10005b98:	4628      	mov	r0, r5
10005b9a:	8862      	ldrh	r2, [r4, #2]
10005b9c:	6861      	ldr	r1, [r4, #4]
10005b9e:	f000 f929 	bl	10005df4 <tu_fifo_read_n>
10005ba2:	7823      	ldrb	r3, [r4, #0]
10005ba4:	4605      	mov	r5, r0
10005ba6:	f003 0301 	and.w	r3, r3, #1
10005baa:	b140      	cbz	r0, 10005bbe <tu_edpt_stream_write_xfer+0x4e>
10005bac:	b173      	cbz	r3, 10005bcc <tu_edpt_stream_write_xfer+0x5c>
10005bae:	f04f 23e0 	mov.w	r3, #3758153728	@ 0xe000e000
10005bb2:	f8d3 3df0 	ldr.w	r3, [r3, #3568]	@ 0xdf0
10005bb6:	07db      	lsls	r3, r3, #31
10005bb8:	d5e6      	bpl.n	10005b88 <tu_edpt_stream_write_xfer+0x18>
10005bba:	be00      	bkpt	0x0000
10005bbc:	e7e4      	b.n	10005b88 <tu_edpt_stream_write_xfer+0x18>
10005bbe:	2b00      	cmp	r3, #0
10005bc0:	d1e2      	bne.n	10005b88 <tu_edpt_stream_write_xfer+0x18>
10005bc2:	4630      	mov	r0, r6
10005bc4:	7861      	ldrb	r1, [r4, #1]
10005bc6:	f7ff f973 	bl	10004eb0 <usbd_edpt_release>
10005bca:	e7dd      	b.n	10005b88 <tu_edpt_stream_write_xfer+0x18>
10005bcc:	4603      	mov	r3, r0
10005bce:	6862      	ldr	r2, [r4, #4]
10005bd0:	4630      	mov	r0, r6
10005bd2:	7861      	ldrb	r1, [r4, #1]
10005bd4:	f7ff f97e 	bl	10004ed4 <usbd_edpt_xfer>
10005bd8:	2800      	cmp	r0, #0
10005bda:	d0e8      	beq.n	10005bae <tu_edpt_stream_write_xfer+0x3e>
10005bdc:	4628      	mov	r0, r5
10005bde:	bd70      	pop	{r4, r5, r6, pc}

10005be0 <tu_edpt_stream_read_xfer>:
10005be0:	898a      	ldrh	r2, [r1, #12]
10005be2:	e92d 41f0 	stmdb	sp!, {r4, r5, r6, r7, r8, lr}
10005be6:	780b      	ldrb	r3, [r1, #0]
10005be8:	460c      	mov	r4, r1
10005bea:	4606      	mov	r6, r0
10005bec:	b922      	cbnz	r2, 10005bf8 <tu_edpt_stream_read_xfer+0x18>
10005bee:	07dd      	lsls	r5, r3, #31
10005bf0:	d534      	bpl.n	10005c5c <tu_edpt_stream_read_xfer+0x7c>
10005bf2:	2000      	movs	r0, #0
10005bf4:	e8bd 81f0 	ldmia.w	sp!, {r4, r5, r6, r7, r8, pc}
10005bf8:	f104 0708 	add.w	r7, r4, #8
10005bfc:	0799      	lsls	r1, r3, #30
10005bfe:	4638      	mov	r0, r7
10005c00:	bf47      	ittee	mi
10005c02:	f44f 487e 	movmi.w	r8, #65024	@ 0xfe00
10005c06:	f44f 7500 	movmi.w	r5, #512	@ 0x200
10005c0a:	f64f 78c0 	movwpl	r8, #65472	@ 0xffc0
10005c0e:	2540      	movpl	r5, #64	@ 0x40
10005c10:	f000 f894 	bl	10005d3c <tu_fifo_remaining>
10005c14:	4285      	cmp	r5, r0
10005c16:	d8ec      	bhi.n	10005bf2 <tu_edpt_stream_read_xfer+0x12>
10005c18:	7823      	ldrb	r3, [r4, #0]
10005c1a:	07da      	lsls	r2, r3, #31
10005c1c:	d4e9      	bmi.n	10005bf2 <tu_edpt_stream_read_xfer+0x12>
10005c1e:	4630      	mov	r0, r6
10005c20:	7861      	ldrb	r1, [r4, #1]
10005c22:	f7ff f933 	bl	10004e8c <usbd_edpt_claim>
10005c26:	2800      	cmp	r0, #0
10005c28:	d0e3      	beq.n	10005bf2 <tu_edpt_stream_read_xfer+0x12>
10005c2a:	4638      	mov	r0, r7
10005c2c:	f000 f886 	bl	10005d3c <tu_fifo_remaining>
10005c30:	7823      	ldrb	r3, [r4, #0]
10005c32:	4285      	cmp	r5, r0
10005c34:	f003 0301 	and.w	r3, r3, #1
10005c38:	d82d      	bhi.n	10005c96 <tu_edpt_stream_read_xfer+0xb6>
10005c3a:	b9bb      	cbnz	r3, 10005c6c <tu_edpt_stream_read_xfer+0x8c>
10005c3c:	8865      	ldrh	r5, [r4, #2]
10005c3e:	ea08 0800 	and.w	r8, r8, r0
10005c42:	4545      	cmp	r5, r8
10005c44:	bf28      	it	cs
10005c46:	4645      	movcs	r5, r8
10005c48:	7861      	ldrb	r1, [r4, #1]
10005c4a:	b35d      	cbz	r5, 10005ca4 <tu_edpt_stream_read_xfer+0xc4>
10005c4c:	6862      	ldr	r2, [r4, #4]
10005c4e:	462b      	mov	r3, r5
10005c50:	4630      	mov	r0, r6
10005c52:	f7ff f93f 	bl	10004ed4 <usbd_edpt_xfer>
10005c56:	b148      	cbz	r0, 10005c6c <tu_edpt_stream_read_xfer+0x8c>
10005c58:	4628      	mov	r0, r5
10005c5a:	e7cb      	b.n	10005bf4 <tu_edpt_stream_read_xfer+0x14>
10005c5c:	7849      	ldrb	r1, [r1, #1]
10005c5e:	f7ff f915 	bl	10004e8c <usbd_edpt_claim>
10005c62:	2800      	cmp	r0, #0
10005c64:	d0c5      	beq.n	10005bf2 <tu_edpt_stream_read_xfer+0x12>
10005c66:	7823      	ldrb	r3, [r4, #0]
10005c68:	07d8      	lsls	r0, r3, #31
10005c6a:	d507      	bpl.n	10005c7c <tu_edpt_stream_read_xfer+0x9c>
10005c6c:	f04f 23e0 	mov.w	r3, #3758153728	@ 0xe000e000
10005c70:	f8d3 3df0 	ldr.w	r3, [r3, #3568]	@ 0xdf0
10005c74:	07db      	lsls	r3, r3, #31
10005c76:	d5bc      	bpl.n	10005bf2 <tu_edpt_stream_read_xfer+0x12>
10005c78:	be00      	bkpt	0x0000
10005c7a:	e7ba      	b.n	10005bf2 <tu_edpt_stream_read_xfer+0x12>
10005c7c:	8863      	ldrh	r3, [r4, #2]
10005c7e:	7861      	ldrb	r1, [r4, #1]
10005c80:	b13b      	cbz	r3, 10005c92 <tu_edpt_stream_read_xfer+0xb2>
10005c82:	6862      	ldr	r2, [r4, #4]
10005c84:	4630      	mov	r0, r6
10005c86:	f7ff f925 	bl	10004ed4 <usbd_edpt_xfer>
10005c8a:	2800      	cmp	r0, #0
10005c8c:	d0ee      	beq.n	10005c6c <tu_edpt_stream_read_xfer+0x8c>
10005c8e:	8860      	ldrh	r0, [r4, #2]
10005c90:	e7b0      	b.n	10005bf4 <tu_edpt_stream_read_xfer+0x14>
10005c92:	461a      	mov	r2, r3
10005c94:	e7f6      	b.n	10005c84 <tu_edpt_stream_read_xfer+0xa4>
10005c96:	2b00      	cmp	r3, #0
10005c98:	d1ab      	bne.n	10005bf2 <tu_edpt_stream_read_xfer+0x12>
10005c9a:	4630      	mov	r0, r6
10005c9c:	7861      	ldrb	r1, [r4, #1]
10005c9e:	f7ff f907 	bl	10004eb0 <usbd_edpt_release>
10005ca2:	e7a6      	b.n	10005bf2 <tu_edpt_stream_read_xfer+0x12>
10005ca4:	462a      	mov	r2, r5
10005ca6:	e7d2      	b.n	10005c4e <tu_edpt_stream_read_xfer+0x6e>

10005ca8 <tu_fifo_config>:
10005ca8:	e92d 41f0 	stmdb	sp!, {r4, r5, r6, r7, r8, lr}
10005cac:	f5b2 4f00 	cmp.w	r2, #32768	@ 0x8000
10005cb0:	f89d 8018 	ldrb.w	r8, [sp, #24]
10005cb4:	d824      	bhi.n	10005d00 <tu_fifo_config+0x58>
10005cb6:	4604      	mov	r4, r0
10005cb8:	68c0      	ldr	r0, [r0, #12]
10005cba:	4617      	mov	r7, r2
10005cbc:	460e      	mov	r6, r1
10005cbe:	461d      	mov	r5, r3
10005cc0:	b118      	cbz	r0, 10005cca <tu_fifo_config+0x22>
10005cc2:	f04f 31ff 	mov.w	r1, #4294967295
10005cc6:	f000 fb2f 	bl	10006328 <__mutex_enter_timeout_ms_veneer>
10005cca:	6920      	ldr	r0, [r4, #16]
10005ccc:	b118      	cbz	r0, 10005cd6 <tu_fifo_config+0x2e>
10005cce:	f04f 31ff 	mov.w	r1, #4294967295
10005cd2:	f000 fb29 	bl	10006328 <__mutex_enter_timeout_ms_veneer>
10005cd6:	2200      	movs	r2, #0
10005cd8:	f3c5 030e 	ubfx	r3, r5, #0, #15
10005cdc:	68e0      	ldr	r0, [r4, #12]
10005cde:	ea43 33c8 	orr.w	r3, r3, r8, lsl #15
10005ce2:	8162      	strh	r2, [r4, #10]
10005ce4:	6026      	str	r6, [r4, #0]
10005ce6:	80a7      	strh	r7, [r4, #4]
10005ce8:	80e3      	strh	r3, [r4, #6]
10005cea:	8122      	strh	r2, [r4, #8]
10005cec:	b108      	cbz	r0, 10005cf2 <tu_fifo_config+0x4a>
10005cee:	f000 fb33 	bl	10006358 <__mutex_exit_veneer>
10005cf2:	6920      	ldr	r0, [r4, #16]
10005cf4:	b108      	cbz	r0, 10005cfa <tu_fifo_config+0x52>
10005cf6:	f000 fb2f 	bl	10006358 <__mutex_exit_veneer>
10005cfa:	2001      	movs	r0, #1
10005cfc:	e8bd 81f0 	ldmia.w	sp!, {r4, r5, r6, r7, r8, pc}
10005d00:	2000      	movs	r0, #0
10005d02:	e8bd 81f0 	ldmia.w	sp!, {r4, r5, r6, r7, r8, pc}
10005d06:	bf00      	nop

10005d08 <tu_fifo_count>:
10005d08:	8903      	ldrh	r3, [r0, #8]
10005d0a:	8942      	ldrh	r2, [r0, #10]
10005d0c:	b29b      	uxth	r3, r3
10005d0e:	b292      	uxth	r2, r2
10005d10:	8880      	ldrh	r0, [r0, #4]
10005d12:	4293      	cmp	r3, r2
10005d14:	bf36      	itet	cc
10005d16:	ebc2 0240 	rsbcc	r2, r2, r0, lsl #1
10005d1a:	1a9b      	subcs	r3, r3, r2
10005d1c:	189b      	addcc	r3, r3, r2
10005d1e:	b29b      	uxth	r3, r3
10005d20:	4298      	cmp	r0, r3
10005d22:	bf28      	it	cs
10005d24:	4618      	movcs	r0, r3
10005d26:	4770      	bx	lr

10005d28 <tu_fifo_empty>:
10005d28:	8902      	ldrh	r2, [r0, #8]
10005d2a:	8943      	ldrh	r3, [r0, #10]
10005d2c:	b290      	uxth	r0, r2
10005d2e:	b29b      	uxth	r3, r3
10005d30:	1ac0      	subs	r0, r0, r3
10005d32:	fab0 f080 	clz	r0, r0
10005d36:	0940      	lsrs	r0, r0, #5
10005d38:	4770      	bx	lr
10005d3a:	bf00      	nop

10005d3c <tu_fifo_remaining>:
10005d3c:	8903      	ldrh	r3, [r0, #8]
10005d3e:	8942      	ldrh	r2, [r0, #10]
10005d40:	b29b      	uxth	r3, r3
10005d42:	8880      	ldrh	r0, [r0, #4]
10005d44:	b292      	uxth	r2, r2
10005d46:	4293      	cmp	r3, r2
10005d48:	bf36      	itet	cc
10005d4a:	ebc2 0240 	rsbcc	r2, r2, r0, lsl #1
10005d4e:	1a9b      	subcs	r3, r3, r2
10005d50:	189b      	addcc	r3, r3, r2
10005d52:	b29b      	uxth	r3, r3
10005d54:	4298      	cmp	r0, r3
10005d56:	bf86      	itte	hi
10005d58:	1ac0      	subhi	r0, r0, r3
10005d5a:	b280      	uxthhi	r0, r0
10005d5c:	2000      	movls	r0, #0
10005d5e:	4770      	bx	lr

10005d60 <tu_fifo_read>:
10005d60:	b538      	push	{r3, r4, r5, lr}
10005d62:	4604      	mov	r4, r0
10005d64:	6900      	ldr	r0, [r0, #16]
10005d66:	460d      	mov	r5, r1
10005d68:	b118      	cbz	r0, 10005d72 <tu_fifo_read+0x12>
10005d6a:	f04f 31ff 	mov.w	r1, #4294967295
10005d6e:	f000 fadb 	bl	10006328 <__mutex_enter_timeout_ms_veneer>
10005d72:	8921      	ldrh	r1, [r4, #8]
10005d74:	8963      	ldrh	r3, [r4, #10]
10005d76:	b289      	uxth	r1, r1
10005d78:	b29b      	uxth	r3, r3
10005d7a:	88a2      	ldrh	r2, [r4, #4]
10005d7c:	4299      	cmp	r1, r3
10005d7e:	bf36      	itet	cc
10005d80:	ebc3 0042 	rsbcc	r0, r3, r2, lsl #1
10005d84:	1ac8      	subcs	r0, r1, r3
10005d86:	1840      	addcc	r0, r0, r1
10005d88:	b280      	uxth	r0, r0
10005d8a:	b350      	cbz	r0, 10005de2 <tu_fifo_read+0x82>
10005d8c:	4282      	cmp	r2, r0
10005d8e:	d209      	bcs.n	10005da4 <tu_fifo_read+0x44>
10005d90:	4291      	cmp	r1, r2
10005d92:	bf2c      	ite	cs
10005d94:	1a89      	subcs	r1, r1, r2
10005d96:	1889      	addcc	r1, r1, r2
10005d98:	b28b      	uxth	r3, r1
10005d9a:	429a      	cmp	r2, r3
10005d9c:	8163      	strh	r3, [r4, #10]
10005d9e:	d803      	bhi.n	10005da8 <tu_fifo_read+0x48>
10005da0:	1a9b      	subs	r3, r3, r2
10005da2:	b29b      	uxth	r3, r3
10005da4:	429a      	cmp	r2, r3
10005da6:	d9fb      	bls.n	10005da0 <tu_fifo_read+0x40>
10005da8:	88e2      	ldrh	r2, [r4, #6]
10005daa:	6821      	ldr	r1, [r4, #0]
10005dac:	f3c2 020e 	ubfx	r2, r2, #0, #15
10005db0:	fb02 1103 	mla	r1, r2, r3, r1
10005db4:	4628      	mov	r0, r5
10005db6:	f000 fa11 	bl	100061dc <memcpy>
10005dba:	8961      	ldrh	r1, [r4, #10]
10005dbc:	2501      	movs	r5, #1
10005dbe:	b289      	uxth	r1, r1
10005dc0:	1c4b      	adds	r3, r1, #1
10005dc2:	b29b      	uxth	r3, r3
10005dc4:	4299      	cmp	r1, r3
10005dc6:	88a2      	ldrh	r2, [r4, #4]
10005dc8:	d90e      	bls.n	10005de8 <tu_fifo_read+0x88>
10005dca:	2300      	movs	r3, #0
10005dcc:	fa02 f105 	lsl.w	r1, r2, r5
10005dd0:	1a5b      	subs	r3, r3, r1
10005dd2:	b29b      	uxth	r3, r3
10005dd4:	6920      	ldr	r0, [r4, #16]
10005dd6:	8163      	strh	r3, [r4, #10]
10005dd8:	b108      	cbz	r0, 10005dde <tu_fifo_read+0x7e>
10005dda:	f000 fabd 	bl	10006358 <__mutex_exit_veneer>
10005dde:	4628      	mov	r0, r5
10005de0:	bd38      	pop	{r3, r4, r5, pc}
10005de2:	4605      	mov	r5, r0
10005de4:	8963      	ldrh	r3, [r4, #10]
10005de6:	b29b      	uxth	r3, r3
10005de8:	ebb3 0f42 	cmp.w	r3, r2, lsl #1
10005dec:	ea4f 0142 	mov.w	r1, r2, lsl #1
10005df0:	dbf0      	blt.n	10005dd4 <tu_fifo_read+0x74>
10005df2:	e7ed      	b.n	10005dd0 <tu_fifo_read+0x70>

10005df4 <tu_fifo_read_n>:
10005df4:	e92d 47f0 	stmdb	sp!, {r4, r5, r6, r7, r8, r9, sl, lr}
10005df8:	4606      	mov	r6, r0
10005dfa:	6900      	ldr	r0, [r0, #16]
10005dfc:	4688      	mov	r8, r1
10005dfe:	4691      	mov	r9, r2
10005e00:	b118      	cbz	r0, 10005e0a <tu_fifo_read_n+0x16>
10005e02:	f04f 31ff 	mov.w	r1, #4294967295
10005e06:	f000 fa8f 	bl	10006328 <__mutex_enter_timeout_ms_veneer>
10005e0a:	8933      	ldrh	r3, [r6, #8]
10005e0c:	8974      	ldrh	r4, [r6, #10]
10005e0e:	b29b      	uxth	r3, r3
10005e10:	b2a4      	uxth	r4, r4
10005e12:	88b5      	ldrh	r5, [r6, #4]
10005e14:	42a3      	cmp	r3, r4
10005e16:	bf36      	itet	cc
10005e18:	ebc4 0745 	rsbcc	r7, r4, r5, lsl #1
10005e1c:	1b1f      	subcs	r7, r3, r4
10005e1e:	18ff      	addcc	r7, r7, r3
10005e20:	b2bf      	uxth	r7, r7
10005e22:	2f00      	cmp	r7, #0
10005e24:	d04a      	beq.n	10005ebc <tu_fifo_read_n+0xc8>
10005e26:	42bd      	cmp	r5, r7
10005e28:	d340      	bcc.n	10005eac <tu_fifo_read_n+0xb8>
10005e2a:	45b9      	cmp	r9, r7
10005e2c:	bf28      	it	cs
10005e2e:	46b9      	movcs	r9, r7
10005e30:	42a5      	cmp	r5, r4
10005e32:	fa1f f789 	uxth.w	r7, r9
10005e36:	d803      	bhi.n	10005e40 <tu_fifo_read_n+0x4c>
10005e38:	1b64      	subs	r4, r4, r5
10005e3a:	b2a4      	uxth	r4, r4
10005e3c:	42a5      	cmp	r5, r4
10005e3e:	d9fb      	bls.n	10005e38 <tu_fifo_read_n+0x44>
10005e40:	f8b6 a006 	ldrh.w	sl, [r6, #6]
10005e44:	1b2b      	subs	r3, r5, r4
10005e46:	6831      	ldr	r1, [r6, #0]
10005e48:	b29b      	uxth	r3, r3
10005e4a:	f3ca 020e 	ubfx	r2, sl, #0, #15
10005e4e:	429f      	cmp	r7, r3
10005e50:	4692      	mov	sl, r2
10005e52:	fb02 1104 	mla	r1, r2, r4, r1
10005e56:	d923      	bls.n	10005ea0 <tu_fifo_read_n+0xac>
10005e58:	fb13 f302 	smulbb	r3, r3, r2
10005e5c:	fa1f f983 	uxth.w	r9, r3
10005e60:	464a      	mov	r2, r9
10005e62:	4640      	mov	r0, r8
10005e64:	1b7d      	subs	r5, r7, r5
10005e66:	f000 f9b9 	bl	100061dc <memcpy>
10005e6a:	1962      	adds	r2, r4, r5
10005e6c:	fb12 f20a 	smulbb	r2, r2, sl
10005e70:	6831      	ldr	r1, [r6, #0]
10005e72:	eb08 0009 	add.w	r0, r8, r9
10005e76:	b292      	uxth	r2, r2
10005e78:	f000 f9b0 	bl	100061dc <memcpy>
10005e7c:	8972      	ldrh	r2, [r6, #10]
10005e7e:	88b5      	ldrh	r5, [r6, #4]
10005e80:	b292      	uxth	r2, r2
10005e82:	19d3      	adds	r3, r2, r7
10005e84:	b29b      	uxth	r3, r3
10005e86:	429a      	cmp	r2, r3
10005e88:	d91a      	bls.n	10005ec0 <tu_fifo_read_n+0xcc>
10005e8a:	006a      	lsls	r2, r5, #1
10005e8c:	1a9b      	subs	r3, r3, r2
10005e8e:	b29b      	uxth	r3, r3
10005e90:	6930      	ldr	r0, [r6, #16]
10005e92:	8173      	strh	r3, [r6, #10]
10005e94:	b108      	cbz	r0, 10005e9a <tu_fifo_read_n+0xa6>
10005e96:	f000 fa5f 	bl	10006358 <__mutex_exit_veneer>
10005e9a:	4638      	mov	r0, r7
10005e9c:	e8bd 87f0 	ldmia.w	sp!, {r4, r5, r6, r7, r8, r9, sl, pc}
10005ea0:	4640      	mov	r0, r8
10005ea2:	fb07 f202 	mul.w	r2, r7, r2
10005ea6:	f000 f999 	bl	100061dc <memcpy>
10005eaa:	e7e7      	b.n	10005e7c <tu_fifo_read_n+0x88>
10005eac:	42ab      	cmp	r3, r5
10005eae:	bf2c      	ite	cs
10005eb0:	1b5b      	subcs	r3, r3, r5
10005eb2:	195b      	addcc	r3, r3, r5
10005eb4:	b29c      	uxth	r4, r3
10005eb6:	462f      	mov	r7, r5
10005eb8:	8174      	strh	r4, [r6, #10]
10005eba:	e7b6      	b.n	10005e2a <tu_fifo_read_n+0x36>
10005ebc:	8973      	ldrh	r3, [r6, #10]
10005ebe:	b29b      	uxth	r3, r3
10005ec0:	ebb3 0f45 	cmp.w	r3, r5, lsl #1
10005ec4:	ea4f 0245 	mov.w	r2, r5, lsl #1
10005ec8:	dbe2      	blt.n	10005e90 <tu_fifo_read_n+0x9c>
10005eca:	e7df      	b.n	10005e8c <tu_fifo_read_n+0x98>

10005ecc <tu_fifo_write>:
10005ecc:	b5f8      	push	{r3, r4, r5, r6, r7, lr}
10005ece:	4604      	mov	r4, r0
10005ed0:	68c0      	ldr	r0, [r0, #12]
10005ed2:	460e      	mov	r6, r1
10005ed4:	b118      	cbz	r0, 10005ede <tu_fifo_write+0x12>
10005ed6:	f04f 31ff 	mov.w	r1, #4294967295
10005eda:	f000 fa25 	bl	10006328 <__mutex_enter_timeout_ms_veneer>
10005ede:	8925      	ldrh	r5, [r4, #8]
10005ee0:	8923      	ldrh	r3, [r4, #8]
10005ee2:	8961      	ldrh	r1, [r4, #10]
10005ee4:	b29b      	uxth	r3, r3
10005ee6:	b289      	uxth	r1, r1
10005ee8:	88a2      	ldrh	r2, [r4, #4]
10005eea:	428b      	cmp	r3, r1
10005eec:	bf36      	itet	cc
10005eee:	ebc1 0142 	rsbcc	r1, r1, r2, lsl #1
10005ef2:	1a5b      	subcs	r3, r3, r1
10005ef4:	185b      	addcc	r3, r3, r1
10005ef6:	b29b      	uxth	r3, r3
10005ef8:	429a      	cmp	r2, r3
10005efa:	b2ad      	uxth	r5, r5
10005efc:	d808      	bhi.n	10005f10 <tu_fifo_write+0x44>
10005efe:	79e7      	ldrb	r7, [r4, #7]
10005f00:	09ff      	lsrs	r7, r7, #7
10005f02:	d105      	bne.n	10005f10 <tu_fifo_write+0x44>
10005f04:	68e0      	ldr	r0, [r4, #12]
10005f06:	b108      	cbz	r0, 10005f0c <tu_fifo_write+0x40>
10005f08:	f000 fa26 	bl	10006358 <__mutex_exit_veneer>
10005f0c:	4638      	mov	r0, r7
10005f0e:	bdf8      	pop	{r3, r4, r5, r6, r7, pc}
10005f10:	4295      	cmp	r5, r2
10005f12:	bf28      	it	cs
10005f14:	462b      	movcs	r3, r5
10005f16:	d318      	bcc.n	10005f4a <tu_fifo_write+0x7e>
10005f18:	1a9b      	subs	r3, r3, r2
10005f1a:	b29b      	uxth	r3, r3
10005f1c:	4293      	cmp	r3, r2
10005f1e:	d2fb      	bcs.n	10005f18 <tu_fifo_write+0x4c>
10005f20:	88e2      	ldrh	r2, [r4, #6]
10005f22:	6820      	ldr	r0, [r4, #0]
10005f24:	f3c2 020e 	ubfx	r2, r2, #0, #15
10005f28:	fb02 0003 	mla	r0, r2, r3, r0
10005f2c:	4631      	mov	r1, r6
10005f2e:	f000 f955 	bl	100061dc <memcpy>
10005f32:	1c6b      	adds	r3, r5, #1
10005f34:	b29b      	uxth	r3, r3
10005f36:	429d      	cmp	r5, r3
10005f38:	88a2      	ldrh	r2, [r4, #4]
10005f3a:	d912      	bls.n	10005f62 <tu_fifo_write+0x96>
10005f3c:	2300      	movs	r3, #0
10005f3e:	0051      	lsls	r1, r2, #1
10005f40:	1a5b      	subs	r3, r3, r1
10005f42:	b29b      	uxth	r3, r3
10005f44:	2701      	movs	r7, #1
10005f46:	8123      	strh	r3, [r4, #8]
10005f48:	e7dc      	b.n	10005f04 <tu_fifo_write+0x38>
10005f4a:	88e2      	ldrh	r2, [r4, #6]
10005f4c:	6820      	ldr	r0, [r4, #0]
10005f4e:	f3c2 020e 	ubfx	r2, r2, #0, #15
10005f52:	fb05 0002 	mla	r0, r5, r2, r0
10005f56:	4631      	mov	r1, r6
10005f58:	f000 f940 	bl	100061dc <memcpy>
10005f5c:	3501      	adds	r5, #1
10005f5e:	88a2      	ldrh	r2, [r4, #4]
10005f60:	b2ab      	uxth	r3, r5
10005f62:	ebb3 0f42 	cmp.w	r3, r2, lsl #1
10005f66:	ea4f 0142 	mov.w	r1, r2, lsl #1
10005f6a:	dbeb      	blt.n	10005f44 <tu_fifo_write+0x78>
10005f6c:	e7e8      	b.n	10005f40 <tu_fifo_write+0x74>
10005f6e:	bf00      	nop

10005f70 <tu_fifo_write_n>:
10005f70:	e92d 4ff0 	stmdb	sp!, {r4, r5, r6, r7, r8, r9, sl, fp, lr}
10005f74:	4617      	mov	r7, r2
10005f76:	b083      	sub	sp, #12
10005f78:	2a00      	cmp	r2, #0
10005f7a:	d075      	beq.n	10006068 <tu_fifo_write_n+0xf8>
10005f7c:	4606      	mov	r6, r0
10005f7e:	68c0      	ldr	r0, [r0, #12]
10005f80:	4689      	mov	r9, r1
10005f82:	b118      	cbz	r0, 10005f8c <tu_fifo_write_n+0x1c>
10005f84:	f04f 31ff 	mov.w	r1, #4294967295
10005f88:	f000 f9ce 	bl	10006328 <__mutex_enter_timeout_ms_veneer>
10005f8c:	79f3      	ldrb	r3, [r6, #7]
10005f8e:	f8b6 8008 	ldrh.w	r8, [r6, #8]
10005f92:	8972      	ldrh	r2, [r6, #10]
10005f94:	09db      	lsrs	r3, r3, #7
10005f96:	88b5      	ldrh	r5, [r6, #4]
10005f98:	fa1f f888 	uxth.w	r8, r8
10005f9c:	b292      	uxth	r2, r2
10005f9e:	d13c      	bne.n	1000601a <tu_fifo_write_n+0xaa>
10005fa0:	4590      	cmp	r8, r2
10005fa2:	bf36      	itet	cc
10005fa4:	ebc2 0245 	rsbcc	r2, r2, r5, lsl #1
10005fa8:	eba8 0202 	subcs.w	r2, r8, r2
10005fac:	4442      	addcc	r2, r8
10005fae:	b292      	uxth	r2, r2
10005fb0:	42aa      	cmp	r2, r5
10005fb2:	d25e      	bcs.n	10006072 <tu_fifo_write_n+0x102>
10005fb4:	1aaa      	subs	r2, r5, r2
10005fb6:	b292      	uxth	r2, r2
10005fb8:	42ba      	cmp	r2, r7
10005fba:	bf28      	it	cs
10005fbc:	463a      	movcs	r2, r7
10005fbe:	f8b6 b006 	ldrh.w	fp, [r6, #6]
10005fc2:	b297      	uxth	r7, r2
10005fc4:	1b7b      	subs	r3, r7, r5
10005fc6:	eb08 0a07 	add.w	sl, r8, r7
10005fca:	f3cb 0b0e 	ubfx	fp, fp, #0, #15
10005fce:	b29b      	uxth	r3, r3
10005fd0:	fa1f fa8a 	uxth.w	sl, sl
10005fd4:	45a8      	cmp	r8, r5
10005fd6:	4644      	mov	r4, r8
10005fd8:	d303      	bcc.n	10005fe2 <tu_fifo_write_n+0x72>
10005fda:	1b64      	subs	r4, r4, r5
10005fdc:	b2a4      	uxth	r4, r4
10005fde:	42ac      	cmp	r4, r5
10005fe0:	d2fb      	bcs.n	10005fda <tu_fifo_write_n+0x6a>
10005fe2:	1b2d      	subs	r5, r5, r4
10005fe4:	6830      	ldr	r0, [r6, #0]
10005fe6:	b2ad      	uxth	r5, r5
10005fe8:	42bd      	cmp	r5, r7
10005fea:	fb0b 0004 	mla	r0, fp, r4, r0
10005fee:	d357      	bcc.n	100060a0 <tu_fifo_write_n+0x130>
10005ff0:	4649      	mov	r1, r9
10005ff2:	fb0b f207 	mul.w	r2, fp, r7
10005ff6:	f000 f8f1 	bl	100061dc <memcpy>
10005ffa:	88b2      	ldrh	r2, [r6, #4]
10005ffc:	45d0      	cmp	r8, sl
10005ffe:	ea4f 0342 	mov.w	r3, r2, lsl #1
10006002:	d802      	bhi.n	1000600a <tu_fifo_write_n+0x9a>
10006004:	ebba 0f42 	cmp.w	sl, r2, lsl #1
10006008:	db03      	blt.n	10006012 <tu_fifo_write_n+0xa2>
1000600a:	ebaa 0303 	sub.w	r3, sl, r3
1000600e:	fa1f fa83 	uxth.w	sl, r3
10006012:	463d      	mov	r5, r7
10006014:	f8a6 a008 	strh.w	sl, [r6, #8]
10006018:	e02c      	b.n	10006074 <tu_fifo_write_n+0x104>
1000601a:	f8b6 b006 	ldrh.w	fp, [r6, #6]
1000601e:	42af      	cmp	r7, r5
10006020:	f3cb 0b0e 	ubfx	fp, fp, #0, #15
10006024:	d22f      	bcs.n	10006086 <tu_fifo_write_n+0x116>
10006026:	4590      	cmp	r8, r2
10006028:	bf36      	itet	cc
1000602a:	ebc2 0145 	rsbcc	r1, r2, r5, lsl #1
1000602e:	eba8 0102 	subcs.w	r1, r8, r2
10006032:	4441      	addcc	r1, r8
10006034:	b289      	uxth	r1, r1
10006036:	0068      	lsls	r0, r5, #1
10006038:	4439      	add	r1, r7
1000603a:	1b7b      	subs	r3, r7, r5
1000603c:	4281      	cmp	r1, r0
1000603e:	b29b      	uxth	r3, r3
10006040:	db0d      	blt.n	1000605e <tu_fifo_write_n+0xee>
10006042:	eb02 0a05 	add.w	sl, r2, r5
10006046:	fa1f fa8a 	uxth.w	sl, sl
1000604a:	ebaa 0807 	sub.w	r8, sl, r7
1000604e:	fa1f f888 	uxth.w	r8, r8
10006052:	4542      	cmp	r2, r8
10006054:	d937      	bls.n	100060c6 <tu_fifo_write_n+0x156>
10006056:	eba8 0000 	sub.w	r0, r8, r0
1000605a:	fa1f f880 	uxth.w	r8, r0
1000605e:	eb07 0a08 	add.w	sl, r7, r8
10006062:	fa1f fa8a 	uxth.w	sl, sl
10006066:	e7b5      	b.n	10005fd4 <tu_fifo_write_n+0x64>
10006068:	4615      	mov	r5, r2
1000606a:	4628      	mov	r0, r5
1000606c:	b003      	add	sp, #12
1000606e:	e8bd 8ff0 	ldmia.w	sp!, {r4, r5, r6, r7, r8, r9, sl, fp, pc}
10006072:	2500      	movs	r5, #0
10006074:	68f0      	ldr	r0, [r6, #12]
10006076:	2800      	cmp	r0, #0
10006078:	d0f7      	beq.n	1000606a <tu_fifo_write_n+0xfa>
1000607a:	f000 f96d 	bl	10006358 <__mutex_exit_veneer>
1000607e:	4628      	mov	r0, r5
10006080:	b003      	add	sp, #12
10006082:	e8bd 8ff0 	ldmia.w	sp!, {r4, r5, r6, r7, r8, r9, sl, fp, pc}
10006086:	2d00      	cmp	r5, #0
10006088:	d0f4      	beq.n	10006074 <tu_fifo_write_n+0x104>
1000608a:	1b7f      	subs	r7, r7, r5
1000608c:	eb02 0a05 	add.w	sl, r2, r5
10006090:	fb0b 9907 	mla	r9, fp, r7, r9
10006094:	4690      	mov	r8, r2
10006096:	462f      	mov	r7, r5
10006098:	2300      	movs	r3, #0
1000609a:	fa1f fa8a 	uxth.w	sl, sl
1000609e:	e799      	b.n	10005fd4 <tu_fifo_write_n+0x64>
100060a0:	fb15 f50b 	smulbb	r5, r5, fp
100060a4:	b2ad      	uxth	r5, r5
100060a6:	462a      	mov	r2, r5
100060a8:	4649      	mov	r1, r9
100060aa:	9301      	str	r3, [sp, #4]
100060ac:	f000 f896 	bl	100061dc <memcpy>
100060b0:	9b01      	ldr	r3, [sp, #4]
100060b2:	6830      	ldr	r0, [r6, #0]
100060b4:	18e2      	adds	r2, r4, r3
100060b6:	fb12 f20b 	smulbb	r2, r2, fp
100060ba:	eb09 0105 	add.w	r1, r9, r5
100060be:	b292      	uxth	r2, r2
100060c0:	f000 f88c 	bl	100061dc <memcpy>
100060c4:	e799      	b.n	10005ffa <tu_fifo_write_n+0x8a>
100060c6:	4540      	cmp	r0, r8
100060c8:	dc84      	bgt.n	10005fd4 <tu_fifo_write_n+0x64>
100060ca:	e7c4      	b.n	10006056 <tu_fifo_write_n+0xe6>

100060cc <tu_fifo_clear>:
100060cc:	b510      	push	{r4, lr}
100060ce:	4604      	mov	r4, r0
100060d0:	68c0      	ldr	r0, [r0, #12]
100060d2:	b118      	cbz	r0, 100060dc <tu_fifo_clear+0x10>
100060d4:	f04f 31ff 	mov.w	r1, #4294967295
100060d8:	f000 f926 	bl	10006328 <__mutex_enter_timeout_ms_veneer>
100060dc:	6920      	ldr	r0, [r4, #16]
100060de:	b118      	cbz	r0, 100060e8 <tu_fifo_clear+0x1c>
100060e0:	f04f 31ff 	mov.w	r1, #4294967295
100060e4:	f000 f920 	bl	10006328 <__mutex_enter_timeout_ms_veneer>
100060e8:	2300      	movs	r3, #0
100060ea:	68e0      	ldr	r0, [r4, #12]
100060ec:	8163      	strh	r3, [r4, #10]
100060ee:	8123      	strh	r3, [r4, #8]
100060f0:	b108      	cbz	r0, 100060f6 <tu_fifo_clear+0x2a>
100060f2:	f000 f931 	bl	10006358 <__mutex_exit_veneer>
100060f6:	6920      	ldr	r0, [r4, #16]
100060f8:	b108      	cbz	r0, 100060fe <tu_fifo_clear+0x32>
100060fa:	f000 f92d 	bl	10006358 <__mutex_exit_veneer>
100060fe:	2001      	movs	r0, #1
10006100:	bd10      	pop	{r4, pc}
10006102:	bf00      	nop

10006104 <tu_fifo_set_overwritable>:
10006104:	b538      	push	{r3, r4, r5, lr}
10006106:	4604      	mov	r4, r0
10006108:	68c0      	ldr	r0, [r0, #12]
1000610a:	460d      	mov	r5, r1
1000610c:	b118      	cbz	r0, 10006116 <tu_fifo_set_overwritable+0x12>
1000610e:	f04f 31ff 	mov.w	r1, #4294967295
10006112:	f000 f909 	bl	10006328 <__mutex_enter_timeout_ms_veneer>
10006116:	6920      	ldr	r0, [r4, #16]
10006118:	b118      	cbz	r0, 10006122 <tu_fifo_set_overwritable+0x1e>
1000611a:	f04f 31ff 	mov.w	r1, #4294967295
1000611e:	f000 f903 	bl	10006328 <__mutex_enter_timeout_ms_veneer>
10006122:	79e3      	ldrb	r3, [r4, #7]
10006124:	68e0      	ldr	r0, [r4, #12]
10006126:	f365 13c7 	bfi	r3, r5, #7, #1
1000612a:	71e3      	strb	r3, [r4, #7]
1000612c:	b108      	cbz	r0, 10006132 <tu_fifo_set_overwritable+0x2e>
1000612e:	f000 f913 	bl	10006358 <__mutex_exit_veneer>
10006132:	6920      	ldr	r0, [r4, #16]
10006134:	b108      	cbz	r0, 1000613a <tu_fifo_set_overwritable+0x36>
10006136:	f000 f90f 	bl	10006358 <__mutex_exit_veneer>
1000613a:	2001      	movs	r0, #1
1000613c:	bd38      	pop	{r3, r4, r5, pc}
1000613e:	bf00      	nop

10006140 <memset>:
10006140:	0783      	lsls	r3, r0, #30
10006142:	b530      	push	{r4, r5, lr}
10006144:	d046      	beq.n	100061d4 <memset+0x94>
10006146:	1884      	adds	r4, r0, r2
10006148:	4684      	mov	ip, r0
1000614a:	e004      	b.n	10006156 <memset+0x16>
1000614c:	f803 1b01 	strb.w	r1, [r3], #1
10006150:	079d      	lsls	r5, r3, #30
10006152:	d004      	beq.n	1000615e <memset+0x1e>
10006154:	469c      	mov	ip, r3
10006156:	45a4      	cmp	ip, r4
10006158:	4663      	mov	r3, ip
1000615a:	d1f7      	bne.n	1000614c <memset+0xc>
1000615c:	bd30      	pop	{r4, r5, pc}
1000615e:	3a01      	subs	r2, #1
10006160:	4402      	add	r2, r0
10006162:	eba2 020c 	sub.w	r2, r2, ip
10006166:	2a03      	cmp	r2, #3
10006168:	d929      	bls.n	100061be <memset+0x7e>
1000616a:	b2cc      	uxtb	r4, r1
1000616c:	2a0f      	cmp	r2, #15
1000616e:	eb04 2404 	add.w	r4, r4, r4, lsl #8
10006172:	eb04 4404 	add.w	r4, r4, r4, lsl #16
10006176:	d92f      	bls.n	100061d8 <memset+0x98>
10006178:	f1a2 0c10 	sub.w	ip, r2, #16
1000617c:	f103 0510 	add.w	r5, r3, #16
10006180:	f02c 0c0f 	bic.w	ip, ip, #15
10006184:	44ac      	add	ip, r5
10006186:	e9c3 4400 	strd	r4, r4, [r3]
1000618a:	e9c3 4402 	strd	r4, r4, [r3, #8]
1000618e:	3310      	adds	r3, #16
10006190:	4563      	cmp	r3, ip
10006192:	d1f8      	bne.n	10006186 <memset+0x46>
10006194:	f012 0f0c 	tst.w	r2, #12
10006198:	f002 0e0f 	and.w	lr, r2, #15
1000619c:	d018      	beq.n	100061d0 <memset+0x90>
1000619e:	f02e 0c03 	bic.w	ip, lr, #3
100061a2:	f1ae 0504 	sub.w	r5, lr, #4
100061a6:	461a      	mov	r2, r3
100061a8:	449c      	add	ip, r3
100061aa:	f842 4b04 	str.w	r4, [r2], #4
100061ae:	4562      	cmp	r2, ip
100061b0:	d1fb      	bne.n	100061aa <memset+0x6a>
100061b2:	f025 0403 	bic.w	r4, r5, #3
100061b6:	3304      	adds	r3, #4
100061b8:	f00e 0203 	and.w	r2, lr, #3
100061bc:	4423      	add	r3, r4
100061be:	2a00      	cmp	r2, #0
100061c0:	d0cc      	beq.n	1000615c <memset+0x1c>
100061c2:	b2c9      	uxtb	r1, r1
100061c4:	441a      	add	r2, r3
100061c6:	f803 1b01 	strb.w	r1, [r3], #1
100061ca:	4293      	cmp	r3, r2
100061cc:	d1fb      	bne.n	100061c6 <memset+0x86>
100061ce:	bd30      	pop	{r4, r5, pc}
100061d0:	4672      	mov	r2, lr
100061d2:	e7f4      	b.n	100061be <memset+0x7e>
100061d4:	4603      	mov	r3, r0
100061d6:	e7c6      	b.n	10006166 <memset+0x26>
100061d8:	4696      	mov	lr, r2
100061da:	e7e0      	b.n	1000619e <memset+0x5e>

100061dc <memcpy>:
100061dc:	4684      	mov	ip, r0
100061de:	ea41 0300 	orr.w	r3, r1, r0
100061e2:	f013 0303 	ands.w	r3, r3, #3
100061e6:	d149      	bne.n	1000627c <memcpy+0xa0>
100061e8:	3a40      	subs	r2, #64	@ 0x40
100061ea:	d323      	bcc.n	10006234 <memcpy+0x58>
100061ec:	680b      	ldr	r3, [r1, #0]
100061ee:	6003      	str	r3, [r0, #0]
100061f0:	684b      	ldr	r3, [r1, #4]
100061f2:	6043      	str	r3, [r0, #4]
100061f4:	688b      	ldr	r3, [r1, #8]
100061f6:	6083      	str	r3, [r0, #8]
100061f8:	68cb      	ldr	r3, [r1, #12]
100061fa:	60c3      	str	r3, [r0, #12]
100061fc:	690b      	ldr	r3, [r1, #16]
100061fe:	6103      	str	r3, [r0, #16]
10006200:	694b      	ldr	r3, [r1, #20]
10006202:	6143      	str	r3, [r0, #20]
10006204:	698b      	ldr	r3, [r1, #24]
10006206:	6183      	str	r3, [r0, #24]
10006208:	69cb      	ldr	r3, [r1, #28]
1000620a:	61c3      	str	r3, [r0, #28]
1000620c:	6a0b      	ldr	r3, [r1, #32]
1000620e:	6203      	str	r3, [r0, #32]
10006210:	6a4b      	ldr	r3, [r1, #36]	@ 0x24
10006212:	6243      	str	r3, [r0, #36]	@ 0x24
10006214:	6a8b      	ldr	r3, [r1, #40]	@ 0x28
10006216:	6283      	str	r3, [r0, #40]	@ 0x28
10006218:	6acb      	ldr	r3, [r1, #44]	@ 0x2c
1000621a:	62c3      	str	r3, [r0, #44]	@ 0x2c
1000621c:	6b0b      	ldr	r3, [r1, #48]	@ 0x30
1000621e:	6303      	str	r3, [r0, #48]	@ 0x30
10006220:	6b4b      	ldr	r3, [r1, #52]	@ 0x34
10006222:	6343      	str	r3, [r0, #52]	@ 0x34
10006224:	6b8b      	ldr	r3, [r1, #56]	@ 0x38
10006226:	6383      	str	r3, [r0, #56]	@ 0x38
10006228:	6bcb      	ldr	r3, [r1, #60]	@ 0x3c
1000622a:	63c3      	str	r3, [r0, #60]	@ 0x3c
1000622c:	3040      	adds	r0, #64	@ 0x40
1000622e:	3140      	adds	r1, #64	@ 0x40
10006230:	3a40      	subs	r2, #64	@ 0x40
10006232:	d2db      	bcs.n	100061ec <memcpy+0x10>
10006234:	3230      	adds	r2, #48	@ 0x30
10006236:	d30b      	bcc.n	10006250 <memcpy+0x74>
10006238:	680b      	ldr	r3, [r1, #0]
1000623a:	6003      	str	r3, [r0, #0]
1000623c:	684b      	ldr	r3, [r1, #4]
1000623e:	6043      	str	r3, [r0, #4]
10006240:	688b      	ldr	r3, [r1, #8]
10006242:	6083      	str	r3, [r0, #8]
10006244:	68cb      	ldr	r3, [r1, #12]
10006246:	60c3      	str	r3, [r0, #12]
10006248:	3010      	adds	r0, #16
1000624a:	3110      	adds	r1, #16
1000624c:	3a10      	subs	r2, #16
1000624e:	d2f3      	bcs.n	10006238 <memcpy+0x5c>
10006250:	320c      	adds	r2, #12
10006252:	d305      	bcc.n	10006260 <memcpy+0x84>
10006254:	f851 3b04 	ldr.w	r3, [r1], #4
10006258:	f840 3b04 	str.w	r3, [r0], #4
1000625c:	3a04      	subs	r2, #4
1000625e:	d2f9      	bcs.n	10006254 <memcpy+0x78>
10006260:	3204      	adds	r2, #4
10006262:	d008      	beq.n	10006276 <memcpy+0x9a>
10006264:	07d2      	lsls	r2, r2, #31
10006266:	bf1c      	itt	ne
10006268:	f811 3b01 	ldrbne.w	r3, [r1], #1
1000626c:	f800 3b01 	strbne.w	r3, [r0], #1
10006270:	d301      	bcc.n	10006276 <memcpy+0x9a>
10006272:	880b      	ldrh	r3, [r1, #0]
10006274:	8003      	strh	r3, [r0, #0]
10006276:	4660      	mov	r0, ip
10006278:	4770      	bx	lr
1000627a:	bf00      	nop
1000627c:	2a08      	cmp	r2, #8
1000627e:	d313      	bcc.n	100062a8 <memcpy+0xcc>
10006280:	078b      	lsls	r3, r1, #30
10006282:	d0b1      	beq.n	100061e8 <memcpy+0xc>
10006284:	f010 0303 	ands.w	r3, r0, #3
10006288:	d0ae      	beq.n	100061e8 <memcpy+0xc>
1000628a:	f1c3 0304 	rsb	r3, r3, #4
1000628e:	1ad2      	subs	r2, r2, r3
10006290:	07db      	lsls	r3, r3, #31
10006292:	bf1c      	itt	ne
10006294:	f811 3b01 	ldrbne.w	r3, [r1], #1
10006298:	f800 3b01 	strbne.w	r3, [r0], #1
1000629c:	d3a4      	bcc.n	100061e8 <memcpy+0xc>
1000629e:	f831 3b02 	ldrh.w	r3, [r1], #2
100062a2:	f820 3b02 	strh.w	r3, [r0], #2
100062a6:	e79f      	b.n	100061e8 <memcpy+0xc>
100062a8:	3a04      	subs	r2, #4
100062aa:	d3d9      	bcc.n	10006260 <memcpy+0x84>
100062ac:	3a01      	subs	r2, #1
100062ae:	f811 3b01 	ldrb.w	r3, [r1], #1
100062b2:	f800 3b01 	strb.w	r3, [r0], #1
100062b6:	d2f9      	bcs.n	100062ac <memcpy+0xd0>
100062b8:	780b      	ldrb	r3, [r1, #0]
100062ba:	7003      	strb	r3, [r0, #0]
100062bc:	784b      	ldrb	r3, [r1, #1]
100062be:	7043      	strb	r3, [r0, #1]
100062c0:	788b      	ldrb	r3, [r1, #2]
100062c2:	7083      	strb	r3, [r0, #2]
100062c4:	4660      	mov	r0, ip
100062c6:	4770      	bx	lr

100062c8 <strlen>:
100062c8:	f020 0103 	bic.w	r1, r0, #3
100062cc:	f010 0003 	ands.w	r0, r0, #3
100062d0:	f1c0 0000 	rsb	r0, r0, #0
100062d4:	f851 3b04 	ldr.w	r3, [r1], #4
100062d8:	f100 0c04 	add.w	ip, r0, #4
100062dc:	ea4f 0ccc 	mov.w	ip, ip, lsl #3
100062e0:	f06f 0200 	mvn.w	r2, #0
100062e4:	bf1c      	itt	ne
100062e6:	fa22 f20c 	lsrne.w	r2, r2, ip
100062ea:	4313      	orrne	r3, r2
100062ec:	f04f 0c01 	mov.w	ip, #1
100062f0:	ea4c 2c0c 	orr.w	ip, ip, ip, lsl #8
100062f4:	ea4c 4c0c 	orr.w	ip, ip, ip, lsl #16
100062f8:	eba3 020c 	sub.w	r2, r3, ip
100062fc:	ea22 0203 	bic.w	r2, r2, r3
10006300:	ea12 12cc 	ands.w	r2, r2, ip, lsl #7
10006304:	bf04      	itt	eq
10006306:	f851 3b04 	ldreq.w	r3, [r1], #4
1000630a:	3004      	addeq	r0, #4
1000630c:	d0f4      	beq.n	100062f8 <strlen+0x30>
1000630e:	f1c2 0100 	rsb	r1, r2, #0
10006312:	ea02 0201 	and.w	r2, r2, r1
10006316:	fab2 f282 	clz	r2, r2
1000631a:	f1c2 021f 	rsb	r2, r2, #31
1000631e:	eb00 00d2 	add.w	r0, r0, r2, lsr #3
10006322:	4770      	bx	lr

10006324 <_fini>:
10006324:	b5f8      	push	{r3, r4, r5, r6, r7, lr}
10006326:	bf00      	nop

10006328 <__mutex_enter_timeout_ms_veneer>:
10006328:	f85f f000 	ldr.w	pc, [pc]	@ 1000632c <__mutex_enter_timeout_ms_veneer+0x4>
1000632c:	20000235 	.word	0x20000235

10006330 <__hw_endpoint_start_next_buffer_veneer>:
10006330:	f85f f000 	ldr.w	pc, [pc]	@ 10006334 <__hw_endpoint_start_next_buffer_veneer+0x4>
10006334:	20000b0d 	.word	0x20000b0d

10006338 <__e15_is_critical_frame_period_veneer>:
10006338:	f85f f000 	ldr.w	pc, [pc]	@ 1000633c <__e15_is_critical_frame_period_veneer+0x4>
1000633c:	20000a95 	.word	0x20000a95

10006340 <__reset_non_control_endpoints_veneer>:
10006340:	f85f f000 	ldr.w	pc, [pc]	@ 10006344 <__reset_non_control_endpoints_veneer+0x4>
10006344:	200002a9 	.word	0x200002a9

10006348 <__e15_is_bulkin_ep_veneer>:
10006348:	f85f f000 	ldr.w	pc, [pc]	@ 1000634c <__e15_is_bulkin_ep_veneer+0x4>
1000634c:	20000a6d 	.word	0x20000a6d

10006350 <____aeabi_uldivmod_veneer>:
10006350:	f85f f000 	ldr.w	pc, [pc]	@ 10006354 <____aeabi_uldivmod_veneer+0x4>
10006354:	20000dd1 	.word	0x20000dd1

10006358 <__mutex_exit_veneer>:
10006358:	f85f f000 	ldr.w	pc, [pc]	@ 1000635c <__mutex_exit_veneer+0x4>
1000635c:	2000026d 	.word	0x2000026d

10006360 <___hw_endpoint_buffer_control_update32_veneer>:
10006360:	f85f f000 	ldr.w	pc, [pc]	@ 10006364 <___hw_endpoint_buffer_control_update32_veneer+0x4>
10006364:	20000ac9 	.word	0x20000ac9

10006368 <__mutex_try_enter_block_until_veneer>:
10006368:	f85f f000 	ldr.w	pc, [pc]	@ 1000636c <__mutex_try_enter_block_until_veneer+0x4>
1000636c:	200001cd 	.word	0x200001cd

10006370 <__mutex_try_enter_veneer>:
10006370:	f85f f000 	ldr.w	pc, [pc]	@ 10006374 <__mutex_try_enter_veneer+0x4>
10006374:	20000111 	.word	0x20000111

10006378 <__pre_init_runtime_init_bootrom_reset>:
10006378:	10001b21                                !...

1000637c <__pre_init_runtime_init_early_resets>:
1000637c:	10001a95                                ....

10006380 <__pre_init_runtime_init_usb_power_down>:
10006380:	10001ac9                                ....

10006384 <__pre_init_runtime_init_clocks>:
10006384:	10001bb5                                ....

10006388 <__pre_init_runtime_init_post_clock_resets>:
10006388:	10001b01                                ....

1000638c <__pre_init_runtime_init_boot_locks_reset>:
1000638c:	10001a19                                ....

10006390 <__pre_init_runtime_init_spin_locks_reset>:
10006390:	10001b49                                I...

10006394 <__pre_init_runtime_init_bootrom_locking_enable>:
10006394:	10001a05                                ....

10006398 <__pre_init_runtime_init_mutex>:
10006398:	10000da1                                ....

1000639c <__pre_init_runtime_init_install_ram_vector_table>:
1000639c:	10001b4d                                M...

100063a0 <__pre_init_runtime_init_default_alarm_pool>:
100063a0:	10001161                                a...

100063a4 <__pre_init_first_per_core_initializer>:
100063a4:	10001a65                                e...

100063a8 <__pre_init_runtime_init_per_core_bootrom_reset>:
100063a8:	10001b35                                5...

100063ac <__pre_init_runtime_init_per_core_enable_coprocessors>:
100063ac:	10001ae5                                ....

100063b0 <__pre_init_spinlock_set_extexclall>:
100063b0:	1000097d                                }...

100063b4 <__pre_init_runtime_init_per_core_irq_priorities>:
100063b4:	100009a5                                ....

100063b8 <__init_array_start>:
100063b8:	10003fd5 	.word	0x10003fd5

100063bc <__frame_dummy_init_array_entry>:
100063bc:	10000211                                ....

Disassembly of section .data:

20000110 <mutex_try_enter>:
20000110:	4603      	mov	r3, r0
20000112:	b500      	push	{lr}
20000114:	6802      	ldr	r2, [r0, #0]
20000116:	f3ef 8c10 	mrs	ip, PRIMASK
2000011a:	b672      	cpsid	i
2000011c:	e8d2 efcf 	ldaexb	lr, [r2]
20000120:	2001      	movs	r0, #1
20000122:	f1be 0f00 	cmp.w	lr, #0
20000126:	d1f9      	bne.n	2000011c <mutex_try_enter+0xc>
20000128:	e8c2 0f4e 	strexb	lr, r0, [r2]
2000012c:	f1be 0f00 	cmp.w	lr, #0
20000130:	d1f4      	bne.n	2000011c <mutex_try_enter+0xc>
20000132:	f3bf 8f5f 	dmb	sy
20000136:	f993 2004 	ldrsb.w	r2, [r3, #4]
2000013a:	2a00      	cmp	r2, #0
2000013c:	db0a      	blt.n	20000154 <mutex_try_enter+0x44>
2000013e:	b101      	cbz	r1, 20000142 <mutex_try_enter+0x32>
20000140:	600a      	str	r2, [r1, #0]
20000142:	2000      	movs	r0, #0
20000144:	2200      	movs	r2, #0
20000146:	681b      	ldr	r3, [r3, #0]
20000148:	e8c3 2f8f 	stlb	r2, [r3]
2000014c:	f38c 8810 	msr	PRIMASK, ip
20000150:	f85d fb04 	ldr.w	pc, [sp], #4
20000154:	f04f 4250 	mov.w	r2, #3489660928	@ 0xd0000000
20000158:	6812      	ldr	r2, [r2, #0]
2000015a:	2001      	movs	r0, #1
2000015c:	711a      	strb	r2, [r3, #4]
2000015e:	e7f1      	b.n	20000144 <mutex_try_enter+0x34>

20000160 <mutex_enter_block_until>:
20000160:	f04f 4150 	mov.w	r1, #3489660928	@ 0xd0000000
20000164:	e92d 41f0 	stmdb	sp!, {r4, r5, r6, r7, r8, lr}
20000168:	2700      	movs	r7, #0
2000016a:	4604      	mov	r4, r0
2000016c:	4616      	mov	r6, r2
2000016e:	461d      	mov	r5, r3
20000170:	f8d1 8000 	ldr.w	r8, [r1]
20000174:	e008      	b.n	20000188 <mutex_enter_block_until+0x28>
20000176:	e8c1 7f8f 	stlb	r7, [r1]
2000017a:	f38c 8810 	msr	PRIMASK, ip
2000017e:	4630      	mov	r0, r6
20000180:	4629      	mov	r1, r5
20000182:	f000 ffe9 	bl	20001158 <__best_effort_wfe_or_timeout_veneer>
20000186:	b9e8      	cbnz	r0, 200001c4 <mutex_enter_block_until+0x64>
20000188:	6821      	ldr	r1, [r4, #0]
2000018a:	f3ef 8c10 	mrs	ip, PRIMASK
2000018e:	b672      	cpsid	i
20000190:	e8d1 2fcf 	ldaexb	r2, [r1]
20000194:	2301      	movs	r3, #1
20000196:	2a00      	cmp	r2, #0
20000198:	d1fa      	bne.n	20000190 <mutex_enter_block_until+0x30>
2000019a:	e8c1 3f42 	strexb	r2, r3, [r1]
2000019e:	2a00      	cmp	r2, #0
200001a0:	d1f6      	bne.n	20000190 <mutex_enter_block_until+0x30>
200001a2:	f3bf 8f5f 	dmb	sy
200001a6:	f994 3004 	ldrsb.w	r3, [r4, #4]
200001aa:	6821      	ldr	r1, [r4, #0]
200001ac:	2b00      	cmp	r3, #0
200001ae:	dae2      	bge.n	20000176 <mutex_enter_block_until+0x16>
200001b0:	2300      	movs	r3, #0
200001b2:	f884 8004 	strb.w	r8, [r4, #4]
200001b6:	e8c1 3f8f 	stlb	r3, [r1]
200001ba:	f38c 8810 	msr	PRIMASK, ip
200001be:	2001      	movs	r0, #1
200001c0:	e8bd 81f0 	ldmia.w	sp!, {r4, r5, r6, r7, r8, pc}
200001c4:	2000      	movs	r0, #0
200001c6:	e8bd 81f0 	ldmia.w	sp!, {r4, r5, r6, r7, r8, pc}
200001ca:	bf00      	nop

200001cc <mutex_try_enter_block_until>:
200001cc:	b530      	push	{r4, r5, lr}
200001ce:	6804      	ldr	r4, [r0, #0]
200001d0:	f3ef 8c10 	mrs	ip, PRIMASK
200001d4:	b672      	cpsid	i
200001d6:	e8d4 efcf 	ldaexb	lr, [r4]
200001da:	2501      	movs	r5, #1
200001dc:	f1be 0f00 	cmp.w	lr, #0
200001e0:	d1f9      	bne.n	200001d6 <mutex_try_enter_block_until+0xa>
200001e2:	e8c4 5f4e 	strexb	lr, r5, [r4]
200001e6:	f1be 0f00 	cmp.w	lr, #0
200001ea:	d1f4      	bne.n	200001d6 <mutex_try_enter_block_until+0xa>
200001ec:	f3bf 8f5f 	dmb	sy
200001f0:	f990 4004 	ldrsb.w	r4, [r0, #4]
200001f4:	6805      	ldr	r5, [r0, #0]
200001f6:	2c00      	cmp	r4, #0
200001f8:	db10      	blt.n	2000021c <mutex_try_enter_block_until+0x50>
200001fa:	2100      	movs	r1, #0
200001fc:	e8c5 1f8f 	stlb	r1, [r5]
20000200:	f38c 8810 	msr	PRIMASK, ip
20000204:	f04f 4550 	mov.w	r5, #3489660928	@ 0xd0000000
20000208:	f995 5000 	ldrsb.w	r5, [r5]
2000020c:	42a5      	cmp	r5, r4
2000020e:	d101      	bne.n	20000214 <mutex_try_enter_block_until+0x48>
20000210:	4608      	mov	r0, r1
20000212:	bd30      	pop	{r4, r5, pc}
20000214:	e8bd 4030 	ldmia.w	sp!, {r4, r5, lr}
20000218:	f7ff bfa2 	b.w	20000160 <mutex_enter_block_until>
2000021c:	f04f 4250 	mov.w	r2, #3489660928	@ 0xd0000000
20000220:	6812      	ldr	r2, [r2, #0]
20000222:	2300      	movs	r3, #0
20000224:	7102      	strb	r2, [r0, #4]
20000226:	e8c5 3f8f 	stlb	r3, [r5]
2000022a:	f38c 8810 	msr	PRIMASK, ip
2000022e:	2001      	movs	r0, #1
20000230:	bd30      	pop	{r4, r5, pc}
20000232:	bf00      	nop

20000234 <mutex_enter_timeout_ms>:
20000234:	b570      	push	{r4, r5, r6, lr}
20000236:	4605      	mov	r5, r0
20000238:	460c      	mov	r4, r1
2000023a:	f000 ff99 	bl	20001170 <__time_us_64_veneer>
2000023e:	4602      	mov	r2, r0
20000240:	460b      	mov	r3, r1
20000242:	f44f 707a 	mov.w	r0, #1000	@ 0x3e8
20000246:	f04f 3eff 	mov.w	lr, #4294967295
2000024a:	f06f 4c00 	mvn.w	ip, #2147483648	@ 0x80000000
2000024e:	fbe4 2300 	umlal	r2, r3, r4, r0
20000252:	4596      	cmp	lr, r2
20000254:	eb7c 0103 	sbcs.w	r1, ip, r3
20000258:	bf38      	it	cc
2000025a:	4672      	movcc	r2, lr
2000025c:	4628      	mov	r0, r5
2000025e:	e8bd 4070 	ldmia.w	sp!, {r4, r5, r6, lr}
20000262:	bf38      	it	cc
20000264:	4663      	movcc	r3, ip
20000266:	f7ff bf7b 	b.w	20000160 <mutex_enter_block_until>
2000026a:	bf00      	nop

2000026c <mutex_exit>:
2000026c:	6803      	ldr	r3, [r0, #0]
2000026e:	f3ef 8210 	mrs	r2, PRIMASK
20000272:	b672      	cpsid	i
20000274:	e8d3 cfcf 	ldaexb	ip, [r3]
20000278:	2101      	movs	r1, #1
2000027a:	f1bc 0f00 	cmp.w	ip, #0
2000027e:	d1f9      	bne.n	20000274 <mutex_exit+0x8>
20000280:	e8c3 1f4c 	strexb	ip, r1, [r3]
20000284:	f1bc 0f00 	cmp.w	ip, #0
20000288:	d1f4      	bne.n	20000274 <mutex_exit+0x8>
2000028a:	f3bf 8f5f 	dmb	sy
2000028e:	f04f 0cff 	mov.w	ip, #255	@ 0xff
20000292:	2300      	movs	r3, #0
20000294:	6801      	ldr	r1, [r0, #0]
20000296:	f880 c004 	strb.w	ip, [r0, #4]
2000029a:	e8c1 3f8f 	stlb	r3, [r1]
2000029e:	f382 8810 	msr	PRIMASK, r2
200002a2:	bf40      	sev
200002a4:	4770      	bx	lr
200002a6:	bf00      	nop

200002a8 <reset_non_control_endpoints>:
200002a8:	2100      	movs	r1, #0
200002aa:	b508      	push	{r3, lr}
200002ac:	4b13      	ldr	r3, [pc, #76]	@ (200002fc <reset_non_control_endpoints+0x54>)
200002ae:	f44f 7270 	mov.w	r2, #960	@ 0x3c0
200002b2:	6099      	str	r1, [r3, #8]
200002b4:	4812      	ldr	r0, [pc, #72]	@ (20000300 <reset_non_control_endpoints+0x58>)
200002b6:	60d9      	str	r1, [r3, #12]
200002b8:	6119      	str	r1, [r3, #16]
200002ba:	6159      	str	r1, [r3, #20]
200002bc:	6199      	str	r1, [r3, #24]
200002be:	61d9      	str	r1, [r3, #28]
200002c0:	6219      	str	r1, [r3, #32]
200002c2:	6259      	str	r1, [r3, #36]	@ 0x24
200002c4:	6299      	str	r1, [r3, #40]	@ 0x28
200002c6:	62d9      	str	r1, [r3, #44]	@ 0x2c
200002c8:	6319      	str	r1, [r3, #48]	@ 0x30
200002ca:	6359      	str	r1, [r3, #52]	@ 0x34
200002cc:	6399      	str	r1, [r3, #56]	@ 0x38
200002ce:	63d9      	str	r1, [r3, #60]	@ 0x3c
200002d0:	6419      	str	r1, [r3, #64]	@ 0x40
200002d2:	6459      	str	r1, [r3, #68]	@ 0x44
200002d4:	6499      	str	r1, [r3, #72]	@ 0x48
200002d6:	64d9      	str	r1, [r3, #76]	@ 0x4c
200002d8:	6519      	str	r1, [r3, #80]	@ 0x50
200002da:	6559      	str	r1, [r3, #84]	@ 0x54
200002dc:	6599      	str	r1, [r3, #88]	@ 0x58
200002de:	65d9      	str	r1, [r3, #92]	@ 0x5c
200002e0:	6619      	str	r1, [r3, #96]	@ 0x60
200002e2:	6659      	str	r1, [r3, #100]	@ 0x64
200002e4:	6699      	str	r1, [r3, #104]	@ 0x68
200002e6:	66d9      	str	r1, [r3, #108]	@ 0x6c
200002e8:	6719      	str	r1, [r3, #112]	@ 0x70
200002ea:	6759      	str	r1, [r3, #116]	@ 0x74
200002ec:	6799      	str	r1, [r3, #120]	@ 0x78
200002ee:	67d9      	str	r1, [r3, #124]	@ 0x7c
200002f0:	f000 ff36 	bl	20001160 <__memset_veneer>
200002f4:	4b03      	ldr	r3, [pc, #12]	@ (20000304 <reset_non_control_endpoints+0x5c>)
200002f6:	4a04      	ldr	r2, [pc, #16]	@ (20000308 <reset_non_control_endpoints+0x60>)
200002f8:	601a      	str	r2, [r3, #0]
200002fa:	bd08      	pop	{r3, pc}
200002fc:	50100000 	.word	0x50100000
20000300:	20001a14 	.word	0x20001a14
20000304:	20001ddc 	.word	0x20001ddc
20000308:	50100180 	.word	0x50100180

2000030c <hw_handle_buff_status>:
2000030c:	e92d 4ff0 	stmdb	sp!, {r4, r5, r6, r7, r8, r9, sl, fp, lr}
20000310:	4b1f      	ldr	r3, [pc, #124]	@ (20000390 <hw_handle_buff_status+0x84>)
20000312:	b085      	sub	sp, #20
20000314:	f8d3 a058 	ldr.w	sl, [r3, #88]	@ 0x58
20000318:	f1ba 0f00 	cmp.w	sl, #0
2000031c:	d022      	beq.n	20000364 <hw_handle_buff_status+0x58>
2000031e:	2400      	movs	r4, #0
20000320:	2501      	movs	r5, #1
20000322:	f44f 69e0 	mov.w	r9, #1792	@ 0x700
20000326:	f8df 8070 	ldr.w	r8, [pc, #112]	@ 20000398 <hw_handle_buff_status+0x8c>
2000032a:	4f1a      	ldr	r7, [pc, #104]	@ (20000394 <hw_handle_buff_status+0x88>)
2000032c:	e001      	b.n	20000332 <hw_handle_buff_status+0x26>
2000032e:	2c20      	cmp	r4, #32
20000330:	d018      	beq.n	20000364 <hw_handle_buff_status+0x58>
20000332:	ea0a 0205 	and.w	r2, sl, r5
20000336:	1c61      	adds	r1, r4, #1
20000338:	4623      	mov	r3, r4
2000033a:	46ab      	mov	fp, r5
2000033c:	b2cc      	uxtb	r4, r1
2000033e:	006d      	lsls	r5, r5, #1
20000340:	2a00      	cmp	r2, #0
20000342:	d0f4      	beq.n	2000032e <hw_handle_buff_status+0x22>
20000344:	f004 0201 	and.w	r2, r4, #1
20000348:	f003 06fe 	and.w	r6, r3, #254	@ 0xfe
2000034c:	4416      	add	r6, r2
2000034e:	eb07 1646 	add.w	r6, r7, r6, lsl #5
20000352:	4630      	mov	r0, r6
20000354:	f8c8 b058 	str.w	fp, [r8, #88]	@ 0x58
20000358:	f000 fc0a 	bl	20000b70 <hw_endpoint_xfer_continue>
2000035c:	b928      	cbnz	r0, 2000036a <hw_handle_buff_status+0x5e>
2000035e:	ea3a 0a0b 	bics.w	sl, sl, fp
20000362:	d1e4      	bne.n	2000032e <hw_handle_buff_status+0x22>
20000364:	b005      	add	sp, #20
20000366:	e8bd 8ff0 	ldmia.w	sp!, {r4, r5, r6, r7, r8, r9, sl, fp, pc}
2000036a:	2300      	movs	r3, #0
2000036c:	f88d 3009 	strb.w	r3, [sp, #9]
20000370:	78b3      	ldrb	r3, [r6, #2]
20000372:	a801      	add	r0, sp, #4
20000374:	f88d 3008 	strb.w	r3, [sp, #8]
20000378:	8af3      	ldrh	r3, [r6, #22]
2000037a:	2101      	movs	r1, #1
2000037c:	f8ad 9004 	strh.w	r9, [sp, #4]
20000380:	9303      	str	r3, [sp, #12]
20000382:	f000 fc13 	bl	20000bac <dcd_event_handler>
20000386:	4630      	mov	r0, r6
20000388:	f000 fb98 	bl	20000abc <hw_endpoint_reset_transfer>
2000038c:	e7e7      	b.n	2000035e <hw_handle_buff_status+0x52>
2000038e:	bf00      	nop
20000390:	50110000 	.word	0x50110000
20000394:	200019d4 	.word	0x200019d4
20000398:	50113000 	.word	0x50113000

2000039c <dcd_rp2040_irq>:
2000039c:	b5f0      	push	{r4, r5, r6, r7, lr}
2000039e:	4bbb      	ldr	r3, [pc, #748]	@ (2000068c <dcd_rp2040_irq+0x2f0>)
200003a0:	b085      	sub	sp, #20
200003a2:	f8d3 5098 	ldr.w	r5, [r3, #152]	@ 0x98
200003a6:	f415 3600 	ands.w	r6, r5, #131072	@ 0x20000
200003aa:	d074      	beq.n	20000496 <dcd_rp2040_irq+0xfa>
200003ac:	4bb8      	ldr	r3, [pc, #736]	@ (20000690 <dcd_rp2040_irq+0x2f4>)
200003ae:	4cb9      	ldr	r4, [pc, #740]	@ (20000694 <dcd_rp2040_irq+0x2f8>)
200003b0:	6a99      	ldr	r1, [r3, #40]	@ 0x28
200003b2:	f894 303b 	ldrb.w	r3, [r4, #59]	@ 0x3b
200003b6:	4ab8      	ldr	r2, [pc, #736]	@ (20000698 <dcd_rp2040_irq+0x2fc>)
200003b8:	2b02      	cmp	r3, #2
200003ba:	6011      	str	r1, [r2, #0]
200003bc:	f000 80d4 	beq.w	20000568 <dcd_rp2040_irq+0x1cc>
200003c0:	2600      	movs	r6, #0
200003c2:	f894 307b 	ldrb.w	r3, [r4, #123]	@ 0x7b
200003c6:	2b02      	cmp	r3, #2
200003c8:	f000 813b 	beq.w	20000642 <dcd_rp2040_irq+0x2a6>
200003cc:	f894 30bb 	ldrb.w	r3, [r4, #187]	@ 0xbb
200003d0:	2b02      	cmp	r3, #2
200003d2:	f000 817d 	beq.w	200006d0 <dcd_rp2040_irq+0x334>
200003d6:	f894 30fb 	ldrb.w	r3, [r4, #251]	@ 0xfb
200003da:	2b02      	cmp	r3, #2
200003dc:	f000 816c 	beq.w	200006b8 <dcd_rp2040_irq+0x31c>
200003e0:	f894 313b 	ldrb.w	r3, [r4, #315]	@ 0x13b
200003e4:	2b02      	cmp	r3, #2
200003e6:	f000 8144 	beq.w	20000672 <dcd_rp2040_irq+0x2d6>
200003ea:	f894 317b 	ldrb.w	r3, [r4, #379]	@ 0x17b
200003ee:	2b02      	cmp	r3, #2
200003f0:	f000 8133 	beq.w	2000065a <dcd_rp2040_irq+0x2be>
200003f4:	f894 31bb 	ldrb.w	r3, [r4, #443]	@ 0x1bb
200003f8:	2b02      	cmp	r3, #2
200003fa:	f000 81b6 	beq.w	2000076a <dcd_rp2040_irq+0x3ce>
200003fe:	f894 31fb 	ldrb.w	r3, [r4, #507]	@ 0x1fb
20000402:	2b02      	cmp	r3, #2
20000404:	f000 81a6 	beq.w	20000754 <dcd_rp2040_irq+0x3b8>
20000408:	f894 323b 	ldrb.w	r3, [r4, #571]	@ 0x23b
2000040c:	2b02      	cmp	r3, #2
2000040e:	f000 8196 	beq.w	2000073e <dcd_rp2040_irq+0x3a2>
20000412:	f894 327b 	ldrb.w	r3, [r4, #635]	@ 0x27b
20000416:	2b02      	cmp	r3, #2
20000418:	f000 8186 	beq.w	20000728 <dcd_rp2040_irq+0x38c>
2000041c:	f894 32bb 	ldrb.w	r3, [r4, #699]	@ 0x2bb
20000420:	2b02      	cmp	r3, #2
20000422:	f000 8176 	beq.w	20000712 <dcd_rp2040_irq+0x376>
20000426:	f894 32fb 	ldrb.w	r3, [r4, #763]	@ 0x2fb
2000042a:	2b02      	cmp	r3, #2
2000042c:	f000 8166 	beq.w	200006fc <dcd_rp2040_irq+0x360>
20000430:	f894 333b 	ldrb.w	r3, [r4, #827]	@ 0x33b
20000434:	2b02      	cmp	r3, #2
20000436:	f000 8156 	beq.w	200006e6 <dcd_rp2040_irq+0x34a>
2000043a:	f894 337b 	ldrb.w	r3, [r4, #891]	@ 0x37b
2000043e:	2b02      	cmp	r3, #2
20000440:	f000 80a4 	beq.w	2000058c <dcd_rp2040_irq+0x1f0>
20000444:	f894 33bb 	ldrb.w	r3, [r4, #955]	@ 0x3bb
20000448:	2b02      	cmp	r3, #2
2000044a:	f000 8199 	beq.w	20000780 <dcd_rp2040_irq+0x3e4>
2000044e:	f894 33fb 	ldrb.w	r3, [r4, #1019]	@ 0x3fb
20000452:	2b02      	cmp	r3, #2
20000454:	f000 80b4 	beq.w	200005c0 <dcd_rp2040_irq+0x224>
20000458:	b93e      	cbnz	r6, 2000046a <dcd_rp2040_irq+0xce>
2000045a:	4b90      	ldr	r3, [pc, #576]	@ (2000069c <dcd_rp2040_irq+0x300>)
2000045c:	781b      	ldrb	r3, [r3, #0]
2000045e:	b923      	cbnz	r3, 2000046a <dcd_rp2040_irq+0xce>
20000460:	f44f 3200 	mov.w	r2, #131072	@ 0x20000
20000464:	4b8e      	ldr	r3, [pc, #568]	@ (200006a0 <dcd_rp2040_irq+0x304>)
20000466:	f8c3 2090 	str.w	r2, [r3, #144]	@ 0x90
2000046a:	f44f 7240 	mov.w	r2, #768	@ 0x300
2000046e:	4b87      	ldr	r3, [pc, #540]	@ (2000068c <dcd_rp2040_irq+0x2f0>)
20000470:	2101      	movs	r1, #1
20000472:	6c9b      	ldr	r3, [r3, #72]	@ 0x48
20000474:	a801      	add	r0, sp, #4
20000476:	f3c3 030a 	ubfx	r3, r3, #0, #11
2000047a:	f8ad 2004 	strh.w	r2, [sp, #4]
2000047e:	9302      	str	r3, [sp, #8]
20000480:	f000 fb94 	bl	20000bac <dcd_event_handler>
20000484:	06ea      	lsls	r2, r5, #27
20000486:	f44f 3600 	mov.w	r6, #131072	@ 0x20000
2000048a:	4c86      	ldr	r4, [pc, #536]	@ (200006a4 <dcd_rp2040_irq+0x308>)
2000048c:	d507      	bpl.n	2000049e <dcd_rp2040_irq+0x102>
2000048e:	f7ff ff3d 	bl	2000030c <hw_handle_buff_status>
20000492:	4626      	mov	r6, r4
20000494:	e003      	b.n	2000049e <dcd_rp2040_irq+0x102>
20000496:	06ea      	lsls	r2, r5, #27
20000498:	f04f 0410 	mov.w	r4, #16
2000049c:	d4f7      	bmi.n	2000048e <dcd_rp2040_irq+0xf2>
2000049e:	03eb      	lsls	r3, r5, #15
200004a0:	d522      	bpl.n	200004e8 <dcd_rp2040_irq+0x14c>
200004a2:	4c7c      	ldr	r4, [pc, #496]	@ (20000694 <dcd_rp2040_irq+0x2f8>)
200004a4:	f446 3680 	orr.w	r6, r6, #65536	@ 0x10000
200004a8:	7ea3      	ldrb	r3, [r4, #26]
200004aa:	2b00      	cmp	r3, #0
200004ac:	f040 8099 	bne.w	200005e2 <dcd_rp2040_irq+0x246>
200004b0:	2301      	movs	r3, #1
200004b2:	f894 203a 	ldrb.w	r2, [r4, #58]	@ 0x3a
200004b6:	70e3      	strb	r3, [r4, #3]
200004b8:	2a00      	cmp	r2, #0
200004ba:	f040 80ad 	bne.w	20000618 <dcd_rp2040_irq+0x27c>
200004be:	2301      	movs	r3, #1
200004c0:	f44f 61c0 	mov.w	r1, #1536	@ 0x600
200004c4:	4a78      	ldr	r2, [pc, #480]	@ (200006a8 <dcd_rp2040_irq+0x30c>)
200004c6:	f884 3023 	strb.w	r3, [r4, #35]	@ 0x23
200004ca:	f8ad 1004 	strh.w	r1, [sp, #4]
200004ce:	e892 0003 	ldmia.w	r2, {r0, r1}
200004d2:	aa04      	add	r2, sp, #16
200004d4:	e902 0003 	stmdb	r2, {r0, r1}
200004d8:	4619      	mov	r1, r3
200004da:	a801      	add	r0, sp, #4
200004dc:	f000 fb66 	bl	20000bac <dcd_event_handler>
200004e0:	f44f 3200 	mov.w	r2, #131072	@ 0x20000
200004e4:	4b6e      	ldr	r3, [pc, #440]	@ (200006a0 <dcd_rp2040_irq+0x304>)
200004e6:	651a      	str	r2, [r3, #80]	@ 0x50
200004e8:	04e9      	lsls	r1, r5, #19
200004ea:	d408      	bmi.n	200004fe <dcd_rp2040_irq+0x162>
200004ec:	046a      	lsls	r2, r5, #17
200004ee:	d41d      	bmi.n	2000052c <dcd_rp2040_irq+0x190>
200004f0:	042b      	lsls	r3, r5, #16
200004f2:	d42a      	bmi.n	2000054a <dcd_rp2040_irq+0x1ae>
200004f4:	42ae      	cmp	r6, r5
200004f6:	f040 81c5 	bne.w	20000884 <dcd_rp2040_irq+0x4e8>
200004fa:	b005      	add	sp, #20
200004fc:	bdf0      	pop	{r4, r5, r6, r7, pc}
200004fe:	2400      	movs	r4, #0
20000500:	4b62      	ldr	r3, [pc, #392]	@ (2000068c <dcd_rp2040_irq+0x2f0>)
20000502:	f446 5680 	orr.w	r6, r6, #4096	@ 0x1000
20000506:	601c      	str	r4, [r3, #0]
20000508:	f7ff fece 	bl	200002a8 <reset_non_control_endpoints>
2000050c:	f44f 7380 	mov.w	r3, #256	@ 0x100
20000510:	2101      	movs	r1, #1
20000512:	a801      	add	r0, sp, #4
20000514:	f8ad 3004 	strh.w	r3, [sp, #4]
20000518:	f88d 4008 	strb.w	r4, [sp, #8]
2000051c:	f000 fb46 	bl	20000bac <dcd_event_handler>
20000520:	f44f 2200 	mov.w	r2, #524288	@ 0x80000
20000524:	4b5e      	ldr	r3, [pc, #376]	@ (200006a0 <dcd_rp2040_irq+0x304>)
20000526:	651a      	str	r2, [r3, #80]	@ 0x50
20000528:	046a      	lsls	r2, r5, #17
2000052a:	d5e1      	bpl.n	200004f0 <dcd_rp2040_irq+0x154>
2000052c:	f44f 6380 	mov.w	r3, #1024	@ 0x400
20000530:	2101      	movs	r1, #1
20000532:	a801      	add	r0, sp, #4
20000534:	f8ad 3004 	strh.w	r3, [sp, #4]
20000538:	f000 fb38 	bl	20000bac <dcd_event_handler>
2000053c:	2210      	movs	r2, #16
2000053e:	4b58      	ldr	r3, [pc, #352]	@ (200006a0 <dcd_rp2040_irq+0x304>)
20000540:	f446 4680 	orr.w	r6, r6, #16384	@ 0x4000
20000544:	651a      	str	r2, [r3, #80]	@ 0x50
20000546:	042b      	lsls	r3, r5, #16
20000548:	d5d4      	bpl.n	200004f4 <dcd_rp2040_irq+0x158>
2000054a:	f44f 63a0 	mov.w	r3, #1280	@ 0x500
2000054e:	2101      	movs	r1, #1
20000550:	a801      	add	r0, sp, #4
20000552:	f8ad 3004 	strh.w	r3, [sp, #4]
20000556:	f000 fb29 	bl	20000bac <dcd_event_handler>
2000055a:	f44f 6200 	mov.w	r2, #2048	@ 0x800
2000055e:	4b50      	ldr	r3, [pc, #320]	@ (200006a0 <dcd_rp2040_irq+0x304>)
20000560:	f446 4600 	orr.w	r6, r6, #32768	@ 0x8000
20000564:	651a      	str	r2, [r3, #80]	@ 0x50
20000566:	e7c5      	b.n	200004f4 <dcd_rp2040_irq+0x158>
20000568:	f894 603a 	ldrb.w	r6, [r4, #58]	@ 0x3a
2000056c:	2e00      	cmp	r6, #0
2000056e:	f43f af28 	beq.w	200003c2 <dcd_rp2040_irq+0x26>
20000572:	f894 303c 	ldrb.w	r3, [r4, #60]	@ 0x3c
20000576:	2b00      	cmp	r3, #0
20000578:	f43f af23 	beq.w	200003c2 <dcd_rp2040_irq+0x26>
2000057c:	2300      	movs	r3, #0
2000057e:	f104 0020 	add.w	r0, r4, #32
20000582:	f884 303c 	strb.w	r3, [r4, #60]	@ 0x3c
20000586:	f000 fac1 	bl	20000b0c <hw_endpoint_start_next_buffer>
2000058a:	e71a      	b.n	200003c2 <dcd_rp2040_irq+0x26>
2000058c:	f894 737a 	ldrb.w	r7, [r4, #890]	@ 0x37a
20000590:	2f00      	cmp	r7, #0
20000592:	f43f af57 	beq.w	20000444 <dcd_rp2040_irq+0xa8>
20000596:	f894 337c 	ldrb.w	r3, [r4, #892]	@ 0x37c
2000059a:	2b00      	cmp	r3, #0
2000059c:	f040 8164 	bne.w	20000868 <dcd_rp2040_irq+0x4cc>
200005a0:	f894 33bb 	ldrb.w	r3, [r4, #955]	@ 0x3bb
200005a4:	2b02      	cmp	r3, #2
200005a6:	f040 80f4 	bne.w	20000792 <dcd_rp2040_irq+0x3f6>
200005aa:	f894 33ba 	ldrb.w	r3, [r4, #954]	@ 0x3ba
200005ae:	2b00      	cmp	r3, #0
200005b0:	f040 80eb 	bne.w	2000078a <dcd_rp2040_irq+0x3ee>
200005b4:	f894 33fb 	ldrb.w	r3, [r4, #1019]	@ 0x3fb
200005b8:	2b02      	cmp	r3, #2
200005ba:	f47f af56 	bne.w	2000046a <dcd_rp2040_irq+0xce>
200005be:	463e      	mov	r6, r7
200005c0:	f894 33fa 	ldrb.w	r3, [r4, #1018]	@ 0x3fa
200005c4:	2b00      	cmp	r3, #0
200005c6:	f43f af47 	beq.w	20000458 <dcd_rp2040_irq+0xbc>
200005ca:	f894 33fc 	ldrb.w	r3, [r4, #1020]	@ 0x3fc
200005ce:	2b00      	cmp	r3, #0
200005d0:	f43f af4b 	beq.w	2000046a <dcd_rp2040_irq+0xce>
200005d4:	2300      	movs	r3, #0
200005d6:	4835      	ldr	r0, [pc, #212]	@ (200006ac <dcd_rp2040_irq+0x310>)
200005d8:	f884 33fc 	strb.w	r3, [r4, #1020]	@ 0x3fc
200005dc:	f000 fa96 	bl	20000b0c <hw_endpoint_start_next_buffer>
200005e0:	e743      	b.n	2000046a <dcd_rp2040_irq+0xce>
200005e2:	2102      	movs	r1, #2
200005e4:	4b32      	ldr	r3, [pc, #200]	@ (200006b0 <dcd_rp2040_irq+0x314>)
200005e6:	4a29      	ldr	r2, [pc, #164]	@ (2000068c <dcd_rp2040_irq+0x2f0>)
200005e8:	6619      	str	r1, [r3, #96]	@ 0x60
200005ea:	6e53      	ldr	r3, [r2, #100]	@ 0x64
200005ec:	079f      	lsls	r7, r3, #30
200005ee:	d5fc      	bpl.n	200005ea <dcd_rp2040_irq+0x24e>
200005f0:	f44f 5240 	mov.w	r2, #12288	@ 0x3000
200005f4:	2100      	movs	r1, #0
200005f6:	4827      	ldr	r0, [pc, #156]	@ (20000694 <dcd_rp2040_irq+0x2f8>)
200005f8:	f000 fa66 	bl	20000ac8 <_hw_endpoint_buffer_control_update32>
200005fc:	4825      	ldr	r0, [pc, #148]	@ (20000694 <dcd_rp2040_irq+0x2f8>)
200005fe:	f000 fa5d 	bl	20000abc <hw_endpoint_reset_transfer>
20000602:	2202      	movs	r2, #2
20000604:	4b26      	ldr	r3, [pc, #152]	@ (200006a0 <dcd_rp2040_irq+0x304>)
20000606:	665a      	str	r2, [r3, #100]	@ 0x64
20000608:	661a      	str	r2, [r3, #96]	@ 0x60
2000060a:	2301      	movs	r3, #1
2000060c:	f894 203a 	ldrb.w	r2, [r4, #58]	@ 0x3a
20000610:	70e3      	strb	r3, [r4, #3]
20000612:	2a00      	cmp	r2, #0
20000614:	f43f af53 	beq.w	200004be <dcd_rp2040_irq+0x122>
20000618:	4a25      	ldr	r2, [pc, #148]	@ (200006b0 <dcd_rp2040_irq+0x314>)
2000061a:	6613      	str	r3, [r2, #96]	@ 0x60
2000061c:	f5a2 5200 	sub.w	r2, r2, #8192	@ 0x2000
20000620:	6e53      	ldr	r3, [r2, #100]	@ 0x64
20000622:	07d8      	lsls	r0, r3, #31
20000624:	d5fc      	bpl.n	20000620 <dcd_rp2040_irq+0x284>
20000626:	f44f 5240 	mov.w	r2, #12288	@ 0x3000
2000062a:	2100      	movs	r1, #0
2000062c:	4821      	ldr	r0, [pc, #132]	@ (200006b4 <dcd_rp2040_irq+0x318>)
2000062e:	f000 fa4b 	bl	20000ac8 <_hw_endpoint_buffer_control_update32>
20000632:	4820      	ldr	r0, [pc, #128]	@ (200006b4 <dcd_rp2040_irq+0x318>)
20000634:	f000 fa42 	bl	20000abc <hw_endpoint_reset_transfer>
20000638:	2201      	movs	r2, #1
2000063a:	4b19      	ldr	r3, [pc, #100]	@ (200006a0 <dcd_rp2040_irq+0x304>)
2000063c:	665a      	str	r2, [r3, #100]	@ 0x64
2000063e:	661a      	str	r2, [r3, #96]	@ 0x60
20000640:	e73d      	b.n	200004be <dcd_rp2040_irq+0x122>
20000642:	f894 707a 	ldrb.w	r7, [r4, #122]	@ 0x7a
20000646:	2f00      	cmp	r7, #0
20000648:	f43f aec0 	beq.w	200003cc <dcd_rp2040_irq+0x30>
2000064c:	f894 307c 	ldrb.w	r3, [r4, #124]	@ 0x7c
20000650:	2b00      	cmp	r3, #0
20000652:	f040 8101 	bne.w	20000858 <dcd_rp2040_irq+0x4bc>
20000656:	463e      	mov	r6, r7
20000658:	e6b8      	b.n	200003cc <dcd_rp2040_irq+0x30>
2000065a:	f894 717a 	ldrb.w	r7, [r4, #378]	@ 0x17a
2000065e:	2f00      	cmp	r7, #0
20000660:	f43f aec8 	beq.w	200003f4 <dcd_rp2040_irq+0x58>
20000664:	f894 317c 	ldrb.w	r3, [r4, #380]	@ 0x17c
20000668:	2b00      	cmp	r3, #0
2000066a:	f040 80ed 	bne.w	20000848 <dcd_rp2040_irq+0x4ac>
2000066e:	463e      	mov	r6, r7
20000670:	e6c0      	b.n	200003f4 <dcd_rp2040_irq+0x58>
20000672:	f894 713a 	ldrb.w	r7, [r4, #314]	@ 0x13a
20000676:	2f00      	cmp	r7, #0
20000678:	f43f aeb7 	beq.w	200003ea <dcd_rp2040_irq+0x4e>
2000067c:	f894 313c 	ldrb.w	r3, [r4, #316]	@ 0x13c
20000680:	2b00      	cmp	r3, #0
20000682:	f040 80d9 	bne.w	20000838 <dcd_rp2040_irq+0x49c>
20000686:	463e      	mov	r6, r7
20000688:	e6af      	b.n	200003ea <dcd_rp2040_irq+0x4e>
2000068a:	bf00      	nop
2000068c:	50110000 	.word	0x50110000
20000690:	400b0000 	.word	0x400b0000
20000694:	200019d4 	.word	0x200019d4
20000698:	200019cc 	.word	0x200019cc
2000069c:	20001e46 	.word	0x20001e46
200006a0:	50113000 	.word	0x50113000
200006a4:	00020010 	.word	0x00020010
200006a8:	50100000 	.word	0x50100000
200006ac:	20001db4 	.word	0x20001db4
200006b0:	50112000 	.word	0x50112000
200006b4:	200019f4 	.word	0x200019f4
200006b8:	f894 70fa 	ldrb.w	r7, [r4, #250]	@ 0xfa
200006bc:	2f00      	cmp	r7, #0
200006be:	f43f ae8f 	beq.w	200003e0 <dcd_rp2040_irq+0x44>
200006c2:	f894 30fc 	ldrb.w	r3, [r4, #252]	@ 0xfc
200006c6:	2b00      	cmp	r3, #0
200006c8:	f040 808e 	bne.w	200007e8 <dcd_rp2040_irq+0x44c>
200006cc:	463e      	mov	r6, r7
200006ce:	e687      	b.n	200003e0 <dcd_rp2040_irq+0x44>
200006d0:	f894 70ba 	ldrb.w	r7, [r4, #186]	@ 0xba
200006d4:	2f00      	cmp	r7, #0
200006d6:	f43f ae7e 	beq.w	200003d6 <dcd_rp2040_irq+0x3a>
200006da:	f894 30bc 	ldrb.w	r3, [r4, #188]	@ 0xbc
200006de:	2b00      	cmp	r3, #0
200006e0:	d17a      	bne.n	200007d8 <dcd_rp2040_irq+0x43c>
200006e2:	463e      	mov	r6, r7
200006e4:	e677      	b.n	200003d6 <dcd_rp2040_irq+0x3a>
200006e6:	f894 733a 	ldrb.w	r7, [r4, #826]	@ 0x33a
200006ea:	2f00      	cmp	r7, #0
200006ec:	f43f aea5 	beq.w	2000043a <dcd_rp2040_irq+0x9e>
200006f0:	f894 333c 	ldrb.w	r3, [r4, #828]	@ 0x33c
200006f4:	2b00      	cmp	r3, #0
200006f6:	d157      	bne.n	200007a8 <dcd_rp2040_irq+0x40c>
200006f8:	463e      	mov	r6, r7
200006fa:	e69e      	b.n	2000043a <dcd_rp2040_irq+0x9e>
200006fc:	f894 72fa 	ldrb.w	r7, [r4, #762]	@ 0x2fa
20000700:	2f00      	cmp	r7, #0
20000702:	f43f ae95 	beq.w	20000430 <dcd_rp2040_irq+0x94>
20000706:	f894 32fc 	ldrb.w	r3, [r4, #764]	@ 0x2fc
2000070a:	2b00      	cmp	r3, #0
2000070c:	d15c      	bne.n	200007c8 <dcd_rp2040_irq+0x42c>
2000070e:	463e      	mov	r6, r7
20000710:	e68e      	b.n	20000430 <dcd_rp2040_irq+0x94>
20000712:	f894 72ba 	ldrb.w	r7, [r4, #698]	@ 0x2ba
20000716:	2f00      	cmp	r7, #0
20000718:	f43f ae85 	beq.w	20000426 <dcd_rp2040_irq+0x8a>
2000071c:	f894 32bc 	ldrb.w	r3, [r4, #700]	@ 0x2bc
20000720:	2b00      	cmp	r3, #0
20000722:	d149      	bne.n	200007b8 <dcd_rp2040_irq+0x41c>
20000724:	463e      	mov	r6, r7
20000726:	e67e      	b.n	20000426 <dcd_rp2040_irq+0x8a>
20000728:	f894 727a 	ldrb.w	r7, [r4, #634]	@ 0x27a
2000072c:	2f00      	cmp	r7, #0
2000072e:	f43f ae75 	beq.w	2000041c <dcd_rp2040_irq+0x80>
20000732:	f894 327c 	ldrb.w	r3, [r4, #636]	@ 0x27c
20000736:	2b00      	cmp	r3, #0
20000738:	d176      	bne.n	20000828 <dcd_rp2040_irq+0x48c>
2000073a:	463e      	mov	r6, r7
2000073c:	e66e      	b.n	2000041c <dcd_rp2040_irq+0x80>
2000073e:	f894 723a 	ldrb.w	r7, [r4, #570]	@ 0x23a
20000742:	2f00      	cmp	r7, #0
20000744:	f43f ae65 	beq.w	20000412 <dcd_rp2040_irq+0x76>
20000748:	f894 323c 	ldrb.w	r3, [r4, #572]	@ 0x23c
2000074c:	2b00      	cmp	r3, #0
2000074e:	d163      	bne.n	20000818 <dcd_rp2040_irq+0x47c>
20000750:	463e      	mov	r6, r7
20000752:	e65e      	b.n	20000412 <dcd_rp2040_irq+0x76>
20000754:	f894 71fa 	ldrb.w	r7, [r4, #506]	@ 0x1fa
20000758:	2f00      	cmp	r7, #0
2000075a:	f43f ae55 	beq.w	20000408 <dcd_rp2040_irq+0x6c>
2000075e:	f894 31fc 	ldrb.w	r3, [r4, #508]	@ 0x1fc
20000762:	2b00      	cmp	r3, #0
20000764:	d150      	bne.n	20000808 <dcd_rp2040_irq+0x46c>
20000766:	463e      	mov	r6, r7
20000768:	e64e      	b.n	20000408 <dcd_rp2040_irq+0x6c>
2000076a:	f894 71ba 	ldrb.w	r7, [r4, #442]	@ 0x1ba
2000076e:	2f00      	cmp	r7, #0
20000770:	f43f ae45 	beq.w	200003fe <dcd_rp2040_irq+0x62>
20000774:	f894 31bc 	ldrb.w	r3, [r4, #444]	@ 0x1bc
20000778:	2b00      	cmp	r3, #0
2000077a:	d13d      	bne.n	200007f8 <dcd_rp2040_irq+0x45c>
2000077c:	463e      	mov	r6, r7
2000077e:	e63e      	b.n	200003fe <dcd_rp2040_irq+0x62>
20000780:	f894 33ba 	ldrb.w	r3, [r4, #954]	@ 0x3ba
20000784:	2b00      	cmp	r3, #0
20000786:	f43f ae62 	beq.w	2000044e <dcd_rp2040_irq+0xb2>
2000078a:	f894 33bc 	ldrb.w	r3, [r4, #956]	@ 0x3bc
2000078e:	2b00      	cmp	r3, #0
20000790:	d171      	bne.n	20000876 <dcd_rp2040_irq+0x4da>
20000792:	f894 33fb 	ldrb.w	r3, [r4, #1019]	@ 0x3fb
20000796:	2b02      	cmp	r3, #2
20000798:	f47f ae67 	bne.w	2000046a <dcd_rp2040_irq+0xce>
2000079c:	f894 33fa 	ldrb.w	r3, [r4, #1018]	@ 0x3fa
200007a0:	2b00      	cmp	r3, #0
200007a2:	f43f ae62 	beq.w	2000046a <dcd_rp2040_irq+0xce>
200007a6:	e710      	b.n	200005ca <dcd_rp2040_irq+0x22e>
200007a8:	2300      	movs	r3, #0
200007aa:	4839      	ldr	r0, [pc, #228]	@ (20000890 <dcd_rp2040_irq+0x4f4>)
200007ac:	f884 333c 	strb.w	r3, [r4, #828]	@ 0x33c
200007b0:	463e      	mov	r6, r7
200007b2:	f000 f9ab 	bl	20000b0c <hw_endpoint_start_next_buffer>
200007b6:	e640      	b.n	2000043a <dcd_rp2040_irq+0x9e>
200007b8:	2300      	movs	r3, #0
200007ba:	4836      	ldr	r0, [pc, #216]	@ (20000894 <dcd_rp2040_irq+0x4f8>)
200007bc:	f884 32bc 	strb.w	r3, [r4, #700]	@ 0x2bc
200007c0:	463e      	mov	r6, r7
200007c2:	f000 f9a3 	bl	20000b0c <hw_endpoint_start_next_buffer>
200007c6:	e62e      	b.n	20000426 <dcd_rp2040_irq+0x8a>
200007c8:	2300      	movs	r3, #0
200007ca:	4833      	ldr	r0, [pc, #204]	@ (20000898 <dcd_rp2040_irq+0x4fc>)
200007cc:	f884 32fc 	strb.w	r3, [r4, #764]	@ 0x2fc
200007d0:	463e      	mov	r6, r7
200007d2:	f000 f99b 	bl	20000b0c <hw_endpoint_start_next_buffer>
200007d6:	e62b      	b.n	20000430 <dcd_rp2040_irq+0x94>
200007d8:	2300      	movs	r3, #0
200007da:	4830      	ldr	r0, [pc, #192]	@ (2000089c <dcd_rp2040_irq+0x500>)
200007dc:	f884 30bc 	strb.w	r3, [r4, #188]	@ 0xbc
200007e0:	463e      	mov	r6, r7
200007e2:	f000 f993 	bl	20000b0c <hw_endpoint_start_next_buffer>
200007e6:	e5f6      	b.n	200003d6 <dcd_rp2040_irq+0x3a>
200007e8:	2300      	movs	r3, #0
200007ea:	482d      	ldr	r0, [pc, #180]	@ (200008a0 <dcd_rp2040_irq+0x504>)
200007ec:	f884 30fc 	strb.w	r3, [r4, #252]	@ 0xfc
200007f0:	463e      	mov	r6, r7
200007f2:	f000 f98b 	bl	20000b0c <hw_endpoint_start_next_buffer>
200007f6:	e5f3      	b.n	200003e0 <dcd_rp2040_irq+0x44>
200007f8:	2300      	movs	r3, #0
200007fa:	482a      	ldr	r0, [pc, #168]	@ (200008a4 <dcd_rp2040_irq+0x508>)
200007fc:	f884 31bc 	strb.w	r3, [r4, #444]	@ 0x1bc
20000800:	463e      	mov	r6, r7
20000802:	f000 f983 	bl	20000b0c <hw_endpoint_start_next_buffer>
20000806:	e5fa      	b.n	200003fe <dcd_rp2040_irq+0x62>
20000808:	2300      	movs	r3, #0
2000080a:	4827      	ldr	r0, [pc, #156]	@ (200008a8 <dcd_rp2040_irq+0x50c>)
2000080c:	f884 31fc 	strb.w	r3, [r4, #508]	@ 0x1fc
20000810:	463e      	mov	r6, r7
20000812:	f000 f97b 	bl	20000b0c <hw_endpoint_start_next_buffer>
20000816:	e5f7      	b.n	20000408 <dcd_rp2040_irq+0x6c>
20000818:	2300      	movs	r3, #0
2000081a:	4824      	ldr	r0, [pc, #144]	@ (200008ac <dcd_rp2040_irq+0x510>)
2000081c:	f884 323c 	strb.w	r3, [r4, #572]	@ 0x23c
20000820:	463e      	mov	r6, r7
20000822:	f000 f973 	bl	20000b0c <hw_endpoint_start_next_buffer>
20000826:	e5f4      	b.n	20000412 <dcd_rp2040_irq+0x76>
20000828:	2300      	movs	r3, #0
2000082a:	4821      	ldr	r0, [pc, #132]	@ (200008b0 <dcd_rp2040_irq+0x514>)
2000082c:	f884 327c 	strb.w	r3, [r4, #636]	@ 0x27c
20000830:	463e      	mov	r6, r7
20000832:	f000 f96b 	bl	20000b0c <hw_endpoint_start_next_buffer>
20000836:	e5f1      	b.n	2000041c <dcd_rp2040_irq+0x80>
20000838:	2300      	movs	r3, #0
2000083a:	481e      	ldr	r0, [pc, #120]	@ (200008b4 <dcd_rp2040_irq+0x518>)
2000083c:	f884 313c 	strb.w	r3, [r4, #316]	@ 0x13c
20000840:	463e      	mov	r6, r7
20000842:	f000 f963 	bl	20000b0c <hw_endpoint_start_next_buffer>
20000846:	e5d0      	b.n	200003ea <dcd_rp2040_irq+0x4e>
20000848:	2300      	movs	r3, #0
2000084a:	481b      	ldr	r0, [pc, #108]	@ (200008b8 <dcd_rp2040_irq+0x51c>)
2000084c:	f884 317c 	strb.w	r3, [r4, #380]	@ 0x17c
20000850:	463e      	mov	r6, r7
20000852:	f000 f95b 	bl	20000b0c <hw_endpoint_start_next_buffer>
20000856:	e5cd      	b.n	200003f4 <dcd_rp2040_irq+0x58>
20000858:	2300      	movs	r3, #0
2000085a:	4818      	ldr	r0, [pc, #96]	@ (200008bc <dcd_rp2040_irq+0x520>)
2000085c:	f884 307c 	strb.w	r3, [r4, #124]	@ 0x7c
20000860:	463e      	mov	r6, r7
20000862:	f000 f953 	bl	20000b0c <hw_endpoint_start_next_buffer>
20000866:	e5b1      	b.n	200003cc <dcd_rp2040_irq+0x30>
20000868:	2300      	movs	r3, #0
2000086a:	4815      	ldr	r0, [pc, #84]	@ (200008c0 <dcd_rp2040_irq+0x524>)
2000086c:	f884 337c 	strb.w	r3, [r4, #892]	@ 0x37c
20000870:	f000 f94c 	bl	20000b0c <hw_endpoint_start_next_buffer>
20000874:	e694      	b.n	200005a0 <dcd_rp2040_irq+0x204>
20000876:	2300      	movs	r3, #0
20000878:	4812      	ldr	r0, [pc, #72]	@ (200008c4 <dcd_rp2040_irq+0x528>)
2000087a:	f884 33bc 	strb.w	r3, [r4, #956]	@ 0x3bc
2000087e:	f000 f945 	bl	20000b0c <hw_endpoint_start_next_buffer>
20000882:	e786      	b.n	20000792 <dcd_rp2040_irq+0x3f6>
20000884:	4810      	ldr	r0, [pc, #64]	@ (200008c8 <dcd_rp2040_irq+0x52c>)
20000886:	ea86 0105 	eor.w	r1, r6, r5
2000088a:	f000 fc61 	bl	20001150 <__panic_veneer>
2000088e:	bf00      	nop
20000890:	20001cf4 	.word	0x20001cf4
20000894:	20001c74 	.word	0x20001c74
20000898:	20001cb4 	.word	0x20001cb4
2000089c:	20001a74 	.word	0x20001a74
200008a0:	20001ab4 	.word	0x20001ab4
200008a4:	20001b74 	.word	0x20001b74
200008a8:	20001bb4 	.word	0x20001bb4
200008ac:	20001bf4 	.word	0x20001bf4
200008b0:	20001c34 	.word	0x20001c34
200008b4:	20001af4 	.word	0x20001af4
200008b8:	20001b34 	.word	0x20001b34
200008bc:	20001a34 	.word	0x20001a34
200008c0:	20001d34 	.word	0x20001d34
200008c4:	20001d74 	.word	0x20001d74
200008c8:	10006638 	.word	0x10006638

200008cc <prepare_ep_buffer>:
200008cc:	e92d 47f0 	stmdb	sp!, {r4, r5, r6, r7, r8, r9, sl, lr}
200008d0:	8a84      	ldrh	r4, [r0, #20]
200008d2:	8b05      	ldrh	r5, [r0, #24]
200008d4:	78c2      	ldrb	r2, [r0, #3]
200008d6:	42a5      	cmp	r5, r4
200008d8:	bf28      	it	cs
200008da:	4625      	movcs	r5, r4
200008dc:	1e17      	subs	r7, r2, #0
200008de:	bf18      	it	ne
200008e0:	2701      	movne	r7, #1
200008e2:	1b64      	subs	r4, r4, r5
200008e4:	7846      	ldrb	r6, [r0, #1]
200008e6:	f082 0201 	eor.w	r2, r2, #1
200008ea:	b2a4      	uxth	r4, r4
200008ec:	4603      	mov	r3, r0
200008ee:	70c2      	strb	r2, [r0, #3]
200008f0:	8284      	strh	r4, [r0, #20]
200008f2:	f445 6080 	orr.w	r0, r5, #1024	@ 0x400
200008f6:	ea40 3047 	orr.w	r0, r0, r7, lsl #13
200008fa:	bba6      	cbnz	r6, 20000966 <prepare_ep_buffer+0x9a>
200008fc:	e9d3 2603 	ldrd	r2, r6, [r3, #12]
20000900:	1e6f      	subs	r7, r5, #1
20000902:	eb02 1e81 	add.w	lr, r2, r1, lsl #6
20000906:	b355      	cbz	r5, 2000095e <prepare_ep_buffer+0x92>
20000908:	2f05      	cmp	r7, #5
2000090a:	bf98      	it	ls
2000090c:	1c72      	addls	r2, r6, #1
2000090e:	d931      	bls.n	20000974 <prepare_ep_buffer+0xa8>
20000910:	eb02 1c81 	add.w	ip, r2, r1, lsl #6
20000914:	1c72      	adds	r2, r6, #1
20000916:	ebac 0402 	sub.w	r4, ip, r2
2000091a:	2c02      	cmp	r4, #2
2000091c:	d92a      	bls.n	20000974 <prepare_ep_buffer+0xa8>
2000091e:	4632      	mov	r2, r6
20000920:	ea4f 0995 	mov.w	r9, r5, lsr #2
20000924:	ea4f 0a89 	mov.w	sl, r9, lsl #2
20000928:	eb06 0889 	add.w	r8, r6, r9, lsl #2
2000092c:	f852 4b04 	ldr.w	r4, [r2], #4
20000930:	4542      	cmp	r2, r8
20000932:	f84c 4b04 	str.w	r4, [ip], #4
20000936:	d1f9      	bne.n	2000092c <prepare_ep_buffer+0x60>
20000938:	4555      	cmp	r5, sl
2000093a:	eba7 070a 	sub.w	r7, r7, sl
2000093e:	eb0e 040a 	add.w	r4, lr, sl
20000942:	d00a      	beq.n	2000095a <prepare_ep_buffer+0x8e>
20000944:	f816 6029 	ldrb.w	r6, [r6, r9, lsl #2]
20000948:	f80e 6029 	strb.w	r6, [lr, r9, lsl #2]
2000094c:	b12f      	cbz	r7, 2000095a <prepare_ep_buffer+0x8e>
2000094e:	7856      	ldrb	r6, [r2, #1]
20000950:	2f01      	cmp	r7, #1
20000952:	7066      	strb	r6, [r4, #1]
20000954:	d001      	beq.n	2000095a <prepare_ep_buffer+0x8e>
20000956:	7892      	ldrb	r2, [r2, #2]
20000958:	70a2      	strb	r2, [r4, #2]
2000095a:	691e      	ldr	r6, [r3, #16]
2000095c:	8a9c      	ldrh	r4, [r3, #20]
2000095e:	442e      	add	r6, r5
20000960:	611e      	str	r6, [r3, #16]
20000962:	f440 4000 	orr.w	r0, r0, #32768	@ 0x8000
20000966:	b90c      	cbnz	r4, 2000096c <prepare_ep_buffer+0xa0>
20000968:	f440 4080 	orr.w	r0, r0, #16384	@ 0x4000
2000096c:	b101      	cbz	r1, 20000970 <prepare_ep_buffer+0xa4>
2000096e:	0400      	lsls	r0, r0, #16
20000970:	e8bd 87f0 	ldmia.w	sp!, {r4, r5, r6, r7, r8, r9, sl, pc}
20000974:	f10e 3eff 	add.w	lr, lr, #4294967295
20000978:	442e      	add	r6, r5
2000097a:	e000      	b.n	2000097e <prepare_ep_buffer+0xb2>
2000097c:	3201      	adds	r2, #1
2000097e:	f812 4c01 	ldrb.w	r4, [r2, #-1]
20000982:	42b2      	cmp	r2, r6
20000984:	f80e 4f01 	strb.w	r4, [lr, #1]!
20000988:	d1f8      	bne.n	2000097c <prepare_ep_buffer+0xb0>
2000098a:	e7e6      	b.n	2000095a <prepare_ep_buffer+0x8e>

2000098c <sync_ep_buffer>:
2000098c:	6883      	ldr	r3, [r0, #8]
2000098e:	4602      	mov	r2, r0
20000990:	6818      	ldr	r0, [r3, #0]
20000992:	b101      	cbz	r1, 20000996 <sync_ep_buffer+0xa>
20000994:	0c00      	lsrs	r0, r0, #16
20000996:	7853      	ldrb	r3, [r2, #1]
20000998:	f3c0 0009 	ubfx	r0, r0, #0, #10
2000099c:	2b00      	cmp	r3, #0
2000099e:	d03c      	beq.n	20000a1a <sync_ep_buffer+0x8e>
200009a0:	e92d 41f0 	stmdb	sp!, {r4, r5, r6, r7, r8, lr}
200009a4:	e9d2 3403 	ldrd	r3, r4, [r2, #12]
200009a8:	1e46      	subs	r6, r0, #1
200009aa:	eb03 1e81 	add.w	lr, r3, r1, lsl #6
200009ae:	b340      	cbz	r0, 20000a02 <sync_ep_buffer+0x76>
200009b0:	2e05      	cmp	r6, #5
200009b2:	d93b      	bls.n	20000a2c <sync_ep_buffer+0xa0>
200009b4:	0189      	lsls	r1, r1, #6
200009b6:	1c4d      	adds	r5, r1, #1
200009b8:	441d      	add	r5, r3
200009ba:	1b65      	subs	r5, r4, r5
200009bc:	2d02      	cmp	r5, #2
200009be:	d935      	bls.n	20000a2c <sync_ep_buffer+0xa0>
200009c0:	4673      	mov	r3, lr
200009c2:	4621      	mov	r1, r4
200009c4:	f400 777f 	and.w	r7, r0, #1020	@ 0x3fc
200009c8:	ea4f 0890 	mov.w	r8, r0, lsr #2
200009cc:	18fd      	adds	r5, r7, r3
200009ce:	f853 cb04 	ldr.w	ip, [r3], #4
200009d2:	42ab      	cmp	r3, r5
200009d4:	f841 cb04 	str.w	ip, [r1], #4
200009d8:	d1f9      	bne.n	200009ce <sync_ep_buffer+0x42>
200009da:	42b8      	cmp	r0, r7
200009dc:	eba6 0607 	sub.w	r6, r6, r7
200009e0:	eb04 0307 	add.w	r3, r4, r7
200009e4:	eb0e 0107 	add.w	r1, lr, r7
200009e8:	d00a      	beq.n	20000a00 <sync_ep_buffer+0x74>
200009ea:	f81e 5028 	ldrb.w	r5, [lr, r8, lsl #2]
200009ee:	f804 5028 	strb.w	r5, [r4, r8, lsl #2]
200009f2:	b12e      	cbz	r6, 20000a00 <sync_ep_buffer+0x74>
200009f4:	784c      	ldrb	r4, [r1, #1]
200009f6:	2e01      	cmp	r6, #1
200009f8:	705c      	strb	r4, [r3, #1]
200009fa:	d001      	beq.n	20000a00 <sync_ep_buffer+0x74>
200009fc:	7889      	ldrb	r1, [r1, #2]
200009fe:	7099      	strb	r1, [r3, #2]
20000a00:	6914      	ldr	r4, [r2, #16]
20000a02:	8ad3      	ldrh	r3, [r2, #22]
20000a04:	4404      	add	r4, r0
20000a06:	4403      	add	r3, r0
20000a08:	82d3      	strh	r3, [r2, #22]
20000a0a:	8b13      	ldrh	r3, [r2, #24]
20000a0c:	6114      	str	r4, [r2, #16]
20000a0e:	4283      	cmp	r3, r0
20000a10:	bf84      	itt	hi
20000a12:	2300      	movhi	r3, #0
20000a14:	8293      	strhhi	r3, [r2, #20]
20000a16:	e8bd 81f0 	ldmia.w	sp!, {r4, r5, r6, r7, r8, pc}
20000a1a:	8ad3      	ldrh	r3, [r2, #22]
20000a1c:	4403      	add	r3, r0
20000a1e:	82d3      	strh	r3, [r2, #22]
20000a20:	8b13      	ldrh	r3, [r2, #24]
20000a22:	4283      	cmp	r3, r0
20000a24:	bf84      	itt	hi
20000a26:	2300      	movhi	r3, #0
20000a28:	8293      	strhhi	r3, [r2, #20]
20000a2a:	4770      	bx	lr
20000a2c:	3c01      	subs	r4, #1
20000a2e:	eb0e 0100 	add.w	r1, lr, r0
20000a32:	f81e 3b01 	ldrb.w	r3, [lr], #1
20000a36:	4571      	cmp	r1, lr
20000a38:	f804 3f01 	strb.w	r3, [r4, #1]!
20000a3c:	d1f9      	bne.n	20000a32 <sync_ep_buffer+0xa6>
20000a3e:	e7df      	b.n	20000a00 <sync_ep_buffer+0x74>

20000a40 <_hw_endpoint_xfer_sync>:
20000a40:	b510      	push	{r4, lr}
20000a42:	4604      	mov	r4, r0
20000a44:	6883      	ldr	r3, [r0, #8]
20000a46:	2100      	movs	r1, #0
20000a48:	681b      	ldr	r3, [r3, #0]
20000a4a:	f7ff ff9f 	bl	2000098c <sync_ep_buffer>
20000a4e:	6863      	ldr	r3, [r4, #4]
20000a50:	681b      	ldr	r3, [r3, #0]
20000a52:	005b      	lsls	r3, r3, #1
20000a54:	d502      	bpl.n	20000a5c <_hw_endpoint_xfer_sync+0x1c>
20000a56:	8b23      	ldrh	r3, [r4, #24]
20000a58:	4283      	cmp	r3, r0
20000a5a:	d000      	beq.n	20000a5e <_hw_endpoint_xfer_sync+0x1e>
20000a5c:	bd10      	pop	{r4, pc}
20000a5e:	4620      	mov	r0, r4
20000a60:	e8bd 4010 	ldmia.w	sp!, {r4, lr}
20000a64:	2101      	movs	r1, #1
20000a66:	f7ff bf91 	b.w	2000098c <sync_ep_buffer>
20000a6a:	bf00      	nop

20000a6c <e15_is_bulkin_ep>:
20000a6c:	4b08      	ldr	r3, [pc, #32]	@ (20000a90 <e15_is_bulkin_ep+0x24>)
20000a6e:	6c1b      	ldr	r3, [r3, #64]	@ 0x40
20000a70:	f013 0302 	ands.w	r3, r3, #2
20000a74:	d102      	bne.n	20000a7c <e15_is_bulkin_ep+0x10>
20000a76:	7882      	ldrb	r2, [r0, #2]
20000a78:	09d2      	lsrs	r2, r2, #7
20000a7a:	d101      	bne.n	20000a80 <e15_is_bulkin_ep+0x14>
20000a7c:	2000      	movs	r0, #0
20000a7e:	4770      	bx	lr
20000a80:	7ec0      	ldrb	r0, [r0, #27]
20000a82:	f1a0 0002 	sub.w	r0, r0, #2
20000a86:	fab0 f080 	clz	r0, r0
20000a8a:	0940      	lsrs	r0, r0, #5
20000a8c:	4770      	bx	lr
20000a8e:	bf00      	nop
20000a90:	50110000 	.word	0x50110000

20000a94 <e15_is_critical_frame_period>:
20000a94:	b508      	push	{r3, lr}
20000a96:	f7ff ffe9 	bl	20000a6c <e15_is_bulkin_ep>
20000a9a:	b150      	cbz	r0, 20000ab2 <e15_is_critical_frame_period+0x1e>
20000a9c:	4a05      	ldr	r2, [pc, #20]	@ (20000ab4 <e15_is_critical_frame_period+0x20>)
20000a9e:	4b06      	ldr	r3, [pc, #24]	@ (20000ab8 <e15_is_critical_frame_period+0x24>)
20000aa0:	6a90      	ldr	r0, [r2, #40]	@ 0x28
20000aa2:	681b      	ldr	r3, [r3, #0]
20000aa4:	f5a0 7048 	sub.w	r0, r0, #800	@ 0x320
20000aa8:	1ac0      	subs	r0, r0, r3
20000aaa:	28c6      	cmp	r0, #198	@ 0xc6
20000aac:	bf8c      	ite	hi
20000aae:	2000      	movhi	r0, #0
20000ab0:	2001      	movls	r0, #1
20000ab2:	bd08      	pop	{r3, pc}
20000ab4:	400b0000 	.word	0x400b0000
20000ab8:	200019cc 	.word	0x200019cc

20000abc <hw_endpoint_reset_transfer>:
20000abc:	2300      	movs	r3, #0
20000abe:	e9c0 3304 	strd	r3, r3, [r0, #16]
20000ac2:	7683      	strb	r3, [r0, #26]
20000ac4:	4770      	bx	lr
20000ac6:	bf00      	nop

20000ac8 <_hw_endpoint_buffer_control_update32>:
20000ac8:	b510      	push	{r4, lr}
20000aca:	6883      	ldr	r3, [r0, #8]
20000acc:	b109      	cbz	r1, 20000ad2 <_hw_endpoint_buffer_control_update32+0xa>
20000ace:	681c      	ldr	r4, [r3, #0]
20000ad0:	4021      	ands	r1, r4
20000ad2:	b182      	cbz	r2, 20000af6 <_hw_endpoint_buffer_control_update32+0x2e>
20000ad4:	4311      	orrs	r1, r2
20000ad6:	0552      	lsls	r2, r2, #21
20000ad8:	d50d      	bpl.n	20000af6 <_hw_endpoint_buffer_control_update32+0x2e>
20000ada:	681a      	ldr	r2, [r3, #0]
20000adc:	0554      	lsls	r4, r2, #21
20000ade:	d40c      	bmi.n	20000afa <_hw_endpoint_buffer_control_update32+0x32>
20000ae0:	4a08      	ldr	r2, [pc, #32]	@ (20000b04 <_hw_endpoint_buffer_control_update32+0x3c>)
20000ae2:	f421 6480 	bic.w	r4, r1, #1024	@ 0x400
20000ae6:	601c      	str	r4, [r3, #0]
20000ae8:	6c12      	ldr	r2, [r2, #64]	@ 0x40
20000aea:	0792      	lsls	r2, r2, #30
20000aec:	d403      	bmi.n	20000af6 <_hw_endpoint_buffer_control_update32+0x2e>
20000aee:	230c      	movs	r3, #12
20000af0:	3b03      	subs	r3, #3
20000af2:	d2fd      	bcs.n	20000af0 <_hw_endpoint_buffer_control_update32+0x28>
20000af4:	6883      	ldr	r3, [r0, #8]
20000af6:	6019      	str	r1, [r3, #0]
20000af8:	bd10      	pop	{r4, pc}
20000afa:	7881      	ldrb	r1, [r0, #2]
20000afc:	4802      	ldr	r0, [pc, #8]	@ (20000b08 <_hw_endpoint_buffer_control_update32+0x40>)
20000afe:	f000 fb27 	bl	20001150 <__panic_veneer>
20000b02:	bf00      	nop
20000b04:	50110000 	.word	0x50110000
20000b08:	1000664c 	.word	0x1000664c

20000b0c <hw_endpoint_start_next_buffer>:
20000b0c:	b530      	push	{r4, r5, lr}
20000b0e:	6843      	ldr	r3, [r0, #4]
20000b10:	2100      	movs	r1, #0
20000b12:	b083      	sub	sp, #12
20000b14:	4604      	mov	r4, r0
20000b16:	681d      	ldr	r5, [r3, #0]
20000b18:	f7ff fed8 	bl	200008cc <prepare_ep_buffer>
20000b1c:	4b13      	ldr	r3, [pc, #76]	@ (20000b6c <hw_endpoint_start_next_buffer+0x60>)
20000b1e:	f440 5280 	orr.w	r2, r0, #4096	@ 0x1000
20000b22:	6c19      	ldr	r1, [r3, #64]	@ 0x40
20000b24:	78a3      	ldrb	r3, [r4, #2]
20000b26:	0789      	lsls	r1, r1, #30
20000b28:	d50e      	bpl.n	20000b48 <hw_endpoint_start_next_buffer+0x3c>
20000b2a:	065b      	lsls	r3, r3, #25
20000b2c:	d00e      	beq.n	20000b4c <hw_endpoint_start_next_buffer+0x40>
20000b2e:	f025 45a0 	bic.w	r5, r5, #1342177280	@ 0x50000000
20000b32:	f045 5500 	orr.w	r5, r5, #536870912	@ 0x20000000
20000b36:	2100      	movs	r1, #0
20000b38:	4620      	mov	r0, r4
20000b3a:	6863      	ldr	r3, [r4, #4]
20000b3c:	601d      	str	r5, [r3, #0]
20000b3e:	b003      	add	sp, #12
20000b40:	e8bd 4030 	ldmia.w	sp!, {r4, r5, lr}
20000b44:	f7ff bfc0 	b.w	20000ac8 <_hw_endpoint_buffer_control_update32>
20000b48:	09db      	lsrs	r3, r3, #7
20000b4a:	d0f0      	beq.n	20000b2e <hw_endpoint_start_next_buffer+0x22>
20000b4c:	8aa3      	ldrh	r3, [r4, #20]
20000b4e:	2b00      	cmp	r3, #0
20000b50:	d0ed      	beq.n	20000b2e <hw_endpoint_start_next_buffer+0x22>
20000b52:	2101      	movs	r1, #1
20000b54:	4620      	mov	r0, r4
20000b56:	9201      	str	r2, [sp, #4]
20000b58:	f7ff feb8 	bl	200008cc <prepare_ep_buffer>
20000b5c:	9a01      	ldr	r2, [sp, #4]
20000b5e:	f025 5500 	bic.w	r5, r5, #536870912	@ 0x20000000
20000b62:	4302      	orrs	r2, r0
20000b64:	f045 45a0 	orr.w	r5, r5, #1342177280	@ 0x50000000
20000b68:	e7e5      	b.n	20000b36 <hw_endpoint_start_next_buffer+0x2a>
20000b6a:	bf00      	nop
20000b6c:	50110000 	.word	0x50110000

20000b70 <hw_endpoint_xfer_continue>:
20000b70:	b538      	push	{r3, r4, r5, lr}
20000b72:	7e85      	ldrb	r5, [r0, #26]
20000b74:	4604      	mov	r4, r0
20000b76:	b195      	cbz	r5, 20000b9e <hw_endpoint_xfer_continue+0x2e>
20000b78:	f7ff ff62 	bl	20000a40 <_hw_endpoint_xfer_sync>
20000b7c:	8aa3      	ldrh	r3, [r4, #20]
20000b7e:	b90b      	cbnz	r3, 20000b84 <hw_endpoint_xfer_continue+0x14>
20000b80:	4628      	mov	r0, r5
20000b82:	bd38      	pop	{r3, r4, r5, pc}
20000b84:	4620      	mov	r0, r4
20000b86:	f7ff ff85 	bl	20000a94 <e15_is_critical_frame_period>
20000b8a:	b120      	cbz	r0, 20000b96 <hw_endpoint_xfer_continue+0x26>
20000b8c:	2301      	movs	r3, #1
20000b8e:	7723      	strb	r3, [r4, #28]
20000b90:	2500      	movs	r5, #0
20000b92:	4628      	mov	r0, r5
20000b94:	bd38      	pop	{r3, r4, r5, pc}
20000b96:	4620      	mov	r0, r4
20000b98:	f7ff ffb8 	bl	20000b0c <hw_endpoint_start_next_buffer>
20000b9c:	e7f8      	b.n	20000b90 <hw_endpoint_xfer_continue+0x20>
20000b9e:	7881      	ldrb	r1, [r0, #2]
20000ba0:	4801      	ldr	r0, [pc, #4]	@ (20000ba8 <hw_endpoint_xfer_continue+0x38>)
20000ba2:	f000 fad5 	bl	20001150 <__panic_veneer>
20000ba6:	bf00      	nop
20000ba8:	1000666c 	.word	0x1000666c

20000bac <dcd_event_handler>:
20000bac:	e92d 43f0 	stmdb	sp!, {r4, r5, r6, r7, r8, r9, lr}
20000bb0:	7843      	ldrb	r3, [r0, #1]
20000bb2:	4681      	mov	r9, r0
20000bb4:	3b02      	subs	r3, #2
20000bb6:	460d      	mov	r5, r1
20000bb8:	b085      	sub	sp, #20
20000bba:	2b04      	cmp	r3, #4
20000bbc:	d813      	bhi.n	20000be6 <dcd_event_handler+0x3a>
20000bbe:	e8df f003 	tbb	[pc, r3]
20000bc2:	4a03      	.short	0x4a03
20000bc4:	736a      	.short	0x736a
20000bc6:	44          	.byte	0x44
20000bc7:	00          	.byte	0x00
20000bc8:	2100      	movs	r1, #0
20000bca:	4b7b      	ldr	r3, [pc, #492]	@ (20000db8 <dcd_event_handler+0x20c>)
20000bcc:	781a      	ldrb	r2, [r3, #0]
20000bce:	f022 0201 	bic.w	r2, r2, #1
20000bd2:	701a      	strb	r2, [r3, #0]
20000bd4:	781a      	ldrb	r2, [r3, #0]
20000bd6:	f022 0202 	bic.w	r2, r2, #2
20000bda:	701a      	strb	r2, [r3, #0]
20000bdc:	7059      	strb	r1, [r3, #1]
20000bde:	781a      	ldrb	r2, [r3, #0]
20000be0:	f361 0282 	bfi	r2, r1, #2, #1
20000be4:	701a      	strb	r2, [r3, #0]
20000be6:	4b75      	ldr	r3, [pc, #468]	@ (20000dbc <dcd_event_handler+0x210>)
20000be8:	681c      	ldr	r4, [r3, #0]
20000bea:	6963      	ldr	r3, [r4, #20]
20000bec:	f3ef 8210 	mrs	r2, PRIMASK
20000bf0:	b672      	cpsid	i
20000bf2:	e8d3 0fcf 	ldaexb	r0, [r3]
20000bf6:	2101      	movs	r1, #1
20000bf8:	2800      	cmp	r0, #0
20000bfa:	d1fa      	bne.n	20000bf2 <dcd_event_handler+0x46>
20000bfc:	e8c3 1f40 	strexb	r0, r1, [r3]
20000c00:	2800      	cmp	r0, #0
20000c02:	d1f6      	bne.n	20000bf2 <dcd_event_handler+0x46>
20000c04:	f3bf 8f5f 	dmb	sy
20000c08:	61a2      	str	r2, [r4, #24]
20000c0a:	4649      	mov	r1, r9
20000c0c:	4620      	mov	r0, r4
20000c0e:	f000 faab 	bl	20001168 <__tu_fifo_write_veneer>
20000c12:	2300      	movs	r3, #0
20000c14:	6962      	ldr	r2, [r4, #20]
20000c16:	e8c2 3f8f 	stlb	r3, [r2]
20000c1a:	69a3      	ldr	r3, [r4, #24]
20000c1c:	f383 8810 	msr	PRIMASK, r3
20000c20:	b948      	cbnz	r0, 20000c36 <dcd_event_handler+0x8a>
20000c22:	f04f 23e0 	mov.w	r3, #3758153728	@ 0xe000e000
20000c26:	f8d3 3df0 	ldr.w	r3, [r3, #3568]	@ 0xdf0
20000c2a:	07db      	lsls	r3, r3, #31
20000c2c:	d50a      	bpl.n	20000c44 <dcd_event_handler+0x98>
20000c2e:	be00      	bkpt	0x0000
20000c30:	b005      	add	sp, #20
20000c32:	e8bd 83f0 	ldmia.w	sp!, {r4, r5, r6, r7, r8, r9, pc}
20000c36:	462a      	mov	r2, r5
20000c38:	f899 1001 	ldrb.w	r1, [r9, #1]
20000c3c:	f899 0000 	ldrb.w	r0, [r9]
20000c40:	f000 fa9a 	bl	20001178 <__tud_event_hook_cb_veneer>
20000c44:	b005      	add	sp, #20
20000c46:	e8bd 83f0 	ldmia.w	sp!, {r4, r5, r6, r7, r8, r9, pc}
20000c4a:	4a5d      	ldr	r2, [pc, #372]	@ (20000dc0 <dcd_event_handler+0x214>)
20000c4c:	7813      	ldrb	r3, [r2, #0]
20000c4e:	3301      	adds	r3, #1
20000c50:	b2db      	uxtb	r3, r3
20000c52:	7013      	strb	r3, [r2, #0]
20000c54:	e7c7      	b.n	20000be6 <dcd_event_handler+0x3a>
20000c56:	2400      	movs	r4, #0
20000c58:	4e5a      	ldr	r6, [pc, #360]	@ (20000dc4 <dcd_event_handler+0x218>)
20000c5a:	4623      	mov	r3, r4
20000c5c:	7831      	ldrb	r1, [r6, #0]
20000c5e:	f8df 816c 	ldr.w	r8, [pc, #364]	@ 20000dcc <dcd_event_handler+0x220>
20000c62:	4f59      	ldr	r7, [pc, #356]	@ (20000dc8 <dcd_event_handler+0x21c>)
20000c64:	e011      	b.n	20000c8a <dcd_event_handler+0xde>
20000c66:	683b      	ldr	r3, [r7, #0]
20000c68:	eb13 1344 	adds.w	r3, r3, r4, lsl #5
20000c6c:	d007      	beq.n	20000c7e <dcd_event_handler+0xd2>
20000c6e:	69db      	ldr	r3, [r3, #28]
20000c70:	b12b      	cbz	r3, 20000c7e <dcd_event_handler+0xd2>
20000c72:	f8d9 1004 	ldr.w	r1, [r9, #4]
20000c76:	f899 0000 	ldrb.w	r0, [r9]
20000c7a:	4798      	blx	r3
20000c7c:	7831      	ldrb	r1, [r6, #0]
20000c7e:	3401      	adds	r4, #1
20000c80:	b2e4      	uxtb	r4, r4
20000c82:	1c4a      	adds	r2, r1, #1
20000c84:	42a2      	cmp	r2, r4
20000c86:	4623      	mov	r3, r4
20000c88:	db17      	blt.n	20000cba <dcd_event_handler+0x10e>
20000c8a:	42a1      	cmp	r1, r4
20000c8c:	d8eb      	bhi.n	20000c66 <dcd_event_handler+0xba>
20000c8e:	1a5b      	subs	r3, r3, r1
20000c90:	eb08 1343 	add.w	r3, r8, r3, lsl #5
20000c94:	e7eb      	b.n	20000c6e <dcd_event_handler+0xc2>
20000c96:	4b48      	ldr	r3, [pc, #288]	@ (20000db8 <dcd_event_handler+0x20c>)
20000c98:	781a      	ldrb	r2, [r3, #0]
20000c9a:	07d6      	lsls	r6, r2, #31
20000c9c:	d5d2      	bpl.n	20000c44 <dcd_event_handler+0x98>
20000c9e:	781a      	ldrb	r2, [r3, #0]
20000ca0:	f042 0204 	orr.w	r2, r2, #4
20000ca4:	701a      	strb	r2, [r3, #0]
20000ca6:	e79e      	b.n	20000be6 <dcd_event_handler+0x3a>
20000ca8:	4b43      	ldr	r3, [pc, #268]	@ (20000db8 <dcd_event_handler+0x20c>)
20000caa:	781a      	ldrb	r2, [r3, #0]
20000cac:	07d4      	lsls	r4, r2, #31
20000cae:	d5c9      	bpl.n	20000c44 <dcd_event_handler+0x98>
20000cb0:	781a      	ldrb	r2, [r3, #0]
20000cb2:	f022 0204 	bic.w	r2, r2, #4
20000cb6:	701a      	strb	r2, [r3, #0]
20000cb8:	e795      	b.n	20000be6 <dcd_event_handler+0x3a>
20000cba:	4c3f      	ldr	r4, [pc, #252]	@ (20000db8 <dcd_event_handler+0x20c>)
20000cbc:	7823      	ldrb	r3, [r4, #0]
20000cbe:	0758      	lsls	r0, r3, #29
20000cc0:	d43a      	bmi.n	20000d38 <dcd_event_handler+0x18c>
20000cc2:	78e3      	ldrb	r3, [r4, #3]
20000cc4:	07da      	lsls	r2, r3, #31
20000cc6:	d5bd      	bpl.n	20000c44 <dcd_event_handler+0x98>
20000cc8:	2303      	movs	r3, #3
20000cca:	2600      	movs	r6, #0
20000ccc:	4a3b      	ldr	r2, [pc, #236]	@ (20000dbc <dcd_event_handler+0x210>)
20000cce:	f899 1000 	ldrb.w	r1, [r9]
20000cd2:	6814      	ldr	r4, [r2, #0]
20000cd4:	f8d9 2004 	ldr.w	r2, [r9, #4]
20000cd8:	f88d 1004 	strb.w	r1, [sp, #4]
20000cdc:	f88d 3005 	strb.w	r3, [sp, #5]
20000ce0:	6963      	ldr	r3, [r4, #20]
20000ce2:	f8cd 6006 	str.w	r6, [sp, #6]
20000ce6:	f8cd 600a 	str.w	r6, [sp, #10]
20000cea:	f8ad 600e 	strh.w	r6, [sp, #14]
20000cee:	9202      	str	r2, [sp, #8]
20000cf0:	f3ef 8210 	mrs	r2, PRIMASK
20000cf4:	b672      	cpsid	i
20000cf6:	e8d3 0fcf 	ldaexb	r0, [r3]
20000cfa:	2101      	movs	r1, #1
20000cfc:	2800      	cmp	r0, #0
20000cfe:	d1fa      	bne.n	20000cf6 <dcd_event_handler+0x14a>
20000d00:	e8c3 1f40 	strexb	r0, r1, [r3]
20000d04:	2800      	cmp	r0, #0
20000d06:	d1f6      	bne.n	20000cf6 <dcd_event_handler+0x14a>
20000d08:	f3bf 8f5f 	dmb	sy
20000d0c:	4620      	mov	r0, r4
20000d0e:	61a2      	str	r2, [r4, #24]
20000d10:	a901      	add	r1, sp, #4
20000d12:	f000 fa29 	bl	20001168 <__tu_fifo_write_veneer>
20000d16:	6963      	ldr	r3, [r4, #20]
20000d18:	e8c3 6f8f 	stlb	r6, [r3]
20000d1c:	69a3      	ldr	r3, [r4, #24]
20000d1e:	f383 8810 	msr	PRIMASK, r3
20000d22:	2800      	cmp	r0, #0
20000d24:	f43f af7d 	beq.w	20000c22 <dcd_event_handler+0x76>
20000d28:	462a      	mov	r2, r5
20000d2a:	f89d 1005 	ldrb.w	r1, [sp, #5]
20000d2e:	f89d 0004 	ldrb.w	r0, [sp, #4]
20000d32:	f000 fa21 	bl	20001178 <__tud_event_hook_cb_veneer>
20000d36:	e785      	b.n	20000c44 <dcd_event_handler+0x98>
20000d38:	7823      	ldrb	r3, [r4, #0]
20000d3a:	2700      	movs	r7, #0
20000d3c:	f023 0304 	bic.w	r3, r3, #4
20000d40:	7023      	strb	r3, [r4, #0]
20000d42:	2305      	movs	r3, #5
20000d44:	4a1d      	ldr	r2, [pc, #116]	@ (20000dbc <dcd_event_handler+0x210>)
20000d46:	f88d 3005 	strb.w	r3, [sp, #5]
20000d4a:	6816      	ldr	r6, [r2, #0]
20000d4c:	f899 2000 	ldrb.w	r2, [r9]
20000d50:	f8ad 700e 	strh.w	r7, [sp, #14]
20000d54:	f88d 2004 	strb.w	r2, [sp, #4]
20000d58:	6973      	ldr	r3, [r6, #20]
20000d5a:	f8cd 7006 	str.w	r7, [sp, #6]
20000d5e:	f8cd 700a 	str.w	r7, [sp, #10]
20000d62:	f3ef 8210 	mrs	r2, PRIMASK
20000d66:	b672      	cpsid	i
20000d68:	e8d3 0fcf 	ldaexb	r0, [r3]
20000d6c:	2101      	movs	r1, #1
20000d6e:	2800      	cmp	r0, #0
20000d70:	d1fa      	bne.n	20000d68 <dcd_event_handler+0x1bc>
20000d72:	e8c3 1f40 	strexb	r0, r1, [r3]
20000d76:	2800      	cmp	r0, #0
20000d78:	d1f6      	bne.n	20000d68 <dcd_event_handler+0x1bc>
20000d7a:	f3bf 8f5f 	dmb	sy
20000d7e:	4630      	mov	r0, r6
20000d80:	61b2      	str	r2, [r6, #24]
20000d82:	a901      	add	r1, sp, #4
20000d84:	f000 f9f0 	bl	20001168 <__tu_fifo_write_veneer>
20000d88:	6973      	ldr	r3, [r6, #20]
20000d8a:	e8c3 7f8f 	stlb	r7, [r3]
20000d8e:	69b3      	ldr	r3, [r6, #24]
20000d90:	f383 8810 	msr	PRIMASK, r3
20000d94:	b938      	cbnz	r0, 20000da6 <dcd_event_handler+0x1fa>
20000d96:	f04f 23e0 	mov.w	r3, #3758153728	@ 0xe000e000
20000d9a:	f8d3 3df0 	ldr.w	r3, [r3, #3568]	@ 0xdf0
20000d9e:	07d9      	lsls	r1, r3, #31
20000da0:	d58f      	bpl.n	20000cc2 <dcd_event_handler+0x116>
20000da2:	be00      	bkpt	0x0000
20000da4:	e78d      	b.n	20000cc2 <dcd_event_handler+0x116>
20000da6:	462a      	mov	r2, r5
20000da8:	f89d 1005 	ldrb.w	r1, [sp, #5]
20000dac:	f89d 0004 	ldrb.w	r0, [sp, #4]
20000db0:	f000 f9e2 	bl	20001178 <__tud_event_hook_cb_veneer>
20000db4:	e785      	b.n	20000cc2 <dcd_event_handler+0x116>
20000db6:	bf00      	nop
20000db8:	20001580 	.word	0x20001580
20000dbc:	200015d8 	.word	0x200015d8
20000dc0:	20001e47 	.word	0x20001e47
20000dc4:	20001e45 	.word	0x20001e45
20000dc8:	200013b0 	.word	0x200013b0
20000dcc:	100068b4 	.word	0x100068b4

20000dd0 <__aeabi_uldivmod>:
20000dd0:	b953      	cbnz	r3, 20000de8 <__aeabi_uldivmod+0x18>
20000dd2:	b94a      	cbnz	r2, 20000de8 <__aeabi_uldivmod+0x18>
20000dd4:	2900      	cmp	r1, #0
20000dd6:	bf08      	it	eq
20000dd8:	2800      	cmpeq	r0, #0
20000dda:	bf1c      	itt	ne
20000ddc:	f04f 31ff 	movne.w	r1, #4294967295
20000de0:	f04f 30ff 	movne.w	r0, #4294967295
20000de4:	f000 b9b2 	b.w	2000114c <__aeabi_idiv0>
20000de8:	f1ad 0c08 	sub.w	ip, sp, #8
20000dec:	e96d ce04 	strd	ip, lr, [sp, #-16]!
20000df0:	f000 f806 	bl	20000e00 <__udivmoddi4>
20000df4:	f8dd e004 	ldr.w	lr, [sp, #4]
20000df8:	e9dd 2302 	ldrd	r2, r3, [sp, #8]
20000dfc:	b004      	add	sp, #16
20000dfe:	4770      	bx	lr

20000e00 <__udivmoddi4>:
20000e00:	e92d 4ff0 	stmdb	sp!, {r4, r5, r6, r7, r8, r9, sl, fp, lr}
20000e04:	468c      	mov	ip, r1
20000e06:	9e09      	ldr	r6, [sp, #36]	@ 0x24
20000e08:	4604      	mov	r4, r0
20000e0a:	460f      	mov	r7, r1
20000e0c:	2b00      	cmp	r3, #0
20000e0e:	d148      	bne.n	20000ea2 <__udivmoddi4+0xa2>
20000e10:	428a      	cmp	r2, r1
20000e12:	4615      	mov	r5, r2
20000e14:	d95e      	bls.n	20000ed4 <__udivmoddi4+0xd4>
20000e16:	fab2 f382 	clz	r3, r2
20000e1a:	b13b      	cbz	r3, 20000e2c <__udivmoddi4+0x2c>
20000e1c:	f1c3 0220 	rsb	r2, r3, #32
20000e20:	409f      	lsls	r7, r3
20000e22:	409d      	lsls	r5, r3
20000e24:	409c      	lsls	r4, r3
20000e26:	fa20 f202 	lsr.w	r2, r0, r2
20000e2a:	4317      	orrs	r7, r2
20000e2c:	ea4f 4e15 	mov.w	lr, r5, lsr #16
20000e30:	fa1f fc85 	uxth.w	ip, r5
20000e34:	0c22      	lsrs	r2, r4, #16
20000e36:	fbb7 f1fe 	udiv	r1, r7, lr
20000e3a:	fb0e 7711 	mls	r7, lr, r1, r7
20000e3e:	fb01 f00c 	mul.w	r0, r1, ip
20000e42:	ea42 4207 	orr.w	r2, r2, r7, lsl #16
20000e46:	4290      	cmp	r0, r2
20000e48:	d907      	bls.n	20000e5a <__udivmoddi4+0x5a>
20000e4a:	18aa      	adds	r2, r5, r2
20000e4c:	f101 37ff 	add.w	r7, r1, #4294967295
20000e50:	d202      	bcs.n	20000e58 <__udivmoddi4+0x58>
20000e52:	4290      	cmp	r0, r2
20000e54:	f200 8158 	bhi.w	20001108 <__udivmoddi4+0x308>
20000e58:	4639      	mov	r1, r7
20000e5a:	1a12      	subs	r2, r2, r0
20000e5c:	b2a4      	uxth	r4, r4
20000e5e:	fbb2 f0fe 	udiv	r0, r2, lr
20000e62:	fb0e 2210 	mls	r2, lr, r0, r2
20000e66:	fb00 fc0c 	mul.w	ip, r0, ip
20000e6a:	ea44 4402 	orr.w	r4, r4, r2, lsl #16
20000e6e:	45a4      	cmp	ip, r4
20000e70:	d90b      	bls.n	20000e8a <__udivmoddi4+0x8a>
20000e72:	192c      	adds	r4, r5, r4
20000e74:	f100 32ff 	add.w	r2, r0, #4294967295
20000e78:	bf2c      	ite	cs
20000e7a:	2701      	movcs	r7, #1
20000e7c:	2700      	movcc	r7, #0
20000e7e:	45a4      	cmp	ip, r4
20000e80:	d902      	bls.n	20000e88 <__udivmoddi4+0x88>
20000e82:	2f00      	cmp	r7, #0
20000e84:	f000 8143 	beq.w	2000110e <__udivmoddi4+0x30e>
20000e88:	4610      	mov	r0, r2
20000e8a:	ea40 4001 	orr.w	r0, r0, r1, lsl #16
20000e8e:	eba4 040c 	sub.w	r4, r4, ip
20000e92:	2100      	movs	r1, #0
20000e94:	b11e      	cbz	r6, 20000e9e <__udivmoddi4+0x9e>
20000e96:	40dc      	lsrs	r4, r3
20000e98:	2300      	movs	r3, #0
20000e9a:	e9c6 4300 	strd	r4, r3, [r6]
20000e9e:	e8bd 8ff0 	ldmia.w	sp!, {r4, r5, r6, r7, r8, r9, sl, fp, pc}
20000ea2:	428b      	cmp	r3, r1
20000ea4:	d906      	bls.n	20000eb4 <__udivmoddi4+0xb4>
20000ea6:	b10e      	cbz	r6, 20000eac <__udivmoddi4+0xac>
20000ea8:	e9c6 0100 	strd	r0, r1, [r6]
20000eac:	2100      	movs	r1, #0
20000eae:	4608      	mov	r0, r1
20000eb0:	e8bd 8ff0 	ldmia.w	sp!, {r4, r5, r6, r7, r8, r9, sl, fp, pc}
20000eb4:	fab3 f183 	clz	r1, r3
20000eb8:	2900      	cmp	r1, #0
20000eba:	d151      	bne.n	20000f60 <__udivmoddi4+0x160>
20000ebc:	4563      	cmp	r3, ip
20000ebe:	f0c0 8116 	bcc.w	200010ee <__udivmoddi4+0x2ee>
20000ec2:	4282      	cmp	r2, r0
20000ec4:	f240 8113 	bls.w	200010ee <__udivmoddi4+0x2ee>
20000ec8:	4608      	mov	r0, r1
20000eca:	2e00      	cmp	r6, #0
20000ecc:	d0e7      	beq.n	20000e9e <__udivmoddi4+0x9e>
20000ece:	e9c6 4700 	strd	r4, r7, [r6]
20000ed2:	e7e4      	b.n	20000e9e <__udivmoddi4+0x9e>
20000ed4:	2a00      	cmp	r2, #0
20000ed6:	f000 80af 	beq.w	20001038 <__udivmoddi4+0x238>
20000eda:	fab2 f382 	clz	r3, r2
20000ede:	2b00      	cmp	r3, #0
20000ee0:	f040 80c2 	bne.w	20001068 <__udivmoddi4+0x268>
20000ee4:	1a8a      	subs	r2, r1, r2
20000ee6:	ea4f 4e15 	mov.w	lr, r5, lsr #16
20000eea:	b2af      	uxth	r7, r5
20000eec:	2101      	movs	r1, #1
20000eee:	0c20      	lsrs	r0, r4, #16
20000ef0:	fbb2 fcfe 	udiv	ip, r2, lr
20000ef4:	fb0e 221c 	mls	r2, lr, ip, r2
20000ef8:	ea40 4202 	orr.w	r2, r0, r2, lsl #16
20000efc:	fb07 f00c 	mul.w	r0, r7, ip
20000f00:	4290      	cmp	r0, r2
20000f02:	d90e      	bls.n	20000f22 <__udivmoddi4+0x122>
20000f04:	18aa      	adds	r2, r5, r2
20000f06:	f10c 38ff 	add.w	r8, ip, #4294967295
20000f0a:	bf2c      	ite	cs
20000f0c:	f04f 0901 	movcs.w	r9, #1
20000f10:	f04f 0900 	movcc.w	r9, #0
20000f14:	4290      	cmp	r0, r2
20000f16:	d903      	bls.n	20000f20 <__udivmoddi4+0x120>
20000f18:	f1b9 0f00 	cmp.w	r9, #0
20000f1c:	f000 80f0 	beq.w	20001100 <__udivmoddi4+0x300>
20000f20:	46c4      	mov	ip, r8
20000f22:	1a12      	subs	r2, r2, r0
20000f24:	b2a4      	uxth	r4, r4
20000f26:	fbb2 f0fe 	udiv	r0, r2, lr
20000f2a:	fb0e 2210 	mls	r2, lr, r0, r2
20000f2e:	fb00 f707 	mul.w	r7, r0, r7
20000f32:	ea44 4402 	orr.w	r4, r4, r2, lsl #16
20000f36:	42a7      	cmp	r7, r4
20000f38:	d90e      	bls.n	20000f58 <__udivmoddi4+0x158>
20000f3a:	192c      	adds	r4, r5, r4
20000f3c:	f100 32ff 	add.w	r2, r0, #4294967295
20000f40:	bf2c      	ite	cs
20000f42:	f04f 0e01 	movcs.w	lr, #1
20000f46:	f04f 0e00 	movcc.w	lr, #0
20000f4a:	42a7      	cmp	r7, r4
20000f4c:	d903      	bls.n	20000f56 <__udivmoddi4+0x156>
20000f4e:	f1be 0f00 	cmp.w	lr, #0
20000f52:	f000 80d2 	beq.w	200010fa <__udivmoddi4+0x2fa>
20000f56:	4610      	mov	r0, r2
20000f58:	1be4      	subs	r4, r4, r7
20000f5a:	ea40 400c 	orr.w	r0, r0, ip, lsl #16
20000f5e:	e799      	b.n	20000e94 <__udivmoddi4+0x94>
20000f60:	f1c1 0520 	rsb	r5, r1, #32
20000f64:	408b      	lsls	r3, r1
20000f66:	fa0c f401 	lsl.w	r4, ip, r1
20000f6a:	fa00 f901 	lsl.w	r9, r0, r1
20000f6e:	fa22 f705 	lsr.w	r7, r2, r5
20000f72:	fa2c fc05 	lsr.w	ip, ip, r5
20000f76:	408a      	lsls	r2, r1
20000f78:	431f      	orrs	r7, r3
20000f7a:	fa20 f305 	lsr.w	r3, r0, r5
20000f7e:	0c38      	lsrs	r0, r7, #16
20000f80:	4323      	orrs	r3, r4
20000f82:	fa1f fe87 	uxth.w	lr, r7
20000f86:	0c1c      	lsrs	r4, r3, #16
20000f88:	fbbc f8f0 	udiv	r8, ip, r0
20000f8c:	fb00 cc18 	mls	ip, r0, r8, ip
20000f90:	ea44 440c 	orr.w	r4, r4, ip, lsl #16
20000f94:	fb08 fc0e 	mul.w	ip, r8, lr
20000f98:	45a4      	cmp	ip, r4
20000f9a:	d90e      	bls.n	20000fba <__udivmoddi4+0x1ba>
20000f9c:	193c      	adds	r4, r7, r4
20000f9e:	f108 3aff 	add.w	sl, r8, #4294967295
20000fa2:	bf2c      	ite	cs
20000fa4:	f04f 0b01 	movcs.w	fp, #1
20000fa8:	f04f 0b00 	movcc.w	fp, #0
20000fac:	45a4      	cmp	ip, r4
20000fae:	d903      	bls.n	20000fb8 <__udivmoddi4+0x1b8>
20000fb0:	f1bb 0f00 	cmp.w	fp, #0
20000fb4:	f000 80b8 	beq.w	20001128 <__udivmoddi4+0x328>
20000fb8:	46d0      	mov	r8, sl
20000fba:	eba4 040c 	sub.w	r4, r4, ip
20000fbe:	fa1f fc83 	uxth.w	ip, r3
20000fc2:	fbb4 f3f0 	udiv	r3, r4, r0
20000fc6:	fb00 4413 	mls	r4, r0, r3, r4
20000fca:	fb03 fe0e 	mul.w	lr, r3, lr
20000fce:	ea4c 4404 	orr.w	r4, ip, r4, lsl #16
20000fd2:	45a6      	cmp	lr, r4
20000fd4:	d90e      	bls.n	20000ff4 <__udivmoddi4+0x1f4>
20000fd6:	193c      	adds	r4, r7, r4
20000fd8:	f103 30ff 	add.w	r0, r3, #4294967295
20000fdc:	bf2c      	ite	cs
20000fde:	f04f 0c01 	movcs.w	ip, #1
20000fe2:	f04f 0c00 	movcc.w	ip, #0
20000fe6:	45a6      	cmp	lr, r4
20000fe8:	d903      	bls.n	20000ff2 <__udivmoddi4+0x1f2>
20000fea:	f1bc 0f00 	cmp.w	ip, #0
20000fee:	f000 809f 	beq.w	20001130 <__udivmoddi4+0x330>
20000ff2:	4603      	mov	r3, r0
20000ff4:	ea43 4008 	orr.w	r0, r3, r8, lsl #16
20000ff8:	eba4 040e 	sub.w	r4, r4, lr
20000ffc:	fba0 ec02 	umull	lr, ip, r0, r2
20001000:	4564      	cmp	r4, ip
20001002:	4673      	mov	r3, lr
20001004:	46e0      	mov	r8, ip
20001006:	d302      	bcc.n	2000100e <__udivmoddi4+0x20e>
20001008:	d107      	bne.n	2000101a <__udivmoddi4+0x21a>
2000100a:	45f1      	cmp	r9, lr
2000100c:	d205      	bcs.n	2000101a <__udivmoddi4+0x21a>
2000100e:	ebbe 0302 	subs.w	r3, lr, r2
20001012:	eb6c 0c07 	sbc.w	ip, ip, r7
20001016:	3801      	subs	r0, #1
20001018:	46e0      	mov	r8, ip
2000101a:	b15e      	cbz	r6, 20001034 <__udivmoddi4+0x234>
2000101c:	ebb9 0203 	subs.w	r2, r9, r3
20001020:	eb64 0408 	sbc.w	r4, r4, r8
20001024:	fa04 f505 	lsl.w	r5, r4, r5
20001028:	fa22 f301 	lsr.w	r3, r2, r1
2000102c:	40cc      	lsrs	r4, r1
2000102e:	431d      	orrs	r5, r3
20001030:	e9c6 5400 	strd	r5, r4, [r6]
20001034:	2100      	movs	r1, #0
20001036:	e732      	b.n	20000e9e <__udivmoddi4+0x9e>
20001038:	0842      	lsrs	r2, r0, #1
2000103a:	462f      	mov	r7, r5
2000103c:	084b      	lsrs	r3, r1, #1
2000103e:	46ac      	mov	ip, r5
20001040:	ea42 72c1 	orr.w	r2, r2, r1, lsl #31
20001044:	46ae      	mov	lr, r5
20001046:	07c4      	lsls	r4, r0, #31
20001048:	0c11      	lsrs	r1, r2, #16
2000104a:	b292      	uxth	r2, r2
2000104c:	ea41 4103 	orr.w	r1, r1, r3, lsl #16
20001050:	ea42 4201 	orr.w	r2, r2, r1, lsl #16
20001054:	fbb1 f1f5 	udiv	r1, r1, r5
20001058:	fbb3 f0f5 	udiv	r0, r3, r5
2000105c:	231f      	movs	r3, #31
2000105e:	eba2 020c 	sub.w	r2, r2, ip
20001062:	ea41 4100 	orr.w	r1, r1, r0, lsl #16
20001066:	e742      	b.n	20000eee <__udivmoddi4+0xee>
20001068:	409d      	lsls	r5, r3
2000106a:	f1c3 0220 	rsb	r2, r3, #32
2000106e:	4099      	lsls	r1, r3
20001070:	409c      	lsls	r4, r3
20001072:	fa2c fc02 	lsr.w	ip, ip, r2
20001076:	ea4f 4e15 	mov.w	lr, r5, lsr #16
2000107a:	fa20 f202 	lsr.w	r2, r0, r2
2000107e:	b2af      	uxth	r7, r5
20001080:	fbbc f8fe 	udiv	r8, ip, lr
20001084:	430a      	orrs	r2, r1
20001086:	fb0e cc18 	mls	ip, lr, r8, ip
2000108a:	0c11      	lsrs	r1, r2, #16
2000108c:	ea41 410c 	orr.w	r1, r1, ip, lsl #16
20001090:	fb08 fc07 	mul.w	ip, r8, r7
20001094:	458c      	cmp	ip, r1
20001096:	d950      	bls.n	2000113a <__udivmoddi4+0x33a>
20001098:	1869      	adds	r1, r5, r1
2000109a:	f108 30ff 	add.w	r0, r8, #4294967295
2000109e:	bf2c      	ite	cs
200010a0:	f04f 0901 	movcs.w	r9, #1
200010a4:	f04f 0900 	movcc.w	r9, #0
200010a8:	458c      	cmp	ip, r1
200010aa:	d902      	bls.n	200010b2 <__udivmoddi4+0x2b2>
200010ac:	f1b9 0f00 	cmp.w	r9, #0
200010b0:	d030      	beq.n	20001114 <__udivmoddi4+0x314>
200010b2:	eba1 010c 	sub.w	r1, r1, ip
200010b6:	fbb1 f8fe 	udiv	r8, r1, lr
200010ba:	fb08 fc07 	mul.w	ip, r8, r7
200010be:	fb0e 1118 	mls	r1, lr, r8, r1
200010c2:	b292      	uxth	r2, r2
200010c4:	ea42 4201 	orr.w	r2, r2, r1, lsl #16
200010c8:	4562      	cmp	r2, ip
200010ca:	d234      	bcs.n	20001136 <__udivmoddi4+0x336>
200010cc:	18aa      	adds	r2, r5, r2
200010ce:	f108 31ff 	add.w	r1, r8, #4294967295
200010d2:	bf2c      	ite	cs
200010d4:	f04f 0901 	movcs.w	r9, #1
200010d8:	f04f 0900 	movcc.w	r9, #0
200010dc:	4562      	cmp	r2, ip
200010de:	d2be      	bcs.n	2000105e <__udivmoddi4+0x25e>
200010e0:	f1b9 0f00 	cmp.w	r9, #0
200010e4:	d1bb      	bne.n	2000105e <__udivmoddi4+0x25e>
200010e6:	f1a8 0102 	sub.w	r1, r8, #2
200010ea:	442a      	add	r2, r5
200010ec:	e7b7      	b.n	2000105e <__udivmoddi4+0x25e>
200010ee:	1a84      	subs	r4, r0, r2
200010f0:	eb6c 0203 	sbc.w	r2, ip, r3
200010f4:	2001      	movs	r0, #1
200010f6:	4617      	mov	r7, r2
200010f8:	e6e7      	b.n	20000eca <__udivmoddi4+0xca>
200010fa:	442c      	add	r4, r5
200010fc:	3802      	subs	r0, #2
200010fe:	e72b      	b.n	20000f58 <__udivmoddi4+0x158>
20001100:	f1ac 0c02 	sub.w	ip, ip, #2
20001104:	442a      	add	r2, r5
20001106:	e70c      	b.n	20000f22 <__udivmoddi4+0x122>
20001108:	3902      	subs	r1, #2
2000110a:	442a      	add	r2, r5
2000110c:	e6a5      	b.n	20000e5a <__udivmoddi4+0x5a>
2000110e:	442c      	add	r4, r5
20001110:	3802      	subs	r0, #2
20001112:	e6ba      	b.n	20000e8a <__udivmoddi4+0x8a>
20001114:	eba5 0c0c 	sub.w	ip, r5, ip
20001118:	f1a8 0002 	sub.w	r0, r8, #2
2000111c:	4461      	add	r1, ip
2000111e:	fbb1 f8fe 	udiv	r8, r1, lr
20001122:	fb08 fc07 	mul.w	ip, r8, r7
20001126:	e7ca      	b.n	200010be <__udivmoddi4+0x2be>
20001128:	f1a8 0802 	sub.w	r8, r8, #2
2000112c:	443c      	add	r4, r7
2000112e:	e744      	b.n	20000fba <__udivmoddi4+0x1ba>
20001130:	3b02      	subs	r3, #2
20001132:	443c      	add	r4, r7
20001134:	e75e      	b.n	20000ff4 <__udivmoddi4+0x1f4>
20001136:	4641      	mov	r1, r8
20001138:	e791      	b.n	2000105e <__udivmoddi4+0x25e>
2000113a:	eba1 010c 	sub.w	r1, r1, ip
2000113e:	4640      	mov	r0, r8
20001140:	fbb1 f8fe 	udiv	r8, r1, lr
20001144:	fb08 fc07 	mul.w	ip, r8, r7
20001148:	e7b9      	b.n	200010be <__udivmoddi4+0x2be>
2000114a:	bf00      	nop

2000114c <__aeabi_idiv0>:
2000114c:	4770      	bx	lr
2000114e:	bf00      	nop

20001150 <__panic_veneer>:
20001150:	f85f f000 	ldr.w	pc, [pc]	@ 20001154 <__panic_veneer+0x4>
20001154:	1000083d 	.word	0x1000083d

20001158 <__best_effort_wfe_or_timeout_veneer>:
20001158:	f85f f000 	ldr.w	pc, [pc]	@ 2000115c <__best_effort_wfe_or_timeout_veneer+0x4>
2000115c:	10001645 	.word	0x10001645

20001160 <__memset_veneer>:
20001160:	f85f f000 	ldr.w	pc, [pc]	@ 20001164 <__memset_veneer+0x4>
20001164:	10006141 	.word	0x10006141

20001168 <__tu_fifo_write_veneer>:
20001168:	f85f f000 	ldr.w	pc, [pc]	@ 2000116c <__tu_fifo_write_veneer+0x4>
2000116c:	10005ecd 	.word	0x10005ecd

20001170 <__time_us_64_veneer>:
20001170:	f85f f000 	ldr.w	pc, [pc]	@ 20001174 <__time_us_64_veneer+0x4>
20001174:	1000174d 	.word	0x1000174d

20001178 <__tud_event_hook_cb_veneer>:
20001178:	f85f f000 	ldr.w	pc, [pc]	@ 2000117c <__tud_event_hook_cb_veneer+0x4>
2000117c:	100044f5 	.word	0x100044f5

20001180 <striped_spin_lock_num>:
20001180:	00000010                                ....

20001184 <irq_handler_chain_slots>:
20001184:	00000000 	.word	0x00000000
20001188:	00010000 	.word	0x00010000
	...
20001194:	00020000 	.word	0x00020000
	...
200011a0:	00030000 	.word	0x00030000
	...
200011ac:	00ff0000 	.word	0x00ff0000
200011b0:	00000000 	.word	0x00000000

200011b4 <irq_handler_chain_first_slot>:
200011b4:	b501      	push	{r0, lr}
200011b6:	6848      	ldr	r0, [r1, #4]
200011b8:	3101      	adds	r1, #1
200011ba:	468e      	mov	lr, r1
200011bc:	4700      	bx	r0

200011be <irq_handler_chain_remove_tail>:
200011be:	4670      	mov	r0, lr
200011c0:	3809      	subs	r0, #9
200011c2:	4901      	ldr	r1, [pc, #4]	@ (200011c8 <irq_handler_chain_remove_tail+0xa>)
200011c4:	4788      	blx	r1
200011c6:	bd01      	pop	{r0, pc}
200011c8:	10000cb1 	.word	0x10000cb1

200011cc <default_alarm_pool>:
	...
200011e0:	20001228                                (.. 

200011e4 <stdio_usb>:
200011e4:	10003ca1 10003c4d 10003bc5 10003b35     .<..M<...;..5;..
200011f4:	00000000 00000100                       ........

200011fc <_usbd_qdef>:
200011fc:	200015dc 000c0010 00000000 00000000     ... ............
	...

20001218 <_usbd_rhport>:
20001218:	000000ff                                ....

2000121c <print_mutex>:
	...
